repo,commit_sha,commit_date,health_file
grafana,6734782335e7013cc13ef1d83962b0e027b0222d,2026-05-12,CHANGELOG.md
grafana,b8475db9a78b2cae5ffa20ecbbca29d1ffdc24a3,2026-04-17,CHANGELOG.md
grafana,ad977acfbb886c76754d629cc33247ed97bf08a2,2026-04-14,CHANGELOG.md
grafana,778da74fbb5203c309d652464755588f970335bf,2026-03-26,CHANGELOG.md
grafana,d6f2e51ba4ee2aa09393c47fd567a6e428726152,2026-03-09,CHANGELOG.md
grafana,d3c08da59835e7480da17b853c9f283c9cfee8da,2026-02-26,CHANGELOG.md
grafana,195c71947346e00ddc7824e2ffdbc08727fa51a2,2026-02-24,CHANGELOG.md
grafana,b8061c6bec8a75d0ca7745652a102e20a117fdb7,2026-02-12,CHANGELOG.md
grafana,69850fa21412de8ec75e78b8ed97981f6457bf7f,2026-02-12,CHANGELOG.md
grafana,86cf3335a1f62a80d60457f8215a097494f6e925,2026-02-11,CHANGELOG.md
grafana,f33c7f92517aaa5d078869accd0cfc65a6494137,2026-01-30,CONTRIBUTING.md
grafana,36e7d6fddba673d4b3373340af80a7849f4737a6,2026-01-27,CHANGELOG.md
grafana,14ef6ca4eb265bf19fddf669ab5d7c982116b00d,2025-12-18,SECURITY.md
grafana,e21bdbe89a7500e3d1ce15d368495f3fb3c91901,2025-12-16,CHANGELOG.md
grafana,f12cc5411d00601f76a106e97cf9dbd38d2ed0b7,2025-11-27,CONTRIBUTING.md
grafana,e66a49ce06aa18f32610fbb07ad621d97c3e3fa3,2025-11-19,CHANGELOG.md
grafana,5dce711680759e775ba2eaf002417db0925a82d6,2025-10-30,CONTRIBUTING.md
grafana,5dce711680759e775ba2eaf002417db0925a82d6,2025-10-30,README.md
grafana,0a2564c4d5ca2d7e2a91a71f401eed8f61dc425f,2025-10-21,CHANGELOG.md
grafana,8a19d663b0ef0bd52d5d13b663c1d0b7b76e48b3,2025-10-16,CONTRIBUTING.md
grafana,6dbe5a6b3aa730b009c63909442fb5f44b7a15d2,2025-09-24,CHANGELOG.md
grafana,cb77e97996fc2c5267c270020f04bbf2606a3a7b,2025-09-03,CHANGELOG.md
grafana,3479a17e2c5ddb9c08da0868425cae68a9d4b226,2025-08-29,CONTRIBUTING.md
grafana,ee9c73f866e9447e3c01e3ee8928bd5c892f7ab3,2025-08-13,CHANGELOG.md
grafana,c94f930950e026e79424f9621f8b6f01a8e3e254,2025-07-25,GOVERNANCE.md
grafana,4df4f9cc07896578e2cc9f778ce1621944846287,2025-07-23,CHANGELOG.md
grafana,8acdc7e37beab6c32bb69cf25c61b86d4db6c4b0,2025-07-17,CHANGELOG.md
grafana,ebe494c7e69cebdfd6f4d9446618bc2d76239739,2025-07-09,CONTRIBUTING.md
grafana,5612edd8b5d598ede56c90f7f7091220f74a6ee9,2025-07-09,CONTRIBUTING.md
grafana,0ff3ed0a648fd7948f4681d223e0186b962a77a4,2025-06-17,CHANGELOG.md
grafana,200f3a5f51e3693d641055073fc95881da5a20c2,2025-06-17,CHANGELOG.md
grafana,d205d27f9dcff7e999a4a7159782e901ff87d4aa,2025-06-13,CHANGELOG.md
grafana,dc48abebb4f06bef26462d7fbb12527704c6d265,2025-06-13,CHANGELOG.md
grafana,43275fb6f2bd8e50e6226b898591e368246f6b37,2025-05-22,CHANGELOG.md
grafana,bc10c4ee7b263cd8f43ca6cf03f99bc944a73b47,2025-05-22,CHANGELOG.md
grafana,a54b0e384bd3f62f61b6cec93c4f64645fe16739,2025-05-22,CHANGELOG.md
grafana,2e64bd8dbf264feaa84a92d5d2f7198a66ecaa65,2025-05-22,CHANGELOG.md
grafana,4b03edda44f9315a75fe54974fd8809e33cd0444,2025-05-22,CHANGELOG.md
grafana,dff2473410c51ab84e74ade7db2ae596c57af6ac,2025-05-22,CHANGELOG.md
grafana,08fdc956355e220b777777527bfb1772837873bd,2025-05-22,CHANGELOG.md
grafana,b3fac7a2db2094d1482718f1e32bef022068f42a,2025-05-22,CHANGELOG.md
grafana,c457a0c750bf3e0682e46d7bffc887bac66684eb,2025-05-16,SECURITY.md
grafana,b39797bb4f041aaf69e4e23ed95c657f15dbd7f9,2025-05-05,CHANGELOG.md
grafana,a6866176cd319055e31b2e58705bce4f0d5a39fb,2025-04-23,CHANGELOG.md
grafana,2e52553a3960c3c335d4ecfdde72438e4f31a253,2025-04-23,CHANGELOG.md
grafana,5959dd3d180ba9368db8d6ca4f50cc56c65e1070,2025-04-23,CHANGELOG.md
grafana,028a3aaafa7ed514c7d99b5759d6b53b32fa1258,2025-04-22,CHANGELOG.md
grafana,d03b938d2b67eeb3b4ef886f9ea59ff68e424d34,2025-04-22,CHANGELOG.md
grafana,092727e8f7f0aa674db105c898c42e01a4627b41,2025-04-22,CHANGELOG.md
grafana,6e4e2567783daa875ffe47b3653b2ecef3f4399c,2025-04-22,CHANGELOG.md
grafana,69f68cb73e087022fa1b89219bf96525193fa498,2025-04-22,CHANGELOG.md
grafana,0d0981ac57aad99e48408da45dc5a649d404d30f,2025-04-22,CHANGELOG.md
grafana,43f7e8a7df97b3562fd0eb13e746b54e2447e4f1,2025-04-22,CHANGELOG.md
grafana,d80d0304908fee9231c2f14d35b59879c9df74c8,2025-04-22,CHANGELOG.md
grafana,e8f5200a326ef3572cbf9bb2abf98a7e334d3316,2025-04-22,CHANGELOG.md
grafana,b8b7d7c2058f4aa88f63b35671d6f70664f54b08,2025-04-22,CHANGELOG.md
grafana,f9f51a5218031e944a1a40c5ecf59d810cd949b3,2025-03-25,CHANGELOG.md
grafana,acbaf4da1a45bdff4c8b3868da33ab2ab94f352c,2025-03-25,CHANGELOG.md
grafana,7c11a266c7244fab98540277a4c2f682efe104c2,2025-03-25,CHANGELOG.md
grafana,536fc254ebf81f6a2695e3a74473dab20730e80c,2025-03-25,CHANGELOG.md
grafana,077640bfccf5ebadfb3058f34db3ad6d958bc6c0,2025-03-25,CHANGELOG.md
grafana,f95f4bdf27c5a9283adcbdfe237d6cd0fe235196,2025-03-25,CHANGELOG.md
grafana,8722a8e8f81b3f06801d655ba07c00d3c5acebd7,2025-03-25,CHANGELOG.md
grafana,ef15410e9e3bf5433a29e23ba3fdbfc85c7509a9,2025-02-19,CHANGELOG.md
grafana,fa9e08eb3261558ea1cdd8ca78080056b5fc2e40,2025-02-19,CHANGELOG.md
grafana,ddae22a1e382739cbed2356ec3355e35d7b26ab4,2025-02-19,CHANGELOG.md
grafana,561331e1a4c984ad52d07bd5f22a36860773b30e,2025-02-19,CHANGELOG.md
grafana,a51e673f2e5f94df37ba63ed2b8d0dd11f2fade9,2025-02-18,CHANGELOG.md
grafana,10eb1d9062e0b8d4988e6260b8635662d3611f02,2025-02-18,CHANGELOG.md
grafana,2bd63a6d71f754c590c462a9c97c84779c3f0f7f,2025-02-18,CHANGELOG.md
grafana,5d232daf0b310143b4cf8033a47f940f344326ba,2025-02-04,MAINTAINERS.md
grafana,2aa78139c43ee7dc960c3c88019ebb2e21da7c8a,2025-02-03,CHANGELOG.md
grafana,721c2b0c7ca7603209e2a06dfef5b249a57324fc,2025-01-28,CHANGELOG.md
grafana,af2c7a19d1da2960be78c0864f4ba95c4356631f,2025-01-28,CHANGELOG.md
grafana,b1f39f4b8ba01cc5d96fccbe16e0f9bed1016c6c,2025-01-28,CHANGELOG.md
grafana,1cc9f8f0c217ec59fc11472213a17c0199bfbaae,2025-01-28,CHANGELOG.md
grafana,d2eac460cf04f2fbd876f923be61400133b7849b,2025-01-28,CHANGELOG.md
grafana,a66857dfbea5c1d7c111742095859bf04e124e7c,2025-01-28,CHANGELOG.md
grafana,58a279e109571cf4f2d4128f62e15347ece8e88f,2025-01-28,CHANGELOG.md
grafana,84da64462ef28ec6156dbbba55a56c2db727762b,2025-01-27,README.md
grafana,ae9460b863cff926823de3a374bbae77e6a8c0e4,2024-12-05,CHANGELOG.md
grafana,c9cba4a4ab45eed4f269321ceed6409ed418a286,2024-12-05,CHANGELOG.md
grafana,39b6e712bb330c3a8bac93f52f6919e8937716a9,2024-12-04,CHANGELOG.md
grafana,ff921288ca0a57159268cec8156b22eb4264aa91,2024-12-04,CHANGELOG.md
grafana,cf90aa1a964996abdf976d1dea1140033c86884d,2024-12-04,CHANGELOG.md
grafana,1683c3bade3ada4acab7d62f3b0ba7eeeaeec196,2024-12-04,CHANGELOG.md
grafana,fb0a8b3fefe6bfd0fc93edb424e4d567ea93fb44,2024-12-04,CHANGELOG.md
grafana,82a2d9b9e2f93496a5d0468ef6a60b13449ae62b,2024-11-19,CHANGELOG.md
grafana,f427f8dc15c3c633e0c8b4ed12d05320a3fc4d80,2024-11-19,CHANGELOG.md
grafana,a288ec6450743f3732e5823c1bc02ad37160acb4,2024-11-19,CHANGELOG.md
grafana,d3a000e7da4870aa399cf62b31055916fe7217b1,2024-11-19,CHANGELOG.md
grafana,19c94301ff8d29636bb163aeafaab835e8c8a790,2024-11-19,CHANGELOG.md
grafana,eaa6ba81cf643f89f2b461037bb95c9914fcfceb,2024-11-12,CHANGELOG.md
grafana,9e1812dc3eafe290baa7255fe3282b0d2fc32d48,2024-11-12,CHANGELOG.md
grafana,3dfbae7331a7211b675f0a899f8f5fd3e051ec7c,2024-11-08,CHANGELOG.md
grafana,75a28bc367238b3f957f69bc85fae30da58b1d0f,2024-10-22,CHANGELOG.md
grafana,9a7ec04f90c23f14f766f153afdf3fb2f2a26e38,2024-10-22,CHANGELOG.md
grafana,77bf3f5babcde90e5f4a0ae2eda51a691463fd99,2024-10-22,CHANGELOG.md
grafana,63b5e65eb3e288acffe1e8cd431b41346837df6b,2024-10-22,CHANGELOG.md
grafana,0e0e11cdd188394e8c1f8c41a00bc3aa4ba0ead0,2024-10-22,CHANGELOG.md
grafana,d722a25084ca57a19ce69bf4a6d9cd18323ac74e,2024-10-22,CHANGELOG.md
grafana,221e640264c16d79854438d79e59e46f0baa04df,2024-10-17,CHANGELOG.md
grafana,37c54b4403ec505e086e12adc6cdbe4d19bc14b6,2024-10-17,CHANGELOG.md
grafana,5fecfe9d5373a038736c594cbd674d11e0ec9b22,2024-10-17,CHANGELOG.md
grafana,0ff7783745dbc724378213adceb25e86a243c0a5,2024-10-17,CHANGELOG.md
grafana,c062389f66aa2d155f5be96018cb5603c52661f2,2024-10-17,CHANGELOG.md
grafana,27e005c4c41a6baa49e946a8ccbbe33f7c556a96,2024-10-17,CHANGELOG.md
grafana,ef805f271e50d5df4b142f6e7012213b49565536,2024-10-15,README.md
grafana,3fcc2597030fef6bbe9b55bb8c8bcd579dc73024,2024-10-02,CHANGELOG.md
grafana,c38eab33f57c1671d7fe535d9b7cc9af04c4d537,2024-10-02,CHANGELOG.md
grafana,518afa5a24b1c6e344365b2a2ff32575125ff716,2024-10-01,CHANGELOG.md
grafana,2d89a277412905fab6db595dd3058c409e52d9e3,2024-10-01,CHANGELOG.md
grafana,aa225a4450593ecd71dec9ea285c42c78c997973,2024-10-01,CHANGELOG.md
grafana,74fa0af1c2878dbdfba70d3a66ea5ce40bd32643,2024-10-01,CHANGELOG.md
grafana,e0294b0b83355c290b5cb7f5111dd904f4387b5f,2024-10-01,CHANGELOG.md
grafana,80adb74205b91782890efbe2249a3929e868254f,2024-09-26,CHANGELOG.md
grafana,fc84ec761866704d16082ff22b42fe7696aceb5b,2024-09-26,CHANGELOG.md
grafana,570c5934d393aa2059e9be2a0cce6b65370e588a,2024-09-26,CHANGELOG.md
grafana,a68993825ef75cc51f8e019c5ddd833d22ad2b4f,2024-09-26,CHANGELOG.md
grafana,dbd8b082a623e7ec75aea5e79f5e8850c2c8d679,2024-09-26,CHANGELOG.md
grafana,52f60cd4f94d939141516c2deda7f795f973f7ae,2024-08-27,CHANGELOG.md
grafana,7c408f5e1662161629079035ebdaaa4624ed8ae2,2024-08-27,CHANGELOG.md
grafana,c588882c26d4b244922c55217c11def0b22caaa8,2024-08-27,CHANGELOG.md
grafana,1654ffeef4515b98514f01c6db7c2ca201827235,2024-08-27,CHANGELOG.md
grafana,32c3e17e58f908b462a2e484b81ed1073e3a457a,2024-08-27,CHANGELOG.md
grafana,38957b32ab7df9cc2d1707750d8d6e66affb6f5e,2024-08-14,CHANGELOG.md
grafana,8c4da28d7c6bcb8c2376361d98d6fedbca349cd1,2024-08-14,CHANGELOG.md
grafana,648005e0bb89b8a2bf4a4c587a0b27049d964180,2024-08-14,CHANGELOG.md
grafana,f4d2e064f43528137632bb762f1f35911a21611f,2024-08-08,.github/PULL_REQUEST_TEMPLATE.md
grafana,d50bad8feef0c3b20b01027e6ac1bfe508fb3463,2024-07-26,CHANGELOG.md
grafana,190256ee2f1bb0a372a7c06b4aa543be20e42bf4,2024-07-25,CHANGELOG.md
grafana,5aac6e60568173e88df8b3477084a0a714f84049,2024-07-25,CHANGELOG.md
grafana,3137410f3fa1648219a197a2a017f26baa65fa44,2024-07-25,CHANGELOG.md
grafana,3e6d073140a6796d47a3e98e21625659d01b0c29,2024-06-25,CHANGELOG.md
grafana,2fb7b18ead9b40ee0a57320a662e65cac24c1389,2024-06-25,CHANGELOG.md
grafana,594deb2cbe4111b9769254398e35865d10058d35,2024-06-25,CHANGELOG.md
grafana,13a4a46cc10ef9e2e6bd06c2c91215d3101ce98c,2024-06-25,CHANGELOG.md
grafana,a7dd94b788d3750379fd129ae146820f2407f2f0,2024-06-25,CHANGELOG.md
grafana,91628158f25eae6c151e1d3998416fb19511a9b4,2024-06-25,CHANGELOG.md
grafana,ffcb13b7ab597ee32f0b6f32307eb96ac69686a3,2024-06-13,CHANGELOG.md
grafana,012ee1d55702a6bd2abf3c11d73137e8d3d15775,2024-05-14,CHANGELOG.md
grafana,7d386dc26becc73fff2296b076d21842a4f890de,2024-05-14,CHANGELOG.md
grafana,a50bcaca576fb25ae38ff97d35b4a7fa3306e509,2024-05-14,CHANGELOG.md
grafana,8b77e7b417966b6ee79756c3516ed542a9a7f4d8,2024-05-14,CHANGELOG.md
grafana,a3838c0dbe00b50f17e3f23d2da7db1ef26b4d5a,2024-05-14,CHANGELOG.md
grafana,da800a026fea63ce12418c5c48e758fd9632a1cc,2024-05-14,CHANGELOG.md
grafana,1031c2f1d2690ce0a08ae5366b78dc6d0b4aa3ee,2024-04-11,CHANGELOG.md
grafana,a7f7f4787d427dd5cbf5136f59d0aa4292a5c03f,2024-04-08,CHANGELOG.md
grafana,7078347d0fa40b7506037162cca56318d87c09b8,2024-04-08,CHANGELOG.md
grafana,ee4ac983b2d7f8207c2f7dcca0c74bc4255271a7,2024-03-26,CHANGELOG.md
grafana,da1ef0e1faaee0665ce0114a4a8eacf9bb0d61b7,2024-03-26,CHANGELOG.md
grafana,b47dc7e8ace3d429c54aed7d52003adc7dacdceb,2024-03-26,CHANGELOG.md
grafana,dd93d9958d8d421c145c29be0dd5c9adc08577bd,2024-03-26,CHANGELOG.md
grafana,856ed64aac4f2035294d0eb0bcf0f98c4a2b0b6b,2024-03-21,CHANGELOG.md
grafana,b848d8709c6779ddf770bf63e2350ceec94869fc,2024-03-21,CHANGELOG.md
grafana,aa03b4393f27af3dae1220365fb9f14a9b668f21,2024-03-18,CHANGELOG.md
grafana,7f2e245d0bfc23756f24dd72adedcdeef5dbef8c,2024-03-06,CHANGELOG.md
grafana,32480b49aa985e99c4c23fefcf53f66e4783f2bc,2024-03-06,CHANGELOG.md
grafana,6731aacea904f03280dcfff59bc2a840afd2d94e,2024-03-06,CHANGELOG.md
grafana,1e6f14c103003e2b0568f339e115604d9f3acca9,2024-03-06,CHANGELOG.md
grafana,d3207df8b4fb25cb0616f4153bb6d3d5c7ad8859,2024-03-06,CHANGELOG.md
grafana,146ad85a564d21ff40269f0a6325ab938da61397,2024-03-06,CHANGELOG.md
grafana,1a7af2d8430b77854f1e9779c0a8a44e3d9c961a,2024-03-01,GOVERNANCE.md
grafana,f209a5a8b882079f45350cc4160ea1e5007216e5,2024-02-26,CHANGELOG.md
grafana,37c860daf0e6973f4ee1cb22144e4370d9fa75d9,2024-02-14,CHANGELOG.md
grafana,cb47177df92a9db194d80fccf77b8ce5db5e6e61,2024-02-13,CHANGELOG.md
grafana,b3663eafeef83474e07efc7f680e30a5ca7a6097,2024-02-13,CHANGELOG.md
grafana,558dc74b4d89c956fb8537288e3fca0f1633701a,2024-02-13,CHANGELOG.md
grafana,e6e9d6a782ac25b7967252815d25d5b8df91bb0c,2024-02-13,CHANGELOG.md
grafana,cbdbdf72e520a8af2ae757f65dd226f4cac913db,2024-01-23,CHANGELOG.md
grafana,f2e1e78b3757bbf155c90c04737b8e99f8793e72,2024-01-23,CHANGELOG.md
grafana,29c251851d576b79bf97e45fbec638666643c1b3,2024-01-04,CHANGELOG.md
grafana,75e4cc2b9404799613aa87aa46b03dbf231bcc72,2023-12-27,CHANGELOG.md
grafana,07025d91ecb85b7e979c69a4d1a07dff406395be,2023-12-21,CHANGELOG.md
grafana,26419cda7dec28eb7373e11c064d7eae92190e79,2023-12-19,CHANGELOG.md
grafana,f08138c94b4063ae32e881d779e6563819b677f1,2023-12-19,CHANGELOG.md
grafana,81969622af1de70b06476404368cad34cd0ce62c,2023-12-19,CHANGELOG.md
grafana,217084941dcb1e7bdde36ab3b102b23da021f094,2023-12-19,CHANGELOG.md
grafana,b2d94f3d85afcaeb048eb4f8b924808af2aa6daa,2023-11-21,CHANGELOG.md
grafana,018e002505836cdb2d2ca9c2cbd3ff37c595d26e,2023-11-20,CHANGELOG.md
grafana,8c5fcc60b10f2b62ec429dbf92d0fcd7f4cb8592,2023-11-14,CHANGELOG.md
grafana,c5af7ca15f310ece571daaa965822b228786461f,2023-11-14,CHANGELOG.md
grafana,60546a9f5a15c87445c7520c71fa92bb05267666,2023-11-07,README.md
grafana,0fec32e6c179ab279d9e2e26ac45be4233d6e546,2023-10-24,CHANGELOG.md
grafana,756df61a8820d66e6bfa0d9c8cd69ec88070ee82,2023-10-18,CHANGELOG.md
grafana,cfc33c12d1c634673ef1ddf3bb957d5f26bf561a,2023-10-12,CHANGELOG.md
grafana,f7ede48d63d9af78f70175c4f39b264a4fc22d8d,2023-10-12,CHANGELOG.md
grafana,2f6e0c6c1947c6d894f87233e144990ad07acead,2023-10-12,CHANGELOG.md
grafana,7d9617e07c7395e487b66d19d06965d799788e26,2023-10-12,CHANGELOG.md
grafana,97d54814a3c73ac19951249f14796a83437848c9,2023-10-12,CHANGELOG.md
grafana,99e2f404387c99c699b70f761c10948babbaec62,2023-10-12,CHANGELOG.md
grafana,790f878eca9a0f3c756063d40dd1ea03b326746f,2023-10-12,CHANGELOG.md
grafana,a9f7cb00e687601f7fdd68fb23212b33b695cbc4,2023-10-12,CHANGELOG.md
grafana,2b83d7a168c2f7660d0005d495e9068f91d65ee8,2023-10-03,CONTRIBUTING.md
grafana,bc4f2a35d3624dd19885ee43f0c88892b8e5acd2,2023-09-29,CHANGELOG.md
grafana,02f08d87b40b4c2d2b24f01151e931cd14c9d23f,2023-09-29,CHANGELOG.md
grafana,b298934ee4f0eb44dffa516ab9114e4f14d71b04,2023-09-29,CHANGELOG.md
grafana,0e2b741fc33ae5382fb27b4659f2b3ecd13f2afe,2023-09-29,CONTRIBUTING.md
grafana,d1a6e83093f78167ff2c194b67751bc015c36369,2023-09-28,MAINTAINERS.md
grafana,ec69e903ea1b84ba4cc74f6c4934444c53ddf639,2023-09-19,CHANGELOG.md
grafana,a7abeccd08e4ca219460750ff552fe244cd72b4a,2023-09-19,CHANGELOG.md
grafana,695c1a08f3bcb58e4efa125176caf6d195ce0fe0,2023-09-19,CHANGELOG.md
grafana,bc02197f06fd5c776f4ef6c9b9026435143c9c28,2023-09-19,CHANGELOG.md
grafana,f237d1945117af64dbf6cf0952e295e743f062d3,2023-09-05,CHANGELOG.md
grafana,4027d41dbef0b2863393459e72bb2f224aea4ca8,2023-09-05,CHANGELOG.md
grafana,c8c9b6b767a7e6b17871e9ac9545513c70de9979,2023-09-05,CHANGELOG.md
grafana,eade49f333e8e12b48fcab9ff3176765fb6c3cf2,2023-08-31,CHANGELOG.md
grafana,6ea00b5bc763b2326c938d168a460d6760b1f638,2023-08-31,CONTRIBUTING.md
grafana,917f4e9918d975966bcbf06fa2ffd0f12b3fcc45,2023-08-25,CHANGELOG.md
grafana,c1043737b8f6931219d80747c36bb97a018ee55a,2023-08-23,CHANGELOG.md
grafana,b56c7873b9929ee19e44e9de8dfb67e56d0032a5,2023-08-23,CHANGELOG.md
grafana,a7c0e20ae3dde6fd77d6550999544d743332bf7e,2023-08-22,CHANGELOG.md
grafana,069afedcf562698f1778cfc38bef155e6022424d,2023-08-17,CHANGELOG.md
grafana,6b8580ca8dc95d5f4c42da03f09e096046aa28b9,2023-08-07,CONTRIBUTING.md
grafana,d2509278506fbc959ef28b7563d66af89eb58fbc,2023-07-31,CHANGELOG.md
grafana,51a246d27a490c56b814b737e113a2567b3ecdbf,2023-07-31,CHANGELOG.md
grafana,f0912e3d6250f12893c7acd8ee52cc60eafae4ec,2023-07-28,CHANGELOG.md
grafana,2dea069443557b5822847f1923a5e613f4c61e9c,2023-07-26,CHANGELOG.md
grafana,da31b8083ad703ab54f0b424d4e9485ddae67597,2023-07-26,CHANGELOG.md
grafana,b5272b5160096494231ab3d520d1f617461ef6c1,2023-07-11,CHANGELOG.md
grafana,b18b4895a4a843d0f7c37cfff0cc4dea6d8a946a,2023-07-11,CHANGELOG.md
grafana,670bef8c357b7bc3be1cc8d3d15e519439b4ef7c,2023-06-23,CHANGELOG.md
grafana,373044042d641f26f56b4bdcc4666ab283155750,2023-06-23,CHANGELOG.md
grafana,15e134215a7c11cd57159d290c24149a87ae5734,2023-06-23,CHANGELOG.md
grafana,6180c777637d26fa35fd2c54e8b828aa8598fd56,2023-06-23,CHANGELOG.md
grafana,ea0cddbdf229797609a2e7e1f6682ab6a40b5f44,2023-06-23,CHANGELOG.md
grafana,4e16503666ab55213b535f6d74dbdf8aa63cce18,2023-06-23,CHANGELOG.md
grafana,69fc4e6bc0be2a82085ab3885c2262a4d49e97d8,2023-06-22,CHANGELOG.md
grafana,58145908f4247b2b1df54041b6e8eb09c37d848a,2023-06-22,CHANGELOG.md
grafana,26cce5d9145f602c8d79400341f71e8ffa61a55f,2023-06-22,CHANGELOG.md
grafana,45439bea86419a8146bbfd84f3765d079d2fd73c,2023-06-22,CHANGELOG.md
grafana,a56f063105cdf8f484c4b53f04ad0a6f4d8dd423,2023-06-22,CHANGELOG.md
grafana,f54a0dd53a4aec780a8d8ef49d3e7f8f3492f849,2023-06-22,CHANGELOG.md
grafana,c0ede641e60af36c5f315e1b8f55207816a8b578,2023-06-22,CHANGELOG.md
grafana,baf83e241e34889bdf0c9526f29c0e77827f112b,2023-06-22,README.md
grafana,95b1f3c87570316deac7b198376dbca12df1fb6c,2023-06-22,CODE_OF_CONDUCT.md
grafana,bc3d70490998a4a9544f3fc4aea802d65813ce67,2023-06-21,CHANGELOG.md
grafana,6eeca84bacd57aaa61ab73ad330d602730ee49cc,2023-06-21,SECURITY.md
grafana,9ed09257fe9214cf46139cde0535e800d011bfd1,2023-06-16,CHANGELOG.md
grafana,23b7f702c582b869528a5393513dd130a2e5f54d,2023-06-16,CHANGELOG.md
grafana,44c87c5b3298a8cd9ec74ad61824061133b988b1,2023-06-15,CHANGELOG.md
grafana,f323a6151ccead571c443ac4d033b339b98d2f39,2023-06-15,CHANGELOG.md
grafana,9ac51edbcd5e1077f7b1924f0d4f018a916620c0,2023-06-15,CHANGELOG.md
grafana,c82baf68a51571288275605c16e5a3b836fd9c24,2023-06-15,CHANGELOG.md
grafana,486b358d1b58467907186cc64770a104bb1f7c4f,2023-06-13,CHANGELOG.md
grafana,886b087d3d637e155f04ef80b68d5680b0f60deb,2023-06-13,CHANGELOG.md
grafana,6b60cf706f83c29993abb25e947dcebe1a0beecb,2023-06-12,CHANGELOG.md
grafana,3dc8255639c8afe80ec1c1597b2d48293724ee9b,2023-06-09,CHANGELOG.md
grafana,63adff0c6e8dbd203a0beb090f2126d9f271556d,2023-06-06,CHANGELOG.md
grafana,997c5e234835b13b901f9e7e6bc79c58d296589d,2023-06-06,CHANGELOG.md
grafana,807c7d5b01d48aae748d1425c5ee4753593b0138,2023-06-06,CHANGELOG.md
grafana,e8cea27051340493da232eab85256e226f03577a,2023-06-06,CHANGELOG.md
grafana,6f47d4273794d2ceedddd0fc9f5cc3aae909c5b8,2023-06-06,CHANGELOG.md
grafana,ced71ba26b9888a26a76a0f9d7a2983e31ae0cb4,2023-05-31,CHANGELOG.md
grafana,33b372bebed16df84fd9d04359334844825b352f,2023-05-11,CHANGELOG.md
grafana,18e2d098e2a9f68f110b9b98a2b2cdf2de1ea48d,2023-05-10,CHANGELOG.md
grafana,2dbdebaae90eb147b5afee10dd608aacb5cfd12e,2023-05-10,CHANGELOG.md
grafana,f5ac49687afa364647b8dc4afaf15e5afc942eaa,2023-05-10,CHANGELOG.md
grafana,be918e04467978877bf08c3346be8b372ccea1db,2023-05-10,CHANGELOG.md
grafana,dd6cda15112daf1176c6168e301f7577aadad268,2023-04-27,CHANGELOG.md
grafana,f0bdaed5b420b0e080371ce348e26bd6a914d641,2023-04-26,CHANGELOG.md
grafana,cc8a06c61b23d93cd1f74b3de85d0864ce7d4fdc,2023-04-26,CHANGELOG.md
grafana,d5bad429dd54facdc0bac76ce1d3ea335328d56d,2023-04-26,CHANGELOG.md
grafana,3d589cbed909c0b8a6318831025564688b6ebef8,2023-04-06,CONTRIBUTING.md
grafana,c8204e2e8f44001f2c11da0f6f814a2ed9f62a98,2023-04-03,.github/PULL_REQUEST_TEMPLATE.md
grafana,c70f700b554d8fdc973999e83a705c8a2168af62,2023-04-03,GOVERNANCE.md
grafana,a02a28f229bbdb3eb47dde9b925c0a14746cbe40,2023-03-23,CHANGELOG.md
grafana,da971394896597a4ab73bffdf25f7197f98834e1,2023-03-23,CHANGELOG.md
grafana,adcdf190bbf5c1972a01388a334756617185ac7a,2023-03-22,CHANGELOG.md
grafana,f0c716a447e71fe4d22d0fe893ce28e85dd37b86,2023-03-22,CHANGELOG.md
grafana,a907e042f9cdba3d4c00e89f820bfd9030025af9,2023-03-22,CHANGELOG.md
grafana,09e3faaa4c553b9d0eeb979f5910b99b799c2d3a,2023-03-22,CHANGELOG.md
grafana,fbb0dcb0caee1bd4c45369bb9e85dc5b24c57db1,2023-03-20,.github/PULL_REQUEST_TEMPLATE.md
grafana,a7a658ed1b9453d81c6d5f8d6018d537bdda794e,2023-03-03,CHANGELOG.md
grafana,ae90f73b78e2583551402ea0a644b0b21e66d87d,2023-03-02,CHANGELOG.md
grafana,682a186676d19dcb2abe6478a99ee44b0e3dab25,2023-03-01,CHANGELOG.md
grafana,2141b1ea931edae8765005b5c9236c1178f0557a,2023-02-28,CHANGELOG.md
grafana,a393124e73b29d2d1372958e04f7df89fa671d8c,2023-02-28,CHANGELOG.md
grafana,a81a665f43104a86c4db87483d4664bf002096a6,2023-02-28,CHANGELOG.md
grafana,e8d8c9872364f044cba2f279dc2f8a1ab87fa4a6,2023-02-28,CHANGELOG.md
grafana,71d64f95da1a08d318a178b032f52d37d45c7a19,2023-02-28,CHANGELOG.md
grafana,321e4c0f99621508c59f8549ff7ee676b8b2bf26,2023-02-28,CHANGELOG.md
grafana,addfd1b5cf8645ba7afae3533868e03482103dab,2023-01-31,CHANGELOG.md
grafana,60575041a5cd7e197b02f9cda207dd4490142517,2023-01-31,CHANGELOG.md
grafana,0cd14091c436cd2f39abedbada2755767b8fa487,2023-01-26,CHANGELOG.md
grafana,e05fc9212ad6b65f499f2b282f739e1b9cef51ec,2023-01-25,CHANGELOG.md
grafana,8c3e4487bac32c438c2a2723bb380022886183ba,2023-01-25,CHANGELOG.md
grafana,87023c85cb767e275bda9f054d1863c5bab03caa,2023-01-25,CHANGELOG.md
grafana,dcd30f9b5d1b67f073a507550e9385ba83ac54d1,2022-12-15,CHANGELOG.md
grafana,9c742fd0c70fc301db0c94ef75879f4413c2c5b6,2022-12-01,CHANGELOG.md
grafana,005d0f852fa7334f07d6033da301e6b75124cac9,2022-11-30,CHANGELOG.md
grafana,312dbc979e3126bbdd491beb68c976910905f979,2022-11-30,CHANGELOG.md
grafana,ae508c12f3dd9d9c69b0611b28df57c00dc5891f,2022-11-23,CHANGELOG.md
grafana,c1eabb893fca88f503bb3f1da910ce30885b68ea,2022-11-22,SECURITY.md
grafana,df27164b8e0167b1b6c277d3f5a0fbd64b520eab,2022-11-16,CHANGELOG.md
grafana,d5318f02c60da9a63791c3da423d755abbd3a77e,2022-11-15,CHANGELOG.md
grafana,1fddd9aed165f0489c6fe8b155f4214b2cb6ddad,2022-11-14,README.md
grafana,512584558f578bfe99a3f201ffd641810c570631,2022-11-08,CHANGELOG.md
grafana,2e6761b4e4052f746c9069d7c59f05fa96692def,2022-11-08,CHANGELOG.md
grafana,94573d3e6109b5a832c21013c83d9464c43ea4b4,2022-11-08,CHANGELOG.md
grafana,02add89b530a569f38e38597be294c6b16ef29d8,2022-11-01,CHANGELOG.md
grafana,58b15f3e5445c9da023114b8c156e39f43d0172e,2022-10-25,.github/PULL_REQUEST_TEMPLATE.md
grafana,f64b0e1fae248469ee0fc8fbb2fc8efb90228808,2022-10-25,CHANGELOG.md
grafana,e48fac9d91ba25e4e3b45fda33f3dc40e662a4c6,2022-10-24,.github/PULL_REQUEST_TEMPLATE.md
grafana,4cee9109711bdcd46e464f290d870a5e6860c4e6,2022-10-18,CHANGELOG.md
grafana,8627b2131fe346b7997a9b215a85e38762555403,2022-10-11,CHANGELOG.md
grafana,5cebb94e01a14761ccbe0c4d99b931a2c1693848,2022-10-11,CHANGELOG.md
grafana,ae72742b7611751bdf13d0b5b830c664b6e96cac,2022-10-11,CHANGELOG.md
grafana,169f1ab974ed81a392b144f56d7a67ce7e66cfa0,2022-10-04,CHANGELOG.md
grafana,a50017da1d60bc45e95f172a96bf87bc44973a6c,2022-10-04,CHANGELOG.md
grafana,615d86d902a27fe3178086f290c7e28ab56a4fb1,2022-09-27,CONTRIBUTING.md
grafana,da7797014a68d310aaaec0e3377b58af4cc74ed4,2022-09-27,CHANGELOG.md
grafana,80c0dc890a09372f3fcf7e39924c203076d16359,2022-09-20,CHANGELOG.md
grafana,c6ed7d67410d09719fe5aeff772b6fbe0fcf2c5c,2022-09-20,CHANGELOG.md
grafana,ce10706f0305d72bbdd3a65e7dc1554d3caaf110,2022-09-20,CHANGELOG.md
grafana,bbb8bf08db07ebeb1ff475eb1bda0e65960583c4,2022-09-20,CHANGELOG.md
grafana,4ff5fe718b7d67ce009e4af2ca70475f66e6f315,2022-09-13,CHANGELOG.md
grafana,1a285d2d0e7c5290a170d915cec4f1a639a088b8,2022-09-09,CHANGELOG.md
grafana,fe848e93b3f1f84c7896eea34bf7663fa7f98f02,2022-09-06,CHANGELOG.md
grafana,3a9a145ef7764460d77fe0c2522156bdf4f2984e,2022-08-30,CHANGELOG.md
grafana,ab959f930564c14bbfa991e76719df8cd3fdb736,2022-08-30,CHANGELOG.md
grafana,2eec035c131794d4f4cdb01f27e5a801e5627614,2022-08-23,CHANGELOG.md
grafana,932d1b6650c25ed10a2eccc8a61e0ebd76795546,2022-08-16,CHANGELOG.md
grafana,86030493a8412801fade74b2bb237b47da6e1a6c,2022-08-10,CHANGELOG.md
grafana,ff8d96602adaaeac922854d2d5dbc1e5687c9370,2022-08-08,CHANGELOG.md
grafana,8a1dc85e2ca9a7ad7bec49a9431b4830d18bdd2b,2022-08-02,CHANGELOG.md
grafana,47a7f84c86b31407bc2d5551c756dceb6cbe2077,2022-08-02,CHANGELOG.md
grafana,c20d96aaeca19ec52870f8ac6daf951be55bc275,2022-07-26,CHANGELOG.md
grafana,b1f355fddcc2904122eb00c5e4500dec0108f5af,2022-07-21,CHANGELOG.md
grafana,240bb8928dd1b11dbaea2f949891b139cf3b34fb,2022-07-20,CHANGELOG.md
grafana,eab03aa20743d7bf8650472e3678fc027b46495c,2022-07-14,CHANGELOG.md
grafana,ecdd4a184ffaa02a26123f5e91b33f0bbd731ed0,2022-07-14,CHANGELOG.md
grafana,f4e0420e668bd0b046f853961b881c38da792ff7,2022-07-14,CHANGELOG.md
grafana,03456a9c3b6aee102e971baad45670277af64d55,2022-07-14,CHANGELOG.md
grafana,6c6537383b8f7e4b78422e03a6396f6e07ea81c3,2022-07-14,CHANGELOG.md
grafana,744fc4c8029bbdee4cd442d8e9f5f5cd56c251b5,2022-06-28,CHANGELOG.md
grafana,98f82f7475d2a702af861983edf71c9689f85c93,2022-06-22,MAINTAINERS.md
grafana,8211d7c787e734596805458156d1d0dbd5da4131,2022-06-21,CHANGELOG.md
grafana,2dd784852c409dd7a224443268007f4b9d9a87a6,2022-06-14,CHANGELOG.md
grafana,0f918642273978467b38ce6ed07a76126844559e,2022-06-14,CHANGELOG.md
grafana,2dfa3270ef547e8fa4b83b4a990a6ad8a2c7a7cc,2022-06-13,CHANGELOG.md
grafana,bd818be36fd0fe8d86ab0a906d69c92fb120ff16,2022-06-13,CHANGELOG.md
grafana,2b73326785ae6e5facb820178d22afc87b6705a9,2022-06-08,CHANGELOG.md
grafana,e0e76f0252a1b841a8f4e01a4843936882f9b6a0,2022-06-08,CHANGELOG.md
grafana,5f65edff28ab6c21ca44ffc42dbfe7bb6cf29ef0,2022-06-07,CHANGELOG.md
grafana,32a8af59d6ea347ebc12054324b36b18fe38dd68,2022-06-07,CHANGELOG.md
grafana,1e4ebf876b8dc58a87f837c5f98a5bf7d72af1fd,2022-05-31,CHANGELOG.md
grafana,3e04dcb72c9c9a80377d6f34930dd4ed6bc3cc31,2022-05-31,CHANGELOG.md
grafana,3408677547a9375cee9d23ae291b6d523de63430,2022-05-24,CHANGELOG.md
grafana,3bd6b8a5ae3e5d810a05646535c8aaa87cae845b,2022-05-19,CHANGELOG.md
grafana,2053d37d7af0ae5b8119614b4bd65aefe0b78734,2022-05-18,GOVERNANCE.md
grafana,f45dc224d9d98bac67505a1ecdf0a83e569a34bc,2022-05-04,CHANGELOG.md
grafana,9fcbfe2c1c0e1d1e37873831f8e1e975305505b9,2022-04-28,CHANGELOG.md
grafana,a20b3e2d59756b6c635c90eacccb1898cc3e30c8,2022-04-27,CHANGELOG.md
grafana,3b256afb9e7705c62c10d7ded1bac6dd16e53b64,2022-04-21,CHANGELOG.md
grafana,3d91047e6e3278d88d6e211c0ec15997c8db2a15,2022-04-20,CHANGELOG.md
grafana,6eb41f9cb32aa8f10a35ab66750d4e961307656f,2022-04-20,CHANGELOG.md
grafana,9a0f626948335427f722b6f2e9beb635da78e032,2022-04-12,CHANGELOG.md
grafana,af71e77e6ce013c2959d2baea1b129c8467133c2,2022-04-07,CHANGELOG.md
grafana,bea392eabfcd58f5c6f53bd52f4175fb93f63630,2022-03-31,CHANGELOG.md
grafana,9a00df1e8d382a5a2c3450bf3735e59d96be3cda,2022-03-17,CHANGELOG.md
grafana,50fb63a46887a6692c90d047d812e653a1004f91,2022-03-02,CHANGELOG.md
grafana,67e605c5c0f72d838886b3bdf587902f2e508517,2022-03-02,README.md
grafana,3ea6c8cf64c529772b4c4320bafab122e7c08ff1,2022-03-01,CHANGELOG.md
grafana,91af956eb72b52dbe529f93468fb89e8ffa3d844,2022-02-24,CHANGELOG.md
grafana,380e07ba29e41268821c5d83681a3a0050436b79,2022-02-18,CHANGELOG.md
grafana,23144fbcad9b0cd360092cb57bb95a7c7b860281,2022-02-17,CHANGELOG.md
grafana,9c97c14a9726a2f197451dcdecf9bff205e95daf,2022-02-14,GOVERNANCE.md
grafana,5cddcc1f0f73aac469ca5b66b4a167917db41dd2,2022-02-09,CHANGELOG.md
grafana,b2a8487684a74d43f5332b412e187f8f341f579c,2022-02-08,CHANGELOG.md
grafana,afac7701cb15e323312e16f201039aabe6e2b660,2022-02-03,CHANGELOG.md
grafana,93a8ce62923c9d25687a8b61aaa4279107d0be14,2022-01-19,GOVERNANCE.md
grafana,7a622422a917d3cf8df9856e54110281a333f360,2022-01-18,CHANGELOG.md
grafana,978d6fd72bdffbed2c7641308ca4c2da80e1d59f,2022-01-18,CHANGELOG.md
grafana,bd8791acedf317d749462d102f7a84816f5b52e8,2022-01-14,CONTRIBUTING.md
grafana,e1ad692cb3520341ed867ecd4fb9e16303119d96,2022-01-04,CONTRIBUTING.md
grafana,8869c830b02c6bef80ca2bd79918fe7ac879ee5d,2021-12-14,CHANGELOG.md
grafana,daaab0d88c9a362c9cef17a96638ac4296cf5c83,2021-12-14,CHANGELOG.md
grafana,fd48aee61e4328aae8d5303a9efd045fa0ca308d,2021-12-10,CHANGELOG.md
grafana,fb05f253d4be0faa632d508fbe2254fb64b20493,2021-12-07,CHANGELOG.md
grafana,e94adfd2c8b76fd64d625cdf4506fe743a2e3017,2021-12-02,CHANGELOG.md
grafana,c847c0382d4aa0208f743b388a61decbb50ac546,2021-12-01,CHANGELOG.md
grafana,2b6c03714cce317965614ae2c7b5f23f8f7e013a,2021-11-26,CHANGELOG.md
grafana,09c849eb08e04c2ac581ddce723b7d4d28a0d01b,2021-11-24,SECURITY.md
grafana,f186575693df1cb86689529ccc89080fc83a14c5,2021-11-23,CHANGELOG.md
grafana,daa3cb831da59ed8690429ac15aa7249ac64857f,2021-11-18,CHANGELOG.md
grafana,6aeecd48a73670a4b62c96043879d2c241e7c6b8,2021-11-18,CHANGELOG.md
grafana,a076a4170c135d37e4fe70eb0c9ad230aab4a6d7,2021-11-15,CHANGELOG.md
grafana,7465716086aa5306b31bf8c36c57a677c26a13da,2021-11-03,CHANGELOG.md
grafana,84091de394d494d4a3862ff654c99d0ce3935197,2021-10-21,CHANGELOG.md
grafana,415a92331a085c49a937ac5c15155c9e40262a63,2021-10-13,CHANGELOG.md
grafana,2fd869fd022371cbdbb25f030d3ab2e78a752923,2021-10-11,CHANGELOG.md
grafana,12b5956af2f88498eb1377afdb9f1986dc91cf69,2021-10-08,CHANGELOG.md
grafana,e7b81e191839c8d1d6b56c4a61ef9ea5a3b828a0,2021-10-07,CHANGELOG.md
grafana,4a91ceeb1e803c69f45310ef3fe673cbc2f4e183,2021-10-06,CHANGELOG.md
grafana,feaa56a7fe30e357f6c9291711c6451711d02734,2021-10-05,CHANGELOG.md
grafana,58aa5955277e903e8a0a778187fef02facf15b59,2021-09-30,CHANGELOG.md
grafana,bc01c9cdbc3916b847c66d0ad79abb3bee80e298,2021-09-29,CHANGELOG.md
grafana,bc01c9cdbc3916b847c66d0ad79abb3bee80e298,2021-09-29,NOTICE.md
grafana,bc01c9cdbc3916b847c66d0ad79abb3bee80e298,2021-09-29,ROADMAP.md
grafana,bc01c9cdbc3916b847c66d0ad79abb3bee80e298,2021-09-29,SECURITY.md
grafana,bc01c9cdbc3916b847c66d0ad79abb3bee80e298,2021-09-29,SUPPORT.md
grafana,0ecf13e5a366366d411ddaff7de888c486731d51,2021-09-29,CHANGELOG.md
grafana,4263357bbc664d7168509972c955921c836164ab,2021-09-29,CHANGELOG.md
grafana,a17244e5226240263ebc4cb224756b416db034d5,2021-09-29,CHANGELOG.md
grafana,73936fc63cddc0a6551ebdf0a674673d39c1e45c,2021-09-28,CHANGELOG.md
grafana,95c36c5e0ba5d549e1eeb95e1e4c23b72528b548,2021-09-28,CHANGELOG.md
grafana,1396aa954f0beb2b84db91f518fe6b03cdb7a41a,2021-09-27,CHANGELOG.md
grafana,342ac0641a27caf29e749ef12b0414899c40f420,2021-09-21,CHANGELOG.md
grafana,878b54c83c1268f519887ecbdfb8106690751d64,2021-09-21,README.md
grafana,e653f5d1d995b1b6dbcda9a4abeec6d4396a739f,2021-09-21,CHANGELOG.md
grafana,c457c03a9c2fc901381490dbb6f18ed262638b67,2021-09-17,CHANGELOG.md
grafana,06782207ed20a2dcd1b345a62fcbb933aa97c5b0,2021-09-16,CHANGELOG.md
grafana,e4ca6f2445374fca185ab6c2f9ae86380ac04b5a,2021-09-09,CHANGELOG.md
grafana,7f49ad4152a837edf7a2b5a70a076835eac061a2,2021-09-08,CHANGELOG.md
grafana,316d78f5c3bdc11d31e9118c218f8779e749a6a7,2021-09-01,CHANGELOG.md
grafana,64cb000d370b85c34646f412d8932150ce6f3d06,2021-08-23,CHANGELOG.md
grafana,170d1bf954e5b979fc1cfeef7d8ea3975c9cf63a,2021-08-19,CHANGELOG.md
grafana,7f8576ee37a2392e840bccc726e7bd6706c4fbdc,2021-08-19,CONTRIBUTING.md
grafana,861fe60d01a242e69d4e8176b03416aa3d3b43ca,2021-08-18,CONTRIBUTING.md
grafana,d26f3cdd0330758dcc11462825fa85ad0da75d77,2021-08-16,CHANGELOG.md
grafana,72b1b0e90ec9a39239c2d5a5ba0569e005554f62,2021-08-09,CHANGELOG.md
grafana,27c71a1f090fe32cc22d5886ff708f2ce70de208,2021-08-09,CHANGELOG.md
grafana,2418a99f09d08eb14b2da4b9e9f4643921fafa63,2021-08-05,CHANGELOG.md
grafana,cba765c5f224230327227c6f0e94c069b1adb620,2021-07-29,CHANGELOG.md
grafana,c39a4e9c4e3b383e93adbf99b295c8df4d4ebf55,2021-07-23,CHANGELOG.md
grafana,3b875def76bd122621782db2740ab638fdb54519,2021-07-23,CHANGELOG.md
grafana,ddde5a5f2d686ff35990dc0d93eef644da2400fb,2021-07-22,CHANGELOG.md
grafana,dc5778c303ca555b70e8ca8c28e95997e26ecfc1,2021-07-15,CHANGELOG.md
grafana,fdad8558ee65d8b15a27fb608705d5c2800ac35c,2021-07-15,CHANGELOG.md
grafana,f77f3d8a9de3267996d468235d572cd4f9769e37,2021-07-14,CHANGELOG.md
grafana,6266a9e77acd6982b34f851dde5a7d924d0bb840,2021-07-08,CHANGELOG.md
grafana,3cce67c044b2516d324959a80857cb9180dd1b5e,2021-07-01,CHANGELOG.md
grafana,c66a2a9b664c28468e74bbe92545fb337f4c1839,2021-06-28,GOVERNANCE.md
grafana,250e9568dc322fb7285876edc118850541dd9171,2021-06-28,GOVERNANCE.md
grafana,947c62b49b565068c3006edd21f4608718136d9a,2021-06-28,GOVERNANCE.md
grafana,49a64f8d44d44a849f852dfac133379345cf470e,2021-06-23,CHANGELOG.md
grafana,fb91302e5242d66a3fb3946a5e5d4fa176041859,2021-06-18,CHANGELOG.md
grafana,ef59020f3dc59f296b3050b623beaa6f8d4848b9,2021-06-16,CHANGELOG.md
grafana,4cb62e4292adb31a2eaaffdac10fa42c15c12631,2021-06-14,CHANGELOG.md
grafana,c45c6655d008cc3daff3fe5c2e2430b9e99bcbd2,2021-06-10,CHANGELOG.md
grafana,d4c129a9b404ecdce5f70bd39af8c9e89d783760,2021-06-08,CHANGELOG.md
grafana,046de10cd71ec158fee43125698381cdca96a7f6,2021-06-01,CHANGELOG.md
grafana,fc9c5ec873bd82151fc943fe5c2067ddad92a43c,2021-05-20,CHANGELOG.md
grafana,ec9b4806d8d4c96c5a5186ba955d23c6fbac4af1,2021-05-19,CHANGELOG.md
grafana,3150b628784ff09337031cbd088157553f7be8ed,2021-05-13,CHANGELOG.md
grafana,b3c4b08f031cbe9ff1c024b7b39e8abea14854df,2021-05-11,CHANGELOG.md
grafana,c2c1ec7d0f27c47fd27e2e97b85232efe353bbe3,2021-05-06,.github/PULL_REQUEST_TEMPLATE.md
grafana,c2c1ec7d0f27c47fd27e2e97b85232efe353bbe3,2021-05-06,CONTRIBUTING.md
grafana,c2c1ec7d0f27c47fd27e2e97b85232efe353bbe3,2021-05-06,GOVERNANCE.md
grafana,61f46fccf714198d0aa9ad0e41deba60564b9f8e,2021-05-04,README.md
grafana,08db0435bb292ddcc0f2a74e7e3dff4bd637fbd4,2021-04-28,CHANGELOG.md
grafana,e2a90315bdfe8f2f31b0fc477e5aa1eba75c9e15,2021-04-26,README.md
grafana,8db3eb90ae8c20e1a2bbbad300e0683def9bf8fb,2021-04-20,LICENSE
grafana,8db3eb90ae8c20e1a2bbbad300e0683def9bf8fb,2021-04-20,README.md
grafana,a516ff00db18540b160a08695d81e8c57cd7530e,2021-04-14,CHANGELOG.md
grafana,85fed1cc0b29b126f23b461e0383c67108f607fe,2021-04-07,CHANGELOG.md
grafana,818d95831d5e46d1aaf6b341545a369038392581,2021-03-30,CHANGELOG.md
grafana,ccb563d57220834032d5890e94a8029b3316ca26,2021-03-26,CHANGELOG.md
grafana,08dfdddefd4c2dc7890160e1730c79c605e3ad89,2021-03-25,CHANGELOG.md
grafana,b2c3189f27b963f79d9eb23392e3bf824d12f815,2021-03-19,CHANGELOG.md
grafana,eaa27c60ea62326651703a2905bc5952cb00e5aa,2021-03-18,CHANGELOG.md
grafana,5645b11e91fea42e074d22e838ec1b97388035a8,2021-03-08,CHANGELOG.md
grafana,a3c9f537dcf5bb614e6c65ee7ccaa068a6bbd705,2021-03-04,CHANGELOG.md
grafana,27c143ef9baa56ffb55b0013f46c902be133edcc,2021-02-25,CHANGELOG.md
grafana,a1eb35452526206d1a48f16f67d6f9307c6d0f97,2021-02-24,CHANGELOG.md
grafana,7c797f737c950a59c4931f4a8b49e11b6c704d42,2021-02-21,CHANGELOG.md
grafana,a3b40bdc48b90bcc0e943441f75f8c0a2018d7fc,2021-02-17,CHANGELOG.md
grafana,f9199ecc0cd0c61047d15c1e53c5f86215db49bd,2021-02-11,CHANGELOG.md
grafana,0ddf1c8ee08db55d1933ff0ef466ebc6bf6a90f5,2021-02-04,CHANGELOG.md
grafana,ef589bd4ff70be008db17e8255266959a7978839,2021-02-03,CHANGELOG.md
grafana,6668eaea2d900b9df106ea2bc9ccfdabd50d16e4,2021-01-27,CHANGELOG.md
grafana,f2464d567566a6d27d43b08af0738b3ad367bc60,2021-01-20,CHANGELOG.md
grafana,84ee4143617752d52242ee084d43c053fd867d36,2021-01-18,CHANGELOG.md
grafana,9734b7069c6aa6d1fb230ec5f9d242532de1ccbe,2021-01-15,CHANGELOG.md
grafana,a9338542b6cea64122090f24db8872f3988fbc4a,2021-01-14,CHANGELOG.md
grafana,437cb121345489652ae90a54c5e564283185101a,2021-01-06,NOTICE.md
grafana,ff6272bb7aa5658d3097a1b948c8c66bad02b37a,2021-01-05,CHANGELOG.md
grafana,7d5c07549af551e1b04062fd853da05573e1e2a1,2020-12-17,CHANGELOG.md
grafana,8a3fdc3055dddeb9b0356c2a01b72fe43be38e4a,2020-12-10,CHANGELOG.md
grafana,61fe235253d9abba71b9aa75627c67407830e21f,2020-12-10,CHANGELOG.md
grafana,b3c4db1d277d6b9ca585c17b48bb5acf78560665,2020-11-27,CHANGELOG.md
grafana,7b031f83e882cbcc7bc0536749326e72240b3b11,2020-11-24,CHANGELOG.md
grafana,b39af39958852f1c17d37a3e4ddb73abf4881a6e,2020-11-24,CHANGELOG.md
grafana,b44a41aab3efd877fb21cd275ca3fa047427ec6e,2020-11-23,CHANGELOG.md
grafana,cfc8d5681a9f08534062f650be366f09825c031c,2020-11-18,CHANGELOG.md
grafana,0fc8b5583c4cd910e251fc871c8ddd9ecf9b9b4f,2020-11-17,CHANGELOG.md
grafana,64ff84c4aa4be6732c3ff4878ccca3f33b401e3b,2020-11-17,CHANGELOG.md
grafana,87023fc44493f9c213afadedf45b919789e36c2c,2020-11-17,CHANGELOG.md
grafana,d6d5d8cf4a58aa5713281cb04788ecca2d41b37f,2020-11-16,CHANGELOG.md
grafana,af8589a4bad685ca2a07b90f08557fb622992dd5,2020-11-11,CHANGELOG.md
grafana,62510a3f42868e6132add6b7bc38ea2b9927747b,2020-11-09,CHANGELOG.md
grafana,deb8889331b830391adf2e72a4fea672abf12b1f,2020-11-05,README.md
grafana,b35d4e1e8eadfab66ab44b51971f556759dac5d2,2020-11-03,CHANGELOG.md
grafana,4a9c0258bb8291e590297e3a7edc72d36d6fee07,2020-10-30,CHANGELOG.md
grafana,1bff2fdeea613fdcbe7b6dd0842d781550b859d8,2020-10-28,CHANGELOG.md
grafana,5cded1d2cd32ba0c24d192f00e801dd6878f774e,2020-10-27,README.md
grafana,6752271b060db8aa79624171abe58a78653d560e,2020-10-22,CHANGELOG.md
grafana,10c01e0e9772f688a6e227a3b8ae9ed30d53e0a2,2020-10-22,CHANGELOG.md
grafana,62f5641aa9c8509a4ad3b01471b84b036f231f91,2020-10-21,CHANGELOG.md
grafana,86c676c693218fc5187fd11bd98e5646fcfc2530,2020-10-21,CHANGELOG.md
grafana,77b1e6311f3607d84417a359e2df725ead355836,2020-10-17,CHANGELOG.md
grafana,9f5bdce25c6ae65902d5e69c60ef6949e36d5fa5,2020-10-16,CONTRIBUTING.md
grafana,3706fd39423f39ff37395c4004bff1eacda0c92d,2020-10-15,CHANGELOG.md
grafana,957c88eaca0bfd666ad525ef607df4d60c4c4ea2,2020-10-12,CHANGELOG.md
grafana,15cb07de04d6651d5f5d00594bccc89a3d8baa06,2020-10-08,CHANGELOG.md
grafana,11e6cc10d484768d52169f485a9568596be9b472,2020-10-05,GOVERNANCE.md
grafana,266aba71ebd4d81ffe9b8397a7bf8e6c8edd1ff1,2020-10-02,GOVERNANCE.md
grafana,4d3067e139e007a20c371f5bc97fd2966036faba,2020-10-02,.github/PULL_REQUEST_TEMPLATE.md
grafana,4d3067e139e007a20c371f5bc97fd2966036faba,2020-10-02,CHANGELOG.md
grafana,4d3067e139e007a20c371f5bc97fd2966036faba,2020-10-02,CODE_OF_CONDUCT.md
grafana,4d3067e139e007a20c371f5bc97fd2966036faba,2020-10-02,MAINTAINERS.md
grafana,7b77a1b1fb7db667a89a77d708552854012fac16,2020-09-23,CHANGELOG.md
grafana,9e3def4214327dc1efd74fd68913c32f46c24524,2020-09-22,CHANGELOG.md
grafana,7e96b1f38b2582a2e48c790724e809d34d2064d4,2020-09-17,CONTRIBUTING.md
grafana,9ab7a0d8c0d4bec1be7b946ca6566e50117013a0,2020-09-17,CHANGELOG.md
grafana,ee91fc365e8f2e66ab8890b49d0eb026d42b971d,2020-09-10,CHANGELOG.md
grafana,027a11210d8f89da0a7d40110a6e4b24a3508233,2020-09-09,CHANGELOG.md
grafana,636dd96c2876f6f0ef5e23c484ca494ce0fbffe6,2020-09-02,CHANGELOG.md
grafana,bf2f040fb9f746cb29411a83f2973bf65c9cff34,2020-08-25,CHANGELOG.md
grafana,a8b57a2dd0cecc0c42980c6eabff83ff93300887,2020-08-20,CHANGELOG.md
grafana,06dda4457327f679f15f58b73b3024c1124302e8,2020-08-06,CHANGELOG.md
grafana,325240fc83dfef2f9198838a0e7136522c6d5206,2020-08-05,CHANGELOG.md
grafana,7054eb9d24b6e26671a719d34748622d73d62985,2020-08-05,CHANGELOG.md
grafana,754668cd518f74a1ac910e4725ad2ed0ddc31e1c,2020-08-05,CHANGELOG.md
grafana,17605033a275e137dcf7491d647463d921c4c005,2020-07-28,CHANGELOG.md
grafana,9bbebdcac1322ef2fbb5561b5bab562ae21795d8,2020-07-27,CODE_OF_CONDUCT.md
grafana,3ed1c14237908527fe231f76c5087e4500dab4d7,2020-07-24,CHANGELOG.md
grafana,7d08a8497a62dcf38b237c863ff9231968e042e4,2020-07-22,CHANGELOG.md
grafana,5eefbab59b26f64e6a793c4fd71e91c670c2aa2a,2020-07-16,CHANGELOG.md
grafana,d0e6822a811491e500014dc77adb4d071a971675,2020-07-16,CHANGELOG.md
grafana,06c14a10dcbc8de657caf1c7478a76e7fe9c3145,2020-07-16,CHANGELOG.md
grafana,523c651c635b0a2fb89b420622db8794b6f25dbe,2020-07-16,CHANGELOG.md
grafana,5d3ff8f00bfc26057dfb0b6e19818acc8e693667,2020-07-16,CHANGELOG.md
grafana,fc56c6ba04497bd45c838940ef9e7d30a53fd157,2020-07-13,CHANGELOG.md
grafana,be7bc293a1e01dc2e175ea6f01a690c385874574,2020-07-09,CHANGELOG.md
grafana,66a00ee5c948dd48b39e850e0b38f7463fd765e1,2020-07-02,CHANGELOG.md
grafana,039367336c0fdf8ea86e0e2137bc2465658eb7a7,2020-07-01,CHANGELOG.md
grafana,05bfd17b000df90f23532b3ff4e45096f8b0dd21,2020-06-30,CHANGELOG.md
grafana,38cb3f2cb26c3dfb31b179afcb4fe7cba05741f1,2020-06-30,GOVERNANCE.md
grafana,657dc612d5db0a25414f0d384e6e4db360107ed4,2020-06-25,CHANGELOG.md
grafana,4a30c65a5e6a49e57699061dcca1eee65c54b6f3,2020-06-18,SECURITY.md
grafana,157e54067d6b0579a6645dcecfa210ac4311976c,2020-06-17,README.md
grafana,4949869356b513513c57ed09e141362dbde9f1be,2020-06-17,GOVERNANCE.md
grafana,9aef680e660f37a12cbb769a00d10ada331be205,2020-06-11,CONTRIBUTING.md
grafana,fd93764784dbcae0aa0561ddf7733a6b841ebf2d,2020-06-05,GOVERNANCE.md
grafana,7c36209513b7601a8e18a6a72da8f5039e13cdb6,2020-06-05,GOVERNANCE.md
grafana,69b366977ab8a2a29eee65998463f718ed48a9cb,2020-06-04,GOVERNANCE.md
grafana,927e6989934327d217fddbcbeb70d9ee8db9e322,2020-06-03,CHANGELOG.md
grafana,e5414f44aa2728cce0dbbc7698fddb514fa8193a,2020-06-03,CHANGELOG.md
grafana,3e5d721d9cbe941528c90206685499fd33d22d24,2020-05-31,GOVERNANCE.md
grafana,b1cee7a424b82467e57742b2046427a7f5915996,2020-05-26,CHANGELOG.md
grafana,9648a09a8b375b660de125f6fb5de7233cd99a03,2020-05-26,CHANGELOG.md
grafana,4af16e7673968bd09449a9df5e912eee53279e11,2020-05-26,CHANGELOG.md
grafana,012fe80607ead58c8044592992037dda7c013f40,2020-05-26,CHANGELOG.md
grafana,4b8c4b2826a548d792f0461fcc6e7264c0a1d1f0,2020-05-23,CONTRIBUTING.md
grafana,ec08881e819f8ae1673ea1e450c99767554042e9,2020-05-20,GOVERNANCE.md
grafana,d4d51db21b770dea9d51485c9d0ea3ef1e9ed0d3,2020-05-18,GOVERNANCE.md
grafana,9f019d5603fae05da3107ce518a1cdd69d146726,2020-05-18,GOVERNANCE.md
grafana,9f019d5603fae05da3107ce518a1cdd69d146726,2020-05-18,MAINTAINERS.md
grafana,44fae66bc024fbaf2add70bfc44b3abc27a0d278,2020-05-18,CHANGELOG.md
grafana,e4cbeb5cb3da0d0017133edafc566a3bed5fed99,2020-05-14,CHANGELOG.md
grafana,0c8ee5b2c92835a6d9229e9926321a665732863e,2020-05-14,CHANGELOG.md
grafana,85ae144a87710578e1e891496ed759f2034140d0,2020-05-14,CHANGELOG.md
grafana,a86639356eef0524ee8c7ddae1c64752e1b588eb,2020-05-08,CHANGELOG.md
grafana,f88ec875a65314e898715a74e9c796fae18d7e1c,2020-05-07,CHANGELOG.md
grafana,43f33dddb4f2b78da735e392fe1547c34151b21d,2020-05-07,CHANGELOG.md
grafana,5800009951f91713126d1d2097f0f591eb289ffc,2020-05-07,CHANGELOG.md
grafana,2ac8a6dbd6212fca9d22b8f37b2b49b6f6317d12,2020-04-29,CHANGELOG.md
grafana,11134efcdad390190536c6be351782f9e421c742,2020-04-29,CHANGELOG.md
grafana,edf5a2cec1a718e37c824cb1e488a6ac9a313e66,2020-04-29,CHANGELOG.md
grafana,a35babee406aa9f83ae112dc7c1d6ae05a411f41,2020-04-29,CHANGELOG.md
grafana,a35babee406aa9f83ae112dc7c1d6ae05a411f41,2020-04-29,README.md
grafana,a7fa0e45eb4fe5590f213d7d9aa96d5c392a3c92,2020-04-29,CHANGELOG.md
grafana,64aba38f4922ec15b25ee6aa661392395b4b2ad7,2020-04-29,CHANGELOG.md
grafana,854085dbc67883c093ab410fa89c25cdbfdf35cf,2020-04-27,CHANGELOG.md
grafana,51c19da98d6cc6b8772ba4e2e88566470f075696,2020-04-24,CHANGELOG.md
grafana,ffdef9e7714ac88c7a4e78ef76f664539cfb6e01,2020-04-23,CHANGELOG.md
grafana,6e313e7d37d96d0548a9573b853be987cd7088dc,2020-04-15,CHANGELOG.md
grafana,23407e9a32c0094c74f909217d14c3e7d8c3965c,2020-04-08,CHANGELOG.md
grafana,b4382fff8c5dfa2d322a37e4cbc952470a11c56d,2020-04-02,CHANGELOG.md
grafana,6402dde646b82b0b118f9dc24e5cf2c4b8ed0471,2020-04-01,CHANGELOG.md
grafana,66e11119486ea2c0419f73efef9fa315e6b7fc80,2020-03-20,CHANGELOG.md
grafana,777246dd3fe52dfff31ee3f27185f67dd0691e06,2020-03-19,CHANGELOG.md
grafana,da787c1a381b2dec9acf7e785759af77baddfacd,2020-03-12,CHANGELOG.md
grafana,63fe7fd8c748bee25ae1b46f2ed88a1123140c31,2020-02-28,CHANGELOG.md
grafana,aeab27c34cf8725530983e475be668470db7b5e3,2020-02-24,CHANGELOG.md
grafana,252a2fdce3d1587eac828a1f39921b7e22fc8bd4,2020-02-20,CHANGELOG.md
grafana,6f09bc9fb45d1beecf2bdb5b1c7359b9b1a4d5ec,2020-02-11,CHANGELOG.md
grafana,32394374ff8314e0059b0b4efa2a3c766d33d319,2020-02-06,CHANGELOG.md
grafana,0e4f7e1d9afe0e5d48a54503215fd1104fc51bc0,2020-01-27,CHANGELOG.md
grafana,35d4aef5f8514c83a6eefe221d43e4285e06f0d0,2020-01-21,CHANGELOG.md
grafana,07d96fe486b4468face3e204dfa1b50109abf70b,2020-01-21,CHANGELOG.md
grafana,32f055111c7d1f78b480309b2916b34483b7bc21,2020-01-15,CHANGELOG.md
grafana,a1579283a642a5fb43872bf505fff1da3f992017,2020-01-14,CHANGELOG.md
grafana,653e427433b4787ec734da6cf2ffa60d7bf147da,2019-12-18,CHANGELOG.md
grafana,5568b32c9bea916447873544206e02145e7712e9,2019-12-11,CHANGELOG.md
grafana,d571e29aac692641ccf176c82c985ff63291c623,2019-12-02,CHANGELOG.md
grafana,2e6974c7f8ee05d16d672a6a902bcd7109ae2348,2019-12-02,CHANGELOG.md
grafana,67bfdaeb3c85502a1bebb01c1b9707177f85c217,2019-11-29,CHANGELOG.md
grafana,75f04c731f170918cfb4031ac059a7c7463f5b2e,2019-11-28,CHANGELOG.md
grafana,665079dc8c8bdb359bb4ef373c31c65279f7491f,2019-11-26,CHANGELOG.md
grafana,a4a9715237114686c3f37c427395e5cebf12865c,2019-11-25,CHANGELOG.md
grafana,b83fdd1a14c467d84473da8a0e10abeba6cd6fe6,2019-11-25,CHANGELOG.md
grafana,ac8aa4b300e3b005c7c75ae69a0f8916a42d6f94,2019-11-25,CHANGELOG.md
grafana,b028ffa21ef80caec9c8e76cb690621780f0f4f0,2019-11-22,CHANGELOG.md
grafana,83fa91b1f4a293ed2ec5b6e153678e17ef037377,2019-11-21,CHANGELOG.md
grafana,22edacd4a83c3b9ac2adccac6a1713bcf44e2e94,2019-11-21,CHANGELOG.md
grafana,ec18e2bfc3ab8c48ac79cea483487719ee5ae12b,2019-11-20,CHANGELOG.md
grafana,771ee549fbc78e80b4484ccddc25402a6df9f24c,2019-11-14,CHANGELOG.md
grafana,9525f318b8adc227912b5ea93ebc94c191618cc6,2019-11-06,CHANGELOG.md
grafana,add0614aee0f9c52a2fa6da3c64f8a8976fec904,2019-11-05,README.md
grafana,73944c18fda15e0f097ff647eab8b594cf600162,2019-10-22,CONTRIBUTING.md
grafana,5d9a45bbd55550c537e55c3aab28ed2cbf6dd4d7,2019-10-16,CHANGELOG.md
grafana,096e0e761e547278edd5c600332dda6a5e0710d7,2019-10-08,CONTRIBUTING.md
grafana,096e0e761e547278edd5c600332dda6a5e0710d7,2019-10-08,README.md
grafana,4c8f9ebb81ffaf67626c4c862b33312c04ddc579,2019-10-08,CHANGELOG.md
grafana,f2089bab31df950170301f177e82cdd88a831984,2019-10-07,CONTRIBUTING.md
grafana,2fb301ccaf6ef71ffd707d047a9e53988d2f62f9,2019-10-03,CONTRIBUTING.md
grafana,738a1dd6f01e1b192fc709fd2ae0ee19be6aa10c,2019-10-02,CHANGELOG.md
grafana,8de6ba6aad4d8fbc457e6a01082a6e032306c159,2019-10-01,CHANGELOG.md
grafana,48813779c55cb60131c6c19dab610ca1570e7d32,2019-10-01,CHANGELOG.md
grafana,75b21c7603464779c6b406db66fd7d6eb1a0e18e,2019-09-26,CONTRIBUTING.md
grafana,a3008ffb057c66e827239c57a8d8bf83e8cfb9f1,2019-09-26,SECURITY.md
grafana,e35de167f91eb956d8829e634097843ce059b5b7,2019-09-25,CHANGELOG.md
grafana,f7a2fe5868c735546a3d65cb535c9cfae5de4dc0,2019-09-25,ROADMAP.md
grafana,eb80b3249fab346523b04caa3f98961d82356da8,2019-09-25,SUPPORT.md
grafana,2d8635054ed049a49b80d7aa1de38b15d3ac7521,2019-09-23,CHANGELOG.md
grafana,44aa90dc60eb872c861128e3277df7de00724c52,2019-09-23,CHANGELOG.md
grafana,8513e742bc971929a82cd5bfdefb900ecc4b7f50,2019-09-23,CHANGELOG.md
grafana,cff3e37e9ee91416c67a3eaa6a9bdcac3c0e5bbc,2019-09-22,CONTRIBUTING.md
grafana,c9e566b156be72be3a5feed4178e83f791e0dc88,2019-09-19,CHANGELOG.md
grafana,c9e566b156be72be3a5feed4178e83f791e0dc88,2019-09-19,CONTRIBUTING.md
grafana,c9e566b156be72be3a5feed4178e83f791e0dc88,2019-09-19,README.md
grafana,f7de64bd15b21a53e4af7a1622e2a9b2123abcd8,2019-09-17,CHANGELOG.md
grafana,e3a69d8023c5fc3c0313650d0e0151e7b043749e,2019-09-17,CHANGELOG.md
grafana,81c326b31a39a50a7d356f8ab1d1084bdc4d1993,2019-09-12,CONTRIBUTING.md
grafana,3f6a37f9af4041b962b35619878b72d98271eb35,2019-09-12,README.md
grafana,05434cffb1568c988da2b24ef3380beb1e0561c4,2019-09-09,CONTRIBUTING.md
grafana,cb4d30f8522e852b0cdcbce1d8ae29902b3a98b3,2019-09-04,README.md
grafana,82ec812cc92e7975cb1e168edc65195e4040d789,2019-09-02,CHANGELOG.md
grafana,a75850a26ab0e46c649a4ddf56b95a638ad87059,2019-08-29,CHANGELOG.md
grafana,50058de6aaf01eee886b79dd601e911862194f4b,2019-08-19,README.md
grafana,693d0a78af3eb3570a1112ca7060c96d84827d52,2019-08-16,CHANGELOG.md
grafana,c38674aef2d465c1a6a9f78836c34c3612529562,2019-08-16,CONTRIBUTING.md
grafana,2cab0acf76d2c7101c52099a5c1d24c843605c02,2019-08-15,CHANGELOG.md
grafana,27ea2bef2cac9078fa012fe000412468af99994d,2019-08-09,CONTRIBUTING.md
grafana,6b293cd4e4041f978530b25b7b3f11c227633460,2019-08-08,README.md
grafana,e8adbfea9fd3d81dd35fd8e0f7b40f3b5df39b96,2019-08-07,CHANGELOG.md
grafana,8e2a07cac2ced09d23d75f8d75ff31de66f1af60,2019-08-07,CHANGELOG.md
grafana,fc2f399df39fec88224f0e288268a1b9b42ed256,2019-08-07,CHANGELOG.md
grafana,91c91c966892d52bb58117318c2a684b99b40ccb,2019-08-06,CHANGELOG.md
grafana,48d436ea6da9f38383ab54d4e190c320f77f70cc,2019-08-03,CHANGELOG.md
grafana,69589c28d66447ff8e7d82574693ed4b6db3bd8e,2019-07-31,.github/PULL_REQUEST_TEMPLATE.md
grafana,1bd1945eb5873672ccd11d83458028da51297cc4,2019-07-26,CHANGELOG.md
grafana,f38187d68b8fecc2804dcc36f91fa8cc87d0f4c1,2019-07-17,CHANGELOG.md
grafana,6aa58182c7886af1a5c5808449b39e5b12d371d3,2019-07-11,CHANGELOG.md
grafana,6f4625bb7884e7133f5d3f1a2f69c16780d5ff1f,2019-07-11,README.md
grafana,f5efef137015123fff73acc86d1ed7330be2d8a1,2019-07-10,CHANGELOG.md
grafana,b9fda28e274cb6813cd0286cff091477dbc7a72c,2019-06-25,CHANGELOG.md
grafana,70b4fc8483921a69006e243d75ab48618e21b567,2019-06-22,SECURITY.md
grafana,0a74a3329c256c94a8ea87d2c596d41dab6b107b,2019-06-22,SUPPORT.md
grafana,b6350fe6fb368228a729c3174183f8678d1a7e55,2019-06-18,CHANGELOG.md
grafana,4c4c6899071faf84ff198f82526f5c95d95768a5,2019-06-18,CHANGELOG.md
grafana,b98bb48d59ba72ab4b8006b91d744d3774fb593b,2019-06-18,CONTRIBUTING.md
grafana,64841fe4179281c5c877eac7476938d0bd26cde5,2019-06-17,CHANGELOG.md
grafana,3563f71ba2886b0ae4805ecda3be9e3fb18c5059,2019-06-17,CHANGELOG.md
grafana,bc7c420ee889a174dc2f9e29c5c5f03b09d47c82,2019-06-07,README.md
grafana,dd52ff5ac5479d24df8f7396ee0350472da2c7e9,2019-06-05,CHANGELOG.md
grafana,83187fd8eae9b8bb54121083761c849d0adbdcde,2019-05-28,CHANGELOG.md
grafana,0b3768e551c771bc05d155184ea8cf8d5f63fd75,2019-05-27,CHANGELOG.md
grafana,7df4d635e3009d526d2bc6f9418e3b7e49b6e183,2019-05-22,CHANGELOG.md
grafana,350190e66929846e4767bc1445f41abc95ffbefd,2019-05-22,CHANGELOG.md
grafana,9cdf0f4f9cc61a9830ac5e5e7f155e788d155e92,2019-05-21,CONTRIBUTING.md
grafana,b8e67a2a4c5adc6ec38cdae36222c6f60b13d5ad,2019-05-15,CHANGELOG.md
grafana,d4a35213e1753d64a1ad9e87f8f88096b89dddf2,2019-05-09,CHANGELOG.md
grafana,a4d287d2e15731becb289b5eae4ae202845c6ff2,2019-05-08,README.md
grafana,336655a46a5fe9d207eae309e82ca95638a55ef6,2019-05-07,CHANGELOG.md
grafana,b1fb11364863352bfc15f2f67e31ddb70e10e734,2019-05-07,CHANGELOG.md
grafana,1b61344096b7360428682825021c126cae646cd2,2019-05-07,CHANGELOG.md
grafana,073c84179fa0142732e10e21e87a0e5c74ddfd6b,2019-05-04,CHANGELOG.md
grafana,945cbf47102bd23c1cc0dab27628085ca4ab167b,2019-04-29,CHANGELOG.md
grafana,79299f9bca77fa2146be09f17a91151dd0049cc4,2019-04-18,.github/PULL_REQUEST_TEMPLATE.md
grafana,68f5ddf18cb8bd4fb7e4fb026d77685c603075b5,2019-04-16,CONTRIBUTING.md
grafana,d6b48ee09979ad65e0a613c823819b39c87686c7,2019-04-16,CHANGELOG.md
grafana,0ce1b83fc501513244874313bfe827518e5a5de4,2019-04-09,CHANGELOG.md
grafana,eba67276d9f7390ad83b2a67f6d6246d969e4808,2019-04-09,CHANGELOG.md
grafana,f0eddcd8a82a530aa60b44315b47cc9ca13ed4bc,2019-04-09,ROADMAP.md
grafana,645a6e585662ff093d479e729b3e27787a8c75bc,2019-04-08,CHANGELOG.md
grafana,32270c122b083596bacee6bdfb961c4628652a4e,2019-04-08,CHANGELOG.md
grafana,a5a0352dcca1c8690e6bb3eb4b4e7d5b48328af4,2019-04-05,.github/PULL_REQUEST_TEMPLATE.md
grafana,9530906822eb690915ee6d477a79d5628a08e98a,2019-04-05,CHANGELOG.md
grafana,85b4b336fd0b720faa9c6728c777cd5abd151185,2019-04-03,CHANGELOG.md
grafana,67ab8ba521b6b40e4bc99ba6bd4771a90255a97e,2019-04-03,CHANGELOG.md
grafana,40a17524972cb3194d08a5afec9385a8a475a95f,2019-03-29,CHANGELOG.md
grafana,232b7fd6985315c2d5a132993ca773c0b9a5d8b7,2019-03-27,CHANGELOG.md
grafana,bbdc1e6bd8ddd7a63f25d493cd6e5c735cc8a408,2019-03-27,CHANGELOG.md
grafana,2637c653ef97b02bd42039fe456746b9a6280fdf,2019-03-26,CHANGELOG.md
grafana,6ef11872f79bfda99aa73295040f03d266e8fefd,2019-03-26,CHANGELOG.md
grafana,516b7ce8454c713f0161d195ff799824b2d393ca,2019-03-25,README.md
grafana,8ac5c91004656a03936c21c1adbcdbbfe531d349,2019-03-22,README.md
grafana,7316bdc99f24fb37363e3945fa01a74c9baad862,2019-03-21,LICENSE
grafana,40978ee08a088e14a913df3427c7317d1da8cc5f,2019-03-19,CHANGELOG.md
grafana,9f6b793563c9f6fee7a1fc74eda86309b25a2773,2019-03-19,CHANGELOG.md
grafana,38f82cfb0e2ff1db654485c2e427ad4487aabfb9,2019-03-15,CHANGELOG.md
grafana,1db7913a1c51d391924c915b32ea497bb83aecdf,2019-03-15,CHANGELOG.md
grafana,1ddf6dafb63066d37d0033687aa4f30d0a9f158a,2019-03-15,CHANGELOG.md
grafana,191a7e4b8d58ede08aa31d0c03727e2ca210ead1,2019-03-14,CHANGELOG.md
grafana,7b692c1cfd72208ab669d9d5507c44a57f66eb27,2019-03-14,CHANGELOG.md
grafana,c248c1f4f19702be9f92581790bb2c97920f2f68,2019-03-12,CHANGELOG.md
grafana,e08d8eb55d95a2d62be949ba4020a55916552f1d,2019-03-08,CONTRIBUTING.md
grafana,d7d968412ba087dabd3b86c0d9886266379e1b19,2019-03-08,.github/PULL_REQUEST_TEMPLATE.md
grafana,f9e3c33ebdffbd930ddcc776753a76c4254c72b2,2019-03-07,README.md
grafana,f71d45b1c172de332a30cbdc9fb68defd3beb9da,2019-03-07,.github/PULL_REQUEST_TEMPLATE.md
grafana,8892b933e8fbbf8e0158b5eb3c318605a588da2b,2019-03-07,.github/PULL_REQUEST_TEMPLATE.md
grafana,da49fecc30d5fe181dc03649a6fa6c063a02a952,2019-03-07,.github/ISSUE_TEMPLATE.md
grafana,bfde2cb46f881f9335140ca4f5bac8e0f720d438,2019-03-06,CHANGELOG.md
grafana,b63ef540886b79d957717a11ee413568253b0e42,2019-03-06,CHANGELOG.md
grafana,f22f1ac3d6f89386edaaa2f8be3ab403ff1ee8f4,2019-03-06,CHANGELOG.md
grafana,9383b04efdddfb937876e965ff371d2ff066d99f,2019-03-05,CHANGELOG.md
grafana,d4c718091c0409c0c6999c223031a4455a14cc9a,2019-03-05,CHANGELOG.md
grafana,ff7eaced252ed0cc1bbdd39c727d595b29367d49,2019-03-05,CHANGELOG.md
grafana,8f9246dff0d5a9ccaafa42bef202a4a231b1f2a8,2019-03-04,CHANGELOG.md
grafana,989147a1ce1b076386735d6a1238ca067fd0adde,2019-03-04,CHANGELOG.md
grafana,a6056ba565b6f8ddd20c287cc498b24405600d4b,2019-03-04,CHANGELOG.md
grafana,c36047674aa90803d550445e32c035000be32fef,2019-03-04,CHANGELOG.md
grafana,27dc3586b1a7565b588d2e297aa6c286c8c8b602,2019-03-02,CHANGELOG.md
grafana,cde3a21434e664081a024c3f93bbfa3fc8bafaf5,2019-03-02,CHANGELOG.md
grafana,dafd7afb971fd5be7b73704f069710b5d763dfca,2019-03-02,CHANGELOG.md
grafana,e1d27bd79afd1cc76e84bdcfdc3beb8de488de49,2019-02-25,CHANGELOG.md
grafana,26dcabc2dc6b50abf641c2b20f97d315cce99e16,2019-02-25,CHANGELOG.md
grafana,9efe7674d6155f2dae5f4ca52a3452f66b9596cc,2019-02-25,CHANGELOG.md
grafana,d358088776274496e2829fad3ddfaa111fc7f643,2019-02-21,CHANGELOG.md
grafana,ad748c05028d49e518653aa6b89cd5972a66effb,2019-02-21,CHANGELOG.md
grafana,60fab15335c774b7fec783f920dbf01fdb5a6890,2019-02-21,CHANGELOG.md
grafana,56726397e3069520d1e6da6bdf09fa6e48501bba,2019-02-19,README.md
grafana,4df78fe7ac22de1886a53b82bf25ab6e983a9472,2019-02-19,CHANGELOG.md
grafana,a9748f460ed54537c656e1ff765cd05ff160ceeb,2019-02-19,CHANGELOG.md
grafana,99205d5d9a8177a45220a8f67ad91ca66ce2bd8a,2019-02-19,CHANGELOG.md
grafana,3d994b16d0fa66a2cf6d7934c3541a616782aa61,2019-02-18,CHANGELOG.md
grafana,9738ba82e44dc5cda954cd1acf7dfee279785ccf,2019-02-18,CHANGELOG.md
grafana,71e74181abc251e4b989d914305bef42149484b2,2019-02-18,CHANGELOG.md
grafana,9ebbdbeb4bb4370e0f53ceff135850bbdceb0c84,2019-02-18,CHANGELOG.md
grafana,72f522bb51dec34c379ecd1a78d6c0d216c043cd,2019-02-14,.github/PULL_REQUEST_TEMPLATE.md
grafana,b37e05714cd8994ad8723e86879d27563510aa60,2019-02-14,.github/PULL_REQUEST_TEMPLATE.md
grafana,b37e05714cd8994ad8723e86879d27563510aa60,2019-02-14,CONTRIBUTING.md
grafana,3f714fbd1b7fb3ae5457d9a803035d726f51314c,2019-02-14,CONTRIBUTING.md
grafana,681269b3fe1b9f865ea67deeccc91eeb737b04be,2019-02-14,CONTRIBUTING.md
grafana,e22cba67dc886ba2b7b5ae35acc0acde9f54f46a,2019-02-14,CONTRIBUTING.md
grafana,982f2620891e118a7305674f8a6bc1b1d3d67957,2019-02-14,CONTRIBUTING.md
grafana,0e6800495f06bafd781cbf0fee44af7f8f9db4c7,2019-02-14,CONTRIBUTING.md
grafana,058debee67a9986c0a7df17f28166113631f86f4,2019-02-13,.github/PULL_REQUEST_TEMPLATE.md
grafana,058debee67a9986c0a7df17f28166113631f86f4,2019-02-13,CONTRIBUTING.md
grafana,0493d905f17f6b1b7ffbb7afbf181a91798d5bf8,2019-02-11,CHANGELOG.md
grafana,951e5932d4e650e160aeae2bbde850b7985dd237,2019-02-11,CHANGELOG.md
grafana,93f1a48641b9e9219fa5f8869757fcdb4d1187ae,2019-02-11,CHANGELOG.md
grafana,8769b7aa5757881f6960cadc61856bfab071a544,2019-02-11,CHANGELOG.md
grafana,757a98257d25296c75a29c5f589f517ac22d800e,2019-02-11,CHANGELOG.md
grafana,1f0c7727f462bb53e3815e2240651e1b466c4386,2019-02-11,CHANGELOG.md
grafana,63f465f0ac261ceb2d10a65cc080e67503b0e9b0,2019-02-11,CHANGELOG.md
grafana,9472d7e60083b6fdd903696beb657ea34fb2b497,2019-02-11,CHANGELOG.md
grafana,a7c44c2ce749c496b0be7eebfb4b6a91d9c6b224,2019-02-11,CHANGELOG.md
grafana,82e330a1c53756c11a23b14c6b9a4a23d7332ef6,2019-02-11,CHANGELOG.md
grafana,e53f41e511a92dd12eb0ee3604fb494a572f6311,2019-02-11,CHANGELOG.md
grafana,5e6c746c9b0eeda36481e72a1f8e52ccaf664634,2019-02-11,CHANGELOG.md
grafana,13f21fffc4500b70afa6fd9aad2379f208968681,2019-02-11,CHANGELOG.md
grafana,784d4fb70d676cf3f57fda39631e9c5bc451bdc7,2019-02-11,README.md
grafana,2c8c4729a8ad13a44b7fdef1c570cc940777fb10,2019-02-11,CHANGELOG.md
grafana,5eea85a3a3287b7916c7fb5e97db9d86bdba5add,2019-02-11,CHANGELOG.md
grafana,be11da5b31892127d817cbc982a470f54602e813,2019-02-11,CHANGELOG.md
grafana,06972144d20b2125034e51db7c58573231d17e8a,2019-02-11,CHANGELOG.md
grafana,7b761f0a2864d0619817ca90942b91294f613354,2019-02-11,CHANGELOG.md
grafana,41217ea110875c703a50e047041464f0bb9bebbc,2019-02-11,CHANGELOG.md
grafana,b545f518209badbc307cec4efdacd40935dbfbaf,2019-02-07,CHANGELOG.md
grafana,809d4b040aedb388f5836a39c8f75316321bfca0,2019-02-06,CHANGELOG.md
grafana,0be43948e2cab8685714e9ee93d085fc069e0501,2019-02-05,CHANGELOG.md
grafana,3e129dffa0490d4ef33f18786031bd95a2e33845,2019-02-05,CHANGELOG.md
grafana,c19baaffaacc888e586f0b13ce8116dd688e08ea,2019-02-05,CHANGELOG.md
grafana,eb8dfefb231559acce4291a9d288d8d44fc02b50,2019-02-04,CHANGELOG.md
grafana,ab1ae1b2a7d019b27739f24e5038b2a2ca632ffd,2019-02-01,README.md
grafana,53331772ef465484b3fbcd3c61bc61185cbc5ef8,2019-01-31,CHANGELOG.md
grafana,08cfa5e32a6507e011776d9a0363f835c8e40f2b,2019-01-31,CHANGELOG.md
grafana,ca7afc10a947e968e38f66b104a1b5120a14ff2d,2019-01-31,CHANGELOG.md
grafana,d7f81c47951bc832061c726060c75fd587fb136e,2019-01-30,CHANGELOG.md
grafana,a21f6777c16bca7f8c15ef7568f6095ff31a45e9,2019-01-29,CHANGELOG.md
grafana,6756931bcdad06c9eaeb88b44d8a6d26dd83e131,2019-01-29,CHANGELOG.md
grafana,920f51f2db4c6dc689118e766346da61eff767ce,2019-01-29,CHANGELOG.md
grafana,51451d10a358ab144a442a85f20942cf3c69396b,2019-01-29,CHANGELOG.md
grafana,c1d778c704166520e90797030817805862faaeb5,2019-01-28,CHANGELOG.md
grafana,bc34ccc9b2b28d361cbfc5884c8fb65572fead1c,2019-01-28,CHANGELOG.md
grafana,f09c4608c275cece2b79cd03998091b2d46b0192,2019-01-28,CHANGELOG.md
grafana,577f35f6babc6cb30ed2bcf241d5d905ceb1eba4,2019-01-28,CHANGELOG.md
grafana,d56d9a0c12fea3fec654ed8ec8f57662168ae03d,2019-01-28,CODE_OF_CONDUCT.md
grafana,d56d9a0c12fea3fec654ed8ec8f57662168ae03d,2019-01-28,README.md
grafana,c7e50a79d776d5e20b40a137772dccf73c30dcdb,2019-01-28,CHANGELOG.md
grafana,5807fc1383ea9e56fe72ad745aaa86cfc3be24f4,2019-01-28,CHANGELOG.md
grafana,c52dde4c1bc424735edd119356901e86e3e5f499,2019-01-28,CHANGELOG.md
grafana,4678f43aeb2529f1f8e4c1d79eb5bf4c0a2265e5,2019-01-28,CHANGELOG.md
grafana,2a0689a1f5b64c8b3aa672f4b6e2116579b281a0,2019-01-28,CHANGELOG.md
grafana,a9fd076470555a7f351216a6f642f6d213de8ff7,2019-01-28,CHANGELOG.md
grafana,5869eba4670ed757c8b6dcb9d2b8eba14f63beb6,2019-01-28,CHANGELOG.md
grafana,ec41c4a57216afb893078b41c6452fdfe215821c,2019-01-28,CHANGELOG.md
grafana,ac17da624deae4b21c012a2d2074c0f3136c7c33,2019-01-28,CHANGELOG.md
grafana,9eddb59705c114047128fba094e69f6902bbbac6,2019-01-28,CHANGELOG.md
grafana,1d1d085b96359ec7c9b852d4cc3e019a35c664f1,2019-01-28,CHANGELOG.md
grafana,019848484b3e1f5155709c5d762bb2f0e43bcef3,2019-01-28,CHANGELOG.md
grafana,d1608510ef08df40fe27a4f45b516b1888527178,2019-01-25,CHANGELOG.md
grafana,2bdc92f7ddf9164fabf3df7eda79c22694cee2cc,2019-01-22,CHANGELOG.md
grafana,3a390a994b4337797c80cdd6d9fa0cf8ea1c972a,2019-01-22,ROADMAP.md
grafana,f0e61af8e03ca668524bd85ba0417b19f0e12ebf,2019-01-22,CHANGELOG.md
grafana,cd3157fa68476d169daeb5d4c7b08d68a7f30d05,2019-01-22,CHANGELOG.md
grafana,3bdd4a5c33eb1c62db4d105f3cebe8a84eb6f11d,2019-01-15,CHANGELOG.md
grafana,85c68cc734c9a71bfeabfec898d32cc9cb3c8144,2019-01-15,CHANGELOG.md
grafana,1c0a385df1a6445832e4717d05608e4e3d5cf634,2019-01-15,CHANGELOG.md
grafana,03c6cc59a756a377c30bdaf4f7791cae3074bce1,2019-01-14,CHANGELOG.md
grafana,7da544a52b97dc278cab9a1f0486fd7d3e0dddb3,2019-01-14,CHANGELOG.md
grafana,cdfdc676ae5e25b03736438dccd9e8b309bf9238,2019-01-10,CHANGELOG.md
grafana,1dc1af7e00823e1107fc683b1e40ad5f86ba1743,2019-01-10,README.md
grafana,8e8b759b21c26d128e3de24df708d8a41f269973,2019-01-08,CHANGELOG.md
grafana,8b4083a6026e9fe6ac3669d025ca700eb23b396c,2018-12-21,CHANGELOG.md
grafana,7637ea55e4718c7aa1a47d85ee01e2e50919c762,2018-12-19,CHANGELOG.md
grafana,9607b27935d499e82ee26b7623449530255cd099,2018-12-19,CHANGELOG.md
grafana,a6d90151da8ff07138d18597c324d91aecc0179e,2018-12-19,CHANGELOG.md
grafana,ea84ec6229ed8203205580c49a8512b37342d457,2018-12-18,CHANGELOG.md
grafana,3c6bcde8b22ea387b3a8179e6846821f05512d7c,2018-12-18,CHANGELOG.md
grafana,217596b4a120ca385a1b24b1e01562d6f5f35b8d,2018-12-15,CHANGELOG.md
grafana,3517029ede1d6e37162fed6b8bc05159489b264b,2018-12-13,CHANGELOG.md
grafana,fada00f87e2b9691ed3b92547f42125eccdee81b,2018-12-12,CHANGELOG.md
grafana,ed2a9b8e730cf6ff07fed7294e147de5dad1543e,2018-12-12,CHANGELOG.md
grafana,6c3f9effd4121a325f7f66490d552df0f1025a65,2018-12-10,CHANGELOG.md
grafana,2b5b16f5d300d189a9a05d30308c27c8ea06a3de,2018-12-07,CHANGELOG.md
grafana,b2ef85702062d2c4b1b9be3b397f851ef476bc2e,2018-12-05,README.md
grafana,735c28580d4c36bcdf9c630f2814c856f2b0380d,2018-12-05,README.md
grafana,6d7374d982c170de34fa50c04cf0ab051e917a08,2018-12-04,README.md
grafana,346e617a111bcee121268e12edd8eaebb845e07c,2018-12-04,CHANGELOG.md
grafana,5641f453497cbe40ed3e2724ccadd2d39ab60b57,2018-12-03,CHANGELOG.md
grafana,b54061f4bd7aff168a387b4bef64fd690e9b03b5,2018-12-03,CHANGELOG.md
grafana,4de28ef88aaf9dcfe03c629de046dbff508bc1d5,2018-12-03,CHANGELOG.md
grafana,246c1ca79dd5da390ea7fa556df0add49c4b7952,2018-12-03,CHANGELOG.md
grafana,314152ebf6c4099fb8c6456211a40b867efb0f1a,2018-11-30,CHANGELOG.md
grafana,ecddf9d408203edb0b17c7afb94c382bfb8ce115,2018-11-30,README.md
grafana,1052b17af84d996c54fcebb0059b5483cacfa6f8,2018-11-30,CHANGELOG.md
grafana,2db346404481528b9d35edd9da34c16a00e845a9,2018-11-30,README.md
grafana,9c1b4793a6a5076261a2463d4a9e2e1cfbc4ea70,2018-11-29,CHANGELOG.md
grafana,1949c8eb5737ac81f25a6b107b0db05f1e83f542,2018-11-23,CHANGELOG.md
grafana,572ca5a01045f27996180ad6667437c379838e2c,2018-11-21,CHANGELOG.md
grafana,42d5003be335187432c25ac738254365ad11f3b9,2018-11-20,CHANGELOG.md
grafana,55fefde2a0dad3af4b91597ed5c08ec3446cbf71,2018-11-20,CHANGELOG.md
grafana,8bd0aeb56edc6599d4c715634f0e399dccf04d69,2018-11-20,CHANGELOG.md
grafana,b948c9bdf53bb65102641d4ee59a0ad66b890cf0,2018-11-20,CHANGELOG.md
grafana,8ec7fd56d4c607451727b4464ee436599b5499b9,2018-11-20,CHANGELOG.md
grafana,ebadcdb5357ad6eabb66f2a64045e54a529a7226,2018-11-19,CHANGELOG.md
grafana,f5dfaacee3822217cb6571f3482f13a63a534c03,2018-11-19,CHANGELOG.md
grafana,34746e42efb2f8dee6fea0408131249861f8c387,2018-11-19,CHANGELOG.md
grafana,dbb7396c772a1a9a51ec03773ed73d1c422de79f,2018-11-19,CHANGELOG.md
grafana,8246ee343c058e8111483744675593092df7f953,2018-11-19,CHANGELOG.md
grafana,a77c86169e012b5c98e2cc65361ae77d0111abe7,2018-11-19,CHANGELOG.md
grafana,1a64b44c913278b31e2f2069ccc601e68fe78f21,2018-11-19,CHANGELOG.md
grafana,3c91e4de561e3647c6a1c326ff0b102de5651226,2018-11-19,CHANGELOG.md
grafana,638eca3cdb809ebfc7b4360bef47d926b8b12f91,2018-11-19,CHANGELOG.md
grafana,6c68976cab6d0921af92b099e238ba7826339c49,2018-11-19,CHANGELOG.md
grafana,8130067fd1301cdee8da2de22a6cb5a00bc2e24b,2018-11-19,CHANGELOG.md
grafana,23b1fbcf48ee787a940bc35696edba2e6d6bc1b7,2018-11-19,CHANGELOG.md
grafana,919b1cd36c0b4c0cc208a943645f46ada9c4291f,2018-11-19,CHANGELOG.md
grafana,2d92d217ebfe709b6a43edfa1c760ac8114e2e8b,2018-11-19,CHANGELOG.md
grafana,0652d8bbe2ea474981f0e65eaa96ac549689c9e0,2018-11-19,CHANGELOG.md
grafana,63e817e7c8922ef5e2e77937ae517a3d011ad051,2018-11-19,CHANGELOG.md
grafana,bb66661cc6141d409237e2ae4d55547891367177,2018-11-19,CHANGELOG.md
grafana,cbd4125e697a065934b956178534b1be3d6a572d,2018-11-15,CHANGELOG.md
grafana,36ff94668cedc101b98adb457844941101b84e09,2018-11-15,CHANGELOG.md
grafana,0cba6da2b05518fa3966b53c7ca1684caaddfaf7,2018-11-14,CHANGELOG.md
grafana,75bc9b315de54cde9dc9c5a3141d9cf299ec1d25,2018-11-14,CHANGELOG.md
grafana,2ae3b972996377c3c30c5a48f802999297d6dde4,2018-11-14,CHANGELOG.md
grafana,aa340b90996adb46403887b73cf0cdbbeac8fc6d,2018-11-14,CHANGELOG.md
grafana,3a672c6dc2cb944a11e4213084725c564fde77c7,2018-11-13,CHANGELOG.md
grafana,97c6f3560c5f460eaa1fb8882ee7c3b9ff09ceab,2018-11-13,CHANGELOG.md
grafana,16bf269c312b4e4ae3d15bf3c86c6b209f209cfc,2018-11-08,CHANGELOG.md
grafana,b28b79100ab2e404539a9843b4002652a4939347,2018-11-06,CHANGELOG.md
grafana,a66dba160811286bd3c40b1840ff4689ed865436,2018-11-06,CHANGELOG.md
grafana,a3196a130e2c3a90db0148e39b141f4275d84ba6,2018-11-06,CHANGELOG.md
grafana,30e924611d18965e875874d8186a51cf4367f123,2018-11-05,CHANGELOG.md
grafana,c5ce8536d4de872077116523f77a404273115cc7,2018-11-05,CHANGELOG.md
grafana,65ace003c923393c2797d97cced53d68267ec1bf,2018-11-03,CHANGELOG.md
grafana,8f5fa28a23f7388ecc1f59ddf9aca75efca639d2,2018-11-01,CHANGELOG.md
grafana,dab833a83caabf88b15853c90cdba872fa524108,2018-10-31,CHANGELOG.md
grafana,e331c0c1c7bfec5c39fe3e288102b50eb79960c9,2018-10-31,CHANGELOG.md
grafana,b58b4ef1287312a822dde259585c97e1d78aaf64,2018-10-30,CHANGELOG.md
grafana,361864bec689e37e8bb27e594a0accb562a69dad,2018-10-26,CHANGELOG.md
grafana,946ca5477b5e9e4755f23ad2911c76e9294e1cdf,2018-10-25,CHANGELOG.md
grafana,63c13198e36ac2d6ba81757f9bcc5b0052e49702,2018-10-24,CHANGELOG.md
grafana,3a1ece537c979f8c1be81025ad5d00e9a95593d1,2018-10-24,CHANGELOG.md
grafana,1fbef171c58177847886f9fc9ed7b246abfaca30,2018-10-24,CHANGELOG.md
grafana,27cbcbcbc25ffa0004226c54405dc6949d493cd0,2018-10-24,CHANGELOG.md
grafana,57a7007421508ab34c49c4459057b25d2aa7e27b,2018-10-24,CHANGELOG.md
grafana,edba0880fc34999fe1eab38dc2d659753e1e036b,2018-10-24,CHANGELOG.md
grafana,6579070fd292a8b1ac0867d99ad1a00c6e399dec,2018-10-23,CHANGELOG.md
grafana,f84db5107d400794e313c3b9be6af0cc0d462700,2018-10-23,CHANGELOG.md
grafana,88e546128c5100dfb1911f6d2273da45239551e3,2018-10-23,CHANGELOG.md
grafana,41018fc7882d87b05de1610fa4f0f462069aef5a,2018-10-22,CHANGELOG.md
grafana,eabb04cec21dc323347da1aab7fcbf2a6e9dd121,2018-10-19,CHANGELOG.md
grafana,4e6d59d4f4ade664766706e48c28d021a7a8486a,2018-10-19,CHANGELOG.md
grafana,9f2bdea99dcc7a0b4a62cb750c70f2907145fc0e,2018-10-18,CHANGELOG.md
grafana,d3c28a814a03d34311c811a9f7605f07a6979904,2018-10-18,CHANGELOG.md
grafana,287d0e8333f4fb2d0cebae7203291d5aa80d801c,2018-10-18,README.md
grafana,367a2af1c2b7bdd26f60ae02e76e67e86181208c,2018-10-18,CHANGELOG.md
grafana,a776120beea62c2758d510c2d1ef15f8ec3509e2,2018-10-18,CHANGELOG.md
grafana,675bf00727a47a003a7cdcaa37298507407e29df,2018-10-17,README.md
grafana,b036678c89dde688c53272e701ba25ea85d08209,2018-10-17,CHANGELOG.md
grafana,6a89874290e432258aba384d1531447b31a51d72,2018-10-17,CHANGELOG.md
grafana,2afec0e7fb36a3016b0718c95f1b4ee758b41e53,2018-10-17,CHANGELOG.md
grafana,03b8bcc43f95f4ab8bbd2f933b34f09f456240f2,2018-10-16,CHANGELOG.md
grafana,c9db7f7cfa2733e4eeaa9eec2bb8680515b467cb,2018-10-16,CHANGELOG.md
grafana,f4b7b003be0c0ebf1ab707322c0b3cc61c3e097e,2018-10-15,CHANGELOG.md
grafana,baa398547803874c3deb781c702e678443ec85e7,2018-10-15,CHANGELOG.md
grafana,e86027e3d3742352488a8b94ea11d2be3721cec4,2018-10-15,CHANGELOG.md
grafana,85597862f34c5140faac82839e8baea4ba0fae6f,2018-10-15,README.md
grafana,bac937f0792cbbd0f543e1d0ecfd16545820012f,2018-10-15,CHANGELOG.md
grafana,e830352d3883ec20007f1bc3c834533da3e70aa4,2018-10-15,CHANGELOG.md
grafana,3de439ddca90ac4d0ef630b1ff4244e53773e6b1,2018-10-14,CHANGELOG.md
grafana,23d38ffc8d2b6ef306231f6e72ceba5e05e58729,2018-10-12,CHANGELOG.md
grafana,ca6bfebb7bcc2cde7aa66c224960f018e800a702,2018-10-12,CHANGELOG.md
grafana,db1325cc242ef7456004781c34ebbbcdac1257f3,2018-10-11,CHANGELOG.md
grafana,026463f902d3fdc03bdd8712cfd1a7f6450b4a37,2018-10-11,CHANGELOG.md
grafana,974eddee8f118cd86e06d85449c5bf203e93f9ae,2018-10-10,CHANGELOG.md
grafana,37032a435dbca4ae3c1c8b6d2b70da24b8194a18,2018-10-10,CHANGELOG.md
grafana,baa91ce471b5d36791f3ae8d8ab5c9d117d70572,2018-10-10,CHANGELOG.md
grafana,6eb4633dfe3fe3c83bf267453a4ef154e9ed7310,2018-10-10,CHANGELOG.md
grafana,d50ed30c15f41cabbda40943351d3844cffc8940,2018-10-09,CHANGELOG.md
grafana,6599279f41dcf63228f445cff001690931624026,2018-10-08,CHANGELOG.md
grafana,c1786ae75333db1915b2d2f811ebd542ca1d6fb3,2018-10-04,.github/CONTRIBUTING.md
grafana,c1786ae75333db1915b2d2f811ebd542ca1d6fb3,2018-10-04,CONTRIBUTING.md
grafana,3ed4defc91bfc7cf4d0e85761c4c32122c8d5d37,2018-10-04,CHANGELOG.md
grafana,75ed71a4559ae681e0b7d1cba9e8c84945a245e0,2018-10-03,CHANGELOG.md
grafana,00b4c175c61e5fabd8d754b7ae68bcd8fdcedbb0,2018-10-03,CHANGELOG.md
grafana,1935497813ba9d47165eba7ff4c531364be1cbc4,2018-10-02,CHANGELOG.md
grafana,28a9caa34d36954dcd3054f0c4a3a1d389ab25e9,2018-10-01,CHANGELOG.md
grafana,5873a7132471297331d1bca7d42663a951e748df,2018-09-27,CHANGELOG.md
grafana,0476520f2dc3c8e68e58b6921fcff76b3d6b1168,2018-09-27,CHANGELOG.md
grafana,dbec2ded253b4bffb828b53aaedf24293f37aba0,2018-09-27,CHANGELOG.md
grafana,d2f2c3f22034f947b4564123bba5fdfc019cc143,2018-09-25,CHANGELOG.md
grafana,80fa66fcb06c30e8cfa80e8c0f7cfbe0025add6e,2018-09-21,CHANGELOG.md
grafana,d9ca8b43b7a6d177ada5705c6848af2a5696c2ab,2018-09-17,CHANGELOG.md
grafana,84a4b641768de6b8bc541446de45c5152262b8b9,2018-09-14,CHANGELOG.md
grafana,379227c75d23f2dfb6280dbc775b6f2d1e45af37,2018-09-13,CHANGELOG.md
grafana,e33b2d5fce9a3184a9f33fcd7df219d9c011f478,2018-09-13,CHANGELOG.md
grafana,b8a881646a3f8180b9336743e2c937d973caeb2d,2018-09-11,CHANGELOG.md
grafana,628ef2d9a951ab0653b46b95ecf644a4c4441ee4,2018-09-10,CHANGELOG.md
grafana,c179926a2771490275b08d17fd2bbb55d1769954,2018-09-07,CHANGELOG.md
grafana,8f054e7c0813fb7907b5d93432603ad5ab72fc62,2018-09-07,CHANGELOG.md
grafana,44cd738dd9d2d7d7072df96928743684c637d91a,2018-09-06,CHANGELOG.md
grafana,bdc3acbd2c15461a604c1a5f4b7ef541de6acc20,2018-09-06,CHANGELOG.md
grafana,3f4099c4a6bff3369406390861f58ae44276891a,2018-09-06,CHANGELOG.md
grafana,4ce41c16fc23e41c314f5ee01dc1c6a5df428414,2018-09-06,CHANGELOG.md
grafana,d76dad86c801aef31c7811e0fdcf1bcb3fcbe547,2018-09-05,CHANGELOG.md
grafana,42d26400b1c810de25ef645d44a2dd6198246554,2018-09-05,CHANGELOG.md
grafana,ce538007d8ba6c1f506de8ef76abc8effe8ea04a,2018-09-04,CHANGELOG.md
grafana,eb7172c3d4a70cf79f71cfa18bcc9de93ab87c2e,2018-09-04,CHANGELOG.md
grafana,16fb01ed8179fd32b3ea8f6c092ca3a769aa53c6,2018-09-04,CHANGELOG.md
grafana,b0134d30ae41a7373ce6bbc44a33e930837a1746,2018-09-03,CHANGELOG.md
grafana,c1efa13018bd3d4b872e936f04f659a534e641c2,2018-09-03,CHANGELOG.md
grafana,9cf26b934d35fd32e9eec75f19d26dcce2a4d83f,2018-08-30,CHANGELOG.md
grafana,10f55f55117fc8c39270ecd2642b7472121c90fd,2018-08-29,CHANGELOG.md
grafana,c7279a4e075425f6c2b53b889601049bfa52c8c1,2018-08-27,CHANGELOG.md
grafana,fda9790ba5b1a143eea59187d7c651ec00b7de53,2018-08-25,README.md
grafana,e906d4bdba8524fcc7dc759dac74d9cf7faf563c,2018-08-24,CHANGELOG.md
grafana,a9497f0a96278b64c2e7e1d888064238a2b64e0f,2018-08-23,CHANGELOG.md
grafana,eef0d280825781937d381e7e41a17d087055af28,2018-08-21,CHANGELOG.md
grafana,bcd876f88e25f93582c67bbc447907b7683e1f48,2018-08-17,CHANGELOG.md
grafana,e3b585d8623b8fb7f78a4f2b9663f8a20fbf7467,2018-08-17,CHANGELOG.md
grafana,ad1cf6c2b80ddc85e02d933740c3b7f1c090fb18,2018-08-14,CHANGELOG.md
grafana,332e59d31400f9ce250c45a121de63fc8a53ed62,2018-08-14,CHANGELOG.md
grafana,de25a4fe4ed8459c234916d39ce58cbbe5fb6669,2018-08-14,.github/CONTRIBUTING.md
grafana,de25a4fe4ed8459c234916d39ce58cbbe5fb6669,2018-08-14,README.md
grafana,3769df7119ca3c26220b37f68804ca03a8b32e52,2018-08-14,CHANGELOG.md
grafana,a65589a5fbeb2fde7e5cc2dd6613fb8bf0355ae5,2018-08-14,.github/CONTRIBUTING.md
grafana,b70d594c103de35875600cddabe9130468435cb6,2018-08-14,CHANGELOG.md
grafana,e696dc4d5f895d0c17ff3e02ac2c9181d2b234ab,2018-08-14,.github/CONTRIBUTING.md
grafana,e696dc4d5f895d0c17ff3e02ac2c9181d2b234ab,2018-08-14,README.md
grafana,766d0bef17fde119ffddbc827177e2c3f4d36fe3,2018-08-14,CHANGELOG.md
grafana,0fa47c5ef49ba645e6945fe2d5004e84a36a5563,2018-08-14,CHANGELOG.md
grafana,e37931b79dc07ea19df5ab2891c2588910a22f2d,2018-08-14,CHANGELOG.md
grafana,9031866caaa64b71a38395815985b715e821582e,2018-08-13,CHANGELOG.md
grafana,b0f3ca16d9acc839560619284613814f4fcb3797,2018-08-13,CHANGELOG.md
grafana,fd032c11111833bba562966a6379c4e20c102da6,2018-08-13,CHANGELOG.md
grafana,edb34a36a0cb84c0b6ec02bde71b68fddea0d6ca,2018-08-13,CHANGELOG.md
grafana,aeba01237d3763c3a2560304bb19365d43167901,2018-08-13,CHANGELOG.md
grafana,974359534fac6e91165b05705846ab225e4867d1,2018-08-13,CHANGELOG.md
grafana,1f88bfd2bcb489823934267b2bcdc16681f996ee,2018-08-10,CHANGELOG.md
grafana,1c63f7a61ff884db153a959b6e1666ab94366562,2018-08-09,NOTICE.md
grafana,c0254905184203a4ebb3071921e2c5151338cb8a,2018-08-09,README.md
grafana,817179c09733fb4d94ab44fea1d28e7152dafadc,2018-08-08,CHANGELOG.md
grafana,a6a29f0b2071619ee9a64029542cc27a6b125367,2018-08-08,CHANGELOG.md
grafana,e9746db5ab125b9c6c67203f5726b6429467757c,2018-08-07,CHANGELOG.md
grafana,4a387a96552ffd54493c00afd8e7673e90d228d3,2018-08-07,ROADMAP.md
grafana,433b0abf6d37c09f42a724f2fdbff9fa7c32d9a4,2018-08-07,ROADMAP.md
grafana,e115e600dbafed9baa5d10d8d42ec062eceee9f6,2018-08-07,ROADMAP.md
grafana,3096905d393b860f63c117c7a2e1dcd5a000f088,2018-08-06,README.md
grafana,72af8a70440761a470a9804fea5b367b0aff953c,2018-08-02,CHANGELOG.md
grafana,7f85dd055ebc67f7c4855179fa819598170adb90,2018-08-02,CHANGELOG.md
grafana,e5178b7d1d128a373ff33c304a3c26d0f5d77acc,2018-08-02,CHANGELOG.md
grafana,76f131aa80d0c6149573ceb447dd6331bc7b0fbb,2018-08-02,CHANGELOG.md
grafana,ae0d7a3a5d051251ceba12bc656f16fbd4a9fda5,2018-08-02,CHANGELOG.md
grafana,de1a0e47892b950b8aceb536af66a8157bcfd3d6,2018-08-02,CHANGELOG.md
grafana,169fcba52031b104a39b1442edf655e9372541f5,2018-08-02,CHANGELOG.md
grafana,a8976f6c36005fcbec485f001766560b0767f45f,2018-08-02,CHANGELOG.md
grafana,8d0c4cdc09c04a05f20d3988380613a3f9f1e87f,2018-08-01,CHANGELOG.md
grafana,6df3722a35faf455e2d25989a80a8e167531b5b7,2018-07-31,CHANGELOG.md
grafana,f1f0400769f01c99101914cb1ba62cca0e64ac94,2018-07-31,CHANGELOG.md
grafana,ad84a145f56f1fc1a8d513014c05ef40326f89a4,2018-07-30,CHANGELOG.md
grafana,162d3e8036f8365e294502b6dcd496518c951a5b,2018-07-30,CHANGELOG.md
grafana,e4983cba2fc17de8523814b7126e5c2d858ac569,2018-07-30,CHANGELOG.md
grafana,13a7b638bcc90ff6abcf00a388d8dfbedf01a8b2,2018-07-30,CHANGELOG.md
grafana,48e5e65c73eea000bf2b702b8743de0146e29f86,2018-07-27,CHANGELOG.md
grafana,7e773e2d5e35045f87be875fa81ac2c930d1257f,2018-07-25,CHANGELOG.md
grafana,9c40028d58431fcab8c3d7dddb44b2593a0c7130,2018-07-25,CHANGELOG.md
grafana,45762d04e392be18658df8a0ecd081a03bb09b5f,2018-07-25,CHANGELOG.md
grafana,5fbd8ada3c55cfe8eecc57d894b6a445b76e00c9,2018-07-25,CHANGELOG.md
grafana,5de8b6c2f01cdfa0505f93e6469a38702fdd66fa,2018-07-24,CHANGELOG.md
grafana,a63fca03b87193c87d6154628254998a06cf434d,2018-07-24,CHANGELOG.md
grafana,1c691ac855142222dc4549a613d52a1171487e1d,2018-07-24,CHANGELOG.md
grafana,3dab4e1b52c1a4e7712abd5c20da14a4736b8ca4,2018-07-24,CHANGELOG.md
grafana,b81621b6f5019e12893fdddde32b7850aabbad61,2018-07-24,CHANGELOG.md
grafana,35efb7c225ae35758ab1826e7ad0012f5ddf46a8,2018-07-24,CHANGELOG.md
grafana,76bc02b3fae41bae9b5a3643a503566332d4c267,2018-07-23,CHANGELOG.md
grafana,0fa98a812bac189c107a17ba7c1cb15050800fda,2018-07-23,CHANGELOG.md
grafana,34a8864601a5c50ca6ce737f6ec5533be1963d1e,2018-07-22,CHANGELOG.md
grafana,913b8576f803c854ade10d424e111e6ba8c1e1bb,2018-07-18,CHANGELOG.md
grafana,5a925461f11d201d9571c2396f1087ba83c2c926,2018-07-09,CHANGELOG.md
grafana,922371ba76738670d44a44cfcf634d3a0a9ade4c,2018-07-06,CHANGELOG.md
grafana,f2980bb9785243ef999eb7b9ce599b9c861af489,2018-07-06,CHANGELOG.md
grafana,cbdf6ef355d6cae33c4d770dcc1a676f53028980,2018-07-06,CHANGELOG.md
grafana,af434df5a37fcc090a0b7f38d333a87fe2558bb4,2018-07-06,CHANGELOG.md
grafana,240cf63ba6ad8c07a137d1c01f5034ee90422379,2018-07-04,CHANGELOG.md
grafana,723a894fc5d077b2a11d8685d777e3812bdf77bb,2018-07-03,CHANGELOG.md
grafana,634c77469d975fe4ef0536b2fc043de9d21342b5,2018-07-03,CHANGELOG.md
grafana,faf2ab4249ee8859c52fb83db48268c30e05bac9,2018-07-03,CHANGELOG.md
grafana,512e7f8567e0ce07df5882b26c3daf697bb458e0,2018-07-03,CHANGELOG.md
grafana,60792d57ddb256b266a7c89f37b390ba4c6fceeb,2018-07-03,CHANGELOG.md
grafana,27aa1cd568c8ffdb748fcfdd311fa836f93bc9f2,2018-07-03,CHANGELOG.md
grafana,cb706bd059c34ea5a21d6c12ed9cb78e13b11a9f,2018-06-29,CHANGELOG.md
grafana,32793350b8cf3710ae6f19b39cd7d41c3fb2e6cf,2018-06-29,CHANGELOG.md
grafana,0dd0b65900e9524dc3a406ddfc3ef2ca6d34bec9,2018-06-29,CHANGELOG.md
grafana,ce88e4b927a4d417c91829e2e0bc227756ebb915,2018-06-29,CHANGELOG.md
grafana,fb2b2c9f656f9d8f894edea70418b78efd3f22f3,2018-06-28,CHANGELOG.md
grafana,7a2be69abcd07d22d48815e554e02a25bea14a22,2018-06-28,CHANGELOG.md
grafana,4c4bd2ebba839b6d043bc69606b9977fef3efe39,2018-06-28,CHANGELOG.md
grafana,3cf6a1a94bbe3f5c4985c20912109574a04eee4f,2018-06-27,CHANGELOG.md
grafana,18032b374b705db52afa2195bd770de818cfd5c1,2018-06-27,CHANGELOG.md
grafana,f1ab1a26e9f48224fea2d5d83f0ed480db25539d,2018-06-27,CHANGELOG.md
grafana,ec3a4e105f0fc0d3e4a8da3d35c857240a9d02e5,2018-06-26,CHANGELOG.md
grafana,db12e8d52d14ffb369e24f1d8dd071de7eb44e24,2018-06-26,CHANGELOG.md
grafana,dd7a653db9723b033409f7c7217b173c098bd590,2018-06-26,ROADMAP.md
grafana,c23f9a1f377b66b983bbd6921837b2ac47e02f35,2018-06-25,CHANGELOG.md
grafana,ed1fec8e0ff62699c179db0795376e6c81ef5f87,2018-06-25,CHANGELOG.md
grafana,7797a66b584864c9288ce4e322eeab53bf2b6343,2018-06-25,CHANGELOG.md
grafana,e0ac31a28ac6a20997f4af332333b2af415e1886,2018-06-25,CHANGELOG.md
grafana,4b8b4e171af62f447d05359e1d93ef96f58d8ea4,2018-06-21,CHANGELOG.md
grafana,8ba869ac723fe7fafe60ff44ff751e656cf62985,2018-06-21,CHANGELOG.md
grafana,cce963283743a4a2b8e2848f8c2596ae4a752a0f,2018-06-20,CHANGELOG.md
grafana,5a5601a8d2e8572efc0de9abddd0a9d90a2fd687,2018-06-20,CHANGELOG.md
grafana,76df428ea2d0faf362562a1373db3783ce69f396,2018-06-20,CHANGELOG.md
grafana,3199287ce0d7e450eb4e713bcc7e52e3cf182f1d,2018-06-20,CHANGELOG.md
grafana,9532cfee5f05e3f3b79741da7250dc68af78cda3,2018-06-20,CHANGELOG.md
grafana,ae07fc29e20bba2f1c2fbaed3dd819ae6eb5317f,2018-06-20,CHANGELOG.md
grafana,d450ec94eb3a96cff6347a0681d73a219ddfef4b,2018-06-19,CHANGELOG.md
grafana,a60332d459f311015d3988700f9aaa89afabb6ef,2018-06-19,CHANGELOG.md
grafana,2b849086a14f2a877c2edbc65b5395f5736ed33d,2018-06-18,CHANGELOG.md
grafana,dd7a185a91062c11a3c946adb205568c34e639cc,2018-06-18,CHANGELOG.md
grafana,9a4ccdf3882ccc910ecd0c8fdaa01f6569cbf0d2,2018-06-18,CHANGELOG.md
grafana,b72c45f7355152804e16fa93cd325ebb92b00595,2018-06-18,CHANGELOG.md
grafana,ab9f0e8edda9c07be93ef904cc23ca2a17352a23,2018-06-18,CHANGELOG.md
grafana,6782be80fd5e4c0d0b2e435a266315fb940f30d1,2018-06-16,CHANGELOG.md
grafana,4be6ef4ab3684b116bc85f3aa18117601e2c8526,2018-06-15,CHANGELOG.md
grafana,551957fc4df9342bee1ab8c61337de956ac3228c,2018-06-15,CHANGELOG.md
grafana,0107491195b70c591a03a6df1f3d133b0e718821,2018-06-14,CHANGELOG.md
grafana,e6135ffd4fd0584795d7de54d27d1ded0c492752,2018-06-14,CHANGELOG.md
grafana,8345e83bd6f679a8297e845fef900ac586c6cfaa,2018-06-14,CHANGELOG.md
grafana,ff3db60e2eeb424d448ae2fe08145a8249d8a7ef,2018-06-13,CHANGELOG.md
grafana,d8f269954a64e19152537503a8a961970660e0bb,2018-06-12,CHANGELOG.md
grafana,7d508df1b49fd71bedd7f7b253fb722b925746c4,2018-06-07,CHANGELOG.md
grafana,eb66266629a106a8de9c59fe2ecab04de827ee58,2018-06-05,CHANGELOG.md
grafana,cb9fc3f6b48b726c684827a25cb3d6dc48b24e66,2018-06-05,CHANGELOG.md
grafana,58406707f97783470e7ac2872be4722ce7c98f35,2018-06-04,CHANGELOG.md
grafana,09a0a49c52d077c726520fed49b2a53e56856fe2,2018-06-04,CHANGELOG.md
grafana,574e92e1d8497f2be17d781b2eeb3e98867d2b39,2018-06-04,CHANGELOG.md
grafana,c138ff2c903c4cb7b5844529dae70037e651a15e,2018-06-04,CHANGELOG.md
grafana,7453df2662c569643e0d358c8e06ae99af89041e,2018-06-04,CHANGELOG.md
grafana,e562ae753b75210a56d98e3689179bebb318d0f7,2018-06-04,CHANGELOG.md
grafana,f5cf92636451ef2bb80f86606e6e8b03cb28c962,2018-06-01,CHANGELOG.md
grafana,b67872bc35c63eb6debf2ac121673442d0a3f948,2018-06-01,CHANGELOG.md
grafana,13a9701581a38e6c18ee3bc39709498bd4672be3,2018-06-01,CHANGELOG.md
grafana,a2cd05f6dbecb9b15455ad57aa8d97c24bdc53f4,2018-05-31,CHANGELOG.md
grafana,67410f7a4d13be8a491f4deb5192b967faf63235,2018-05-31,CHANGELOG.md
grafana,938deae4b467c2fcf4f35304dba7968e514f49a8,2018-05-31,CHANGELOG.md
grafana,82ba27b5f22c60153f620430937392151c3d312f,2018-05-30,CHANGELOG.md
grafana,a4b1dd036d04cd372a7475be425b9c53467f15c7,2018-05-30,CHANGELOG.md
grafana,21ecaae6ff2f91b5b58e008f81a32d30bd06d74d,2018-05-30,CHANGELOG.md
grafana,f2942d94a5b3c8d48616e2ee77f53e20f50420ff,2018-05-30,CHANGELOG.md
grafana,f32e3a29609ad311595ec7e6b87b6c740d3ec270,2018-05-29,CHANGELOG.md
grafana,79575ea124e07fcd106da646787318f8de1f29a7,2018-05-29,CHANGELOG.md
grafana,2d5ec9b9e42a9bf898f611dd554116319787d4be,2018-05-29,CHANGELOG.md
grafana,83b7bbd60bc2be28e2f891f92da84e3dac74e81f,2018-05-28,CHANGELOG.md
grafana,8d400b8f7bc89271877ba4984b209d1fb032b9f9,2018-05-28,CHANGELOG.md
grafana,21ade3f64f34a734f2b501156091cf30bcdbc79d,2018-05-25,CHANGELOG.md
grafana,94ee9c63a80403f496b91a05d53b1c525c2bb419,2018-05-25,CHANGELOG.md
grafana,4c5e1cacfe4e64341e87ace6d65148e8c8462f18,2018-05-24,README.md
grafana,66c4a04decf14e6bd268baa19775bd74a83afab6,2018-05-16,CHANGELOG.md
grafana,4dfaab4c5bc30e23e12444fe9d366ae841f68298,2018-05-09,CHANGELOG.md
grafana,77421531d078b1b78f0cc57e6295a1c69802bb04,2018-05-08,CHANGELOG.md
grafana,ef0b7bda6f556ecc0f9ee5685d75b1cbb5e65c14,2018-05-08,CHANGELOG.md
grafana,3d9ea3f1fa8cce401a9684a32c7c620b5bce50ea,2018-05-08,CHANGELOG.md
grafana,cec783ca2cce77784bff2d6ed0c6290cd32d486c,2018-05-08,CHANGELOG.md
grafana,a2b864dd6be70955bcf450ba9f264f68156e6f7a,2018-05-08,CHANGELOG.md
grafana,b170bde74f6b9649f3ad42325ab917aaeb9edcf8,2018-05-07,CHANGELOG.md
grafana,b804f6d9994f9105af4b394a6c060b890924ea2d,2018-05-07,CHANGELOG.md
grafana,afec9ec5be0a845619839f255556ccc85f5bd07c,2018-05-07,ROADMAP.md
grafana,871b85f199992fc80a96233d14ab57b68f693d85,2018-05-07,ROADMAP.md
grafana,ec7703bad7c4d4dec1315b0df299e8989af850a0,2018-05-07,ROADMAP.md
grafana,217d43e512e0f33be6411835e80886ea315b05f6,2018-05-07,ROADMAP.md
grafana,8523b1e4105568f63a484f8c7d627e074b300bfa,2018-05-04,CHANGELOG.md
grafana,4d2e6b4a34a0f675131de7776c30fe2b2b07fa3a,2018-05-03,CHANGELOG.md
grafana,8a9da4ba66f472cee8f4c10791eda18da63a3017,2018-05-03,CHANGELOG.md
grafana,d518ed5330e85d7ac192f52c6432d6f65024fbd8,2018-05-03,CHANGELOG.md
grafana,6dcb9e696d46095c5e963dc9c77bd137c8115550,2018-05-02,CHANGELOG.md
grafana,0fc4da810fc6412c5e6c8dd7d71656db4dc80df8,2018-04-30,CHANGELOG.md
grafana,44a61a6db33cc3eefe559b1ccb226521c53fb658,2018-04-26,CHANGELOG.md
grafana,d7f58d74d353bec310467d2dee4976a16b7c335c,2018-04-20,CHANGELOG.md
grafana,cc5d7002b0e5fa12790a366696bc369ec95be379,2018-04-19,README.md
grafana,f50bcb6aae452da0970975338d34c0a4dfa1ab08,2018-04-19,CHANGELOG.md
grafana,4ddd15d921223c51fd4357b69c294e1408bd187a,2018-04-18,CHANGELOG.md
grafana,d9b3ff1952290440dfa7f7d5ba5eec8aaeffc0c2,2018-04-18,CHANGELOG.md
grafana,cfef609c32e24441c322ad1f0c012ce739ef9bbd,2018-04-17,CHANGELOG.md
grafana,d9b5ef8f7b6f8b7b53c1c954293b3073c7ade1df,2018-04-17,CHANGELOG.md
grafana,4a842f96acbda620332c8664c0030c5ebefba148,2018-04-17,CHANGELOG.md
grafana,e21d5748145afb94075e664aba663a35597fd8d5,2018-04-17,CHANGELOG.md
grafana,a3eff6cf25ae3afe7ff0d85363cc599e6e6adf00,2018-04-17,CHANGELOG.md
grafana,ffe9b426d4a7871078c81c5254a85115f1506e9b,2018-04-17,CHANGELOG.md
grafana,69d1330ae9f45074b1e34aac768571ec5b167fee,2018-04-16,CHANGELOG.md
grafana,aa999aa6a98a5505b3ae0c45b5fe89e63e2c68ff,2018-04-16,CHANGELOG.md
grafana,82a1deaf5ee441c23e58a80c8844337c29fe055b,2018-04-16,CHANGELOG.md
grafana,8d963e27332a6a80fba7f42a3c0726a40f1608f3,2018-04-16,CHANGELOG.md
grafana,645658d79765a9d9945ca3a3b3d6f46472b5598e,2018-04-16,CHANGELOG.md
grafana,738fb29134edc60187d9c27e969a117fbef650fb,2018-04-16,CHANGELOG.md
grafana,52bd51f2d0afa0e0edae4e4114f25ebcbb89bfb9,2018-04-14,CHANGELOG.md
grafana,3fb204cc0deb56fad483f5367287591d5896b1a7,2018-04-13,CHANGELOG.md
grafana,55d262655a025c243c4e24d192b3009e3fea26fb,2018-04-13,CHANGELOG.md
grafana,fcfc33ee5795c5cd745248450212086394c7999e,2018-04-05,CHANGELOG.md
grafana,9841c81952de6eb13e433ffb6d820dc43ea55b96,2018-04-04,CHANGELOG.md
grafana,4b1c1acab42f06e317ddbf2e91ff59336f2a9306,2018-04-03,CHANGELOG.md
grafana,4538ffc0e827777f7731a4519ca102d17d4857e3,2018-03-30,CHANGELOG.md
grafana,33bd979494a5ac67db2211245e328125bc82bdba,2018-03-28,CHANGELOG.md
grafana,b1d3535cbb14d91f52e5afe9ff295c67057d237b,2018-03-28,CHANGELOG.md
grafana,df89be4de9e378581a3164cf33341746af43e091,2018-03-28,CHANGELOG.md
grafana,52164b0685416bf2f214e1331e6d4c016df68ce1,2018-03-27,CHANGELOG.md
grafana,e622d5582b29b2aea982bca8893bb07c0771f6af,2018-03-27,CHANGELOG.md
grafana,eabcbcda88f7118a4fd381fceee547ddd3f008f2,2018-03-24,CHANGELOG.md
grafana,da83964a7e59a836bb4d3b869fc159599451a397,2018-03-23,CHANGELOG.md
grafana,f223e99875e678ce6f2e1a8bb28dd098135080d6,2018-03-23,CHANGELOG.md
grafana,97fa5361ffa93f804bad6ad9e1c5d706f9584993,2018-03-23,CHANGELOG.md
grafana,e2ba6fbb00f6fef1b174fb718c7ecbf297091ce7,2018-03-23,CHANGELOG.md
grafana,14b737e662a004a26f9d5a949b3d3dd770d4bc0e,2018-03-23,CHANGELOG.md
grafana,09df38d9f477e8ceab8583a0cd347872b0f410a5,2018-03-23,CHANGELOG.md
grafana,63465fd55651fe9c54ab563389a04ddcd5eacd26,2018-03-22,CHANGELOG.md
grafana,a2bbd89a9ebb73cd445bc920b0dbda02aa2cb31d,2018-03-22,CHANGELOG.md
grafana,fdf7a4c435ad1809fc0ff289fb5c11126e1bb72c,2018-03-20,CHANGELOG.md
grafana,51cbf23c4a550c4a055d60512dbab6fdc5e6ceb5,2018-03-20,CHANGELOG.md
grafana,1f7235b340ab5a0eb3c6423d53b2b4357c4f749d,2018-03-19,CHANGELOG.md
grafana,0fde19552f9b45c726d0effc9d99199e04331f34,2018-03-19,CHANGELOG.md
grafana,4ca15ae71e96217fe2df35cda35dcd47d0a08978,2018-03-19,CHANGELOG.md
grafana,148b71846fba05d2a2c6ac2bea7a4d7ebd0016f4,2018-03-19,ROADMAP.md
grafana,e7bbc6e624fb447e5004435963fe250e7e548186,2018-03-16,CHANGELOG.md
grafana,18e498e0ff584482ae5c0d37c90eec716eee6a18,2018-03-14,README.md
grafana,bdf6a75c9172942788e261af0904d79b5f2b061e,2018-03-14,CHANGELOG.md
grafana,cf675849984d1c326a8c3cd28d13428284651bf2,2018-03-14,CHANGELOG.md
grafana,e4cca1943cb69dd793d2c8cf67f14918f038a421,2018-03-14,CHANGELOG.md
grafana,0185ad5b04f0c7b76329b8e1ece65de26f726859,2018-03-13,CHANGELOG.md
grafana,da19000733d8f100c027aa9389704a56779bd25c,2018-03-13,CHANGELOG.md
grafana,c18c0f6db7e99fa11215c8727a2f1292963427fa,2018-03-13,CHANGELOG.md
grafana,b400f7ccffaab912a8c80771818c840a6c3c043d,2018-03-13,CHANGELOG.md
grafana,18638c21c9fbcb10859af347f9d1a34a4a7880af,2018-03-13,CHANGELOG.md
grafana,1a781fcee1180fae91f65ffc69e95062835383f5,2018-03-12,CHANGELOG.md
grafana,4362a73dd271719b0002c530abf8b7fc9f954dcc,2018-03-12,CHANGELOG.md
grafana,77cd7f34c7d65ec0bc6a6c0a6cc024dcf556691c,2018-03-09,.github/ISSUE_TEMPLATE.md
grafana,c80d34641772485d6d807bce3683bde76285a5b4,2018-03-08,CHANGELOG.md
grafana,d1f5f209c527e4f29686787f9ab894eea034bcf5,2018-03-08,CHANGELOG.md
grafana,e9c64a66317f7c6e525dd31e998342e510f5d19d,2018-03-07,CHANGELOG.md
grafana,d9308a03252be5bbe81045a80bfd133bf7e56db0,2018-03-07,CHANGELOG.md
grafana,1dd9ee7d3d0e55cf2166a930a4383dedb83fc899,2018-03-07,CHANGELOG.md
grafana,9d74e1c35bdb3f9fd44061c3e281694a69cc1133,2018-03-07,CHANGELOG.md
grafana,67937a675ec50b31dec0fcc550837e9c4ebd27f9,2018-03-07,README.md
grafana,310d740667535edefec896f5d1a06d7be2bb5a16,2018-03-07,ROADMAP.md
grafana,7ba9e2e60817795bb85cfa3b79228f679361927d,2018-03-06,CHANGELOG.md
grafana,330a290a8da68d240e061f22a2592c3fffcc86b4,2018-03-06,CHANGELOG.md
grafana,bc22c116754427c10c8baa28d1a5b62ea0c47e32,2018-03-06,CHANGELOG.md
grafana,76d4163fe10b4712e7daf7d9fd684ee10ae3adcd,2018-03-06,CHANGELOG.md
grafana,0780d57548854be70bae6902548d552d11b91d7c,2018-03-06,CHANGELOG.md
grafana,cf6e5672ab7be2b8bc036585b8a1f96214dd6aa9,2018-03-06,CHANGELOG.md
grafana,1a16e588f71ef96e518ce966e09b9094243d7a3a,2018-03-05,CHANGELOG.md
grafana,2e2f47177d57fb008dfaaa1d004131185fbf64ec,2018-03-01,CHANGELOG.md
grafana,ef67d20971310439efbd8dd28cb37fd9843fc5a1,2018-02-26,CHANGELOG.md
grafana,2451282563e2a36df224d92b38e284248509ffed,2018-02-22,ROADMAP.md
grafana,5b8a49ee4468f4b7b1d92fbc60f256c4e0b3145c,2018-02-22,ROADMAP.md
grafana,c5461fe2e28301d3c6fa5fce7753cc07edf633c7,2018-02-19,CHANGELOG.md
grafana,b238d4e7fbeb45b4a815085d45994693cc689ed4,2018-02-18,CHANGELOG.md
grafana,76cfa0bee33d6dcb665d1e5b733e0e33163c3c5c,2018-02-16,CHANGELOG.md
grafana,4fb7ba454e6f1e1e1e2b94bb1793d833f50aec74,2018-02-15,CHANGELOG.md
grafana,e429cd83336ea3982914d3e401828e3cd0d755c8,2018-02-09,README.md
grafana,fae9eb546ef6188d5ff008728aec4cda843748f2,2018-02-09,README.md
grafana,690beac277ab37bc4edab9e6475bd8cacae95f68,2018-02-05,CHANGELOG.md
grafana,7a968c10251538225a8f3f9f45e45f73dfbe6668,2018-02-05,CHANGELOG.md
grafana,24a1abaab2b98a59f589acfee39efbdeca28790b,2018-02-05,CHANGELOG.md
grafana,9138b38b93ba2a419b3210af57a0cb571a7472d4,2018-02-05,CHANGELOG.md
grafana,8f98e8b8f4d5968f1a74c185ecc6002ebce4819a,2018-02-05,CHANGELOG.md
grafana,0701188e64474167724467d07ec9eee99642f69d,2018-02-05,CHANGELOG.md
grafana,0c6a90db089e7934f3430bdcedd47cae7104c460,2018-01-26,CHANGELOG.md
grafana,a17dbf9af82ad8e0132826f1e24e01a39b0888d1,2018-01-26,CHANGELOG.md
grafana,b98dd680e975c24bb44863681e19a9bb85bac2ed,2018-01-22,CHANGELOG.md
grafana,6780e00c7d83a29ccea87066288e0e48a9df104f,2018-01-22,CHANGELOG.md
grafana,9678be15d9aa68fad67af579ff49273e9c08f4ab,2018-01-22,CHANGELOG.md
grafana,94b0c79631af508ec1c1f0eb618d0c89cd304dd4,2018-01-16,README.md
grafana,594447f5f51848246fc661f8b26fa8485b2d90a0,2018-01-12,CHANGELOG.md
grafana,212bb2a385feb9ab947ab09fc0a2a4e63211e209,2017-12-28,CHANGELOG.md
grafana,cd92d219cd935f3f438e26371ac694cff155ca87,2017-12-22,CHANGELOG.md
grafana,dd2192cccc43e4d8aacc0871e96f206a915eafdd,2017-12-18,README.md
grafana,0a28def71fc090071d929f75a3436ea4043bd0b8,2017-12-18,CHANGELOG.md
grafana,11fd401fade58f97525260ba71b04e25813501ab,2017-12-14,CHANGELOG.md
grafana,66ca8a66214aec874a6cc14efd96862d537a4817,2017-12-14,CHANGELOG.md
grafana,88e9012cef30ac12c50aa1fe3ee5fe700387c4b7,2017-12-14,CHANGELOG.md
grafana,294a6a0046b63bd1bd4cbb1bc3944c2cc9adc256,2017-12-14,CHANGELOG.md
grafana,75ecc019d3c0aa83d82c085d60e6c78bc6caff15,2017-12-13,CHANGELOG.md
grafana,dfde6e75ede90cc75ea9a45af446176a259f6e83,2017-12-13,CHANGELOG.md
grafana,ee5f030ded9fdef01f60f06ce2da430f49896b9f,2017-12-13,CHANGELOG.md
grafana,66bc1fea2da651c28b288ebf7e062f0c68b26154,2017-12-11,CHANGELOG.md
grafana,e6bdccbb05bf9b0b8e8224796ee3bc75f3beb874,2017-12-10,README.md
grafana,e4675ca5c1f607fb40bacf63e6e1d05c3f083250,2017-12-08,CHANGELOG.md
grafana,e4675ca5c1f607fb40bacf63e6e1d05c3f083250,2017-12-08,ROADMAP.md
grafana,0506cfdc1d767496df9aeec8c10400be381bd5e0,2017-12-08,CHANGELOG.md
grafana,7b81ebc991bb580ddb7b504e278fa73cc28596cd,2017-12-07,CHANGELOG.md
grafana,f39b40c2ddf12bc1b580f60a16292b8759d92328,2017-12-07,CHANGELOG.md
grafana,5aab6b5c205a35dc7ecc1d9185e62a4c8e525247,2017-12-07,CHANGELOG.md
grafana,5fb8b372416a053ca3937467ff396e8da1d1a3c7,2017-12-07,CHANGELOG.md
grafana,94446fb85c2c69860c792bc0657600b7df082824,2017-12-01,CHANGELOG.md
grafana,8ce05a7c24f93ec197a1e9430f7baa78df26538e,2017-11-24,NOTICE.md
grafana,3ff362e446fe4455532cc4362c65d99d87f36481,2017-11-24,LICENSE.md
grafana,3f2a510568792cb6502770f31cfeba188a93d989,2017-11-21,LICENSE.txt
grafana,0d12b37dfdbc4763e31394f621aa0c1b527f71f1,2017-11-21,CHANGELOG.md
grafana,36c9b7df5318ad87e5ab69e1481baf7f7e18243e,2017-11-17,CHANGELOG.md
grafana,908be13c034cedc04658204a7236dcff53751f8a,2017-11-17,CHANGELOG.md
grafana,b481ff27b2249271655b1a325332c32e36704932,2017-11-17,CHANGELOG.md
grafana,fe42f8144161f61afaca8266eee601139a115c54,2017-11-16,CHANGELOG.md
grafana,dcffcbb6d33c7f0be05bcc91c05d7b54be61ba0f,2017-11-16,CHANGELOG.md
grafana,5b674ce29c6eb4bfa08e027062c2785a6e446535,2017-11-16,CHANGELOG.md
grafana,e15fed10e27250a26b3cbeff8ee4ad02414c2f40,2017-11-15,CHANGELOG.md
grafana,4301463c82c0026cd58a747e3335893aa2e98d62,2017-11-15,CHANGELOG.md
grafana,7834eca394bbc3993d24a487315baced785457b7,2017-11-15,CHANGELOG.md
grafana,b1a6c7814d79e4bdfbaff12e282ab03158676eb3,2017-11-14,CHANGELOG.md
grafana,9fc7303ddfc18f67233b2294f9ae989daec06b72,2017-11-14,CHANGELOG.md
grafana,81102ccee1e01d0c1045b025530f0caa9a0f8cd2,2017-11-13,CHANGELOG.md
grafana,907358770579704e64caa77d939cb212c4773d6e,2017-11-13,CHANGELOG.md
grafana,ba18a5866c92db73e75c9080a1305624051c5f9a,2017-11-13,CHANGELOG.md
grafana,5e11f1a2a1f9ca6ef8aa61e59578111dae1e310a,2017-11-09,CHANGELOG.md
grafana,b8f9edaea3e8da4df232c88bdcebbb2ec88507cb,2017-11-03,CHANGELOG.md
grafana,575f746baa110c8ff5d41cfae033745f46a14d64,2017-11-01,CHANGELOG.md
grafana,d854abccad1201d7adc1bb03ce19d6322bf96b30,2017-11-01,CHANGELOG.md
grafana,f46b7560e8228d08bd44d741c00f336b6239010b,2017-11-01,CHANGELOG.md
grafana,ae367db3771e400a971d5416f67c4c3857c837b1,2017-10-31,ROADMAP.md
grafana,ae5b3fd4b5042062dfa91918f28ec57a9542b806,2017-10-31,.github/ISSUE_TEMPLATE.md
grafana,3c572aece61431f0c263d002d4f2b51c16e39a1a,2017-10-31,CHANGELOG.md
grafana,7336a98bb164f562ccba8cfdaea89fab4cf98c42,2017-10-31,CHANGELOG.md
grafana,497993e2b233e748967ad59a9a53e864b5c9dd9b,2017-10-31,ROADMAP.md
grafana,e7b604f538620777c8ebc4ddf21070fdad9d3bd7,2017-10-30,CHANGELOG.md
grafana,92d8b3f0950a698ccc79e6867aeaedc77dfc854c,2017-10-30,CHANGELOG.md
grafana,7dcfd800b35eb7d2b0f38f8fa6408d5903514cbe,2017-10-29,CHANGELOG.md
grafana,71d9126bb67cb8471f3801fe8d5591889414129b,2017-10-27,CHANGELOG.md
grafana,e33faac63ba5c7e3b86562dc873ebf04afc8b95a,2017-10-26,CHANGELOG.md
grafana,77331e92b623b53837103c69ff7d5cf8b393fdc4,2017-10-26,CHANGELOG.md
grafana,b80b5e0317d3f31504de688779b7bd72d59d3717,2017-10-26,CHANGELOG.md
grafana,261a83246045dfdf75e22d4313cc3e5f11bac998,2017-10-26,CHANGELOG.md
grafana,201e93b7f9ecfb6784a72087567ceeb69a663f29,2017-10-24,CHANGELOG.md
grafana,834446260ffd5f3d1a00f6becbc23eee769d6f04,2017-10-24,CHANGELOG.md
grafana,8334b24b4274aee5ba9e63cefae0c5654bd3f696,2017-10-24,CHANGELOG.md
grafana,5a53051f72335e71144d0b39ac70e84af8c38e89,2017-10-24,CHANGELOG.md
grafana,5f0a86be4c612ad15b1f289ecb6106b234d1d9c3,2017-10-24,CHANGELOG.md
grafana,cda359e844660bf6171fd573c58ddb978f6cd557,2017-10-23,CHANGELOG.md
grafana,884e85fc81f3565f729af0eeeb1ca4a295c8fe75,2017-10-23,CHANGELOG.md
grafana,c3b90f2028353875ab49d7aa3516f8373a296ebd,2017-10-23,CHANGELOG.md
grafana,4aa227dd840197620bc658bdeedb41cd4cd53685,2017-10-22,README.md
grafana,d58a560fda5b2380920e56e0b9316e0bf75cfd7c,2017-10-19,CHANGELOG.md
grafana,6bb4abc0acebcd5989a91f90d4d887f7deba9301,2017-10-18,CHANGELOG.md
grafana,6c01125416a0b15204af8424250ef8cdcb17f4a4,2017-10-18,CHANGELOG.md
grafana,9ae3938136e2ab70deb61496c5d2e0080662a315,2017-10-18,CHANGELOG.md
grafana,1797e2221a3c08239998d708a2669d7a86a26c03,2017-10-18,CHANGELOG.md
grafana,233062229af30c47688dacd4a2e7a26456188f66,2017-10-17,CHANGELOG.md
grafana,c144dc86f24dc0142f7ffcc9bf57bd7ce6e282f3,2017-10-17,CHANGELOG.md
grafana,792386493520c9dcd37d368b2424af8abafc3ea4,2017-10-17,CHANGELOG.md
grafana,702c9f7cc5f3e167cf1fd7d0b64e5d952aedb76e,2017-10-17,CHANGELOG.md
grafana,574afe85684bcc0f3d5e5a535905e315bb2edbcd,2017-10-17,CHANGELOG.md
grafana,11e3876a16a4dff77ac004c513fbf861c4e509cc,2017-10-16,CHANGELOG.md
grafana,86b2048d3bdedad791609389619c359727506dc5,2017-10-13,CHANGELOG.md
grafana,9d916fdad68bfe25974f9097516a2f25ceea0a9c,2017-10-13,CHANGELOG.md
grafana,7548734510a1c0b5e810e2cca5242226afd6404f,2017-10-12,CHANGELOG.md
grafana,a45bd400f1ddc498362793da418d816a5659e569,2017-10-12,CHANGELOG.md
grafana,98f00f7e1f8af3b7e25cfd5fc62d4b5ada04d714,2017-10-12,CHANGELOG.md
grafana,64d75db514fdb0543bae98fe21d37c6624d559a3,2017-10-12,README.md
grafana,45704d457088d054a450660ac3010b16977ea0b1,2017-10-12,CHANGELOG.md
grafana,1f4df2b694dfe39788a0f34b2ee40985238a6ce2,2017-10-12,CHANGELOG.md
grafana,3471e262a57693f443f05fa9c715996d97e3b326,2017-10-11,LICENSE.txt
grafana,679b169291764aadeaad5fa85b5398ca077c4cfd,2017-10-10,CHANGELOG.md
grafana,22cfb614bf8fc14fb85eb6891e3f96342c51932d,2017-10-05,README.md
grafana,4cda9d01281ffd43ac42e3c45c8deaf52dc1aa18,2017-10-05,CHANGELOG.md
grafana,eb4a568240790bdda1be5cf9e4b562772390d5cc,2017-10-05,ROADMAP.md
grafana,1590729a242f817d80058b2964c8b76433e9295d,2017-10-05,CHANGELOG.md
grafana,69b0e6350239d14cefca60a3d341a4baab1cb252,2017-10-05,CHANGELOG.md
grafana,273c17f3f3945d742335babffb0f0e0b14948f0b,2017-10-05,CHANGELOG.md
grafana,70f102dad494ea92998182726a396c6b5e2d9a35,2017-10-05,CHANGELOG.md
grafana,0c31c7b10619088784bd28b31a4948e43d05d2bf,2017-10-04,CHANGELOG.md
grafana,a02cac21268b2fc1184b549f58fe0b75bbe089d2,2017-10-02,CHANGELOG.md
grafana,38ae460f59ad785a5f3c9bf4a8e02af6fff67583,2017-10-02,README.md
grafana,fea741d7c227a37794d4e0f8cfe385e090b2addb,2017-10-01,README.md
grafana,0c86241c5b476cf3b4e8876dd92027cad9f95a0f,2017-10-01,README.md
grafana,f6cc741a6d20a56e03a987c7f7ce9eac3c94cef5,2017-09-29,CHANGELOG.md
grafana,46cc1464c40ab7e99796fbd3beb62b12c15d73a2,2017-09-29,CHANGELOG.md
grafana,a8006ada1ea1b14ed118de0e1aed756a7b164740,2017-09-29,CHANGELOG.md
grafana,4dea94791d1454dd3baf317cc2ef463bb9323385,2017-09-28,CHANGELOG.md
grafana,7f6924ff131853114742046e03e77ffefee9aa36,2017-09-28,README.md
grafana,c94fa7015f3537873fdcad588e168f330c0ec215,2017-09-28,CHANGELOG.md
grafana,0778f3182857e4e7c8c6f948bb44d1423af30da5,2017-09-26,CHANGELOG.md
grafana,dd7f42ba03d029109eb1281f5681bed8db04fd84,2017-09-24,CHANGELOG.md
grafana,3fac31e808e2d013639a20c5dd30b91ac68c3b9d,2017-09-24,CHANGELOG.md
grafana,a98124add73a796e5a74ad492e2b23e1d2acd5bf,2017-09-22,CHANGELOG.md
grafana,ae249a623d41ad407686759a7c7c5bcd2b64fd37,2017-09-22,CHANGELOG.md
grafana,e695ce4aa513196d13f8b387047280bcae0266eb,2017-09-22,CHANGELOG.md
grafana,01fc37571e84960ec6373969a7eba75d32947262,2017-09-21,CHANGELOG.md
grafana,f1036a93828e497f0f469a830aa1b46146851621,2017-09-21,CHANGELOG.md
grafana,5f6de33487bb4a2924f0adc16a010da52b2e50f2,2017-09-18,CHANGELOG.md
grafana,6d901fe14582d262358185cbd250b6468ed09f21,2017-09-18,CHANGELOG.md
grafana,67469e180901f9823df7a08b1fed85cb7605ccb8,2017-09-15,CHANGELOG.md
grafana,114ba801b9906e10a778868d35b94fc20b782c98,2017-09-15,CHANGELOG.md
grafana,c532c8640baa39886d4894f533402fe09752c064,2017-09-15,CHANGELOG.md
grafana,0107f1eddb41450e68bb4b7da38121e09cc45cf3,2017-09-14,CHANGELOG.md
grafana,aa24839ac96a1eceed3cffe9e6feb627669354a3,2017-09-14,CHANGELOG.md
grafana,51d021a33784176076348c602d721fc85f3b243a,2017-09-07,README.md
grafana,7dc6d67d469f6582b11eee213645c0aaf03e70db,2017-09-07,CHANGELOG.md
grafana,22be9436f71dbc58bc0258bfdf2582a028144e35,2017-09-05,CHANGELOG.md
grafana,1a3d34b9180e7f710d8f7e99273e0165a41d3990,2017-09-04,README.md
grafana,4eabf6ce816fdb0a74a4dd8090c125efe876a9f7,2017-09-04,CHANGELOG.md
grafana,88e4b6ee757c92e8bb0653a9161374209a861c7a,2017-09-04,CHANGELOG.md
grafana,7b1473649b1d08125d0af6666dc94bf1b8672394,2017-09-01,README.md
grafana,40ae2cef383aed5fd216bef26267d945bae67614,2017-08-31,CHANGELOG.md
grafana,c5c5fa0db35327e02ab466a3ee89107a6b263b09,2017-08-29,ROADMAP.md
grafana,ead7ae7635495dd1b9ad3215d5a2011db602f0f0,2017-08-28,CHANGELOG.md
grafana,311fa66590fbac1253c89eab658e17a80d30438f,2017-08-28,CHANGELOG.md
grafana,72690b3962b2d6b58e7470e3c19a3ca0df88cebb,2017-08-28,CHANGELOG.md
grafana,fec41cf03822d3140bb866270ce51f38968e1f28,2017-08-08,CHANGELOG.md
grafana,48fa642727fae9d762956baec4d7a7970424e62e,2017-08-07,CHANGELOG.md
grafana,92f71136e698aee08a96110b2a23be2069208826,2017-08-07,CHANGELOG.md
grafana,4f9cfcd63291913dfa6624cc2bcbbc1e62ef3f55,2017-08-07,CHANGELOG.md
grafana,0bd03098eafc34e3cffa317cf4afa31be440afc0,2017-08-07,CHANGELOG.md
grafana,ee297487a5872a2a30cb453e8697c7d77dc37c23,2017-08-07,CHANGELOG.md
grafana,8930e04f2b94a687ff4bd7b3e188bbb70eb07de5,2017-08-07,CHANGELOG.md
grafana,6e0f767af7a17fff27ae6c741e294ee2d5204cd6,2017-08-04,CHANGELOG.md
grafana,814d164e5bc66dd11905b7aa8eea875bf35cc99a,2017-08-01,CHANGELOG.md
grafana,9fb22ef86c461c46299f1638f895b032f32713ea,2017-08-01,CHANGELOG.md
grafana,7de1c0eaa20891243534abe1ebf49b510b16ffd2,2017-07-31,CHANGELOG.md
grafana,4d82a1076a3c917887d66f80d5fedbd1d28938f1,2017-07-31,CODE_OF_CONDUCT.md
grafana,44fbd3ec9f02ecf5cc03144f66b6844a5f30fafb,2017-07-31,CHANGELOG.md
grafana,bf7516d9bf7dbfa933eecece90c06707aaaa8bce,2017-07-31,CHANGELOG.md
grafana,81dc64d4ecbab690c87cb9964f9de677fe5498ae,2017-07-31,CHANGELOG.md
grafana,5406481e7b3b72aa50deec2b75faf2824063d636,2017-07-31,CHANGELOG.md
grafana,510ad001b478d79338b1679c44b28fa4150bd0e1,2017-07-31,CHANGELOG.md
grafana,ce4939bd56e2e4f058ed8f87ad0a0876e9164975,2017-07-24,CHANGELOG.md
grafana,9825cd1ebb9bf893f273a02944a9176fdd56bd59,2017-07-24,CHANGELOG.md
grafana,287c222fc75565f59350ad77e2938eeea3c118de,2017-07-24,CHANGELOG.md
grafana,f500dfd1e55697c12e50acfe9477cb54bf445fc0,2017-07-24,CHANGELOG.md
grafana,13c966c178d4adacfa70ee5490a19c91f57edfb4,2017-07-18,CHANGELOG.md
grafana,49113c1ccb9d9583c510bed1728d82c06ba594b3,2017-07-05,CHANGELOG.md
grafana,de9ebc9a74caa6afdc84fec320783afedd8ef48a,2017-07-05,README.md
grafana,36a1ab48c52d4a33464870ccbb40da098c8244a4,2017-07-05,README.md
grafana,d20455ab5fe9876b93ef68d68f46ebd4256a1d51,2017-07-04,CHANGELOG.md
grafana,205be91a842cb2c8ad8dbcf88ed917018ae2b79c,2017-07-04,CHANGELOG.md
grafana,a71423481bdfb24df0844a4fbd005abae79fb605,2017-07-03,CHANGELOG.md
grafana,5225e4283f9ca68abb8e59b3b4b4a5fb301b5ee1,2017-06-07,CHANGELOG.md
grafana,f4debbf501f640f67d13a03f08eb020a1229120c,2017-06-07,CHANGELOG.md
grafana,1bdf82dca3882452eac6454e19d64d5e77cb1bfb,2017-05-31,CHANGELOG.md
grafana,6783d1000ca8a656011f82c6b2f622559e270a3a,2017-05-31,CHANGELOG.md
grafana,e65f86147f63f3137bce338a89d1a125adbbde57,2017-05-26,CHANGELOG.md
grafana,60d5d5fb1530d0dcbc5dad63bc6c2009973c40f4,2017-05-25,CHANGELOG.md
grafana,d1d47b569735ebc8a050ff8c37741981a63e8066,2017-05-24,CHANGELOG.md
grafana,8b7a0100b19e92553efcb45b93fe375a49a1f88b,2017-05-24,CHANGELOG.md
grafana,3133721422e7176006b5b5e4c3b375f5e43cdff4,2017-05-24,CHANGELOG.md
grafana,e6d79dfedfea4f148e919bf9f2ca1cb35902070e,2017-05-24,CHANGELOG.md
grafana,12c8bf9b188149f94e3bfc56ced181978a55e387,2017-05-23,CHANGELOG.md
grafana,6257fbced6fde3c1e91b5f609b17d5b0344e7ac2,2017-05-23,CHANGELOG.md
grafana,bd8a0be3aadbd12807b0e182c795e6aa2adfd642,2017-05-23,CHANGELOG.md
grafana,d47078e27f302d1a91bda2059a032ea4512a2e39,2017-05-22,LICENSE.md
grafana,5e33b5fcfa58e5e4a871301afc388e9d793388c7,2017-05-22,CHANGELOG.md
grafana,7c50563f0f7761e87d26d45b9a4e8c5d2e6ef1cf,2017-05-22,CHANGELOG.md
grafana,966cefc8d09c49348b8c9e3c38f8fc0e796219c0,2017-05-22,CHANGELOG.md
grafana,370db8223890327bc9cceb2784befd2090e613d6,2017-05-22,CHANGELOG.md
grafana,6d3246e39ea353ca714c1d190c508f146dc5f73e,2017-05-21,README.md
grafana,59f3cca135d2dd64cf69fdf92331ccdd028820ab,2017-05-18,CHANGELOG.md
grafana,8b11712f5e00988171312600344c62b42f5ab417,2017-05-16,CHANGELOG.md
grafana,88d4fde81598b8ea1d1e1b3c405dd8c6a0b785e3,2017-05-12,README.md
grafana,a73f664d546a6fab8de1e2f6c5060c40208d9e7f,2017-05-12,CHANGELOG.md
grafana,f350ae242b3172b5966b5714d4ef9d7aec0ff857,2017-05-10,CHANGELOG.md
grafana,c21f86f6b4c58ee6d80101e383719c0ba49404fe,2017-05-10,CHANGELOG.md
grafana,84141eb14ae0e0d7394c7b41736243b1e4059836,2017-05-09,CHANGELOG.md
grafana,c6d5259c6d259d250b8b42134da34cb9d10a63a1,2017-04-28,CHANGELOG.md
grafana,f23239650e96c614767d48d9add8657900079e2b,2017-04-26,CHANGELOG.md
grafana,b08b22192b7702073f7fccfc06387aa51f4519b9,2017-04-25,CHANGELOG.md
grafana,8beb873db40d340c9ba57815806b29c231a8a4ae,2017-04-25,CHANGELOG.md
grafana,9e0acdda232582d4eb23f8e01231c6592293ff7f,2017-04-24,ROADMAP.md
grafana,ef36ffb5d0a83a3566985915a07cf15e263dbfa5,2017-04-24,ROADMAP.md
grafana,48acffe095456deba51cef81ea20922205a3b567,2017-04-24,ROADMAP.md
grafana,09b7516d47e47cd5d6b967cb0bcdf25bf1b815c9,2017-04-24,ROADMAP.md
grafana,16d27a4a8d8e1c2efcce5d6590be81733ef45225,2017-04-24,ROADMAP.md
grafana,663f7ee239d53b4d62840722b003c4ff87cee67f,2017-04-24,ROADMAP.md
grafana,b8259d7583573c887b222a3e4657b026f4232bed,2017-04-24,ROADMAP.md
grafana,1e29d4fcfaad6a1d0f4300c5fa12e0375460147d,2017-04-19,CHANGELOG.md
grafana,fb163450a5a980cc3344edd103d55ae9620f7953,2017-04-14,CHANGELOG.md
grafana,09cec3118fe4da5c873368f3dcaa74d58dea36fc,2017-04-12,README.md
grafana,e0640487dfa5527b22d689b472a2a17ca23516a5,2017-04-11,CHANGELOG.md
grafana,337b3295bdfd3a24bbaf8234b9cfc980934d9179,2017-04-10,CHANGELOG.md
grafana,dd800fd14df122e61d8ea10eb67d42d616c8983b,2017-04-03,CHANGELOG.md
grafana,af0ecd440f305a5ea99094989f7863ff47c46e2c,2017-03-31,CHANGELOG.md
grafana,085c4c56b87369797940be087fed9930c885e1a1,2017-03-29,CHANGELOG.md
grafana,77ca62b1bc6ba17fc0e8183edccb52d821b2daf9,2017-03-23,README.md
grafana,5773499dbae1b82cabe665fea8ea4ba4b6a3422c,2017-03-23,CHANGELOG.md
grafana,01f646c1910706fa4e91651f0394f3ceccb87a08,2017-03-22,CHANGELOG.md
grafana,7dd09d4185318a126d622d43ad06e746251ba2e0,2017-03-22,CHANGELOG.md
grafana,362a349d9fc3787ae9237476c45a5b4c21f6ecd0,2017-03-22,CHANGELOG.md
grafana,69bec989624d6a37726041728094866b1b05d433,2017-03-21,CHANGELOG.md
grafana,69bec989624d6a37726041728094866b1b05d433,2017-03-21,README.md
grafana,3d3357ee41154195c61ce06ba5f09152ba79a563,2017-03-20,CHANGELOG.md
grafana,122b4695e7f5afd3473ea6ed5062a29e2fdb359f,2017-03-20,CHANGELOG.md
grafana,dce63ec1d8f4279c532904edc5e57a2d177b4034,2017-03-20,CHANGELOG.md
grafana,23954f775beb8cb657b30044e24925e7ecf3bbd3,2017-03-14,.github/ISSUE_TEMPLATE.md
grafana,f42ef5fe17dc15d713d50a8d776ef71e4a1420cd,2017-03-14,.github/ISSUE_TEMPLATE.md
grafana,69ff97305f421b9a42b1d76497bbc41dfbfe3665,2017-03-14,.github/ISSUE_TEMPLATE.md
grafana,967cdd73e1a00c115dd2b63b2e8898d7d6387d60,2017-03-14,.github/ISSUE_TEMPLATE.md
grafana,9e27b8ee4767a8fe1fd3be40695563c2c241f460,2017-03-13,README.md
grafana,98b65641c3b016a904d7b6dc7be6bf4fa1e139b1,2017-03-13,README.md
grafana,0bb8a920ca676357b673e9d5df43ef3eb87938a7,2017-03-13,README.md
grafana,b93a2887a83e1c41875102a058ff7e0b8474a97a,2017-03-13,CHANGELOG.md
grafana,2580b61088900830abad71c9b44db5710b791a6f,2017-03-11,CHANGELOG.md
grafana,22553b154a6a5c64611de0224f4ba7282efbee70,2017-03-10,CHANGELOG.md
grafana,c176de89c976a2c4592e82afeff68983f5bd572d,2017-03-09,CHANGELOG.md
grafana,5037dae9597ad65a20d0689564464e115f5b3e29,2017-03-08,CHANGELOG.md
grafana,dc6d55a59f3383735a59d23414601bf7d10e7851,2017-03-08,CHANGELOG.md
grafana,8e3f22d307cdfcf721bb2b249a76bcf1b854fc2f,2017-03-07,CHANGELOG.md
grafana,fe970f66298f9135ae119dd0c603dcd66d633028,2017-03-03,CHANGELOG.md
grafana,55e0df7896d947685b34bf3ecc322674989cc9a1,2017-03-02,CHANGELOG.md
grafana,6b1dd1c7fc53d87fadf6eae735bda6451afabdf1,2017-02-28,CHANGELOG.md
grafana,86789c0b69a815087f7ca0016cd4b48d783d941c,2017-02-27,CHANGELOG.md
grafana,46ac8c098fdc7428cb351c71dc5cb2464b6bc3fd,2017-02-24,CHANGELOG.md
grafana,785cecac2665726b67dfb58291eb8b28e6d2deb5,2017-02-24,CHANGELOG.md
grafana,67b8b9743bfc2640818dae80398cc02b9bbd4eef,2017-02-24,CHANGELOG.md
grafana,fe223cbc969390ba0ba1fb1d36090cb8b6152229,2017-02-22,CHANGELOG.md
grafana,dea2e5d7436c1c88f3c64e4e2024a82a9c1281ad,2017-02-22,CHANGELOG.md
grafana,607ee635d154e0246e3187a017b786ee615b3797,2017-02-22,CHANGELOG.md
grafana,c1d69358baba38a8a1f7f2cf76565390bc927519,2017-02-22,CHANGELOG.md
grafana,d5245fd19aa8351a5a8d20e40ed0de16a8d6aeab,2017-02-21,CHANGELOG.md
grafana,38126bc5950245be8e2284603dbae061b1390741,2017-02-20,CHANGELOG.md
grafana,774c1de892c97f339d326f365fd6c3607bd92324,2017-02-17,CHANGELOG.md
grafana,5fb4540358652281580c3d1fdc01d87690691237,2017-02-17,CHANGELOG.md
grafana,79daa71350b522292b333ffc7124f724428fde2a,2017-02-17,CHANGELOG.md
grafana,79daa71350b522292b333ffc7124f724428fde2a,2017-02-17,README.md
grafana,9b4d95ff250cf8e6ce17df614beff55cb838982c,2017-02-15,CHANGELOG.md
grafana,8144b73544b51503a8bbada7c21afe5e60993715,2017-02-15,CHANGELOG.md
grafana,5304e7b22097c71c9c599c1fd3c31c541d62a248,2017-02-14,CHANGELOG.md
grafana,6861c6033c482dcca8a7013d6a5d102fbcff6f30,2017-02-14,CHANGELOG.md
grafana,9f80e8c03dcf2e219ac0259530fbdab3dcdcb78f,2017-02-14,CHANGELOG.md
grafana,6761661e106de004b97f4f63995ab0301f1f5b8c,2017-02-14,CHANGELOG.md
grafana,0523830716b4fdced7727fd7d38d43065f304926,2017-02-14,CHANGELOG.md
grafana,2c68c071c00c37ab4ab42ba8a6d5cd318881389b,2017-02-13,CHANGELOG.md
grafana,89fdcc84de63fb4bb18dac908f14ff1588923da7,2017-02-13,CHANGELOG.md
grafana,e80f67326424a085f21b029a42eaa82de6b95c0f,2017-02-10,CHANGELOG.md
grafana,900230890f5b2a5fcbe374d29aecb196231a48b3,2017-02-10,CHANGELOG.md
grafana,dcf097a8b91f59d1f74dcad6cccabb0d8fe72277,2017-02-10,CHANGELOG.md
grafana,7bf570532f307f4a61ff24f5a70188e5b69f0b31,2017-02-10,CHANGELOG.md
grafana,38c29d2209508a3bed2e8f25c1c9318e242fa282,2017-02-10,CHANGELOG.md
grafana,bccb6500109fa6ef34ac6731e50299a2fd2fa616,2017-02-08,CHANGELOG.md
grafana,10508d02384bb12838ae92530a48e5b5d8e6a71f,2017-02-08,CHANGELOG.md
grafana,b3db5aae4b63bdc6d10b7d4a1c6bfceda302a251,2017-02-07,CHANGELOG.md
grafana,8ca4afaf2254e4a311aad0ad9a05cd155105870b,2017-02-07,CHANGELOG.md
grafana,d9b562812674382dac970a7dc45ee012b68769f8,2017-02-03,README.md
grafana,b600e1c50bfb5f0c9c6680fb1d5372499aeab0f7,2017-01-31,CHANGELOG.md
grafana,1df9c2cab35aa3e17aa6ce9976c746509f4fc7cd,2017-01-27,CHANGELOG.md
grafana,4e30aa9da2839ce54fbe24980d03528b52d670a6,2017-01-25,CHANGELOG.md
grafana,3d5efd33500a330da5eece0c6d2c92650eac17b4,2017-01-23,README.md
grafana,697d0867faaad772aa1fdd284c508565f36177c4,2017-01-23,CHANGELOG.md
grafana,8eae09e5e62b4fc564e1f7a2eb3ca21a7fb49d89,2017-01-23,CHANGELOG.md
grafana,57099f02737e5d4449dffb7124fea6e1e911c9a7,2017-01-19,CHANGELOG.md
grafana,96fbe404f8b6700969634f9724e63f274a81a5b7,2017-01-17,CHANGELOG.md
grafana,2dd1eb81cd822ff20d96d4e536b733f242ae9db9,2017-01-17,CHANGELOG.md
grafana,276916cd5de72cd16e4014813ffbc0cf570cdbeb,2017-01-17,CHANGELOG.md
grafana,6f87f886902a666b0af591b76931904d1fc6a208,2017-01-16,CHANGELOG.md
grafana,01c6658a7a3187451642c1c831b14d7ee36a989f,2017-01-16,CHANGELOG.md
grafana,22601fa736a378b91d70f1973016d1e908714a06,2017-01-16,CHANGELOG.md
grafana,ee1c15b9cc4eb89dd166e9bb4e25408317483e09,2017-01-16,CHANGELOG.md
grafana,62eaa683c0a69eff4e4ad620dc26857a759ce1cd,2017-01-16,CHANGELOG.md
grafana,49fe74228b3f4617afc36122659f7eda2f09536c,2017-01-13,CHANGELOG.md
grafana,2d441bfb377131325f6e14442d1116178af404da,2017-01-13,CHANGELOG.md
grafana,60a2041065dc30240477087d7ff80b6992a678c8,2017-01-12,README.md
grafana,b8b517cd3fc30c9f15ab62f2294d7bcb282e44b6,2017-01-11,CHANGELOG.md
grafana,61214899bdceb7751e3136d694f2d4d891cf7546,2017-01-11,CHANGELOG.md
grafana,edae622d8f85674bc6ff3034bf455e915348604f,2017-01-11,CHANGELOG.md
grafana,cdc7da3ae110702107342ce6fe687d6984539b9b,2017-01-11,CHANGELOG.md
grafana,f4e9bd507bd7a8aa3c88a00d64defd65168c12a2,2017-01-11,README.md
grafana,50b937dcb19193ad66e6ada244ddcb68b5dc5ff0,2017-01-10,CHANGELOG.md
grafana,381f8d44756738c7bc51206d8d2c0c5026f95628,2017-01-10,CHANGELOG.md
grafana,7c376f2bda061b29890050adf250c2a016e338fc,2017-01-08,CHANGELOG.md
grafana,53fbb8b07409782706e68914b1a56cc0fcf752b4,2017-01-06,CHANGELOG.md
grafana,e61d049623842bb3a3a49898831216dc66f3a589,2017-01-06,README.md
grafana,7433e8c58fc3ba274c4fbd4fa87d51f4626519ef,2017-01-06,CHANGELOG.md
grafana,9dc42648cf162eec7cc2f24fa4d5d264c2cbec3f,2017-01-02,CHANGELOG.md
grafana,2be5ee0bd571cdcadce2e6ff8df29cfecbc593b3,2017-01-02,CHANGELOG.md
grafana,8859eeb15121c1c646fe824a2af3930419386fb1,2016-12-21,README.md
grafana,a7b3ef06a8401990e520fd288292072447e1aaaa,2016-12-21,README.md
grafana,cb21b20905480fc0ca179bcdc00a71436befebc9,2016-12-21,CHANGELOG.md
grafana,c18b41010471f8192a60dff6f244b050eca162ef,2016-12-20,CHANGELOG.md
grafana,48fbd7e13486da57d9461c51a3448c0f425bd6fa,2016-12-20,CHANGELOG.md
grafana,8d6c94b9f9e3c2d753502a19d0011504793c5e36,2016-12-19,CHANGELOG.md
grafana,686f598d4403a2da11f14549a0b0cbee16a13b28,2016-12-16,CHANGELOG.md
grafana,c45ad965d199c6d517ca5d80b34e8ee41811f3ab,2016-12-16,.github/PULL_REQUEST_TEMPLATE.md
grafana,830bf5a91c05f0898bc93bebe4bbb37b662a2fb2,2016-12-15,CHANGELOG.md
grafana,2264addd9d0e6e96dfc2c0da728632f95b354dba,2016-12-15,CHANGELOG.md
grafana,b50490f080b383b3e71c73b1ec3c9b39eecef631,2016-12-15,CHANGELOG.md
grafana,0c8193a6af4ad47c435030be78b1dd08b123f818,2016-12-15,CHANGELOG.md
grafana,9510f2130427cf415fb8652b1b143950804ae234,2016-12-14,CHANGELOG.md
grafana,62d18cd493d13f85815e55e07982a5eb89310803,2016-12-13,CHANGELOG.md
grafana,e1703166f029c9a6315e0e0beb2cc46259ff9f21,2016-12-12,CHANGELOG.md
grafana,0e03c43174c23f7c6545340838b7a44431551605,2016-12-12,CHANGELOG.md
grafana,3cbc325f18559d413b834a5b3b14d9e295295a4d,2016-12-12,.github/PULL_REQUEST_TEMPLATE.md
grafana,12a82bc0d4380942857355e70a0ae1a067fd37f1,2016-12-12,CHANGELOG.md
grafana,06b4dacaa4f950ebadcd8153adf96a3c0515732a,2016-12-12,CHANGELOG.md
grafana,02392e5189df6e26f18d9d7ca69f3468b60d49ad,2016-12-09,CHANGELOG.md
grafana,64f22e7037101b4f39afdcc3855bc498770f58a6,2016-12-09,CHANGELOG.md
grafana,7c3c8bc4c91241cad2b0a6f65ab49fdebe9bcf5a,2016-12-08,CHANGELOG.md
grafana,f68350acbf24e3aed27c2392e181d19165af9d1b,2016-12-08,CHANGELOG.md
grafana,c871212d6c324c14871d808e7934b1eed6dc6f47,2016-12-07,CHANGELOG.md
grafana,e082d786972c2f7b92efc36860d454f0a4676c38,2016-12-07,CHANGELOG.md
grafana,dd432e671e5da9061e19ce962e9ba4809e706fdb,2016-12-07,CHANGELOG.md
grafana,e1b25b39994d4c6e0db1eca38282a198e545ffc1,2016-12-06,CHANGELOG.md
grafana,21353f4ba5bb46b5de5cc720806f4ac916161cdb,2016-12-06,CHANGELOG.md
grafana,167936f9b9ed53181a8c7b2e7e414cab83b68586,2016-12-06,CHANGELOG.md
grafana,37c1a49dc990970579ee3fde6996d73eb6ffce83,2016-12-05,CHANGELOG.md
grafana,80f7a6a8965a3d1f51e04ab7e1ebff23cc89ed1d,2016-12-05,CHANGELOG.md
grafana,a9c0f66cdae29d64595d6a230713ae2ba54816ea,2016-12-05,CHANGELOG.md
grafana,4a2a935c8f4ccc16829a07f88a7692be9f4a1bc7,2016-12-05,CHANGELOG.md
grafana,1b6811692278d82ad5a259d000252f65c3e34e15,2016-12-05,CHANGELOG.md
grafana,ea829988dace9929ddea805dd9224cac909430ff,2016-12-05,CHANGELOG.md
grafana,b88478a7e57eac9c157a5e3c95f287ed1fb83868,2016-12-03,README.md
grafana,a5f7edbe4034cd10f90c404a2891b6a6e0da15c0,2016-12-02,CHANGELOG.md
grafana,bc0fdc1f8e5f46c55a34928f215daef2cb56f0ca,2016-12-02,CHANGELOG.md
grafana,04fa86fdde8f5557821d4a051da2d1b41bd29de7,2016-12-02,CHANGELOG.md
grafana,158656f570574f50c644fe0f5974df4fa5c95a6c,2016-12-01,CHANGELOG.md
grafana,09e49f0a174dcb10423b4cd2cb79bab191791665,2016-11-29,CHANGELOG.md
grafana,4543bfe5aad7b3a9afc9e1c5547a1346fa2000ff,2016-11-29,CHANGELOG.md
grafana,16f6339327be821bc8acde603e8ddac0bce6f144,2016-11-29,CHANGELOG.md
grafana,aa14d9d8938644738bbe6b9e544a669a3b394564,2016-11-29,CHANGELOG.md
grafana,a3a07b71918dd0e7131d9c80776cf490dcfcf8cc,2016-11-29,CHANGELOG.md
grafana,9f4d06e8e274fdfa15f1779cc7abed270eac18cf,2016-11-29,CHANGELOG.md
grafana,3b4e55216c5268f2eac5c3627f2658fee6e7a1f9,2016-11-29,CHANGELOG.md
grafana,b00e9390d34e27da1ac3aab8e27a0f535a4c75fd,2016-11-29,CHANGELOG.md
grafana,b00e9390d34e27da1ac3aab8e27a0f535a4c75fd,2016-11-29,README.md
grafana,f7e8e9c9af8d8efa83cf8ee9e5d7a0c509ae6272,2016-11-28,README.md
grafana,2bdb2f79ec5b53ef155043b7137c44289ce4ef0c,2016-11-28,CHANGELOG.md
grafana,ab2f109443c0fa4e78533ce8c57451d8eb21f62e,2016-11-28,CHANGELOG.md
grafana,e3ad740b497798f1f2f2cbcc42e07ee4ad1bf2b9,2016-11-27,CHANGELOG.md
grafana,c3075a9bd1311607279bec51661534eba36640d3,2016-11-24,CHANGELOG.md
grafana,ad8f06f87f95917f6c938b9531d5dd6773a72ad7,2016-11-24,CHANGELOG.md
grafana,d9cf6a958b52aef0ff3fb9040eacf8a184ea2c7f,2016-11-24,CHANGELOG.md
grafana,cf751c256b2aa48f8589e4e7270f3cb07bbd1cd8,2016-11-23,CHANGELOG.md
grafana,ea5cb0d07611e3056c48e43ca33d76445a7c63d4,2016-11-23,CHANGELOG.md
grafana,d73620f30427621490a598b2919b126665e0f425,2016-11-22,.github/ISSUE_TEMPLATE.md
grafana,41a1ec29e7b073538fa01714a2879393d1f32525,2016-11-21,README.md
grafana,a3d5b4bf25ba8ddeaa1e5b9d7f80ed24097c7646,2016-11-21,CHANGELOG.md
grafana,b9cfb19ab83efbe300f01e48a038514524c102c2,2016-11-17,CHANGELOG.md
grafana,9d5928ddd6d08b746dd22b074c47f3a254e12d8d,2016-11-17,CHANGELOG.md
grafana,eafe0d6bfad219d04a7346c2454edb650e6362dc,2016-11-17,CHANGELOG.md
grafana,4581bb4a7a23da86b54cdbdad53c1b74919959ea,2016-11-16,CHANGELOG.md
grafana,171335bfefc3cc3f7581fa1b47f071e8a066e1f1,2016-11-16,CHANGELOG.md
grafana,05c5a09f63fd2dfea541127c15bc086bb9843119,2016-11-15,CHANGELOG.md
grafana,6767bdd76d9640defe8d92be5d4f99a7294e1483,2016-11-10,CHANGELOG.md
grafana,316d754a212821d0e93fc821865232120c6fe111,2016-11-10,CHANGELOG.md
grafana,71eb0f3278b63579efe033b058d2363a3df76add,2016-11-10,CHANGELOG.md
grafana,bfed566ea8c950c3ff19f4476a6eb7ed701a4d97,2016-11-09,CHANGELOG.md
grafana,16e7bfc622c4c1eb174c2a7b3cfe8baf6130bb34,2016-11-07,CHANGELOG.md
grafana,05c124bb1ed0d3d187cae2fbaf837a7faec694d1,2016-11-06,CHANGELOG.md
grafana,3df4375e39ddd3188dfe257164378fa83edf0fce,2016-11-05,CHANGELOG.md
grafana,a78db041ea3bb60530bdbb99f010c9f6eff7edfc,2016-11-04,CHANGELOG.md
grafana,10a42cc98ce4643b2daf3c8d1918bee21d8a865f,2016-10-24,CHANGELOG.md
grafana,3931e0b74384e5877d5a577865d15bc77185542e,2016-10-20,README.md
grafana,9badb051baf4a6e5be631815626cea5db31c8af3,2016-10-20,CHANGELOG.md
grafana,0f2fa33daf71b8717f5d16d6d280d1c969c285d9,2016-10-12,CHANGELOG.md
grafana,2fc79574854c9c1ba2a0023d97985c229cc2db4e,2016-10-12,README.md
grafana,72f81b3b2a7de3893b92eb57987650ff5fbe071c,2016-10-01,README.md
grafana,7585e9a9309f5017c68e2c72f31949548df4c936,2016-09-26,CHANGELOG.md
grafana,175c651e65a853874a1a272ecf22afeedb3d13d1,2016-09-23,CHANGELOG.md
grafana,0fc7405b95da789535fa4435bc9864fd7335f577,2016-09-22,CHANGELOG.md
grafana,936146768f290de6618970de5ec08497e5604e78,2016-09-22,CHANGELOG.md
grafana,39af588a94051eab253ef52fae06598ac62f5f8d,2016-09-22,CHANGELOG.md
grafana,46866add7e0f9bef50a8a72ea808743730a0dc97,2016-09-20,CHANGELOG.md
grafana,c669de116998552594d6c02890cce8a8dfb2f081,2016-09-18,.github/CONTRIBUTING.md
grafana,62a2f80f10ea0e34df210828b4ce87507831b364,2016-09-18,README.md
grafana,a95808a7c374a1c2b7454e34914ae13a0210c8b9,2016-09-15,README.md
grafana,6be48269e2543715a6b6a6b15c87d8e95d569077,2016-09-15,.github/CONTRIBUTING.md
grafana,6be48269e2543715a6b6a6b15c87d8e95d569077,2016-09-15,README.md
grafana,649d9f91772c96d144ce770dce9d6b2a754ce227,2016-09-14,CHANGELOG.md
grafana,3ba3d9d4451c9fe1e61668a8d97f5ec50b13b393,2016-09-13,CHANGELOG.md
grafana,7aab4a4a590cbdbe29434c5a1df258ffc976e326,2016-09-10,CHANGELOG.md
grafana,30f36fe2c48bae294f3287651fe7745a17d983ac,2016-09-07,CHANGELOG.md
grafana,2e8d5ca51947393b3649c39eb85037e64ef79ebc,2016-09-06,CHANGELOG.md
grafana,000eb669dfcb0969b75e309f820fe186ef78c624,2016-09-01,README.md
grafana,ae428b917796a06da517c7c94465e65012d3824a,2016-08-30,CHANGELOG.md
grafana,ff9b95f4b30ceac16b733712227f4c1b407004b8,2016-08-29,CHANGELOG.md
grafana,3077f992bb26326b9fbcf163e72062e6222ff1a1,2016-08-19,CHANGELOG.md
grafana,aeb1b99648b9034d8eb722152961b3b9282c8251,2016-08-19,CHANGELOG.md
grafana,28ac05b1d1444b7e64abc5ee123d2d51404d8d93,2016-08-18,CHANGELOG.md
grafana,cd9bd5be17438c20a89485530c802a091fdf269c,2016-08-15,CHANGELOG.md
grafana,7ce13ef0754e3fe8a25364e9fa2fc68ea2276615,2016-08-15,CHANGELOG.md
grafana,1eca0d7c538e5d81477e4a786f06d00b2bbb2211,2016-08-14,CHANGELOG.md
grafana,06210a4a22fcc84b09be2f71d8fd27ce41285c02,2016-08-12,CHANGELOG.md
grafana,fbb8f8e691d412c2009cffb62671f1e88c199c4e,2016-08-10,CHANGELOG.md
grafana,fbad17d3a12816ca60b16b20dc4e421d8eb3c594,2016-08-01,CHANGELOG.md
grafana,e8e8463828ebf8631d986a31ba3441d6ac718e2e,2016-07-27,CHANGELOG.md
grafana,def4d8f8dc43512a8b3ececf2a8bb5fd0b68f29c,2016-07-25,CHANGELOG.md
grafana,6d28365e84c80e7ac0abb7eb25f69cf8dfcf643c,2016-07-23,CHANGELOG.md
grafana,b9c4107361050e07d23552352cfa158bd5526102,2016-07-18,CHANGELOG.md
grafana,8f8ee28e6430b57e01aa29ab9593c2cfd59921f3,2016-07-18,CHANGELOG.md
grafana,383b3130278fd1f6428f0b9eb1b03fe12164d378,2016-07-12,CHANGELOG.md
grafana,e518f50248163e82251e78f97f260ea6df5f2352,2016-07-11,CHANGELOG.md
grafana,7c7e26bc181e6898438f1111810d53898b2a2fd7,2016-07-06,CHANGELOG.md
grafana,41bffd503d540118838e41d2a997ca3e873e1411,2016-07-06,CHANGELOG.md
grafana,fd5f7c2e3404f40d127438b79bae611828eb04b6,2016-07-05,CHANGELOG.md
grafana,12570bb9591d40d66bbea87b6254cf972bce6b2f,2016-06-25,CHANGELOG.md
grafana,6dad6241ed89a46ac8279d936dee79870f556bfe,2016-06-25,CHANGELOG.md
grafana,638a8a1528a712793d34681fb5c791dc337bd9a5,2016-06-25,CHANGELOG.md
grafana,efad4bcb56816efedd4f403857af75494011d39b,2016-06-23,CHANGELOG.md
grafana,2063fee4febf624ae0c920312d9fcf75bc3cfb0f,2016-06-23,CHANGELOG.md
grafana,838284c09f9c4be81170eeeee537d5f2c785f2b8,2016-06-23,CHANGELOG.md
grafana,eb54fbaef566f4b3b69a9f6a6686245bdcd4d5f4,2016-06-23,CHANGELOG.md
grafana,cccfe47bf051d90152763a9956d0e7bd9bf27695,2016-06-21,.github/ISSUE_TEMPLATE.md
grafana,12706fd6db27ebc4d3f8f99cde275bd5020bb99b,2016-06-20,CHANGELOG.md
grafana,8efa94e42af6d968646cb16b65de1b60ea0f2db4,2016-06-20,CHANGELOG.md
grafana,90c063060a02a5591d1f32eb0ecd08fc8b381f3c,2016-06-17,CHANGELOG.md
grafana,79eb971fad26f16497469de4fc1cb13fb00c4b2e,2016-06-16,CHANGELOG.md
grafana,e1f63a33468d10bf845c016cf678f99accfdb1b3,2016-06-16,CHANGELOG.md
grafana,ae554a736b54fcbc743e47e1dd5eac878c9de027,2016-06-15,CHANGELOG.md
grafana,e4e042e3899f2de88bb0f802cdec33cc82ebd0ea,2016-06-13,CHANGELOG.md
grafana,ffac5c12999eca55dbbed36a24cc8f6588dff8fa,2016-06-08,CHANGELOG.md
grafana,87e98f01cd3876a785f1888b4899a15eac46fdbf,2016-06-08,CHANGELOG.md
grafana,b76b42f209bb4fc920d77d956982bbb59464bfea,2016-06-07,CHANGELOG.md
grafana,ffb12d122ff4e3b69522671aa33cb325873ebe49,2016-06-03,.github/ISSUE_TEMPLATE.md
grafana,4c4189d631db8703a11f3a456dfb606795093025,2016-06-03,.github/ISSUE_TEMPLATE.md
grafana,015b409f2f3025f6d82887ffb423bd4f9be2db87,2016-06-03,.github/ISSUE_TEMPLATE.md
grafana,2edb0ad94dc6544117b1f496db2ecffa3ace3ea8,2016-05-30,CHANGELOG.md
