repo,commit_sha,commit_date,health_file
terraform,e1bab732d89557ec2c2039658a055a366ce3aee9,2026-05-15,CHANGELOG.md
terraform,3ba027e9d4505e8bf5e4a24207ca9337e1b380e7,2026-05-13,CHANGELOG.md
terraform,d5cac62215f71e11457015912d1421b2cf6ed544,2026-03-26,.github/CONTRIBUTING.md
terraform,1ec439bccac7a20d2cf086fdc5f19447d7062aea,2026-03-18,.github/pull_request_template.md
terraform,1ec439bccac7a20d2cf086fdc5f19447d7062aea,2026-03-18,CHANGELOG.md
terraform,f3658552eaa7c3646cd7bfd70dc21fd8ee5348b4,2026-03-17,LICENSE
terraform,4eba7c0596a06779c3d365dfd0ebef162e308f3c,2026-03-11,LICENSE
terraform,c0b0e1e0ef5704bdde1500a28402e7f07726be59,2026-03-04,CHANGELOG.md
terraform,07b244b711efd1623232edb410c126c7ded1543f,2026-03-04,CHANGELOG.md
terraform,7f26b4f15f9a73f461ffb771fd1d45ad3a92aae1,2026-02-18,CHANGELOG.md
terraform,d92915a29ab18ccf659bb314286d9112efab4258,2026-02-18,CHANGELOG.md
terraform,4ad174f77ff5a79a8c57ff84831af4f2e79a769c,2026-02-05,CHANGELOG.md
terraform,f65c52c8995a627e64c82827c75edf99a9399e4b,2026-02-04,CHANGELOG.md
terraform,14181ad0c6755b228c3ab0cf6f738073e2817cb4,2025-12-18,.github/CONTRIBUTING.md
terraform,ee446e8920381fa1bafc002808c6e2e292e69070,2025-12-18,.github/CONTRIBUTING.md
terraform,e4ffb5102255678a8a02fc3ca5cfde2c60d6d153,2025-12-15,CHANGELOG.md
terraform,b775ab52097cee6417b14657243028ff40c5611f,2025-12-03,CHANGELOG.md
terraform,0d2a032f3b82c334e07055eb8fc78ae08dca3021,2025-11-19,CHANGELOG.md
terraform,ca5478bca743f86a5bf8a6a4ff107b98804fc526,2025-11-19,CHANGELOG.md
terraform,5981cd2bf7af70b9206bed9410f27bad1c240188,2025-09-16,.github/pull_request_template.md
terraform,5981cd2bf7af70b9206bed9410f27bad1c240188,2025-09-16,CHANGELOG.md
terraform,098bbe717127eb6ebfd6a4c129629cf652a916f6,2025-09-11,CHANGELOG.md
terraform,31291c551ef4bb3eb3c4326bef0822b93a4ee071,2025-09-11,CHANGELOG.md
terraform,6c692b629413c4c6613ee88996d72dc47ad52789,2025-09-03,CHANGELOG.md
terraform,7b650d109bcb1a63b01393f153ec5f2394d04648,2025-09-03,CHANGELOG.md
terraform,8f41cc84b5a9e80253503c3399fe096b327feff4,2025-08-27,CHANGELOG.md
terraform,4c4669b046308142a013e100fcdc206c52a7db4e,2025-08-27,CHANGELOG.md
terraform,01babe4a96ef9d819b71ab2cb7f18f87ed44eb0c,2025-08-13,CHANGELOG.md
terraform,5dbc7f8cab92f0e44a2885d99c29346271712468,2025-08-13,CHANGELOG.md
terraform,6d11e670c16fae3adccb72475dc9217c2b578a03,2025-08-11,README.md
terraform,0c63fb2b097edcd5cb1a91322765a414206fbea2,2025-08-06,CHANGELOG.md
terraform,ee0da8ba62aaa2c4ac6a993816143d631558693f,2025-08-06,CHANGELOG.md
terraform,ed76d190434e2bfdaebe48221954686970146bea,2025-07-24,CHANGELOG.md
terraform,e485abf8d4c2dd3095a5e4fd29a101512c46bc0a,2025-07-24,CHANGELOG.md
terraform,d9383502db0cb8b7afa2a71a02a3ffcc94e2f9cc,2025-07-16,CHANGELOG.md
terraform,7f41ab095cd8cbf4410aca5a21ca9072545f4d95,2025-07-16,CHANGELOG.md
terraform,5289b0cf6f4c5a5cab4f6f3eb09fa36eea25f04f,2025-07-16,CHANGELOG.md
terraform,21fcc62055b39aff4647fc4e6da26443b844469e,2025-07-16,CHANGELOG.md
terraform,5437cd7c8a5947b5132997d8cf6cd2d7a0756818,2025-07-09,.github/pull_request_template.md
terraform,5437cd7c8a5947b5132997d8cf6cd2d7a0756818,2025-07-09,CHANGELOG.md
terraform,f7b176b59c0e70d2836a0b6b465a1b70b178de53,2025-07-08,CHANGELOG.md
terraform,f1e09c5ee67c3024c11223014ed32c58354b2f62,2025-07-08,CHANGELOG.md
terraform,52024a3b47fbb25d6dbe867e79063ab089e7954a,2025-07-02,CHANGELOG.md
terraform,8a498df05d36a35140848f8db8874681b7578bf5,2025-06-23,CHANGELOG.md
terraform,af9c9303327c6c5ee1f239aa2f5d388bd1df294f,2025-06-23,CHANGELOG.md
terraform,6d6352220b5fee5f0c2c0f894f41d59d7e6f44d7,2025-06-04,CHANGELOG.md
terraform,2d0a8e705f6835eaa4ac3619278e399af7d4abab,2025-06-04,CHANGELOG.md
terraform,d446fbf139f9c3c51ad2ec5643fae750319cdc5e,2025-05-21,CHANGELOG.md
terraform,6843a2f9b87262a7bdf2945fa4e985aab9901ce1,2025-05-21,CHANGELOG.md
terraform,e1ab6530abddfdc2446cf9311aa31658a41021cd,2025-05-16,.github/pull_request_template.md
terraform,82f25d6d2edb5adddff99f91c6f77cdfd84634f7,2025-05-05,CHANGELOG.md
terraform,3bc13593f90c2a5a83d86e160456498697a4705b,2025-05-05,CHANGELOG.md
terraform,4338b75acd20a64c39bdba8d9028e06175bbdde2,2025-04-02,.github/pull_request_template.md
terraform,4338b75acd20a64c39bdba8d9028e06175bbdde2,2025-04-02,CHANGELOG.md
terraform,371e625ea938ebfc947ea5540bf60fca1bd34278,2025-04-01,.github/CONTRIBUTING.md
terraform,371e625ea938ebfc947ea5540bf60fca1bd34278,2025-04-01,README.md
terraform,c1db893af31377611507633389c498da00b78628,2025-03-19,CHANGELOG.md
terraform,9fd7559c14755a719686b7107278f8560cbba0a8,2025-03-19,CHANGELOG.md
terraform,57d532b13317f7cd4852a4d8af52b086a902688c,2025-03-12,CHANGELOG.md
terraform,b5a5801a852f9f8377e29d3e2aeab0dd43d4a6ab,2025-03-12,CHANGELOG.md
terraform,b41b1563d0863ae2a14fbd6bc0ba893783a9549b,2025-02-19,.github/CONTRIBUTING.md
terraform,4406a0eefeda15af344a74e84c16d31c34d86672,2025-02-18,.github/pull_request_template.md
terraform,ef61cbfe73be7986cc4b264b8f6651f12cb67896,2025-02-18,CHANGELOG.md
terraform,365714a01e6e561432dfed4c9ca42a8fb601b91e,2025-02-18,CHANGELOG.md
terraform,b3ee397f3dac00d02a1da15d93beecbca0d4a374,2025-02-13,CHANGELOG.md
terraform,f868f0de9ecd632377c119e3123fbd59fc0a863f,2025-02-13,CHANGELOG.md
terraform,f9580185f392bba4af24db244e5966abeabb6393,2025-01-16,.github/pull_request_template.md
terraform,9e938e05e206fa15743ef842019d92e048298e22,2025-01-15,CHANGELOG.md
terraform,aec7c3cc8955818c11cb59b4c474f370ab1def1b,2025-01-08,CHANGELOG.md
terraform,d3bbb448e88cd9fb1e66eb7fb8d521a1b737f73a,2025-01-07,CHANGELOG.md
terraform,850fc9785480cc6b371fcae88e7d537d613ce658,2025-01-07,CHANGELOG.md
terraform,fda43872f4fbf9d63249ab6aa9f9949c598172d1,2025-01-07,.github/CONTRIBUTING.md
terraform,4a90c38520b48d86c155f8bbaad9cc6ff50f518e,2025-01-07,.github/CONTRIBUTING.md
terraform,2a0ee07d035b1bd88e7e2877267b22f85bd7a6eb,2025-01-07,.github/pull_request_template.md
terraform,2a0ee07d035b1bd88e7e2877267b22f85bd7a6eb,2025-01-07,CHANGELOG.md
terraform,300745c416012294b16670256ebd48d0f75995e6,2025-01-07,CHANGELOG.md
terraform,b402e0a24a40c22b393f61f63f401745a95d9537,2024-12-18,CHANGELOG.md
terraform,faf5fcdb536506862db3b66b209f3d42226fcd61,2024-12-18,CHANGELOG.md
terraform,572d12bfd39af7f50dacaad16a671099716b9963,2024-12-17,CHANGELOG.md
terraform,c5409b9beaaeaf404676fe59093e8d6a1784d145,2024-12-11,CHANGELOG.md
terraform,108f99cd41baec233a88d75336488890b42c7a87,2024-12-11,CHANGELOG.md
terraform,291c1ad4ada7754095d59b535dc8518eeef0e3f1,2024-11-21,CHANGELOG.md
terraform,a25831d6ef835e56c628e4fb9dd6c8ce09ff6688,2024-11-13,CHANGELOG.md
terraform,1d71a6dc9be67d66a7c7d208fa090f56b3d9b9a2,2024-11-13,CHANGELOG.md
terraform,c67b22a38c7cd84ed7fbeeafd04327d7c0fcb9c9,2024-11-13,CHANGELOG.md
terraform,27312c0dd85644d61a81880322de1af78733c92e,2024-11-12,.github/pull_request_template.md
terraform,05fe005aaf95a9c35f6dac0bab5b9a1b9459f5c5,2024-11-12,README.md
terraform,c754d95a156b7b7c6bdb173c9fbd7736630652ac,2024-11-06,CHANGELOG.md
terraform,caf10429ee9ea37e23b1b2c2a394267121e22cc7,2024-11-06,CHANGELOG.md
terraform,3ee894a4d815d065747f0d3baefc1a45958048bd,2024-10-31,CHANGELOG.md
terraform,1d979a49aaf5d89645ec7014b7030a64255ba501,2024-10-31,CHANGELOG.md
terraform,371c96c1a126f3cb467e7c59d195abeace13d751,2024-10-25,CHANGELOG.md
terraform,2f2c76c9f3ffeb8aa0248e05a2f96f66f9d88c0b,2024-10-24,CHANGELOG.md
terraform,b40c1d3b743854db715c70c0840e6b753c80bc9a,2024-10-23,CHANGELOG.md
terraform,e9f5976b5d77f44c7deb2058aa23b43fac7df864,2024-10-23,CHANGELOG.md
terraform,c8bc448a789b7e538cf110aafeb7c2339c5542cf,2024-10-23,CHANGELOG.md
terraform,06db25c3d6bfc12e1e0c0239a66e87b55fcc0900,2024-10-18,CHANGELOG.md
terraform,ca744e770d12b1b819259327e1645e7598e6927b,2024-10-16,CHANGELOG.md
terraform,1ac0488d1a515cc717eea22f4a6a555071368cf5,2024-10-11,CHANGELOG.md
terraform,0c8c04176284bb1ad68141d78081ad0fa8908e21,2024-10-09,CHANGELOG.md
terraform,3ca2ce48263061ba96877f242dd47b0f777bb9f6,2024-10-09,CHANGELOG.md
terraform,9da7ba31002667c6941f76e4d8f6aa2df141bb82,2024-10-08,CHANGELOG.md
terraform,4c78666014d0b9dc91d3e80b735c60c3220c6dbc,2024-10-01,CHANGELOG.md
terraform,684a8d0eff5f6884627e2dc357acb93cc91971b6,2024-09-30,.github/pull_request_template.md
terraform,440d39e57aca26a4c8da6864589d1608e97179ab,2024-09-26,CHANGELOG.md
terraform,be9d03a03df9753100d386e57e979fe42ff19552,2024-09-26,CHANGELOG.md
terraform,97eac1592f165a74a3a833db830a90c8329a0bd2,2024-09-23,CHANGELOG.md
terraform,9dc8e5db5d9e5a597d9f380ce5e46799d3756084,2024-09-23,CHANGELOG.md
terraform,a7876ff9b780189c47d8ef13f5eb5bd8a36ec35f,2024-09-18,CHANGELOG.md
terraform,90a5c50972cdec98bb2df96c7f590a1a980ca59e,2024-09-18,CHANGELOG.md
terraform,7d9489c97f2d8a789808d794059ea256622cb90d,2024-09-11,CHANGELOG.md
terraform,5624bc70d21f2cbfe71b1063798c010d0fa7066a,2024-09-11,CHANGELOG.md
terraform,74811b8acc76cbd38b7a6d7d22bc6c50de0b0935,2024-09-11,CHANGELOG.md
terraform,7d4cc3825726abd58b0e2a1afa483a7898c9b7b8,2024-09-10,.github/CONTRIBUTING.md
terraform,dcca003268f6e1739e7ef61b678363791530d19c,2024-09-05,CHANGELOG.md
terraform,70fcc63c3643317ecc2d6b6a0485d47e7e8a55ea,2024-08-28,CHANGELOG.md
terraform,7fdfc762a2995f880cfc83f8ac6aa2eed0f42130,2024-08-28,CHANGELOG.md
terraform,0cf171ee0f1a93ba374429e879591b2fd959ca9f,2024-08-22,CHANGELOG.md
terraform,e23ff6516fbace2586376cb60ad7d6fbcaf8e287,2024-08-14,CHANGELOG.md
terraform,573802427d227866d1b0d47341d7e42d94f57625,2024-08-14,CHANGELOG.md
terraform,1d770d605e5071a80ee51bc23312e7542e3976b7,2024-08-12,CHANGELOG.md
terraform,438a683f5567e4bb4dfce1f9cf57ed0df19fd84b,2024-08-09,CHANGELOG.md
terraform,6d4436d35521c12855d1a1ee818f20570a8ae079,2024-08-07,CHANGELOG.md
terraform,a3522cb168fd70849a813768b5e771800618d64c,2024-08-07,CHANGELOG.md
terraform,61a6e12863e63d2fa6e6b256d44cc38e40515e9f,2024-08-06,CHANGELOG.md
terraform,a2a8b74f2abf7f37c4a73604764e805ad0d4a4f7,2024-07-30,CHANGELOG.md
terraform,92574a7811111f6afef4a16c9b72b8bd53e882e1,2024-07-30,CHANGELOG.md
terraform,d14e713c5125ad1d8796ee9e747c732abdf4759d,2024-07-24,CHANGELOG.md
terraform,21d83187bf3e99740d15ba822eda1f20da76a378,2024-07-17,CHANGELOG.md
terraform,ff8aa70281268903b0c76979402c6cf10462fb53,2024-07-17,CHANGELOG.md
terraform,7da9b85930fe541504d94525b5c937ef87493f2b,2024-07-17,CHANGELOG.md
terraform,dbd171412dfeca59ea452d65d987fac700d0b0b8,2024-06-19,CHANGELOG.md
terraform,521c659bfd5b1b6b83680f12ed9317fd865085c6,2024-06-19,CHANGELOG.md
terraform,9ab50f7c95ea02c04860df8c0af7164a062d9628,2024-06-12,CHANGELOG.md
terraform,124169c401264751485e06e127cbb89cd07b6ace,2024-06-12,CHANGELOG.md
terraform,8e4d4663fe37bbae3c0dc1c0bb20b6bcb17b637c,2024-06-06,CHANGELOG.md
terraform,1d1e979e4682349f66ebe7506296e9a41df6adfa,2024-06-06,CHANGELOG.md
terraform,aa680aad84ecef089b3177e39099ba47816fedbe,2024-06-05,CHANGELOG.md
terraform,c823b26eb0b6a95e9ad2c55b1a6aac64d7872382,2024-06-05,CHANGELOG.md
terraform,a73e4e658648e0d507e89c4cd389a2af5edf9395,2024-05-31,CHANGELOG.md
terraform,cdf88b30cc944b2ea5800c345737aaca7754876d,2024-05-31,CHANGELOG.md
terraform,c1e9ddc9111faceebe98794d28edf4810e1b7b51,2024-05-28,CHANGELOG.md
terraform,0631c95acad7edeca4d747907ce271ca481628bd,2024-05-28,CHANGELOG.md
terraform,4c92917ba3c94974478c35ad9a0c6e007e12ae33,2024-05-24,CHANGELOG.md
terraform,75950a4681ec9ac37c9af2d90660247e848555a1,2024-05-23,CHANGELOG.md
terraform,0101cf50dbfa7cceaadaa1ddbd4916205e5f7e04,2024-05-22,CHANGELOG.md
terraform,8e5f2bdd6a1ea2231f3eec19c80527eb9fb5064f,2024-05-22,CHANGELOG.md
terraform,c61201dd10783be70480b7159faba1ba94051f36,2024-05-21,CHANGELOG.md
terraform,69991ff41feaa0db6711b20b6d2ec18b148c56aa,2024-05-20,CHANGELOG.md
terraform,43ba8a147c638dd8338e14f4b0c16060a032ff1e,2024-05-16,CHANGELOG.md
terraform,d346432dd0dd6f20dcd4ce0645e0f16ca2c31cb7,2024-05-16,CHANGELOG.md
terraform,94ab59c5b6bd70ce702fc3bc9937e6fcb7c5b370,2024-05-16,CHANGELOG.md
terraform,619c5f172044a89c121e15ba6f772ea5e71e7c9e,2024-05-16,CHANGELOG.md
terraform,5956767627c78597e665765f793ee9de01acfd57,2024-05-16,CHANGELOG.md
terraform,02b267edd03d43f08aa6ca41ccc1196cc201d79b,2024-05-10,CHANGELOG.md
terraform,f764c071c599e233c1a0784270121c186c0e6719,2024-05-08,CHANGELOG.md
terraform,d287ea43b5b1b8bc9f484423f33d23dc374fd2e3,2024-05-02,CHANGELOG.md
terraform,6e6f5502a7e193a307df95609756aa013e5df97f,2024-05-01,CHANGELOG.md
terraform,bf0a6ed41cab4ad0f3f5ba492dd43951633997dc,2024-04-29,CHANGELOG.md
terraform,2a035cd8a52c328a916c33d8732a22d4c70e08b1,2024-04-29,CHANGELOG.md
terraform,015f795ff09d409696c819ae03841ecc946641e1,2024-04-23,.github/CONTRIBUTING.md
terraform,1b5966dd507b813101de6dfd46a5c4a51d43147d,2024-04-19,.github/CONTRIBUTING.md
terraform,2b6af4a722891d0509397586bc2c577af0cfde66,2024-04-18,CHANGELOG.md
terraform,f1fb26e480daedd21c4dabdc962f15bc6843b1b6,2024-04-17,CHANGELOG.md
terraform,b1a40a1a6551b56d0d113367199af7ab31dc7092,2024-04-10,CHANGELOG.md
terraform,d8f22d3c5460de66a3e285ec7ec00047c9fc900a,2024-04-05,CHANGELOG.md
terraform,06540ade3d0fb5981c05e5b528f17a9ee4622be4,2024-04-04,CHANGELOG.md
terraform,8ded77270bf89c3bf778ee612d951a53f108e97b,2024-04-04,CHANGELOG.md
terraform,63dac92426348e731b83e31b77599f04b2686048,2024-03-26,CHANGELOG.md
terraform,a2a982206c987b22bc76fa0b41e41d6c61ac7c15,2024-03-13,CHANGELOG.md
terraform,b3b5144834a375bcef392c556cbedea5f73d634c,2024-03-13,CHANGELOG.md
terraform,89b01e9f726c4ac1742bf54af2973ac50f4c7343,2024-03-11,CHANGELOG.md
terraform,ce287a34d9ea883d1a3a9fcb615880bf44d8c3e1,2024-03-06,CHANGELOG.md
terraform,33bf5203b8e455b0bd041eda58eb7d8e229169be,2024-03-01,CHANGELOG.md
terraform,c4db01765886f63679d00c33a5af94deb79af560,2024-02-29,CHANGELOG.md
terraform,78d89718d5d726da74c13be1d4b7bd13ab6fbfc4,2024-02-29,CHANGELOG.md
terraform,9b57a43bdecd4cd7e6787e02387d4736e9b14c52,2024-02-28,CHANGELOG.md
terraform,dde743c436444c217bacf8c16d2bd65ce81aa7f1,2024-02-28,CHANGELOG.md
terraform,26dc2e0e881ffcedd2c8e2e4178233c6d14dc4ff,2024-02-28,CHANGELOG.md
terraform,0c1f7b3900671641436819cc0858c2159d4ecc9a,2024-02-28,CHANGELOG.md
terraform,1ef7844e34d9a94c4276aaad6deabac2f870ee4e,2024-02-28,CHANGELOG.md
terraform,94ba52fc9e5b6b9df722101f8b402482880d0a67,2024-02-28,CHANGELOG.md
terraform,9c66eb6e10893903506d0909160b873eea35118a,2024-02-27,CHANGELOG.md
terraform,2714e5c91b5dca4716d97e70a73159a1d67908c4,2024-02-27,CHANGELOG.md
terraform,54866790ca4c13256c08e8cf650a70358e7438d5,2024-02-23,CHANGELOG.md
terraform,942cb29ebc11c11abc969848a128072cdd4ef368,2024-02-23,CHANGELOG.md
terraform,6e00b767bc4821aa62cc02e6a631334c046c1c14,2024-02-22,CHANGELOG.md
terraform,b55c47896ce14a7b60cd047e579ff8893a482766,2024-02-22,CHANGELOG.md
terraform,b0466c74684818c8787a29bc7d1b24717f89c433,2024-02-20,CHANGELOG.md
terraform,0d1ce55032f7e5876931a6a001fb81ee9caac8f6,2024-02-16,CHANGELOG.md
terraform,0139194fe84d5703b357468e804c3f86daff919a,2024-02-16,CHANGELOG.md
terraform,7df7998458270070a2465bef25e163218a1f07f1,2024-02-16,CHANGELOG.md
terraform,67d5d8f79fe5eb5f5bfb6c7c7893470fb20d4f35,2024-02-15,CHANGELOG.md
terraform,0d712f99df5210d1effba293e826e32b06cf19e4,2024-02-14,CHANGELOG.md
terraform,e0ae18505c64aba9b5a2b8ebf6685e636af3c073,2024-02-09,CHANGELOG.md
terraform,c01b4a83d55efb34d28189d6a0101e8c0ccc5041,2024-02-09,CHANGELOG.md
terraform,4c0ebfff0775b66d9240050fc9ac08d87ae3be5d,2024-02-08,CHANGELOG.md
terraform,6d7072ccce8ca5add6e0847fe5290190ad7d4e53,2024-02-07,.github/pull_request_template.md
terraform,64cd0da75872bb465dfbf9e01fce35bbfd6f3967,2024-02-06,CHANGELOG.md
terraform,5d06bc80d7a70a13be7ecb9e77539d7f908f8027,2024-02-01,CHANGELOG.md
terraform,992317fe387d48e1c4bf6a9a1fbeecce9bea51e1,2024-02-01,CHANGELOG.md
terraform,f44e743f90d08d519fd656598477e3bf2f754165,2024-01-31,CHANGELOG.md
terraform,12aa74b5ac1b0d3db2badf12f149bb0ab596c714,2024-01-31,CHANGELOG.md
terraform,5ca8f81ac82f42f4f393ddcfab8721fa9f53dfb5,2024-01-31,CHANGELOG.md
terraform,8faa757e20d8df6c458a002c6bd4e1bc26f41581,2024-01-26,CHANGELOG.md
terraform,a9b43f332ea2b8fcf152a74a60af1d3a4a26e5f7,2024-01-24,CHANGELOG.md
terraform,38d7a31b148db3f0f40ff8dd6897e7f1e3fc07ea,2024-01-24,CHANGELOG.md
terraform,8da1c006f9d7f381e644a5f0e2c25094ea29571d,2024-01-15,CHANGELOG.md
terraform,be3aa448a12975685f4ed21e1cf1f44da950f493,2024-01-15,CHANGELOG.md
terraform,a90ba0bfe4aa8a189fdd571e3d964134eacf591e,2023-12-06,LICENSE
terraform,91488b334e230398765438dce7e90b7db9af0dac,2023-12-06,CHANGELOG.md
terraform,c9b1fae1e6b9a45aeec10c7703a5edcddeb1c095,2023-12-04,CHANGELOG.md
terraform,69694381384f1a5167b423c1336ff9cf941a747a,2023-12-04,CHANGELOG.md
terraform,41435f85b39daa12c790bbfd4de3d114b6fc4255,2023-12-01,CHANGELOG.md
terraform,6ee6a2320f5a0d610cf88ae35cacc4685610f99e,2023-11-30,CHANGELOG.md
terraform,56ae99ffe1a17ca59b5d12f081c3317abc5a71f7,2023-11-30,CHANGELOG.md
terraform,047651eb7ca247fa5f8a78e4cc1b612bc25ef2f5,2023-11-30,CHANGELOG.md
terraform,cbfbe51556818a2e9e79768d0c476629d32b7043,2023-11-29,CHANGELOG.md
terraform,d2b911ef988bacff6b780be914d5ede945c4aa94,2023-11-29,CHANGELOG.md
terraform,a718f70f8513f9336e25de8c077c22cfae85481d,2023-11-29,CHANGELOG.md
terraform,ec3bb28d1609167943d7bba088d84479fabb5b22,2023-11-28,CHANGELOG.md
terraform,6701fa9513bf72fa9402a73dfde229de88b31412,2023-11-28,LICENSE
terraform,310242844e8f006d924e3ab9e847a8456909a8b6,2023-11-14,CHANGELOG.md
terraform,099d2aef8c558b53276fd28d977beb941d3c27ce,2023-11-13,CHANGELOG.md
terraform,1b48029825d094415db23c88a6c33fdfd538f0a2,2023-11-08,CHANGELOG.md
terraform,1b48029825d094415db23c88a6c33fdfd538f0a2,2023-11-08,LICENSE
terraform,2b27fd530e49104a084582e0887622cb1f7f294c,2023-11-08,CHANGELOG.md
terraform,2b27fd530e49104a084582e0887622cb1f7f294c,2023-11-08,LICENSE
terraform,c0fc39b71f543064d81f33a69f31a75f5ae0b4ed,2023-11-08,CHANGELOG.md
terraform,7e34ef8b81943a8a614d7aa4f7eb6d417c80205b,2023-11-08,CHANGELOG.md
terraform,8f8b08b89e555f154752cff73a29aaa69b4705f4,2023-11-08,LICENSE
terraform,04aded802539ec6789870d8f09b67c428cfd08cf,2023-11-08,LICENSE
terraform,50202823d915dc0bc10983a448cf50d6305459a8,2023-10-30,CHANGELOG.md
terraform,725752fd4fdc49bf7242fd496e626b3e90c71c5f,2023-10-25,CHANGELOG.md
terraform,725752fd4fdc49bf7242fd496e626b3e90c71c5f,2023-10-25,LICENSE
terraform,d87da9f41da288b4cb5b1fc89cfba0003587ca16,2023-10-25,CHANGELOG.md
terraform,d87da9f41da288b4cb5b1fc89cfba0003587ca16,2023-10-25,LICENSE
terraform,752e5a1b8f67e8b150c42a0a204a7fea7d87f0a7,2023-10-24,CHANGELOG.md
terraform,3b2ce5d92acd87719cab28986b3e378897c19f1d,2023-10-16,CHANGELOG.md
terraform,24ac53904de44777df705c09e82f16a21df5a56a,2023-10-12,CHANGELOG.md
terraform,364995d216b0d560299cba7f4caf83420026e139,2023-09-11,.github/CONTRIBUTING.md
terraform,95a5de0561538dfda87f170e8f5e19d51c7c2a50,2023-09-11,.github/CONTRIBUTING.md
terraform,5867c4124e39165c5d13337d5a7c05a67e826cae,2023-08-31,CHANGELOG.md
terraform,eba6e4b8e29f3dc09eb04b380bc26f302590852c,2023-08-31,CHANGELOG.md
terraform,eba6e4b8e29f3dc09eb04b380bc26f302590852c,2023-08-31,LICENSE
terraform,400f6ee3f0ef2dfabfd6069b63a5063234bb9a77,2023-08-30,CHANGELOG.md
terraform,117f700d7d55c34bdc2c76b516dd18ab75384ae6,2023-08-30,CHANGELOG.md
terraform,5b7222ed5a957f2a18b73c26a39c3b31a828bc2f,2023-08-30,CHANGELOG.md
terraform,f15a43faa59adfbeb5447057c4a8d05d3cbb91db,2023-08-30,CHANGELOG.md
terraform,b47201de73ab9d1b47bdb137a08eb78e32f948d3,2023-08-30,CHANGELOG.md
terraform,a02c7cec536ced84f4e732e712b09eab3d81123d,2023-08-30,CHANGELOG.md
terraform,c1a2d94efdb8dc68378cbafa2791b68918ae34b2,2023-08-30,CHANGELOG.md
terraform,10030325083d3f92b2493440ce161646679317e0,2023-08-30,CHANGELOG.md
terraform,91c30fe7136698ddb2170f72d6dd1564970fbe97,2023-08-30,.github/CONTRIBUTING.md
terraform,91c30fe7136698ddb2170f72d6dd1564970fbe97,2023-08-30,CHANGELOG.md
terraform,1c3e25b0fda77460c40387f5ebe10c59893a7d11,2023-08-30,CHANGELOG.md
terraform,334cbb8c648163b1f973e19436e97aa02de0886d,2023-08-29,.github/CONTRIBUTING.md
terraform,90813b293faff7b9383a265e41bccd584622f702,2023-08-29,.github/CONTRIBUTING.md
terraform,c761efb7e25b0ae182b9dc992b1fefaceb726208,2023-08-28,CHANGELOG.md
terraform,117e38d9857ebe64dda72ce798a2ce6adfefd172,2023-08-25,CHANGELOG.md
terraform,8dbfb6b2fa7063f711d6fad2767da8954a56620e,2023-08-25,CHANGELOG.md
terraform,93b7199f5ea058dbd99b2e0b9fe8422c06a7f6c5,2023-08-23,CHANGELOG.md
terraform,6817ecf648e4667fb6cfb37a988c2295f0512ef8,2023-08-22,CHANGELOG.md
terraform,62cc16a48eefbce868baa62e65d793e2ce5339b5,2023-08-21,CHANGELOG.md
terraform,3fdfb4e19a5ed74eccac2cf89958f20bdc93d89e,2023-08-21,CHANGELOG.md
terraform,6e20e0b6b866bddddcea0a6064b48c7403fecc6a,2023-08-21,CHANGELOG.md
terraform,8402b97baf0cb137854e9a46575c2c7ff71181cd,2023-08-16,CHANGELOG.md
terraform,8402b97baf0cb137854e9a46575c2c7ff71181cd,2023-08-16,LICENSE
terraform,dd8ab0be17a43d6e1a5cad2152c1b62b9ceaef45,2023-08-16,CHANGELOG.md
terraform,dd8ab0be17a43d6e1a5cad2152c1b62b9ceaef45,2023-08-16,LICENSE
terraform,0706867dac319b5c434016727a9843768d9406ed,2023-08-16,LICENSE
terraform,cab9299f3b749b0d93ea8bcddf79dd907afaed77,2023-08-11,README.md
terraform,b145fbcaadf0fa7d0e7040eac641d9aef2a26433,2023-08-10,LICENSE
terraform,c9a7b7f082551da9ea2b18a326009573487d60d0,2023-08-02,CHANGELOG.md
terraform,6ec59e6ceff8ad1ca9013be89904ee860378798a,2023-08-02,CHANGELOG.md
terraform,8c757c65fbbb95c4c918eee511936ebbb87e437a,2023-08-02,CHANGELOG.md
terraform,fa977f684c4080df3d4fe9d2b9c7979e1397a745,2023-08-02,CHANGELOG.md
terraform,d7e07e66fc0bda7db526e867b230dea8018b496a,2023-08-01,CHANGELOG.md
terraform,76b504f6d7393d47573fe7a24dea0a6fb115ad0c,2023-07-27,CHANGELOG.md
terraform,e69152ab044696793329ea20e95858236d8c5e68,2023-07-26,CHANGELOG.md
terraform,6a8f10c1fa334a460f89524676ac66e3b7aef350,2023-07-26,CHANGELOG.md
terraform,c91f91cc9e5049931782f65df1dfbf3860014fd2,2023-07-20,CHANGELOG.md
terraform,4b2b34929de1f93f02804fddf2432984c62d1514,2023-07-19,CHANGELOG.md
terraform,4d0966c7806e456f2c49114f96a6fb64e1b04d3d,2023-07-19,CHANGELOG.md
terraform,72135c462b52c5a6568e98b118a206bbdf821c9e,2023-07-19,CHANGELOG.md
terraform,1e2a6be6895560d58e7af6aa433942a65f4b9b87,2023-07-17,BUILDING.md
terraform,16ae079c223538db89599e047d7e8a15aa4929ec,2023-07-17,BUILDING.md
terraform,f2b34c5f953d7888a425e60f09ec417ac462f9b3,2023-06-28,CHANGELOG.md
terraform,5ed38eb3fa6d44f167a48cea80a1bf2941011e3e,2023-06-19,CHANGELOG.md
terraform,8f6fd86ed8b01ad3ba143f1808fd8c92b6ccba27,2023-06-14,CHANGELOG.md
terraform,bc216caa65e0ca5e07dbfbbe5833790562091a5d,2023-05-24,CHANGELOG.md
terraform,048cc65787841187f9281c8fca8fd586ddc60289,2023-05-19,.github/pull_request_template.md
terraform,13cb0d03c7d6cca7b22966428c6032ab1ac4c574,2023-05-15,CHANGELOG.md
terraform,dc3d37c2b7c71de6671d9395c64a0d1e5c980c79,2023-05-12,CHANGELOG.md
terraform,320539922a49696dcd9fcbee27e39d96d63c50e1,2023-05-05,CHANGELOG.md
terraform,9e095b2f65229f325812cb93a1c1247388be57ac,2023-05-04,CHANGELOG.md
terraform,1a41519946205e9bdaa18302760d591dd591f816,2023-05-04,CHANGELOG.md
terraform,b3a49a2fa7e8560a1566dcbe95291787039a8a48,2023-04-28,CHANGELOG.md
terraform,324c82b07713635e35182375c43b3ead67bbd524,2023-04-21,CHANGELOG.md
terraform,5275392303cc1197d43cad10da131d8abbfb80d0,2023-04-21,CHANGELOG.md
terraform,9b31ae9a9cce41366347af78900089792c705d2f,2023-04-05,CHANGELOG.md
terraform,0540203085663ceefc4faec0009cc39473f3c975,2023-04-05,CHANGELOG.md
terraform,61e89c84d5dd3396308c3d4642025f96636756dc,2023-03-06,CHANGELOG.md
terraform,6ab3faf5f65a90ae1e5bd0625fa9e83c0b34c5e1,2023-02-17,CHANGELOG.md
terraform,71774c2a37d5e2125d79246bce388128d138077c,2023-02-14,CHANGELOG.md
terraform,74233ba7e0e8562e4f8ab55f3a9a716386409c6c,2023-02-09,CHANGELOG.md
terraform,afcbff193bddf4b2611043a349a57915ce77b1c0,2023-02-08,CHANGELOG.md
terraform,7ab4e6fe2d583acea387e110e816794570a2dbf0,2023-02-07,CHANGELOG.md
terraform,896f806550f8cb6b027a67f17dd9bac8b4e2ec7c,2023-02-07,CHANGELOG.md
terraform,5264510c7919520da32c0dc974be33d7ed1a4695,2023-02-07,CHANGELOG.md
terraform,81a4e5ae447ec103449152a132b95f2501bd7308,2023-01-31,CHANGELOG.md
terraform,85eb978f926c0a6141c01c41dfd6a126e8328e4c,2023-01-31,CHANGELOG.md
terraform,f3a6985760bb5d8afaf23b8f61e922f88b09caee,2023-01-26,CHANGELOG.md
terraform,7d2afaa2afbc3f6f2e63f428cdd53eccf31b6d16,2023-01-25,CHANGELOG.md
terraform,6c5805d5603e213f9123427e4690e385a5ef4230,2023-01-25,CHANGELOG.md
terraform,29b8a07105ced8cc11d9f86ca88a07ae779a80b8,2023-01-25,CHANGELOG.md
terraform,7a019fa7673d851de49b74c6fc26d385fe8f64b5,2023-01-18,CHANGELOG.md
terraform,6e2a7496c48ef00df8ac57a88f272af85fd8361a,2023-01-04,CHANGELOG.md
terraform,49a0eb5ed83b4678d56b1ca7e7506cb7dc86079c,2022-12-16,CHANGELOG.md
terraform,5605f20686cd65e23c1a1f75238291a51feab235,2022-12-16,CHANGELOG.md
terraform,a9230c9e7582c353c224cf0f4832d472ce042c0d,2022-12-12,CHANGELOG.md
terraform,cf0cdf680cfe42ca10a3992581dd6023ee65ff1c,2022-12-07,CHANGELOG.md
terraform,d26e79c0d3312bda531c9bf821a6a7083325796d,2022-12-07,CHANGELOG.md
terraform,e0b226a3b80ce750338164b77a30ced211e0b1da,2022-12-05,CHANGELOG.md
terraform,07e2d56050f2c7d83635f5d8aad4be016b087965,2022-12-01,CHANGELOG.md
terraform,e216b8180fb4774e3e17d67db0f3f90d09465ca6,2022-11-30,CHANGELOG.md
terraform,e039a012c220c74951c6d3548536fa3a1698e9fc,2022-11-30,CHANGELOG.md
terraform,0ae6efff9dbdcc64b4c27976b3bf98497d8e487d,2022-11-21,CHANGELOG.md
terraform,c0964438d6a781cf383f38f19dd79b369db722ae,2022-11-21,CHANGELOG.md
terraform,988e779295f0c2c5328ea04877620fd6a47388a3,2022-11-21,CHANGELOG.md
terraform,069cc3eec9ca1cac1b060544bb011b8e8794d0ec,2022-11-15,CHANGELOG.md
terraform,9add90c2561cc7a8fd90521bc27bedf3fd35e52c,2022-11-09,CHANGELOG.md
terraform,1734e17ccef0d65b5d71a8da1855e440ce8a3cfa,2022-11-04,CHANGELOG.md
terraform,543a30283fcb0ff2d63b50c1f33422cb006588c3,2022-11-02,CHANGELOG.md
terraform,0170ed606cdfbca38577ebebe21d524f77f07906,2022-11-02,CHANGELOG.md
terraform,74e6bf08f1d341ecb747081817a224da43da4689,2022-10-28,CHANGELOG.md
terraform,3b8e97c38cf1587e4185f1144c7cdb184a03f1ff,2022-10-28,.github/CONTRIBUTING.md
terraform,dcee05d198de6d992057b7ca7556a36f37c35a41,2022-10-12,LICENSE
terraform,73c39944558996ad216c05e17618f0d8c2966944,2022-10-11,CHANGELOG.md
terraform,65b531c416cd0a37a3fa4da243dad1520b91eb48,2022-10-04,CHANGELOG.md
terraform,0803ea3f4a28884686b9d4e4c236e6cea469af84,2022-09-30,CHANGELOG.md
terraform,62d22a9406dc2f6c093f8c3d84ab714120500c69,2022-09-29,CHANGELOG.md
terraform,3ff89c9cec3e9b30318939729aba87578e1f58e2,2022-09-22,.github/pull_request_template.md
terraform,99fcb747e994844bff020180d2a54018ebfbd3a6,2022-09-19,.github/pull_request_template.md
terraform,6c75e5468178dde841c6301d3bab6f091cca06e9,2022-09-19,.github/pull_request_template.md
terraform,b8bc1dd721e3f80de3e6e1c75f4f964dd39d0b0f,2022-08-31,CHANGELOG.md
terraform,6ac24d8002daf385720f6159c7ebbba8b4a62b5c,2022-08-31,CHANGELOG.md
terraform,a9155e9cfedfcb744a430a63a8b1c43ce0bb32ad,2022-08-31,CHANGELOG.md
terraform,3dbf5cc6239430393e962537d8b1ccdc7d3003ac,2022-08-31,CHANGELOG.md
terraform,477f7fe9a9267f270930d43b61386c910dc81bd9,2022-08-30,CHANGELOG.md
terraform,e80f29df94b37c333e4ead8d78eabb2336973bcd,2022-08-29,CHANGELOG.md
terraform,101d0d91afabffcac68836211bb6c9fb4fae091a,2022-08-25,CHANGELOG.md
terraform,f8669d235174ebdaf503d1cd400e22eb51c74c3b,2022-08-25,CHANGELOG.md
terraform,07225e0a61c6b097431e736c5bb910bca5674096,2022-08-22,CHANGELOG.md
terraform,8562f8a74436eca4c49303e1471ab25d5b5164ec,2022-08-18,CHANGELOG.md
terraform,61b7f836161777e89cad901001c5b70010d97aa1,2022-08-17,CHANGELOG.md
terraform,473334cded3a7a5fb67a29d3fa0e1df6f33dcc12,2022-08-16,CHANGELOG.md
terraform,f79e912a81644201e807fa37e68d06b27e7c86c3,2022-08-12,CHANGELOG.md
terraform,9a2b5ceb5987dc08f85a3f3fa85339b84031f9d7,2022-08-10,CHANGELOG.md
terraform,20b1532ba6d131649bcb718c0ea9e77b6da9322e,2022-08-05,CHANGELOG.md
terraform,08e958d25880aff323fd85578419122b117f422a,2022-08-03,CHANGELOG.md
terraform,8154a777deb1c830d76107df70d4789b7e7acbc8,2022-08-03,CHANGELOG.md
terraform,ed1d856bdb791273baf56f9abbd7e12e26a39922,2022-07-29,CHANGELOG.md
terraform,038f3c762f4c96df333c205531568a69abec52a0,2022-07-29,CHANGELOG.md
terraform,5da30c2b65265c9c7ac7580a1295e87715ebb568,2022-07-22,CHANGELOG.md
terraform,d64e6dfa09d90d90d7e0237c9f065be009d533ea,2022-07-15,CHANGELOG.md
terraform,c4a65f83817d1f92562c530a28e8ce2f86362ef2,2022-07-14,CHANGELOG.md
terraform,04e1fa088e94f4605f815bbce35a2e87a7460e90,2022-07-12,CHANGELOG.md
terraform,410daca6680217630b2517cf993e64b4b9c9bfa7,2022-07-06,CHANGELOG.md
terraform,9cfe1a5ce80e9e3885c9e31d737db7a74fca39d6,2022-07-06,CHANGELOG.md
terraform,7ed6e87dddc002f2c409971976d526e2f4b857fc,2022-07-01,CHANGELOG.md
terraform,4153dac8dfc03196602b8958b77fa39d220688cc,2022-06-27,README.md
terraform,e76ad76c5b891b0656c304cd71c6ead267cd683a,2022-06-27,README.md
terraform,fd2c8fe7646b8d0674017aed5de9517f8d91c817,2022-06-27,README.md
terraform,809be0b0d9babdf17dbdb5112ded45a5c81b40b0,2022-06-27,README.md
terraform,9cb3a6a56b506243b2436a40de013d3164e9cb60,2022-06-27,README.md
terraform,24afacdada5306bc81273c88c634a1e6f7db513c,2022-06-27,README.md
terraform,126e49381811667c458915d4405c535ff139c398,2022-06-23,CHANGELOG.md
terraform,093abf56770f9c01b32fbf5fea284307212c1bfa,2022-06-22,CHANGELOG.md
terraform,fd45fb969c59d0c133b7a82345788675c293b155,2022-06-17,CHANGELOG.md
terraform,31758c36617f48dab67c9d9b9e4473701656a1dd,2022-06-17,CHANGELOG.md
terraform,401e28c7c269adecee35b2a921f8146d37ebc531,2022-06-08,README.md
terraform,a20e1609c62e64fdf93bfd8de8aa0063ecdb5768,2022-06-08,README.md
terraform,da14009ef05bc887669249298acadf5abb8bcf8a,2022-06-08,CHANGELOG.md
terraform,6c3d50e37fbe9e05c70e79a52ebedab393e03342,2022-06-06,CHANGELOG.md
terraform,472df9686f2c043e0f4f0a4a2b75891b79d97df0,2022-06-02,CHANGELOG.md
terraform,229789f60f0486289b8cdbaedb3e1cb13b475dc7,2022-06-01,CHANGELOG.md
terraform,f341c35819630a2ff0395f15bb61a906011bc88c,2022-06-01,CHANGELOG.md
terraform,8e84674fa6adec8b6ef6c869cbf1ee8b2d13c4d9,2022-05-20,CHANGELOG.md
terraform,1846a4752ee8056affad16c583b3072bc55feebd,2022-05-11,CHANGELOG.md
terraform,283914b79cad8ac107927043277895158ae77439,2022-05-09,CHANGELOG.md
terraform,7e37d486dd960de607b7d0a836c73251aa981049,2022-04-28,CHANGELOG.md
terraform,207e5680109dee6b4450e1c345670d49dcbb754f,2022-04-27,CHANGELOG.md
terraform,7a9746e835b9599e7f7ee18547d92a884822f298,2022-04-27,CHANGELOG.md
terraform,6956a06d63756b04c314d2a9666cdd278e646a79,2022-04-27,CHANGELOG.md
terraform,20ba58e82896017d8d7a068f00ced5be9fc75ebd,2022-04-26,CHANGELOG.md
terraform,c7bdd28e4c2ecc8bbcf5795108d925e909485c15,2022-04-26,CHANGELOG.md
terraform,983e40bf4a27ce4a0c89a62a152bc8fec5476fa3,2022-04-25,CHANGELOG.md
terraform,465832f1e32ebd551692dedc4eb870268ee97042,2022-04-25,CHANGELOG.md
terraform,955dd6b7800d943cd3511c4c22aa01bf16854d6a,2022-04-22,CHANGELOG.md
terraform,f63ef2b5ef0b44fe677d02f598d6610b7c880385,2022-04-20,CHANGELOG.md
terraform,eb2724d37f4d4b7c055518a7358802e419337661,2022-04-20,CHANGELOG.md
terraform,0028a26cf81d6b9d7c036407426469597c017a02,2022-04-20,CHANGELOG.md
terraform,3a7263990d283e5166e847389ea9d1929d9c8880,2022-04-15,CHANGELOG.md
terraform,dc9940332537d56b4d620cab536f574983618333,2022-04-15,CHANGELOG.md
terraform,ad15263cf74fa6481ffb9a8befe47ba69a4263c5,2022-04-14,CHANGELOG.md
terraform,ad86e5a06f45425421145ec974d7106c0a143ed9,2022-04-14,CHANGELOG.md
terraform,7f84fd7308f8b1e9af09724d7ae48ce00c530a0c,2022-04-13,CHANGELOG.md
terraform,58b563e44016bc15111215b3550df84c459a05bc,2022-04-01,CHANGELOG.md
terraform,52995ae4686a715817f288f82ce19c0eee40e91a,2022-03-31,CHANGELOG.md
terraform,d3e7c5e8a9162617f9cc12ccd005347978825d02,2022-03-30,CHANGELOG.md
terraform,7af879f6806caa638a598f16705c6ac8fdd29dc7,2022-03-30,CHANGELOG.md
terraform,9ba701fb1e7de352a0d95524ca2a6ebb188bf72e,2022-03-28,CHANGELOG.md
terraform,8ee0ba12f93db90f36948a3a9f4c8eea26e7ea8c,2022-03-25,CHANGELOG.md
terraform,28fa6f45155e66ddaae568aeb576877dd03f9bc2,2022-03-25,CHANGELOG.md
terraform,c1ed0fa0b147c086323568857b21cc053f833d08,2022-03-25,CHANGELOG.md
terraform,d9186fa9f8541887c2b694a3cc7486202d220ba2,2022-03-25,CHANGELOG.md
terraform,4dd45e6bfa286ddecfe6042878e7d2dee585679f,2022-03-18,CHANGELOG.md
terraform,83d4265b6cc2569304eb193fc500e571e686a8bc,2022-03-17,CHANGELOG.md
terraform,2aa1613c1915a984adbbc7a9950105f05ea9c600,2022-03-10,CHANGELOG.md
terraform,e75bcdc01627a41d8303e80a8772b1cd9a9f195c,2022-03-07,CHANGELOG.md
terraform,dc63fda44b67300d5161dabcd803426d0d2f468e,2022-02-25,CHANGELOG.md
terraform,2393c48720369df91bf6541e980ea81c82e9f535,2022-02-23,CHANGELOG.md
terraform,7a20c07cb0e4e30b6177cb86401ea1edd192eeea,2022-02-10,CHANGELOG.md
terraform,013170dd1b0ec39a76f399589c70bb9bb0e017ff,2022-02-02,CHANGELOG.md
terraform,dabd7567af2940b424b6521ed3564a0fbef1f7e9,2022-01-10,CHANGELOG.md
terraform,a579ae15b083d782245d6ae359911421808c80ea,2022-01-10,CHANGELOG.md
terraform,ffcb167bce05c4eebc8d1b91f59251c1c210333f,2021-11-24,.github/CONTRIBUTING.md
terraform,ae986ad6066efa19ad9a210a5a250caac23803a3,2021-11-02,README.md
terraform,938c0aeee93e8df5ab97bcaaeb46a3b6e363a8fb,2021-11-02,CHANGELOG.md
terraform,ece80c0fc2f9c9d830b036f735cb94187246dc60,2021-11-02,CHANGELOG.md
terraform,f019fb112ee99604b8e437757b04d7bd5b1e1711,2021-11-02,CHANGELOG.md
terraform,12651c0a81bf5dd94000aaddca57b7bf46ae9a4f,2021-11-01,CHANGELOG.md
terraform,744a231d4c15cfc4394a514820f73c728d4614c0,2021-11-01,CHANGELOG.md
terraform,079aabb70eb95120e2944f8d66bd8f889c4568c9,2021-11-01,CHANGELOG.md
terraform,021137454b6991e06f35a8f5fd35eec4f18c3bcf,2021-11-01,CHANGELOG.md
terraform,4666e930d4c35ff5f65f8bb3853d990d066323e0,2021-10-29,CHANGELOG.md
terraform,5ca21afa7593c0f0c26a0db491c0c3b6ead84b5f,2021-10-23,CHANGELOG.md
terraform,4bb675059daa562414e6c367fe0dbcefe3492765,2021-10-20,CHANGELOG.md
terraform,a1092ecd19171e085d6ade87e124ba8bd61f46a9,2021-10-20,CHANGELOG.md
terraform,3c64b9b6048d5ad68564d708a0aa0e3ab1cc6436,2021-10-14,CHANGELOG.md
terraform,c76f54781a2daa3c87ed496f294a206d93ae8f2a,2021-10-13,CHANGELOG.md
terraform,765bff1dd5dd1f906f959208f8b4d7bb2ca4870d,2021-10-13,CHANGELOG.md
terraform,44764ffdee24e2081f939ca14d1dfab2d2a33418,2021-10-05,README.md
terraform,9e0de1c46483f4bcacbe71b79925dde58408382c,2021-10-01,CHANGELOG.md
terraform,5d620303eb1b6bb6562a634991f5a59bc79902ea,2021-09-23,CHANGELOG.md
terraform,0f76e3a4e1eb1078ec19e17ea5834ea296365f93,2021-09-23,CHANGELOG.md
terraform,d14bbbb6f2a86118015b3de46246e14cdb4977b9,2021-09-22,CHANGELOG.md
terraform,78705f4f109d7c1e23e09658fd44c5b7ebccd85f,2021-09-20,CHANGELOG.md
terraform,4a0b8d1e099c7cde1bdc68f3693f4034022ebd4b,2021-09-08,CHANGELOG.md
terraform,ad634f60a5acbaade1eb8c225564e17ad2267f00,2021-09-08,.github/CONTRIBUTING.md
terraform,5e8806f397eacab529beb22536b5242a4c68eeaf,2021-09-07,CHANGELOG.md
terraform,48859417faec8080ba058638c0dc074df205a625,2021-08-30,CHANGELOG.md
terraform,6562466c32a8750d7a71a6cc6232e6b5a28fe13a,2021-08-27,.github/CONTRIBUTING.md
terraform,d0fc5e52625a00ff0e52c7032ab9d8a39257c093,2021-08-19,CHANGELOG.md
terraform,563141bc594524ada8acc90509583f7f61f5999b,2021-08-17,CHANGELOG.md
terraform,abc762c42d7c5816c2f2658cdf52246edb59d9fe,2021-08-09,.github/CONTRIBUTING.md
terraform,2f152f1139971c6c32b0d4f65aec0a392ba48d68,2021-08-02,CHANGELOG.md
terraform,e291ace3eba069bd75931280c99aadbdc8d3534a,2021-06-30,CHANGELOG.md
terraform,512e4e7f134fc1792a313688079ad7f380866d12,2021-06-28,CHANGELOG.md
terraform,051c5c9d509c7e143163fc24d6aff782e7cbfbbc,2021-06-25,CHANGELOG.md
terraform,4daf798b21fc74d24b9407c420e3244d0003c2ff,2021-06-18,CHANGELOG.md
terraform,af68a1e55aadcd1a90b46824a8bfa3d7af4252e4,2021-06-17,CHANGELOG.md
terraform,191ccfd5abaf2181deacdbdd6f5dba8995949423,2021-06-16,CHANGELOG.md
terraform,adc1321a19405e0a7b8f6bf541d3755ce70b0e31,2021-06-14,CHANGELOG.md
terraform,f60de8cf36a6877a35c9168ccd04dfea0690d093,2021-06-10,README.md
terraform,472d8b535e625215ae03b29c3d296ffd2560526e,2021-06-08,CHANGELOG.md
terraform,ad43b209591e8f669870bbebadf11124eb1c81f2,2021-06-08,CHANGELOG.md
terraform,f9b1bed7f2b9bddcbd1e66198334a5032b7d8ec5,2021-06-08,CHANGELOG.md
terraform,79c61095ee13956e307cb4acc875c68068719ff5,2021-06-03,CHANGELOG.md
terraform,80f01e2cb73749509a688b12b0f1baeb28390995,2021-04-23,CHANGELOG.md
terraform,106bcd3bf088e7309f5245880b995eb0e2f044d6,2021-02-24,.github/CONTRIBUTING.md
terraform,106bcd3bf088e7309f5245880b995eb0e2f044d6,2021-02-24,README.md
terraform,45b795b3fd02d5177666218c3703e26252eeb745,2021-02-24,CHANGELOG.md
terraform,6697245c18dad6848e7647598dda1ab04c2680ca,2021-02-24,CHANGELOG.md
terraform,7597f4791ed34a904b61da8de677ada7755a98b0,2021-02-23,CHANGELOG.md
terraform,62b4d7b92c459ac3544e3a2c788142a1a8c058c0,2021-02-22,CHANGELOG.md
terraform,1de8216a9e5c8d6f04ec3bc591b91db490727fd7,2021-02-22,CHANGELOG.md
terraform,4e345b6d27b28d22a6f465dabd5a182e9b8ee8b5,2021-02-19,CHANGELOG.md
terraform,cbacc53b34dffb7dc928a7a2a9ff6c10a75f360d,2021-02-19,CHANGELOG.md
terraform,6871d0c991f760eead17dddff874427c8a03eecd,2021-02-19,CHANGELOG.md
terraform,9de4f472f6f1f477dc298a51b4a35425325a48ef,2021-02-18,CHANGELOG.md
terraform,1b534eed6b5ee7ad4ba500cfb3872d6141cef539,2021-02-18,CHANGELOG.md
terraform,31387d2a0baa77550683ffb2d6e5e6338ff4075f,2021-02-17,CHANGELOG.md
terraform,d89c8f5dcf8697b437c0c5a4dba54d2caeeb946c,2021-02-17,CHANGELOG.md
terraform,bfe791d0743cc751da1011085dac924e2e901e0b,2021-02-16,CHANGELOG.md
terraform,1bda14667670910df73127c43da02abedbc740fc,2021-02-16,CHANGELOG.md
terraform,6f26203ae47e5c77ba8562cb111220521d55e19a,2021-02-12,CHANGELOG.md
terraform,4ec80fa18d1a4e6df2fce9f708b8fed6653e1d0b,2021-02-05,CHANGELOG.md
terraform,8057f19bb525dac68c8b033f2acfd6c7bace45d5,2021-02-04,CHANGELOG.md
terraform,c8f83e184b67a5f79255b2fffb86524c6c8ef811,2021-02-02,CHANGELOG.md
terraform,cf0943552635e4f533111f35eec11dcaf3c1e8cf,2021-02-01,CHANGELOG.md
terraform,657ae46e27e6b1cf2fed40f9d8cc0ad5f309a8f0,2021-01-27,CHANGELOG.md
terraform,49ee3d3ef8f398fbf1a9c496f6c61466b03250e9,2021-01-26,.github/CONTRIBUTING.md
terraform,fda0f0404cc6dd443d912c46f51262d5ecfcbd1e,2021-01-26,CHANGELOG.md
terraform,a60120477c0ebe37505e5ce00f28cb11edcf11eb,2021-01-22,README.md
terraform,54ebe6a95a9bd54a3f437d6b2c395a88026da942,2021-01-14,CHANGELOG.md
terraform,ef7607df04b7a5ebc596510462e8b6dccd057147,2021-01-14,CHANGELOG.md
terraform,3a50831604fae0ca563b571a70ca9f0fd8bc547c,2021-01-14,CHANGELOG.md
terraform,63efb12ca9f1ed002b85b17b457ce08b4fb0fc49,2021-01-14,CHANGELOG.md
terraform,296c48405bccba1a395a556810e1795829083164,2021-01-13,CHANGELOG.md
terraform,0a086030b17ffaa368bd18b219bd9d2f0e6aeedc,2021-01-13,CHANGELOG.md
terraform,80ad3924deb7c371ff91b2f4f35d094d4293d17e,2021-01-13,CHANGELOG.md
terraform,c806162ddd6caa6558b3bb3e6127625a9e8c9555,2021-01-11,CHANGELOG.md
terraform,d232da4077a32eb0f62e1735b100677c8e65d74d,2021-01-11,CHANGELOG.md
terraform,7467805cc670cf27706b2c6b692f6926f35605f9,2021-01-11,CHANGELOG.md
terraform,602d13d6215ebeb4e8b251f1fed2194badcaa648,2021-01-07,CHANGELOG.md
terraform,bc46ff545ec5dc41857dd42166565d440f3f55f2,2021-01-07,CHANGELOG.md
terraform,9ac8e3c55e01a2ee3465c9a2522cc0aa8662fb22,2020-12-14,CHANGELOG.md
terraform,cc4b7a10af893d0c4cee035a1363808816ee163c,2020-12-11,CHANGELOG.md
terraform,b831039cf80f410e193465e5b6b51491ad9ce9c9,2020-12-04,CHANGELOG.md
terraform,b8d448de83ea1c522a76ebab060d873d0f8de23e,2020-11-18,CHANGELOG.md
terraform,69c35007155cf92d798f7d664772f1f32fbd8452,2020-11-18,CHANGELOG.md
terraform,c71aa16d4197af813d8581bd66a9084d04ce4351,2020-11-18,CHANGELOG.md
terraform,b7f020bba1a65b0b40b76988765d5de4dce271e5,2020-11-14,CHANGELOG.md
terraform,be263151e776e84688f1b0648084a1a6f280d78a,2020-11-12,CHANGELOG.md
terraform,2d301f1fb353e37173e0c068808fb340bc4f69e7,2020-11-06,CHANGELOG.md
terraform,7e212cd02f12d3d032cac299162ff1952ca9c37c,2020-11-05,CHANGELOG.md
terraform,ced68fc44677a7f629eae1cd93f16f3dd679374d,2020-10-29,CHANGELOG.md
terraform,35dfac799eecd46624e7c56af5d3b838b02e1836,2020-10-28,CHANGELOG.md
terraform,2b73a2c0807d71c5968bb95c8b68f05bf36cbb49,2020-10-26,CHANGELOG.md
terraform,d203401318be2af679d43e4f2677518cbb568f81,2020-10-26,CHANGELOG.md
terraform,bc769aeb7ccad4d20e804cb773fcede5260331e3,2020-10-21,CHANGELOG.md
terraform,24edf66c01e8e5f1430bc200a002e4b12413c6fc,2020-10-19,CHANGELOG.md
terraform,e6d42ec4b356676a5e107c1e4cebea87996310ca,2020-10-19,CHANGELOG.md
terraform,31033001a8e8af6a81ac1e41c3049f57665605d9,2020-10-15,CHANGELOG.md
terraform,0671bc7eabdf871b3acd075f81374d26b79ddacf,2020-10-15,CHANGELOG.md
terraform,dc48450e79735f4c8ce68ef79a82f52c54feeb1b,2020-10-14,.github/CONTRIBUTING.md
terraform,af20a769bebb7b083adf85d16963cdf5437624be,2020-10-12,CHANGELOG.md
terraform,18d59d768fc823e13bd8f3becf47373dd721bdd6,2020-10-12,CHANGELOG.md
terraform,96f0ac1f4390be7111def51607e3eedccfdaf48b,2020-10-09,CHANGELOG.md
terraform,803dd7fca2cc2a07ac015eb38734a78e09a32170,2020-10-07,CHANGELOG.md
terraform,b723dd177955f5adc4b963457900227baf26d971,2020-10-06,CHANGELOG.md
terraform,6281d4d420303b2a48f0924f505dd6a74b74e901,2020-10-06,CHANGELOG.md
terraform,cda405c855dcdd816f2802ff551cc2f04acd78bf,2020-10-05,CHANGELOG.md
terraform,fd4497d48dea4c93b31acb3f92d3e829496e8258,2020-10-05,CHANGELOG.md
terraform,367c82c5ae36ef0da252dfc07aa04568345041bb,2020-10-05,CHANGELOG.md
terraform,9c2556b5ad8aaf389daef90aa96a87706affcc01,2020-10-01,CHANGELOG.md
terraform,ef95cf482b5ccd41e334d23c98582076998f81e4,2020-09-30,CHANGELOG.md
terraform,b0f58479c503434f4540f7219c61cbc66f15ec06,2020-09-30,CHANGELOG.md
terraform,db9a9ed5a5be24f103823918891d66a4c2bed473,2020-09-29,CHANGELOG.md
terraform,d2247294c7eb43d65e168f8c2e9123dc5d55c157,2020-09-28,CHANGELOG.md
terraform,c05127c2895d003c62d1ed8d76356a1d07682037,2020-09-28,CHANGELOG.md
terraform,8af2120e1b110587e444354789085b746419cf05,2020-09-25,README.md
terraform,532d68d2ed7c1c572408daebb25df75cf34c37c3,2020-09-24,CHANGELOG.md
terraform,0b632c872ede5d5e27157c3d68767343e0b46305,2020-09-24,CHANGELOG.md
terraform,390a3c1102620a9d3149f6698e3ecd0baf773c3f,2020-09-24,CHANGELOG.md
terraform,50e547db4dc9c9c3a2f112ff430eb736ddfca3c4,2020-09-23,.github/CONTRIBUTING.md
terraform,f4a36d8939463b81c2ec36cf4e2cde963dd59332,2020-09-23,CHANGELOG.md
terraform,bd5aeb3d452877138276d8474e2c2f02d3cb03ad,2020-09-23,CHANGELOG.md
terraform,1510a33d2ab6d1409ec13c992a85afd7724e46b5,2020-09-23,CHANGELOG.md
terraform,87676358e71eef21480bb5fb8d81feac54dccf4c,2020-09-22,CHANGELOG.md
terraform,48bedb0321b2ae7c3929f956102bb2a5384d0f15,2020-09-22,CHANGELOG.md
terraform,7222bad59cc0436186ad0285a2f68e1e66f6e3d4,2020-09-22,CHANGELOG.md
terraform,72aea4bc640aa40f45553022aed7a5fb1249bff9,2020-09-18,CHANGELOG.md
terraform,150702c1006218c176c1c86c16f3da50a72e9dc1,2020-09-16,CHANGELOG.md
terraform,7b2f66c40391cb0f293751e44c6a9805914f25f7,2020-09-15,CHANGELOG.md
terraform,b3958877754fb5341016105d24293d77c9ab4044,2020-09-15,CHANGELOG.md
terraform,b9a77fb214578d71fa7af67de9d7fd6b9bade839,2020-09-14,CHANGELOG.md
terraform,36ae9647fc95150321d2c0e43e1ba0db3463e989,2020-09-11,CHANGELOG.md
terraform,1b1b17d7c7d96554cec6be4b4c72baa6445067ca,2020-09-11,CHANGELOG.md
terraform,31917ed59ebf5ef459884c3fdfd38205074fa9a8,2020-09-10,CHANGELOG.md
terraform,f7e6e83a17cec77b105c7161dd72594d07357190,2020-09-10,CHANGELOG.md
terraform,740ac873c9f3a7a964102759f40e60aa4f324a07,2020-09-10,CHANGELOG.md
terraform,2de6698be63ad6545fb502397ffd1993ced462fb,2020-09-08,CHANGELOG.md
terraform,8f9671b093974160a27d39a234908fe26f0c8b85,2020-09-04,CHANGELOG.md
terraform,79e35941f50dadf015cc0ef7ad2b35046ea5e658,2020-09-03,CHANGELOG.md
terraform,9fba422592fcd733b76ebcd5ddd309f9b0ca7131,2020-09-03,CHANGELOG.md
terraform,cd1a6f09df713a368ff4f46ce2b456f4b5f5e0a7,2020-09-02,CHANGELOG.md
terraform,42835119d4ba0dc2832a131711d7975cfbe8fc70,2020-09-02,CHANGELOG.md
terraform,01ed00f32a38820fd11ccb08fbb85c30f2210c90,2020-09-02,CHANGELOG.md
terraform,503fd1ca06a6a66cb835a8a033f550c347aac3aa,2020-09-02,CHANGELOG.md
terraform,19a057226bd29b3fcad2d85060a7d92c83421a7a,2020-09-01,CHANGELOG.md
terraform,12241900d880f8b0c7568881f286dc68e1bc9347,2020-09-01,CHANGELOG.md
terraform,cf5dc8a5a52c49175b5d815d7f64fa0002a46c45,2020-09-01,CHANGELOG.md
terraform,49597c3c21e0362d10c04a9961644ef04a6aead9,2020-08-31,CHANGELOG.md
terraform,27416fba9268fc301b1158cec2186bdf6c31f093,2020-08-28,CHANGELOG.md
terraform,9699479601dead2033b9b52a69852176ed92f1d5,2020-08-26,CHANGELOG.md
terraform,18bdd1a4f0602d07b2863e0f2dbcaaead7f31da3,2020-08-26,CHANGELOG.md
terraform,d29b2627b91176b9c6f0e45a40f81d85add0cabf,2020-08-26,CHANGELOG.md
terraform,af2fb8f5260cd3077a0701a862fc225f2dadd9dd,2020-08-25,CHANGELOG.md
terraform,7eda697978bfb6a8d6cb7aa2d9e558b76571a4ad,2020-08-24,.github/SECURITY.md
terraform,d26ee0ea37a883f4b4d07d4dac55226fb31555dd,2020-08-24,CHANGELOG.md
terraform,9a366b9b625cb1db50462df4473a21a83c2f1f32,2020-08-19,CHANGELOG.md
terraform,d844d02b87e234d3744879108f26b766c2fcc0eb,2020-08-19,CHANGELOG.md
terraform,189f9fa382858028aafb780dfe5f7c50414e3505,2020-08-18,CHANGELOG.md
terraform,6f05430295ab3bf1026ecd242a02f872e41e1a2c,2020-08-18,CHANGELOG.md
terraform,daa112b5660d501368cca0a4193dde85681ef992,2020-08-18,CHANGELOG.md
terraform,27affd06cedff04d5a74c819cd296fa8ecff9e2b,2020-08-17,CHANGELOG.md
terraform,ebd782889201f0e793f2bde77a0995df9dac58f9,2020-08-12,CHANGELOG.md
terraform,31f858e1bbd6107256fe189913ed6818eb6b142e,2020-08-11,CHANGELOG.md
terraform,67ee056c0baade020b9fae29336d31f0a5c75dcc,2020-08-11,CHANGELOG.md
terraform,989b58071fa634f79287096a40369bf5a0c63bbd,2020-08-11,CHANGELOG.md
terraform,3cfe888057e58e45b52001fa0dc2b88d06a31cf2,2020-08-11,CHANGELOG.md
terraform,30142b02e3e2d4191fd62cfcf3416f71b69dd6dd,2020-08-11,CHANGELOG.md
terraform,adf5cde18071ad3221923c8afa96c567f4d7de7b,2020-08-11,CHANGELOG.md
terraform,73fc1c451de1cb1fb7e31438f354295c653e1765,2020-08-10,CHANGELOG.md
terraform,4feec2357e4b02a67a4a87ef8edef5f23abd8ce2,2020-08-10,CHANGELOG.md
terraform,47dc40d229700887f6dc37c224bbcb7715978eff,2020-07-31,CHANGELOG.md
terraform,0684d3761d6eaa4e53d2178b7a703190abfe899d,2020-07-31,CHANGELOG.md
terraform,859e25e0608242c2391cea9d907b075347724db6,2020-07-31,CHANGELOG.md
terraform,fe54d4d45ae801ccb5edab327f13a6149478e77e,2020-07-31,CHANGELOG.md
terraform,7e879e0034dfe58c5449d820aae5729d0c8df46a,2020-07-24,.github/CONTRIBUTING.md
terraform,7204ba4ec2e291e5d8ce6bdef9cb04dd6823621c,2020-07-23,CHANGELOG.md
terraform,5734a0c014f1e8707de4c13a1c2eea4e9f706ea5,2020-07-22,CHANGELOG.md
terraform,2b87a10eb20a2b37d1ff0842b679af143f36113c,2020-07-22,CHANGELOG.md
terraform,cdb25bc735b95f0a243018a0dead7024c50c5ca9,2020-07-21,CHANGELOG.md
terraform,79d74c9ba0753000caafaef11700e10bcedda003,2020-07-17,CHANGELOG.md
terraform,662ea420d68babb0e076e1e15cfb554a2dc60dfe,2020-07-10,CHANGELOG.md
terraform,1c7a8c3e435a29de350996acb221de71fb9889d2,2020-07-09,CHANGELOG.md
terraform,e2d73e78ad8a01dc486b23f90dc9bd1c8a09ba34,2020-07-01,CHANGELOG.md
terraform,ab93bca6c59c204d91f5ded4ced01a8d66cff82c,2020-07-01,CHANGELOG.md
terraform,b47f75b0efb2a73d3192746b022f3f0413c71199,2020-07-01,CHANGELOG.md
terraform,906da0e55005444020a5d4b12f4e18728bac4290,2020-07-01,CHANGELOG.md
terraform,fdab1704cc1373095af1b527b44b4bd03ee1cabd,2020-06-30,CHANGELOG.md
terraform,098428df613a8a916e6d819f5ee810837a311048,2020-06-29,CHANGELOG.md
terraform,98410c3041d17331d25286cd063d96e76c5435cf,2020-06-29,CHANGELOG.md
terraform,be34a0e76fe631eef0354837175c6a467136f349,2020-06-26,CHANGELOG.md
terraform,65ddf2c66496c7dbe2ca79a935f2716f2bb59220,2020-06-26,CHANGELOG.md
terraform,5b9ae35e6764b45a36c01cda69a68b664b5604ff,2020-06-26,CHANGELOG.md
terraform,0331f7627d355ee9c2d861e16086f8676692a3bc,2020-06-25,CHANGELOG.md
terraform,2d0b312ea8c5fc4c040efd9910ea2935f6d6ff4f,2020-06-25,CHANGELOG.md
terraform,256420331224ba4d7df4c916cdb2e6d443068ce6,2020-06-25,CHANGELOG.md
terraform,ad8ff621ff4248ee657dc60fa40f11196c8062ec,2020-06-24,CHANGELOG.md
terraform,9f455bfc55ae693af84372081563e46ee02d1de7,2020-06-24,CHANGELOG.md
terraform,6ef11e9d9e9c8ad6bb9c6e539443fed9ad01a3da,2020-06-24,CHANGELOG.md
terraform,cbe932f88d76fd995ce2251d286740f934097751,2020-06-24,CHANGELOG.md
terraform,43737f2f4f15eec0f1e7594d6fd1366819d069f3,2020-06-22,CHANGELOG.md
terraform,69b94ec149a68b51229e0fed13ef7310d02c3d3d,2020-06-22,CHANGELOG.md
terraform,aefead2207ef7e2aa5dc81a34aedf0cad4c32545,2020-06-18,CHANGELOG.md
terraform,d144c391fabbcdf9343c2524e9ce874301486b40,2020-06-17,CHANGELOG.md
terraform,3e164035b62534869817f435531d0ef14b0b5e0c,2020-06-17,CHANGELOG.md
terraform,3e39d4762a50acf61ef98011caa1ebe6183e7255,2020-06-17,CHANGELOG.md
terraform,4add3a063f0ef86def9386d03d229f9f1ad1e1b7,2020-06-16,CHANGELOG.md
terraform,c31b08999c1c0599673871d1ece34d82423c721b,2020-06-16,CHANGELOG.md
terraform,c2e041a646f283fc94590eed04bd366d13b6d338,2020-06-16,CHANGELOG.md
terraform,bc386234d528747ad244574f72f1fc30a486d5c2,2020-06-12,CHANGELOG.md
terraform,30380bde61a676a6a6ec26f0f940a708546d75fe,2020-06-12,BUILDING.md
terraform,27546809a2a40698739d9d9d7973d7eb1f2f8020,2020-06-12,CHANGELOG.md
terraform,4b5fff271863d3d7c2f07abae10df1234f9816f9,2020-06-12,CHANGELOG.md
terraform,71515130db810138014d6a54efbd590a57619c57,2020-06-11,CHANGELOG.md
terraform,a42ffb46db27afe2a60698785a90c5b795f10287,2020-06-11,CHANGELOG.md
terraform,e5bfa1930ad01afb6aa43e07d3e3b16e30e39a25,2020-06-11,CHANGELOG.md
terraform,abedfd3a0f33a22542ddb96e84fede5bf3649187,2020-06-10,CHANGELOG.md
terraform,299aa31b43f07ff7f55736b717123611d1a0ef5f,2020-06-09,CHANGELOG.md
terraform,f2beafd34849f41f69c0035d625ce8bbfd64fd83,2020-06-08,CHANGELOG.md
terraform,b829de086f2aa1ba8f503841336c7faa105c112d,2020-06-08,CHANGELOG.md
terraform,fdfe7e5cb7196164ebe87db55c5d4847868a22f8,2020-06-08,CHANGELOG.md
terraform,30ab95fb55c6fcf6323542f57e9b31da2d81301f,2020-06-08,CHANGELOG.md
terraform,d741c3f91746cbb22bc3873f78de8c826ca5f28c,2020-06-08,CHANGELOG.md
terraform,5e3c02ba278ff0c6a50905d38c9758af43d67142,2020-06-05,CHANGELOG.md
terraform,0b38ab30782462153ea8b82613b9e2eb39bc3dc7,2020-06-05,CHANGELOG.md
terraform,b3d3d6460e0f405abbcbd65023393bf0d89f8d6e,2020-06-04,CHANGELOG.md
terraform,73ccbd146f5bf02487769a570518dd5a9c5800ca,2020-06-03,CHANGELOG.md
terraform,4befa3c7d9a93268b0d0867bc94f8125928a1cac,2020-06-03,CHANGELOG.md
terraform,6f04215cc0279d26b6b3eb63b7a02af8528bdcc6,2020-06-03,CHANGELOG.md
terraform,7f91090c5c96e680cc5ea38a643a7b332f994cc8,2020-06-01,CHANGELOG.md
terraform,cdad6e5860b94848b79041648127c9098bda863e,2020-06-01,CHANGELOG.md
terraform,5883099ce59b8cda7bc6b061ae8efd6ea276ee9d,2020-05-29,CHANGELOG.md
terraform,fd26df0bc48d85ca6c8975bdbbd10a2a8df142c1,2020-05-29,CHANGELOG.md
terraform,46d27fe84824821403c5a0ecd403c5e1214674e5,2020-05-29,CHANGELOG.md
terraform,9cb7851b02b90bd778fab3ca025c3d2354382340,2020-05-29,CHANGELOG.md
terraform,b0839175b175a6ee7cd4f13b0ad61b1c7efb4f40,2020-05-28,CHANGELOG.md
terraform,ec7dce09748f5e61ec246cf4ef22a5992500dad4,2020-05-28,CHANGELOG.md
terraform,01f91316da9ef33695c132e95dbd8a1f28f71a78,2020-05-28,CHANGELOG.md
terraform,a6634d2d6c308452907343f84893e4925085d607,2020-05-27,CHANGELOG.md
terraform,d73fde47ac1283f54362e4dd1cb15e2473f82a95,2020-05-20,CHANGELOG.md
terraform,92e9428d0eb1e82028f421ba50cf5ea5013ccacb,2020-05-19,CHANGELOG.md
terraform,91de838243e4f86d5e8bee0ae672dfca3ef3b678,2020-05-19,CHANGELOG.md
terraform,6cf3f766231755e12b4fffb1049af775db26da93,2020-05-12,CHANGELOG.md
terraform,7209ffe9b615d330873b2e8d3509e61543928c71,2020-05-07,CHANGELOG.md
terraform,e18626443942e33a108f813da8867c0e525ed7a3,2020-05-06,CHANGELOG.md
terraform,e48c5d3d82abda4f8e27ec5f1b9746a0e46a97ba,2020-05-05,CHANGELOG.md
terraform,0e9e9243ddacf11d0c607e3e59a1110970fed46d,2020-05-05,CHANGELOG.md
terraform,9957a6b42b09baf5742d39035bb1d812f23f7f94,2020-04-28,CHANGELOG.md
terraform,cc3c18ac356e1150eb14f786e4164d29e6d91b27,2020-04-27,CHANGELOG.md
terraform,c28044d2329fae82cc2cb8625a4a87d3c850edb8,2020-04-27,CHANGELOG.md
terraform,dad1262fb8be4ccada2cfc483729f567a8b6a8ef,2020-04-24,CHANGELOG.md
terraform,7d494b1b036134ee1150357f4c1f71c79d5fefe2,2020-04-24,CHANGELOG.md
terraform,3fc3cba66db51405d395d6d453218e54ebfc1f7b,2020-04-23,CHANGELOG.md
terraform,7871c40a2ca64b1d1f4647b4e1ef5d1d3310a01b,2020-04-20,CHANGELOG.md
terraform,24ced6bbcab006ed9944fe7d544f7184832f8432,2020-04-15,CHANGELOG.md
terraform,a2b21db556a606fe66dd4184d60e68771422be08,2020-04-14,CHANGELOG.md
terraform,c14d6f4241d1eef6b7ee260c8bfb32a9caa03e53,2020-04-14,.github/CONTRIBUTING.md
terraform,65f9de04af101bdae6961b406cee306f93b95f14,2020-04-13,CHANGELOG.md
terraform,4079247270a305830636ca233193acbb4f4190c4,2020-04-10,CHANGELOG.md
terraform,82ad9fd635fb0ac2fd343c18aef9b832cc954bc0,2020-04-07,CHANGELOG.md
terraform,e7609274088d818399179bd5a85d8f2bbb1c67d4,2020-04-06,.github/CONTRIBUTING.md
terraform,e92b8a82f407c99edd200ccff67884697f4b1753,2020-04-06,.github/CONTRIBUTING.md
terraform,783c06b6da2fb2e451fe5bd33e961e5d3985b34d,2020-04-06,.github/CONTRIBUTING.md
terraform,6529a7c6e9114351752c300c8304fee85a7ae397,2020-04-06,.github/CONTRIBUTING.md
terraform,77ebf266f3dac07c4ceb81aa385656f65976a0ba,2020-04-06,.github/CONTRIBUTING.md
terraform,6ff988a423859bec5fe23d05579d6d35e2054d1e,2020-04-06,.github/CONTRIBUTING.md
terraform,10437b4b15e7974b3895bd4db4cbd2455bfbd96e,2020-04-06,.github/CONTRIBUTING.md
terraform,ad15e4a116eb7a9922db998d50017ee2026af0b9,2020-04-03,.github/CONTRIBUTING.md
terraform,c7cae980764737aa50c663fe01e2bcf483a6040d,2020-04-03,.github/CONTRIBUTING.md
terraform,cd54300621501287a448b6a143a090dafe426053,2020-04-03,.github/CONTRIBUTING.md
terraform,db5878ff044e1254ca4d3060c890b3841031fedc,2020-04-03,.github/CONTRIBUTING.md
terraform,ca90de14ec768802f501eafd84bfe8e0435449e4,2020-04-03,.github/CONTRIBUTING.md
terraform,942b4df545a84b800dff60271cee760342e95d49,2020-04-03,.github/CONTRIBUTING.md
terraform,512830bb7bd9dfc0e4c9c7bff0aba9a276bcd4cc,2020-04-03,CHANGELOG.md
terraform,6caf0830c5b1a4837d1e6cbb6adf2d9875815b17,2020-04-02,CHANGELOG.md
terraform,61fe0a3402763eae5c66e4803f1a0c1ffb11ffbb,2020-03-27,.github/CONTRIBUTING.md
terraform,96e1a1f800a6a886c2ccdd7c8a9de1ae59b2ad8e,2020-03-27,.github/CONTRIBUTING.md
terraform,f2dbf80badc8c7385a7b44bb040ae5e8550e7e60,2020-03-27,README.md
terraform,63ef50212e483f0f170004267ddc1e27d6e3ef23,2020-03-27,CHANGELOG.md
terraform,4b2c45be118130e3c13e0391ceba822d302d873e,2020-03-27,CHANGELOG.md
terraform,a40207c9eb85f89a79b98007f779a06fe1890b4b,2020-03-27,.github/CONTRIBUTING.md
terraform,d99a663ea5b4d2b3c5bb95aed90763b701fe3ba0,2020-03-27,CHANGELOG.md
terraform,976d2980b2d69059aa22e7ad16018387e39da344,2020-03-23,.github/CONTRIBUTING.md
terraform,9d0c8c597011f1c0084ebfe0047fd1e3e28c6d47,2020-03-19,CHANGELOG.md
terraform,7d6d653b4fbc8b1e0b4d4cfab335ae0fc9ab2ef4,2020-03-19,CHANGELOG.md
terraform,420e22ece4d1cfee2dc8d5b837b09b4dc98cdd73,2020-03-18,CHANGELOG.md
terraform,1252726cda50b5dc64f3225f7fea3e4bc30361c7,2020-03-11,CHANGELOG.md
terraform,1b5e2b70c6b113973d3dfe42a23810dcd4cd2d0d,2020-03-06,CHANGELOG.md
terraform,c14f572d5cbd73518949fda32528081bf9755490,2020-03-05,CHANGELOG.md
terraform,9280b7787a7e972c8e80ecc4d2cc08c6171d701b,2020-03-05,CHANGELOG.md
terraform,5c894e7adad23949499a3491e7f33bb74aa82a45,2020-03-04,CHANGELOG.md
terraform,449ea72e87da7e697ef7b68283a852cc9cc09045,2020-03-03,CHANGELOG.md
terraform,49498759e22f92389d93d7149afdc458fd140ad3,2020-02-25,CHANGELOG.md
terraform,d095f572901208068114eb612fb9d17bd04ac07c,2020-02-21,CHANGELOG.md
terraform,98336e6e81a8c48e887afd396c2b0b22578c6d2d,2020-02-20,CHANGELOG.md
terraform,991ee37cee6df26090ea3df74709378ffec0645d,2020-02-19,CHANGELOG.md
terraform,39ce190852c9f076ace9467995ec5b61f3330097,2020-02-19,CHANGELOG.md
terraform,980af1cd219ad886589b8692f13f48096df1089b,2020-02-14,README.md
terraform,9d075b161061e90344b0ed7b9344e352def7e28f,2020-02-14,README.md
terraform,5f669b033cbe169067124baa6e3ddbff396bd219,2020-02-14,README.md
terraform,694f15c7f11e2780295950fc3fbdf56c9d8753d4,2020-02-14,README.md
terraform,402c0ed10c967a9f99e1057e18cbf826dd84cf61,2020-02-14,CHANGELOG.md
terraform,6b3debb8ffbe7e534907645633c80d34ecc3747e,2020-02-13,CHANGELOG.md
terraform,7bd662d58772c1ec6b0236f1987f031f796ccacf,2020-02-12,CHANGELOG.md
terraform,378b6515bfde57fd8a1c9221e7ff5dab2ce179c5,2020-02-12,CHANGELOG.md
terraform,094ed0ff4dc77b8b79bbf53861d9be602ea6216f,2020-02-10,.github/CONTRIBUTING.md
terraform,1b1327ce45e78af008a51290caf47e12d185a9f2,2020-02-06,CHANGELOG.md
terraform,e763fd55f3768fcf076d02928241d6e89671e229,2020-02-04,CHANGELOG.md
terraform,b371c8523b4b34452611db1d8bca796efc033e37,2020-02-04,CHANGELOG.md
terraform,9670cd37df26994525714c40582ce18d083c46d4,2020-01-22,CHANGELOG.md
terraform,d12152f730b3436d06b87536bd4f6a62f0f49dcf,2020-01-22,CHANGELOG.md
terraform,28b43a7a4e3bbae0c244f49ef6154c4977eb9705,2020-01-22,CHANGELOG.md
terraform,01036e7b312d8eb68d473a12c9c863f02f1d6fb1,2020-01-14,CHANGELOG.md
terraform,57158df4b3a7dd4ae20a54fa2f37817c99c53cca,2020-01-13,CHANGELOG.md
terraform,726a74ef65ff1bb80472dbbdd161effa908c2220,2020-01-13,CHANGELOG.md
terraform,c69267ea723e5ef30527b9e54078dc478ff9c97f,2020-01-13,CHANGELOG.md
terraform,9333b19bd794d0f7b8f2b19ccfe75936e88bc5d1,2020-01-10,CHANGELOG.md
terraform,9df05b48139830b27d3f0a01f559a2acc369b51b,2020-01-08,CHANGELOG.md
terraform,58dcac4b798f0a2421170d84e507a42838101648,2020-01-08,CHANGELOG.md
terraform,472d958b10cdeb0f495cdaff44d43f5dea640433,2020-01-08,CHANGELOG.md
terraform,b6a041af2b936c0afec92ff470f688dcb7e70b41,2020-01-07,CHANGELOG.md
terraform,e184b9edb92ab08ee6e6eb7c50b1861b46dab3fb,2020-01-07,CHANGELOG.md
terraform,8ea60ea6512604dbecfe50a73a9f869cd0431c08,2020-01-07,CHANGELOG.md
terraform,7471779fca53352d009262f40e75ebfe81dffcce,2020-01-07,CHANGELOG.md
terraform,d72a192078677cf1e9524a3c651e05b44c3707f9,2020-01-07,CHANGELOG.md
terraform,82678ed15686a2e5d35d04dbd86543e711682507,2020-01-07,CHANGELOG.md
terraform,5d3ca8aaf1eff95be0b0684cfc99d38eb6a612ea,2020-01-07,CHANGELOG.md
terraform,dc178789b27ac7835b03c0272f6ccd321c0238bc,2020-01-06,CHANGELOG.md
terraform,28880aa47d43b3c5b4d21b9e207266afe70f41b9,2019-12-11,CHANGELOG.md
terraform,0bda605bc1e37770370376bd15801b0e2d7ca78d,2019-12-11,CHANGELOG.md
terraform,5a8ca31d48b0a3a50d26222582887c5ac0ba82a7,2019-12-10,CHANGELOG.md
terraform,63df95dbcae556ecd845ebbcd45c37f89c60ec3c,2019-12-10,CHANGELOG.md
terraform,a99a807b596016e01e2cd4468cde5c0634fbe3f4,2019-12-10,CHANGELOG.md
terraform,9ef44b72b36378ae0661eeffd9a46c03549401fa,2019-12-06,CHANGELOG.md
terraform,4bdc85c182269db85d1b2de0704a3cc84afa5628,2019-12-05,CHANGELOG.md
terraform,161e6d6dbfdf3bc0d347bb309dc012481140f306,2019-12-05,CHANGELOG.md
terraform,28850a3f1dd9c49019c11d129c9ea0eca50849bc,2019-12-05,CHANGELOG.md
terraform,ebc075226ae2d9892df6694b7121a22656ba47f1,2019-12-05,CHANGELOG.md
terraform,73958499d1f7ad5d36848bd3c79cdc32a6a4a859,2019-12-05,CHANGELOG.md
terraform,7f738d3aff3155acf88678dce08701ae854468ad,2019-12-05,CHANGELOG.md
terraform,225e2ddc134e71139b4aeee6a4db3dd633d44de5,2019-12-04,CHANGELOG.md
terraform,d30b99d9bf8bbbb07e17c433309f1cadefdb490d,2019-12-02,CHANGELOG.md
terraform,f0ae01e605e0666038c22644aeb21bbeb2625005,2019-12-02,CHANGELOG.md
terraform,180e233ec1ddee2c017c95c71682d17100c72521,2019-12-02,CHANGELOG.md
terraform,5b5efa2c7ee8504d10d4a15f726f80bab5d669cc,2019-12-02,.github/SECURITY.md
terraform,b4a22aa0e9396b3801617dffac4923796372dbf4,2019-11-29,.github/SECURITY.md
terraform,4409cc04f55cc927152aed84557015b18fa3a0c4,2019-11-25,CHANGELOG.md
terraform,5aa119e6932a335622a4b42d641d0ea0d5605380,2019-11-21,CHANGELOG.md
terraform,4f7dcf346f1ce73a1d2d70978017fcadbbeaa3e7,2019-11-21,CHANGELOG.md
terraform,23fc68cc91d934d48a49c35db02057ad621bb434,2019-11-19,CHANGELOG.md
terraform,6470a56facc5bf98936b369de48ff7f904940dd8,2019-11-18,CHANGELOG.md
terraform,d54ddd5dc930cb3c926c37a1f4f5fb6eaae9b7bb,2019-11-18,CHANGELOG.md
terraform,c8857bf54ea68635382240c79d32f122b7def0c9,2019-11-18,CHANGELOG.md
terraform,9ddc9c79a442092be97a4b8be09c66b7d6d262e5,2019-11-18,CHANGELOG.md
terraform,13fe1f8b479cf5121f58417c64eadd119739e285,2019-11-17,BUILDING.md
terraform,04c554776690bdd28e2f999436d62e2b73347977,2019-11-15,CHANGELOG.md
terraform,8432ebbcbc906205f30164128ac744e60f4bf188,2019-11-15,CHANGELOG.md
terraform,9451f8ae74ab78c9df9c80722f946205207993cc,2019-11-14,CHANGELOG.md
terraform,30637c9c901e23c8bda6ded7a714b663c663a3a9,2019-11-14,CHANGELOG.md
terraform,a020cf67c4790554e0d5b2adb9a813386d98753b,2019-11-14,CHANGELOG.md
terraform,beded11422fc036141f2cce06c5df6f5ca3080d4,2019-11-13,CHANGELOG.md
terraform,d1ad2a7e7b112dfeed7b1bdb7511f007dfd2e7e3,2019-11-13,CHANGELOG.md
terraform,72f39c49d29e0a450b76ed5aa2039a05e06faa4e,2019-11-13,CHANGELOG.md
terraform,b09626b0cc1f5614ef8d19ca8cc039952fc02e3b,2019-11-13,CHANGELOG.md
terraform,f9424194e996a7eeb4c51ee38cb3a894f2784b09,2019-11-11,CHANGELOG.md
terraform,61a760938f11b417580118a1be83ab75086fbdcf,2019-11-11,CHANGELOG.md
terraform,6f66aad03262441521829ca3a678da2bb6bf51d9,2019-11-09,CHANGELOG.md
terraform,b5830484b884cab1d6290b307ab90d876c69d257,2019-11-09,CHANGELOG.md
terraform,515163d8e8d0d6d4f0f3c44041d6e59c1894542f,2019-11-08,CHANGELOG.md
terraform,9ff83d8308aed0c7c1b7414f29176b5eecc34d00,2019-11-08,CHANGELOG.md
terraform,dbff07c841730cf8a062e22b8211ada8da7c699e,2019-11-07,CHANGELOG.md
terraform,21228b473a6c19638b1c78ee1d1c0e7a4ad9e88c,2019-11-06,CHANGELOG.md
terraform,3a54047984026b4d9c61f4277859f23677143be3,2019-11-06,CHANGELOG.md
terraform,b97cf967a1e0c0efb0147274d97cbbfc5577307a,2019-11-06,CHANGELOG.md
terraform,9bd823bc11ebbb9abe63a4b1d421730ccf4f9f87,2019-10-31,CHANGELOG.md
terraform,5cb459638721c943ae80b2720f84147cabf23586,2019-10-31,CHANGELOG.md
terraform,6afb82ee1fb297bdcedcd82ece46e72d53eedafd,2019-10-31,CHANGELOG.md
terraform,cd7c3e4231c3730b56812881756ac82a6a569583,2019-10-30,CHANGELOG.md
terraform,491a739659167e4529d936ddf5256023ae73fb86,2019-10-24,CHANGELOG.md
terraform,bac0577c709bbe8007485deb305a39046c73f652,2019-10-18,CHANGELOG.md
terraform,ade49ebca72700105144019a81569778e38b4bac,2019-10-18,CHANGELOG.md
terraform,4e787a2ade11e3334058939bc4f2ff092c06b7e6,2019-10-18,CHANGELOG.md
terraform,3085da3dd5d3b520d67a72da601789d326afbecc,2019-10-17,CHANGELOG.md
terraform,690f1c51cb71e5d590e49510b3d057ac6866bb71,2019-10-17,CHANGELOG.md
terraform,7860f55e4fa4ab36a96e7e1176f67d6ac118149e,2019-10-17,.github/CONTRIBUTING.md
terraform,e32be4ef3eb5909970389140028475eeb8a28c2c,2019-10-17,CHANGELOG.md
terraform,64f7f2c052dbf5ed5178a00e8e0065633a4e060e,2019-10-17,CHANGELOG.md
terraform,3f359032aea7d7f2c62589411074dba0fb424a50,2019-10-17,CHANGELOG.md
terraform,47aa543731db69138db69531a86f98129ffab17d,2019-10-17,CHANGELOG.md
terraform,ee854261c573bfb0e291122419c12aab66f8a917,2019-10-17,CHANGELOG.md
terraform,f96edbb1138779fdf5303a153c613c0ed4a9f314,2019-10-15,.github/CONTRIBUTING.md
terraform,f96edbb1138779fdf5303a153c613c0ed4a9f314,2019-10-15,.github/SUPPORT.md
terraform,f96edbb1138779fdf5303a153c613c0ed4a9f314,2019-10-15,BUILDING.md
terraform,f96edbb1138779fdf5303a153c613c0ed4a9f314,2019-10-15,README.md
terraform,0d27e8ca7d754c23af99032a034255d9d88b6e85,2019-10-11,CHANGELOG.md
terraform,cf16b421356916a661aadc2af26c64f91fe7be03,2019-10-10,CHANGELOG.md
terraform,241e88e5ed54cafe2b8dd788051ba6d37a8a60e3,2019-10-08,CHANGELOG.md
terraform,d6983eaaff81359bb464ad2529456cab308c2c00,2019-10-07,CHANGELOG.md
terraform,dcb65fa9c7f0ece2244a46466f9b5f329b9fb975,2019-10-07,CHANGELOG.md
terraform,1c6e2a1eafc4f2cc0b081c932d4464123c8db82d,2019-10-07,CHANGELOG.md
terraform,e6795556f34f416b5ce56c336002cb4aa93c64f1,2019-10-01,CHANGELOG.md
terraform,9d9be3054ebbafbffa3a2b78e570a5fdc5b5f91f,2019-09-27,CHANGELOG.md
terraform,8bc15dd7207b9089711d67d94a982b722d6ea866,2019-09-25,CHANGELOG.md
terraform,d9bf945a147e35141a8852ef12d98d72896447c0,2019-09-25,.github/CONTRIBUTING.md
terraform,e1d0acda0b19be25ea96748896d3cd7117df955a,2019-09-23,.github/CONTRIBUTING.md
terraform,e1d0acda0b19be25ea96748896d3cd7117df955a,2019-09-23,README.md
terraform,73b25f8b8f4dc8373d4d414fdc85ee8066f8be62,2019-09-20,CHANGELOG.md
terraform,39f61a07955b57c0a4afeb183259ca1697677148,2019-09-17,CHANGELOG.md
terraform,7dbd9850e307fe9608c171671990af95813f1d1d,2019-09-17,CHANGELOG.md
terraform,230acc164682f6073ccd682277bb635c93618da4,2019-09-17,CHANGELOG.md
terraform,3145171cafe41ec87f746b74b83dcff24e0e19b1,2019-09-17,CHANGELOG.md
terraform,abec0acf40d8e31ac612a244cf3886fb3bcce0bb,2019-09-17,CHANGELOG.md
terraform,67e742fa290364d18f7654b632a9e2cc378ebb48,2019-09-13,CHANGELOG.md
terraform,3293f76dc37af2a44fa285e819fc6ac4df4369d3,2019-09-11,CHANGELOG.md
terraform,7e8688bac487a98f0eec613decfc1ed5ca96a1f8,2019-09-11,CHANGELOG.md
terraform,cbbafd33ddc95516af4e3da2dcf7d1d1999910f9,2019-09-11,CHANGELOG.md
terraform,e35b4555b6c1e726bdaf9809e4c318a1f6ef091d,2019-09-11,CHANGELOG.md
terraform,a3e0a237858f05c416fb651e790debbd773f05f5,2019-09-11,CHANGELOG.md
terraform,4e17209bcc1a51d069711932939d8b2ca8a58dd5,2019-09-09,CHANGELOG.md
terraform,ae3048fb98c117e9efa4d3fc375c864461cf58d4,2019-09-09,CHANGELOG.md
terraform,dcad6239c54b7213e47dd0c1524a6f2a8f4f1795,2019-09-09,CHANGELOG.md
terraform,80345d83f7e280951feae8961a2fd5fa6abac8c5,2019-09-06,CHANGELOG.md
terraform,4ebf9082cde695a4bbc908cbf373a2c8139fe534,2019-09-04,CHANGELOG.md
terraform,e97ad4ebef504883229a1c299be617dfb7bec017,2019-09-04,CHANGELOG.md
terraform,481b25b5d29d32f872feedc04e6cdfb01b4077cf,2019-09-04,CHANGELOG.md
terraform,3b0de1aa88e556a2c5f93430b2d7aa6345545e46,2019-09-03,CHANGELOG.md
terraform,e2bec484f13bca9e923868ad4ddb4c42fc82a015,2019-08-28,CHANGELOG.md
terraform,bcc3af817398fed718b12a24815694ab611a1909,2019-08-27,CHANGELOG.md
terraform,c93b0199f3678a7b424e8d8efff3b0080bfd26f8,2019-08-26,CHANGELOG.md
terraform,1140ca9cb5ab1ca0c7dc605cf3ba2035e6acde5d,2019-08-22,CHANGELOG.md
terraform,cea3b66aa3dd852a48ad9b1f97f8b45188435a09,2019-08-22,CHANGELOG.md
terraform,f064b87da9444d5cdcf73d1fde651a206a149932,2019-08-22,CHANGELOG.md
terraform,2d15d75f48edb8b033e231c33355c8095175ae67,2019-08-22,CHANGELOG.md
terraform,0c66c4516344f8df6f9401bf74ca25833fa1b754,2019-08-20,CHANGELOG.md
terraform,0a3ffde36e11feb6e50e7331fb00c6dff155938a,2019-08-20,CHANGELOG.md
terraform,ee80499539ea2cadefed231cf2ab3648855f9840,2019-08-19,README.md
terraform,1fecbbdfbdfc9cfb7a344fb719c3ae79a0867be0,2019-08-16,CHANGELOG.md
terraform,b5508b91422427bee4a07d6f6174ae37934c94e6,2019-08-16,CHANGELOG.md
terraform,7938b2994e8be99a2d1999c6c258ad41068b7bc8,2019-08-15,CHANGELOG.md
terraform,a66e293232e477dd4528460327f341c60009d49a,2019-08-13,CHANGELOG.md
terraform,fcd4e9822fadadbea8fbd928f75032f7102184fe,2019-08-13,CHANGELOG.md
terraform,62f06aecf61f38ea3034398c7773b140303f5f8a,2019-08-13,CHANGELOG.md
terraform,6fd72eb136d748a9f82a54d82b6f399a64df634a,2019-08-13,CHANGELOG.md
terraform,a933b44bc56d94444b29577f167f949a24f30ac5,2019-08-12,CHANGELOG.md
terraform,76ba72dcdaeca4d9db6c11663f43db86f98e1397,2019-08-08,CHANGELOG.md
terraform,869ac3359a666cdf14cd5fbdc9b8e2ec2664f434,2019-08-06,CHANGELOG.md
terraform,9ab928eef64267e80ba3ec6dbb6c319843446fe3,2019-08-06,CHANGELOG.md
terraform,e9f8f92fce58dd34f3ca7e00ccf7235c0f7882c6,2019-08-05,CHANGELOG.md
terraform,697a0c435eb5fe62a0802894e65ac129ccd94bd6,2019-08-05,CHANGELOG.md
terraform,88197bfa01e919b450ff508aee6cdf4366e8e865,2019-08-02,CHANGELOG.md
terraform,4c63187fcd5d661139abd2ddcfb0d9efe1c9adfe,2019-08-01,CHANGELOG.md
terraform,dcb802d96f45e715a810eb7e0477e23d63e96779,2019-08-01,CHANGELOG.md
terraform,ac810a8d0c1832358c1b9426cf2be63f8894c424,2019-08-01,CHANGELOG.md
terraform,4692ef13aa65d28043bd9bc3b4c4c1749c67d927,2019-08-01,CHANGELOG.md
terraform,caf5bc847da737162d0a79b3fe69f203ade62759,2019-07-31,CHANGELOG.md
terraform,380226f0aaa57db5685f43b824f8bda99acdf00c,2019-07-31,CHANGELOG.md
terraform,539148ac70186838d74c3bdcf05805a5a7d40f20,2019-07-31,CHANGELOG.md
terraform,1c556c0aef7532ba4bf0ee1a833cd62a1623a2e7,2019-07-30,CHANGELOG.md
terraform,ad8ff5353433c6c159cf39e951a42dc1e82921ab,2019-07-30,CHANGELOG.md
terraform,7e6b05a95f3bf7b99d410f76a82ddaa58e963464,2019-07-30,CHANGELOG.md
terraform,112b7755c03fb32c0048e1d0a3d09a6bfc74e920,2019-07-26,CHANGELOG.md
terraform,799ebbf79bc8c36c8a15c1bd8b4f5857eefb7708,2019-07-25,CHANGELOG.md
terraform,bc13ec748801ea0acd4b47568db040d26cca164b,2019-07-23,CHANGELOG.md
terraform,16fa18c139b5460b81b09779ee57dab0bb661949,2019-07-22,CHANGELOG.md
terraform,4c337cc51ddba9e25a809cc15ea748eb88ce7e52,2019-07-19,CHANGELOG.md
terraform,b117457c6a54a477c7b133b579af15555cffe5ac,2019-07-19,CHANGELOG.md
terraform,cb723702d9e34f45fd4427320b0dfc9c74658485,2019-07-19,CHANGELOG.md
terraform,8d799ff8fc1c5bfaaa3c38d348247462f911e41c,2019-07-19,CHANGELOG.md
terraform,edf3afb854463d0e74c18f741cbae5e744aed642,2019-07-18,CHANGELOG.md
terraform,0facd03d3a035268be7bd992cf8d088325f9d761,2019-07-18,CHANGELOG.md
terraform,60c4d28573c599f28961f8f3e467758de4338456,2019-07-18,CHANGELOG.md
terraform,c6b313ae9ad91f47a47d63c28890d24fdc58c224,2019-07-18,CHANGELOG.md
terraform,0f20742134dd26f4c06f20ccfa3abec9d885e95b,2019-07-17,CHANGELOG.md
terraform,24592bb8117ef1c53eca7c829ea936398a1fbb4e,2019-07-17,CHANGELOG.md
terraform,9ebcbe1d605c7a45a4688510abe3d18ac0cb24d5,2019-07-16,CHANGELOG.md
terraform,56e33a4546923978f651b9e54f0dafa4211eff04,2019-07-12,CHANGELOG.md
terraform,c44be6e55aad33106007e298404938fe7a49e512,2019-07-12,README.md
terraform,a08c8b2a626f716754b25ffc7532ab479d0f6ce7,2019-07-12,CHANGELOG.md
terraform,4d596fffc5808077aab027de0aab1c51a80c2c48,2019-07-12,CHANGELOG.md
terraform,a20e20939742c920e5c5db4067c185ca12dca9f7,2019-07-11,CHANGELOG.md
terraform,f17247d3d269eb930e04123e5e03252cd4ec43c6,2019-07-11,CHANGELOG.md
terraform,b7bbb942ff95d83abf5c5dc932f653e6abef2074,2019-07-10,CHANGELOG.md
terraform,3aa3287073c3cd5cd359b822865218ff45c45801,2019-07-08,CHANGELOG.md
terraform,91d52536f7ea917e0dda1fa087e774d1f9f94dde,2019-07-03,CHANGELOG.md
terraform,924e28bef19d004f31cd95e3313cdbc3915523b2,2019-07-02,CHANGELOG.md
terraform,b0096436a7636d0ec8b75a00251b5b3be1623725,2019-07-02,CHANGELOG.md
terraform,f261fa62a9ad346fd7488932b3caa2279af32a89,2019-06-27,BUILDING.md
terraform,f261fa62a9ad346fd7488932b3caa2279af32a89,2019-06-27,README.md
terraform,adabe03676f87f4f5c9dafe3ba9c71d37b0b2bf4,2019-06-26,CHANGELOG.md
terraform,2bd86cf8bb29f855ab31c436acf6d8000ccf97ad,2019-06-25,CHANGELOG.md
terraform,cf2fb4fe8ab11fae97856911545b30deb53f62e3,2019-06-24,CHANGELOG.md
terraform,2e8cb7218d8454327c5c6d3ca439ed725544c3df,2019-06-24,CHANGELOG.md
terraform,8f29e2e11f0a0be0d838c1307470827239bcba2d,2019-06-21,CHANGELOG.md
terraform,4579dee8d9ceff11bfe6e24c5d92fe71a7230925,2019-06-20,CHANGELOG.md
terraform,9997670cb1a26299595d29fa9ee71452db8f0bbf,2019-06-20,CHANGELOG.md
terraform,2fb11271b6ef2321820fc41d99324df1816233b8,2019-06-20,CHANGELOG.md
terraform,f7f1bb8f3146e17bad23e21a27ef4ec5aa0af65d,2019-06-18,CHANGELOG.md
terraform,e605b838ac55167db554ce38c0b6acbeadad7b36,2019-06-17,CHANGELOG.md
terraform,9f387902fa2bab6a851c8c5fe063914df9c53529,2019-06-14,CHANGELOG.md
terraform,4ecf569aeabad20883185901478810626c792a1f,2019-06-13,CHANGELOG.md
terraform,39383926efa78b421465a0af66390efdbbf4c177,2019-06-12,CHANGELOG.md
terraform,c4c4f5ed86bbb5b2459e26bdce05fa055a901816,2019-06-12,CHANGELOG.md
terraform,a5fb573be1e8b5564f3fd879852a6681c55d6e8f,2019-06-12,CHANGELOG.md
terraform,91ae7ec95170a68a0e82005fdb31de40f4bf182f,2019-06-12,CHANGELOG.md
terraform,4bfffe460764f87375df6ba99f0e4df452fc8e84,2019-06-12,CHANGELOG.md
terraform,a1c1d7cad43015833f57268e8d734b281368a496,2019-06-10,CHANGELOG.md
terraform,5a3b6a0519adc076fb7579af3c39e8c16788d9d9,2019-06-10,CHANGELOG.md
terraform,0d54ba5a07747d652edecacc3f4f39a95ea18a7f,2019-06-10,CHANGELOG.md
terraform,89aa62c75d78284a36233ae5fb697a17e293084a,2019-06-07,CHANGELOG.md
terraform,7a39d1106b97f55033be90717807476dfb1b7dd2,2019-06-07,CHANGELOG.md
terraform,8590ecc059f4b27c8ede82e6553acdda7f99d809,2019-06-06,CHANGELOG.md
terraform,4124d01fdc1505d5995cafcdc2399ae0b064e38d,2019-06-05,CHANGELOG.md
terraform,b84562d4d8b43a0e8f175674da681d4609422445,2019-06-05,CHANGELOG.md
terraform,2f893f2b95faace97793a6b80d6e1fa1be5d4b7d,2019-06-04,CHANGELOG.md
terraform,60850bc6c4ce58a17e30d734bb4748cc60b3d8c4,2019-06-04,CHANGELOG.md
terraform,05cb7617c42e27a52bb8d6d18042481bede52e19,2019-06-04,CHANGELOG.md
terraform,12c3170748efe30a36bb2e937c02c2f2a600e120,2019-06-04,CHANGELOG.md
terraform,bf661d54fca04c82249b131491af810e79d866c9,2019-06-04,CHANGELOG.md
terraform,7dfdcb9c2d30a744bf74bbc8940479ecfb19cc4f,2019-06-03,CHANGELOG.md
terraform,ab9e98da3c7566048d596c285aef30461b26915f,2019-06-03,CHANGELOG.md
terraform,6e5c6cbdea2bcc0786129717755ec4a031753d00,2019-05-31,CHANGELOG.md
terraform,8118bf8d93954c82331839d9fbfb1ea6577fdefd,2019-05-29,CHANGELOG.md
terraform,f68673fbe4ae7f97741a60979a56afbff6f3b53d,2019-05-23,CHANGELOG.md
terraform,486b8167f3c47d34a58c31c52004ae9413137285,2019-05-23,CHANGELOG.md
terraform,9be5d99a92e24693bc07a2501765adc0dc413b61,2019-05-23,CHANGELOG.md
terraform,c7c69a5e990a58e411588ceef3fe74885e117d88,2019-05-22,CHANGELOG.md
terraform,08918475dd08f0c45fc5aa084bacd2595c6e6c07,2019-05-22,CHANGELOG.md
terraform,896f849201c3c90bf6abae56ca097cbf031d57fc,2019-05-22,CHANGELOG.md
terraform,f199030739856971c1de542cd35aa52db9a08399,2019-05-17,CHANGELOG.md
terraform,3c83f148846be58711a7f4ae8dd2b81b3dab408a,2019-05-14,CHANGELOG.md
terraform,28b2383eacaefaa88dd67afdf1d3af28e21900c0,2019-05-09,CHANGELOG.md
terraform,c46f036b299dd29a7a31ffec2274c56a3210a92d,2019-05-07,CHANGELOG.md
terraform,66c5acffa6a714349b533c1408aed5de99f4e032,2019-05-07,CHANGELOG.md
terraform,543e279cb096197c94762017088d40bd0888897d,2019-05-01,CHANGELOG.md
terraform,66068a5462bf8bfaf25d45db88d507e2ba60cc32,2019-04-30,CHANGELOG.md
terraform,0471a928653612a9dca4daf1bd438c53dc992c0b,2019-04-30,CHANGELOG.md
terraform,fc5f74a7d5a03bc348ce1c9565eed17daeb81435,2019-04-29,CHANGELOG.md
terraform,9adcf1d7000c282291280fffb06fc89da2b70bfc,2019-04-29,CHANGELOG.md
terraform,27db8d0e3c6115d41201c6afea9f785ebca378c4,2019-04-26,CHANGELOG.md
terraform,12079ee2ee295262ed3358005358f7a2b2592cbd,2019-04-26,CHANGELOG.md
terraform,c70c198f101686175e7e8d3303f0302d97a39d7d,2019-04-26,CHANGELOG.md
terraform,2573d549c24e1614e67572bfc05ab71b4ca38130,2019-04-24,CHANGELOG.md
terraform,168592825ed64f2708ad98871dbe866ea37e6551,2019-04-18,CHANGELOG.md
terraform,67b9a11fad04c645941cbfceb53e4fe436e2b4d2,2019-04-18,CHANGELOG.md
terraform,83dea200c0439cf1a0db28fbcd5568b97250f23c,2019-04-17,CHANGELOG.md
terraform,5f293391219846c9beb41dc7951403a1688a0656,2019-04-17,CHANGELOG.md
terraform,dfcd2fb00cc7600e3906c2e9dfd9162bd054c692,2019-04-15,CHANGELOG.md
terraform,8645b9703c5e5ae7579b50cd30b858a1b5f1ac37,2019-04-12,CHANGELOG.md
terraform,f2d9821edf1e287d2036251006cbeac5c9c7c819,2019-04-08,CHANGELOG.md
terraform,87f141000b087e21e711057d0f2a37f0fceaabca,2019-04-03,CHANGELOG.md
terraform,1f9a8aa75e5975eb88d684f65a1f9ff2604d8fea,2019-03-29,CHANGELOG.md
terraform,137974c4a8b21e9c4e5aab87cf2bd017cb714c7e,2019-03-29,CHANGELOG.md
terraform,4c1bb8abd70e5bdcc2c8a81e8fdf2c924732cd44,2019-03-28,CHANGELOG.md
terraform,2632ccc5d3c15785273563985a14775f7191be96,2019-03-20,CHANGELOG.md
terraform,2f2897f01a9215f63c74c023301556d8fcabac91,2019-03-20,CHANGELOG.md
terraform,a4df1ba6d165aa2eab3d1e2983da0b39a2110c7a,2019-03-19,CHANGELOG.md
terraform,3119cb039b2bee838265090429c5d43d198bbb85,2019-03-18,CHANGELOG.md
terraform,3d6a8e0492fc7f06056239819705f5e8354ce1f9,2019-03-18,CHANGELOG.md
terraform,f799a133e3c1a8c9756c37287bc646a545edfe89,2019-03-15,CHANGELOG.md
terraform,ffebe547792828cdbd0fc6a2f14c32e203914ac4,2019-03-12,CHANGELOG.md
terraform,1f990dcd9f8826a6f5fe265d3566b01137563959,2019-03-12,README.md
terraform,13a6e63e22e53e5b1348d3ab9d9c5a30a9e2c036,2019-03-08,CHANGELOG.md
terraform,64f9c0785ce3b59fceba8cff6cfcca318848ea75,2019-03-08,CHANGELOG.md
terraform,fe9a5592bca042b535fcd6ab4d33a6cf8d98e16e,2019-03-05,CHANGELOG.md
terraform,1e25ccf11a8e2bc76af26f36daebb42985f84560,2019-02-28,CHANGELOG.md
terraform,09f521a6828ada517ecdc50f02c4b7dedce0fc31,2019-02-28,CHANGELOG.md
terraform,4ba8504e86f62fe98ed239a614763fbaab7538f8,2019-02-27,CHANGELOG.md
terraform,6e7016008b79dac0c90f123d7fa1a705cafa19ca,2019-02-27,CHANGELOG.md
terraform,98353dbe60ce5600698e5ddb5592af99415a9888,2019-02-26,CHANGELOG.md
terraform,2b9e2b4c2b7cb7c2e9bd57448b4bf3d1c1ab4aec,2019-02-25,CHANGELOG.md
terraform,46f530c1b23e48587f44952394e1a1788fb8c5d4,2019-02-25,CHANGELOG.md
terraform,eda878354d2814ed8430262df288df8d4604df71,2019-02-23,CHANGELOG.md
terraform,626022670e001a1256fba8ae5dc666597c37c6fc,2019-02-20,CHANGELOG.md
terraform,3376e6ef2e39f7798af0816d0079123dc2bca58f,2019-02-20,CHANGELOG.md
terraform,32f0afeffa32a86816caadf456363034869898a5,2019-02-15,CHANGELOG.md
terraform,6813350e8d98f83807af9c3ad2fbd8c23c94c5ba,2019-02-15,CHANGELOG.md
terraform,252fa702dc13aca30a6853fbba053d3c1bece736,2019-02-08,CHANGELOG.md
terraform,a30bd5cdd46c2734c698920e3b6e4ac825703b68,2019-01-24,CHANGELOG.md
terraform,ffb887f8b784af983a2c073d1a93f946cfede4e3,2019-01-23,CHANGELOG.md
terraform,f341624df70de7e1e557d6b7cf5bf743f71b395d,2019-01-22,CHANGELOG.md
terraform,b88ef2b47ca8d7b04d1c46d44f437617567b33b1,2019-01-17,CHANGELOG.md
terraform,6ab15a80a4f48971c79ec98b0d858b4daa5ad3a5,2019-01-17,CHANGELOG.md
terraform,2ad9f0513a2bd57ef49e88f9de0d2f2cc1592ff3,2019-01-16,CHANGELOG.md
terraform,a29daf01763da57ab5992c54d08d4bc2618ae887,2019-01-15,CHANGELOG.md
terraform,1c660cc39f5c043155ccbcc64bd41ef371cf0b3c,2019-01-14,CHANGELOG.md
terraform,9948d61c0af24b3219cb6c82e2c2a4d4625c5075,2019-01-11,CHANGELOG.md
terraform,1b9a392c01f607314526be9ac003f723c6ed2af7,2019-01-11,CHANGELOG.md
terraform,e997373f4408b39178f17f43831ff5f9ae9b3167,2019-01-09,CHANGELOG.md
terraform,3ce68d61a310338e9940d8de55d57f4fb53b52bc,2019-01-08,CHANGELOG.md
terraform,faf4889c81afbed07f5fac77e7c5792e30ec8424,2018-12-20,CHANGELOG.md
terraform,5ab9c049e3baa9a4a52b843cdde908a0855cafce,2018-12-20,CHANGELOG.md
terraform,c7c73bcfc25a7d9d43298fc0e8dcaedda853320e,2018-12-20,CHANGELOG.md
terraform,8ca7cc0237635b8a6aced3823286070c8c305781,2018-12-19,CHANGELOG.md
terraform,28306b2a1bfe5ec2a98268164a0744fb2c0cfd05,2018-12-19,CHANGELOG.md
terraform,9a34f14c603af486ec151fba05766b81a463c72f,2018-12-18,CHANGELOG.md
terraform,4596c44c05ca0be0b34ff30e26abc20b887c34e1,2018-12-17,CHANGELOG.md
terraform,f964c83abe24ceda6c7f571adb4eb5379899181a,2018-12-17,CHANGELOG.md
terraform,8501d1312daa7441a36eff1c4ebfc36e313617f5,2018-12-15,CHANGELOG.md
terraform,a8204f4cc9dff990ad96214a18ba44d9050d664a,2018-12-15,CHANGELOG.md
terraform,2103b19c8a69b9be4ca59734e007ce21faa35435,2018-12-14,CHANGELOG.md
terraform,e99a41b62e940c8d185ad1b8e54f2f3f35b5cfcc,2018-12-14,CHANGELOG.md
terraform,28f2a76ffd00532a9c2877e6688cc26eddaa8b65,2018-12-14,CHANGELOG.md
terraform,ea1a1a3af5dfed82f95a0fabc5e028cfae25a1a2,2018-12-13,CHANGELOG.md
terraform,8bd1e4ef61464cfae7f82eb1b6585b08acce2f0e,2018-12-12,CHANGELOG.md
terraform,541143ddce76513bba6a59523f659fac071f901c,2018-12-12,CHANGELOG.md
terraform,7d184cb6afc082fbb3e2a3100fbbc047d62eea06,2018-12-12,CHANGELOG.md
terraform,9a1f79a7da99d4fe39fc2febc0138b74dd25e252,2018-12-11,CHANGELOG.md
terraform,0f6934dfa7b73408bc2b1a43603d08e5823db02f,2018-12-11,CHANGELOG.md
terraform,2c9ebbddffeab2ddf18bc0e7f3bfed284b83815d,2018-12-11,CHANGELOG.md
terraform,d24df5c86aa6e9810c67ab2ce6e082c5e6bd0a16,2018-12-10,CHANGELOG.md
terraform,a475b766deb0ce63e54bcf59da07c5dc0509cb5a,2018-12-10,CHANGELOG.md
terraform,f408df9da3e760944ae0508bd3bd4b5b6158eb0d,2018-12-10,CHANGELOG.md
terraform,32d0c6faf9d187e4990715af4ea3580d32705680,2018-12-08,CHANGELOG.md
terraform,2c36829d3265661d8edbd5014de8090ea7e2a076,2018-12-07,CHANGELOG.md
terraform,cd2dd4715d2a3db68773966453b05196e52bf4bf,2018-12-06,CHANGELOG.md
terraform,7200ed2b612941daf0f5d69fd38a078e75ff5ce9,2018-12-06,CHANGELOG.md
terraform,ef0f66a7d4c67dcaab53fff6028fcbabd89f809b,2018-12-05,CHANGELOG.md
terraform,af9d046afbafd92a7d74d301da634b8bc1eb7bfa,2018-12-04,CHANGELOG.md
terraform,5d3b9bdce162f3e30230d85c0f088b607e6d37cb,2018-11-30,CHANGELOG.md
terraform,61b923971f2ec7748fd2a8f6bd9a91f41b8f6c0f,2018-11-28,CHANGELOG.md
terraform,3794073963fb809408ef0ab729a8fe592d42e271,2018-11-28,CHANGELOG.md
terraform,68da173c93f16e6471e1ad6214ccdf27a8f2a7e5,2018-11-28,CHANGELOG.md
terraform,093cfacbcf4b4f13a7a8f13a9bada0cef671d91e,2018-11-28,CHANGELOG.md
terraform,48b3612a301bf0a966da7b2dbc8779cd05405f3a,2018-11-27,CHANGELOG.md
terraform,8e14e5f33bb6414fa0d7b3131dceee01cccdde19,2018-11-27,CHANGELOG.md
terraform,d0066550652d18e773141b94f423f2661f1e5d80,2018-11-26,CHANGELOG.md
terraform,3259e969cbc501ff7d423b476178c0c9f55dd432,2018-11-26,CHANGELOG.md
terraform,26509550e408b667474716f617bc07aa8b3d6145,2018-11-26,CHANGELOG.md
terraform,9ada53547faa5b913c8b95d07bb47c0dbad476c5,2018-11-22,CHANGELOG.md
terraform,a0e5ebf3b30abcc5b5c2fbbf536c1402f9fb6895,2018-11-22,CHANGELOG.md
terraform,fc75cb7e3c2d83bc9af3df7f06ec713c6ce945b5,2018-11-22,CHANGELOG.md
terraform,9f15381fecd368985f861f61b85dc40a5a858e4d,2018-11-21,CHANGELOG.md
terraform,5b0b7d0a7847fe47a2d38fc84c740294f34e37ed,2018-11-20,CHANGELOG.md
terraform,5e2af5ddff8021fb79a051cdd4e74633b3471dec,2018-11-20,CHANGELOG.md
terraform,e7fd446f740b62b05e3c69ba018bfbee7f1c0ffa,2018-11-20,CHANGELOG.md
terraform,97bdeddabe529b30f04dbebdc77d88d75179c66b,2018-11-20,CHANGELOG.md
terraform,17787c943a2efdd99bf94a6e4c2d28adb6f5cf2f,2018-11-20,CHANGELOG.md
terraform,5b676059a4cfe7217b6d7ea7da873c2270ee6a24,2018-11-19,CHANGELOG.md
terraform,6606b525ec53bb4eb42a166e1dfcdaa7a830a2bf,2018-11-19,CHANGELOG.md
terraform,a2746763a1236eff634f7a9582610f5c3bef7fb4,2018-11-12,CHANGELOG.md
terraform,a63c9d7db5ecebdaa79dbfc4ed29606fd2b573d2,2018-11-07,CHANGELOG.md
terraform,c795302ab2d844a6d56d520e32639af3d0801763,2018-11-06,CHANGELOG.md
terraform,5b6eee76137e744b56fed990bb0b9efa78ad0e4f,2018-11-06,CHANGELOG.md
terraform,3b723dd4d175e90732d9f47158030047883b1f2b,2018-11-06,CHANGELOG.md
terraform,47d5d62bdbf67f712217979442a69b8c97df9d6c,2018-11-02,CHANGELOG.md
terraform,d50008a126dc057ba30aba6afe13ceafd37a4ce6,2018-11-01,CHANGELOG.md
terraform,af50f0e228b5f984f67da9f6d10e13e032412656,2018-10-31,CHANGELOG.md
terraform,2b075bbf8e322b8e2b40b9cc4901d10c95281651,2018-10-27,CHANGELOG.md
terraform,c7c6f6efba23480f9553220788a7c9bf34313487,2018-10-26,CHANGELOG.md
terraform,0ece7b91650fe6803bb3c6185fb9b9ef633521b2,2018-10-25,CHANGELOG.md
terraform,cb5574800fabc9e8e791e2f880cafa265c84158c,2018-10-24,CHANGELOG.md
terraform,1577704bdf4d88759ffd8884b7f02114ab7425f7,2018-10-23,CHANGELOG.md
terraform,4a2cbb356206424694576c165d07811533c3d03b,2018-10-23,CHANGELOG.md
terraform,1dc3e50c47eda933dfbbe0a0a9613c4186eafce9,2018-10-20,CHANGELOG.md
terraform,a3e601d45dc3923c9d3123f922158fa04b5fef42,2018-10-20,CHANGELOG.md
terraform,fb57933f13ed9e5f9c2c2ba6aa3645c4024b9ca5,2018-10-19,CHANGELOG.md
terraform,a656bcb263d6a827b897150e5f2d5e30b94fdd48,2018-10-18,CHANGELOG.md
terraform,628c3a38b993f698c96b4108556ec4ea091a3344,2018-10-17,CHANGELOG.md
terraform,e6c958048cd2265465cdb404f0cc718efb3ec62c,2018-10-17,README.md
terraform,fff2ed1d7e92f8bf5ee6ecb02ca9dfea9f51c452,2018-10-17,CHANGELOG.md
terraform,2b128f3bfb9f89401357c23ec7088869115d9c5e,2018-10-16,CHANGELOG.md
terraform,87d05607d3c5ddb7d131088a1dd48ef384ab5086,2018-10-16,CHANGELOG.md
terraform,3d3c748ffe409ff548330f7311ced98f9da282d7,2018-10-15,CHANGELOG.md
terraform,48c1ae62b3e1f5e5bc1c2e9ab3e64c7b4b86a6a1,2018-10-15,CHANGELOG.md
terraform,5e511e1ea1ccbc6cfc1646d3dd3e88e8d81f3864,2018-10-11,CHANGELOG.md
terraform,62656a6ce88a0751590372e97d07a775894f2e60,2018-10-11,CHANGELOG.md
terraform,617aaa6839483f2664dd7866887b9070b8f13658,2018-10-10,CHANGELOG.md
terraform,4ff43440be87a76d8339cb3a032435d34c51dda0,2018-10-09,CHANGELOG.md
terraform,5239462dd97c5dc81540412e09bdd52d15fb94ec,2018-10-05,CHANGELOG.md
terraform,c12f0355a773c9ec8d1363a27e866bf75e87d1be,2018-10-04,CHANGELOG.md
terraform,ea0915cadb67671b4d3ccef959668212206a9d6b,2018-10-04,CHANGELOG.md
terraform,49d62d3a1b99abf65711f5c8fdf2396931044db3,2018-09-18,CHANGELOG.md
terraform,1df423e302ca2d93337621e2340c855a24c4c9e8,2018-09-17,README.md
terraform,a13a107bd44f70e87404cc84f1849c0560a76e15,2018-09-17,CHANGELOG.md
terraform,ea26053d4c5ec6aaa8637e7a2f9d94698e049193,2018-09-13,CHANGELOG.md
terraform,b70ac3d9243bb787b498d55d06312ceedddbe272,2018-08-30,CHANGELOG.md
terraform,23ccd95b133d7f384e698f3635fa9b3fdc9c160f,2018-08-15,CHANGELOG.md
terraform,6dfc4d748de9cda23835bc5704307ed45e839622,2018-08-15,CHANGELOG.md
terraform,35d47201ad24d89081d55ea3057c5f7144761b2c,2018-08-09,CHANGELOG.md
terraform,80aa0680563196c698b853a5d4e8a55a220048b1,2018-08-03,CHANGELOG.md
terraform,da1a57df741d0f685edd898ed0f130e5dab7b0c4,2018-07-31,CHANGELOG.md
terraform,10ad1858fe17379c57f0263733946ad2155f3b3c,2018-07-30,CHANGELOG.md
terraform,d1a4d4316706782d65b3c3f9d240124da74ad3ee,2018-07-06,CHANGELOG.md
terraform,6de63cfa7324503c8bb66031c5d97f4cc940db43,2018-07-03,README.md
terraform,78090fcccc46de87d85eea975563070fbb8dd89d,2018-07-03,README.md
terraform,3ec17f77849bb36c0b7b28cb9efc1758d7e02bf1,2018-06-26,CHANGELOG.md
terraform,ec998a21bc95366269fbd196e09d3a458bba8be7,2018-06-20,CHANGELOG.md
terraform,cf409e1d72be7d00afdb0aaac8d41c0c333001f1,2018-06-20,CHANGELOG.md
terraform,21fe540a4fb34d28d1f602fc57648d63b150db2a,2018-06-19,CHANGELOG.md
terraform,1c1eef0e0bf7df57100af9dfd21813b1168f6803,2018-05-19,README.md
terraform,2dc7241df0245b2be005946b4bc903dfab496c71,2018-04-10,CHANGELOG.md
terraform,41e50bd32a8825a84535e353c3674af8ce799161,2018-04-10,CHANGELOG.md
terraform,227285d7d097c46331ed0c8926f078b49b8874b3,2018-04-10,CHANGELOG.md
terraform,be6fffb1719d31f33f020501b049e0740284ce04,2018-04-09,CHANGELOG.md
terraform,0e357e56ed9fd3e5d02f5486b127a0bf2ea86e59,2018-04-09,CHANGELOG.md
terraform,fdbd15344977408875bfbcb931893002db27352d,2018-04-05,CHANGELOG.md
terraform,58c4504148056670a748d7d8bd38635264bef76f,2018-04-05,CHANGELOG.md
terraform,dbce85d85ff0beebc660b3d1805b4ef15361af00,2018-04-05,CHANGELOG.md
terraform,bfbab7100c19fc49975a7c1e5ef68b4bd307f480,2018-04-05,CHANGELOG.md
terraform,d12a387cb61dc9a469490417f89eabbeb687657a,2018-04-05,CHANGELOG.md
terraform,0deb6e8a7f7712672fb1c301120c54f9f1342e3d,2018-03-30,CHANGELOG.md
terraform,6a4dc38971241d5d8d05ffabaf0deea6b1242261,2018-03-30,CHANGELOG.md
terraform,d4eb6049b354a0c336d140dd542e0208fcc931bb,2018-03-28,CHANGELOG.md
terraform,a24ace68c840a11f325fddbcc4eb0041de4d1cf3,2018-03-21,CHANGELOG.md
terraform,342c529aa58d824f2f2ed1f6ec6118059876aad0,2018-03-21,CHANGELOG.md
terraform,4cdb6dff0b01faa197be8081949d984a94b070e1,2018-03-21,CHANGELOG.md
terraform,45ed0e1f44bc830023daae6ab1b9c6cded069e56,2018-03-20,CHANGELOG.md
terraform,426045eb2ec3b93c39004d225c6415fd88e83583,2018-03-16,CHANGELOG.md
terraform,ecec59f0f0ad69350dfc8beb76c2d95cfd92f476,2018-03-15,CHANGELOG.md
terraform,c4e5de71157c35dcae67c9ad9bfb6f519dbaa653,2018-03-15,CHANGELOG.md
terraform,7878d66b386e5474102b5047722c2de2b3237278,2018-03-15,CHANGELOG.md
terraform,c565eb8e7af28d5e29cec3100c200c24a653ac4d,2018-03-15,CHANGELOG.md
terraform,ead558261d5e322f1f1e90c8e74834ba9215f24e,2018-03-14,CHANGELOG.md
terraform,04899393b0d300e82858679a97c7f08bc4afcc68,2018-03-14,CHANGELOG.md
terraform,cf887b08b70cc8f7ed0c72ae49ad2b2c1f27c916,2018-03-12,CHANGELOG.md
terraform,557bc1a349f123ccbfb08eb32ee7646b4177909d,2018-03-10,CHANGELOG.md
terraform,c86a618c0ab3be04bacbc362f064d74099815d24,2018-03-10,CHANGELOG.md
terraform,441e62748c9c145625206a7cc8adb401cb050b15,2018-03-09,CHANGELOG.md
terraform,b94da25919211ef59627a09ca5ce24f1576a8b30,2018-03-09,CHANGELOG.md
terraform,ea50f455edca3acaa0a6ab372b861e6cd2d386aa,2018-03-06,CHANGELOG.md
terraform,fe3a5f100dc83338448fbe34d4e1f42c66c55496,2018-02-26,CHANGELOG.md
terraform,9cf5350590ab25e8f2b51a69f9136f11d97369a0,2018-02-23,CHANGELOG.md
terraform,ec339a228e4c221204b59235716216f54af97773,2018-02-21,CHANGELOG.md
terraform,1d0f5fdac99ec9f1a8269aded78ce1da6f547fab,2018-02-16,CHANGELOG.md
terraform,c2306be0fa7cd33699e70e21ef2ed45e2dbd4bd5,2018-02-13,CHANGELOG.md
terraform,7475ce669ea18f9cda873ff5845a313d8126f68d,2018-02-13,CHANGELOG.md
terraform,bb844504bd3a52ac990b5ff817f8ca18d6876714,2018-02-01,CHANGELOG.md
terraform,7217aba5f0868a558def688d43a24c870a34b223,2018-01-31,CHANGELOG.md
terraform,3802b14260603f90c7a1faf55994dcc8933e2069,2018-01-31,CHANGELOG.md
terraform,99c60f552567b53b5953b2b05fd2fca9385282e5,2018-01-25,CHANGELOG.md
terraform,df6c48590fb663f0ca5eb13658ddb5ff8d394db7,2018-01-25,CHANGELOG.md
terraform,9baf716f29e5bfdde7d4e8da9e3d5a4217c0321b,2018-01-19,CHANGELOG.md
terraform,48517fbab4389e7ce6e3fda3e8e7b0cc69ec9a50,2018-01-18,CHANGELOG.md
terraform,096847c9f774bfb946de7413260b30f9f6041241,2018-01-09,CHANGELOG.md
terraform,a6008b8a48a749c7c167453b9cf55ffd572b9a5d,2018-01-09,CHANGELOG.md
terraform,409b111ffabd6a510bab6648f8dffd9660084de4,2018-01-09,CHANGELOG.md
terraform,a10d85e20ab49e13506c5c6721d0031f4d2ee4f5,2018-01-08,CHANGELOG.md
terraform,f30a40aa362d8084126987d0eaf0b0928d6ba363,2018-01-05,CHANGELOG.md
terraform,a23bb3bd55c2e68e9a816c49cef06c3bde49eb65,2018-01-03,.github/ISSUE_TEMPLATE.md
terraform,09b17b79e9fa4b82e85874840ec6f9689c142b19,2018-01-03,CHANGELOG.md
terraform,5c058514602719cebf7768c421f6f0f5f84b9aa9,2018-01-03,CHANGELOG.md
terraform,681b2e75875e2eefcbbb88fdf4380aa0cbe56d82,2017-12-12,CHANGELOG.md
terraform,252e8145842eed10c11e147786c9ee2500a26885,2017-12-08,CHANGELOG.md
terraform,46e5f497e26d3b8f9df850ea62929ef4d07e338c,2017-12-08,CHANGELOG.md
terraform,c8217d3bf104b2e13b15cadec9f3b128ad99384d,2017-12-07,CHANGELOG.md
terraform,a214ddcbd6459e3e4364d7cdaa1251b1f9ab6566,2017-12-07,CHANGELOG.md
terraform,8a5a8c30ae27c0b24c4d18c28c47bf8c0c1a2b9e,2017-12-07,CHANGELOG.md
terraform,f461c1750c7ee10f6a37e5ca1e230e555f53220b,2017-12-06,CHANGELOG.md
terraform,1755ab54ca45d4187d060290e25ad343ab7926a6,2017-12-05,CHANGELOG.md
terraform,09a2da9eb9bb0ab90eeb3f92ffcf6e88a968edbe,2017-12-05,CHANGELOG.md
terraform,c1e05b5c2e63a1ff6e3497c38be27b402b5ee21c,2017-12-05,CHANGELOG.md
terraform,53e421caad2b1c829914725f620ea40574ecc04f,2017-12-05,CHANGELOG.md
terraform,03c123e39dc844147caa07ff5fdf7b68e39f1944,2017-12-05,CHANGELOG.md
terraform,61ac8203c3d2a2414874fb10ae6634641ad1a3f0,2017-11-30,CHANGELOG.md
terraform,a42fdb08a43c7fabb8898fe8c286b793bbaa4835,2017-11-30,CHANGELOG.md
terraform,528b4e05976c69955ad229b1ef437396470bd6a0,2017-11-29,CHANGELOG.md
terraform,9c5ecb06e8c9f245ad3aae69b6bdcf8d0f4537bf,2017-11-29,CHANGELOG.md
terraform,704921c6493d95bc3d03676997a6dbc21c17bc4e,2017-11-28,CHANGELOG.md
terraform,c990c4076832218a04177b25f5204a7a2762255c,2017-11-28,CHANGELOG.md
terraform,28632790b723eff476ce9d3bc68effd2d2c7a7e2,2017-11-20,.github/ISSUE_TEMPLATE.md
terraform,8c7ed0141625465bea6d34de2ca29d1d3bda3670,2017-11-16,README.md
terraform,c9c7b73f87ba5082a5d0245ac1d0f5ed83c3d7b4,2017-11-16,CHANGELOG.md
terraform,ec9d4f1d0f90e8ec5148f94b6d634eb542a4f0ce,2017-11-16,CHANGELOG.md
terraform,0e43ede9b763e381c2e028683615910faf813cec,2017-11-16,CHANGELOG.md
terraform,f15d95fc4d31137824aedab10547ea438d6c8dd6,2017-11-10,CHANGELOG.md
terraform,95ad20e360d7addf1439d4b83ec4b2ec8f148e03,2017-11-09,CHANGELOG.md
terraform,93890130115ffedb1b377d20801c8244339a8a22,2017-11-09,CHANGELOG.md
terraform,1750f03df97905ba507a31f05c02da922d212f38,2017-11-08,CHANGELOG.md
terraform,6722b7bbdc60a10ead006d3f47f55a4d20e985a4,2017-11-08,CHANGELOG.md
terraform,645df36af02547b298dbeaeb85ca487423007807,2017-11-03,CHANGELOG.md
terraform,23caaf9feb50d566329f5b4aa07a57da8cd6f448,2017-11-03,CHANGELOG.md
terraform,46d2b76e5f7d1591f66c45312d7a25be37dba7c8,2017-11-03,CHANGELOG.md
terraform,46a8deb8d1855d396dc652efcb0b2fb5823b2b44,2017-11-03,CHANGELOG.md
terraform,3efb163edd6bf3666d1dcf524594750af49dd25d,2017-11-03,CHANGELOG.md
terraform,84d18ad5793ef537abf781ff8b752fa33d094641,2017-11-03,CHANGELOG.md
terraform,a3ced1a367857e0be1fd72df6627de4b89284be7,2017-11-02,.github/CODE_OF_CONDUCT.md
terraform,a3ced1a367857e0be1fd72df6627de4b89284be7,2017-11-02,.github/ISSUE_TEMPLATE.md
terraform,a3ced1a367857e0be1fd72df6627de4b89284be7,2017-11-02,.github/SUPPORT.md
terraform,a3ced1a367857e0be1fd72df6627de4b89284be7,2017-11-02,CHANGELOG.md
terraform,a3ced1a367857e0be1fd72df6627de4b89284be7,2017-11-02,LICENSE
terraform,a3ced1a367857e0be1fd72df6627de4b89284be7,2017-11-02,README.md
terraform,da61627b9c9013acd1630e7fe104a659c5104ff4,2017-11-02,CHANGELOG.md
terraform,6d6a80fd9d4e47facb19ec4957fec44d331c909c,2017-11-01,CHANGELOG.md
terraform,9d77d35f53142b5aa8b4eda7630018b767162420,2017-11-01,CHANGELOG.md
terraform,b599dc647100914bb73d8003942031655f7a0b30,2017-11-01,.github/CODE_OF_CONDUCT.md
terraform,b599dc647100914bb73d8003942031655f7a0b30,2017-11-01,.github/SUPPORT.md
terraform,3ef86deb280896535248e4b2685a55d387ed6798,2017-11-01,CHANGELOG.md
terraform,4f03de2ec472bce7ee044631a54b376b14b8c10f,2017-10-30,.github/CODE_OF_CONDUCT.md
terraform,38a4c9a4e0e2e5f3e02c9d03b738097d79ca29ba,2017-10-29,.github/SUPPORT.md
terraform,22c9bc811b5e9854c9ee8f3f1d978dfd44d3c430,2017-10-28,CHANGELOG.md
terraform,76b9cac1a4a47a789e7ea339052ed82440785349,2017-10-27,CHANGELOG.md
terraform,70410d48efe597b73c202395f0f6dd5db12f96a6,2017-10-27,CHANGELOG.md
terraform,a49834a223b65d3a37446770a15d86eb0845f90c,2017-10-26,CHANGELOG.md
terraform,ddff8bbc00bfcfbb7370de072dff3ad0055b0c5f,2017-10-26,CHANGELOG.md
terraform,dfaa21fcf2aaca09db1c08d489bdab93bbaa2ece,2017-10-26,CHANGELOG.md
terraform,9f6b33139e51f5da148c5041d8341a7ad5a09bff,2017-10-26,CHANGELOG.md
terraform,9d7d198029d7d0b739e769abda03e17ea8290308,2017-10-25,CHANGELOG.md
terraform,747efd7acbfff02b7f292f678c268632062939a0,2017-10-25,CHANGELOG.md
terraform,4cba682744165439676e1c6c255568da7c0e2f80,2017-10-25,CHANGELOG.md
terraform,12b6ec9241401e2222c8acd095d74ac207b389ca,2017-10-25,CHANGELOG.md
terraform,e0fd3ddd704b230897723a7ca251f36b71c2b67a,2017-10-25,CHANGELOG.md
terraform,8d9b44105a7b8ca2deee6c9181e315d3d451588a,2017-10-23,CHANGELOG.md
terraform,374bafab33c1bda808943283d175a3360084f2d9,2017-10-20,CHANGELOG.md
terraform,314ef8b110fbaf5100714accb3da1bd2a312673a,2017-10-20,CHANGELOG.md
terraform,a5d7f94ced34ec8cbd33c60515a32c4c5787c273,2017-10-20,CHANGELOG.md
terraform,22101d6ec32f65a14b87a5f4e238c0e88e813c9a,2017-10-10,CHANGELOG.md
terraform,c7e9e98500fff929e8aa610ac87fe2fbcad84c31,2017-10-03,CHANGELOG.md
terraform,71e47e56a0cd6a7948d5b7a51fcb19894a8caff3,2017-10-02,CHANGELOG.md
terraform,8ba8fc79c106dee098c625f4c40cd53d73660a92,2017-10-02,CHANGELOG.md
terraform,5f9bf20ba6aaa174600109a95cc77f7788d4959b,2017-10-02,CHANGELOG.md
terraform,4e04e4cfddfc6bbcc480ecdafa64048cc448e2d0,2017-09-29,CHANGELOG.md
terraform,7a2af23d25ceb69c81d43fd93f8003cefb1997b4,2017-09-28,CHANGELOG.md
terraform,46af0c94931dbd58ce6a7560f6ffdee59bb08d38,2017-09-26,CHANGELOG.md
terraform,a716fe2d9068f1faa4ceecf747e4e4dffdfb7323,2017-09-25,CHANGELOG.md
terraform,f846beecbcc0d01ec315af84e84bec090df680a7,2017-09-20,CHANGELOG.md
terraform,b0bf92d5e11962eca12ee3fdba1d851e04577003,2017-09-19,CHANGELOG.md
terraform,2360f48a7d2b5764c10f5e15c7aca23474c654df,2017-09-19,CHANGELOG.md
terraform,8712b03839d1f63c0bfe11cf5f08e94014aeb85c,2017-09-19,CHANGELOG.md
terraform,17b9405fa8f931efc227eafd715cf53cda694864,2017-09-19,CHANGELOG.md
terraform,466968456b7244bf081d4abdc336f0b1b7d7fbce,2017-09-18,CHANGELOG.md
terraform,67bdadf5c673058c157fa0827c5bc4f5351435e6,2017-09-14,CHANGELOG.md
terraform,1f054df7525613cccbbc705d639024cb8ac2264a,2017-09-14,CHANGELOG.md
terraform,625de9c96167f8e58848df31e24ca31a3c1c11ce,2017-09-14,CHANGELOG.md
terraform,b161be0b8e784ec57e2c6736d8126b735852e57e,2017-09-14,CHANGELOG.md
terraform,5221e5174988baefce48f4b10d3f5b18ed8c3107,2017-09-14,CHANGELOG.md
terraform,2b8160cafe7a22006a0533bdd501de67ca8bcb41,2017-09-14,CHANGELOG.md
terraform,f208fc5a038eb3d08a7ca9f0cadc085f9894511a,2017-09-14,CHANGELOG.md
terraform,144bc9e5f69d474f3eee8fc7c6d81b80340007ec,2017-09-14,CHANGELOG.md
terraform,aabc0415070d27f7faed17371f8930211e619d17,2017-09-14,CHANGELOG.md
terraform,2e2d1d5273708f98a2868d08360acfbd71b25e85,2017-09-14,CHANGELOG.md
terraform,c59b6211dcb88d9dabc2260ea02a2a5e0075f023,2017-09-14,CHANGELOG.md
terraform,4d38c1b7d7304a4bc67a4d75778c05a419c5bca1,2017-09-13,CHANGELOG.md
terraform,f729ef42ffe25105f611911074eb37bdf4004cc0,2017-09-07,README.md
terraform,25f6e610476859a6a132b1f08dcea2540fef571b,2017-09-06,CHANGELOG.md
terraform,10df48ef40aa7fdddb8a13af79a8df9028788f01,2017-09-06,CHANGELOG.md
terraform,7360cf43499d0633f07e877bb773b4da9861aef4,2017-09-06,CHANGELOG.md
terraform,f5a3dc09a7b74e3a0eb37774c46db2e4bcde17d2,2017-09-06,CHANGELOG.md
terraform,72da85e927a763bc0ed24095aaf6d741f58c12b5,2017-09-02,CHANGELOG.md
terraform,4739cb6597ed809b00ead05d4118ac5426e423e5,2017-09-02,CHANGELOG.md
terraform,ffbe8d6540d4c502c37262ae543068ca1bde8086,2017-08-31,README.md
terraform,adb6a089ff0e5c0dd487fda6c96ad3f264c35742,2017-08-30,CHANGELOG.md
terraform,1511d447e78d8106787875265f96d3a3a03005d5,2017-08-30,CHANGELOG.md
terraform,d8a48c072ade1455d98f98012ef467dc35b01db3,2017-08-30,CHANGELOG.md
terraform,170de0964d7c110d1774880ca653899f8e7ff63f,2017-08-28,CHANGELOG.md
terraform,aefcc5403e04acf764be44c26a98627a6e598672,2017-08-28,CHANGELOG.md
terraform,62d154b9f9b7f3a1eebb56d552809b115c26ef13,2017-08-28,README.md
terraform,e3785e1bcbb4f5259c3bc8114cc4d2c60ab86e6b,2017-08-24,CHANGELOG.md
terraform,c0ce0f3233b5fa23579755e92670d48a62393e99,2017-08-23,.github/ISSUE_TEMPLATE.md
terraform,cc011f2fa51e529859b168a037a2fef41d21b941,2017-08-23,CHANGELOG.md
terraform,fca841a379929eac0e54109dd86a53f792591f8e,2017-08-23,CHANGELOG.md
terraform,1c1bd8161d3f6439389b2738a9da1b93033735c9,2017-08-22,CHANGELOG.md
terraform,5e6b518744ed880fd43301eab02ec7691fbfded5,2017-08-22,CHANGELOG.md
terraform,de561261abfb6287a2fbf1a2818565b1c146a631,2017-08-22,CHANGELOG.md
terraform,1dc3611fbdf042f9d337d9f79ccde21efc4d1c29,2017-08-22,CHANGELOG.md
terraform,6562e97799787b9b4d609b0ddacb132310261d0a,2017-08-21,CHANGELOG.md
terraform,e42130bf14fe09f9d3c4103c8a4a02ea3042135b,2017-08-21,README.md
terraform,647c91aec9c0f1fd3a2dc54fe8969b56fc54acab,2017-08-20,CHANGELOG.md
terraform,2be4154027bec138cbb1393c2336e37f28241c77,2017-08-20,CHANGELOG.md
terraform,e359930530d656ae715eca4921efe448e5298574,2017-08-18,CHANGELOG.md
terraform,a4d182f4e55e90765c12f182e4b14549df10adc1,2017-08-16,CHANGELOG.md
terraform,fa154bbb48d31a28db885cde799e7b7db008afec,2017-08-16,CHANGELOG.md
terraform,08339b004b5a0a02e4487ace2c30a3b2cc002875,2017-08-16,CHANGELOG.md
terraform,a1d06eb97378d097d4175c3284ea026937618477,2017-08-16,CHANGELOG.md
terraform,98171102d967ceeab9e252ef52f56c9830281fd7,2017-08-16,CHANGELOG.md
terraform,698d888210ad66c60cc32b0b868d9246dae39e3f,2017-08-16,CHANGELOG.md
terraform,f6d16263a0389cfea95266d9e0072ccfc2bd4bf0,2017-08-15,CHANGELOG.md
terraform,ecdc96406de44ee43816596d9da630cfc112839c,2017-08-15,CHANGELOG.md
terraform,faee1c370b589e8bc1142d6b655e73768e8820ef,2017-08-15,CHANGELOG.md
terraform,e9ffa24174a045afb71022b4a2d9c407ebc63151,2017-08-15,CHANGELOG.md
terraform,3db35024878484508795a3eddb2fda29f83eb5d9,2017-08-04,CHANGELOG.md
terraform,66971cef70f150467957c6686974d0087768ead9,2017-08-03,CHANGELOG.md
terraform,e76049eb0adf2a64f8417bf866400f8b41d4373b,2017-08-03,CHANGELOG.md
terraform,8e6a0845c18a1502d1bfd7bcd5814c842c988120,2017-08-02,CHANGELOG.md
terraform,2041053ee9444fa8175a298093b55a89586a1823,2017-08-02,CHANGELOG.md
terraform,94a1ca73410f9017d3ef58cd993e5f7a3a601d8b,2017-08-02,CHANGELOG.md
terraform,6134082a10107ee3f46e6a1d341b38b8e5e40cf1,2017-08-02,CHANGELOG.md
terraform,470448d8ce2895553423f00552b1b0731fdf9bdd,2017-07-31,CHANGELOG.md
terraform,d6baeef3d7cdaebe91751373ff211ee1d5cb108b,2017-07-25,README.md
terraform,5be673f996e9bcf9cfb0b9f2e58474b8f5629bc6,2017-07-25,README.md
terraform,0c69e466496e86b23e0024889d01efa074b75035,2017-07-24,CHANGELOG.md
terraform,fc3782f051500feb4b3d7a831a51223c5c28b76e,2017-07-22,CHANGELOG.md
terraform,1069aab47a372a064379db9fe62bfa3a0c890703,2017-07-22,CHANGELOG.md
terraform,2ea58ec12f8fc504c7d441214478e38f80cff11f,2017-07-21,README.md
terraform,1fac5de7387b8de848d9519dba9f020c58d890a1,2017-07-19,CHANGELOG.md
terraform,243951c70a07a8495212ea75501cc02f8d286c3e,2017-07-19,CHANGELOG.md
terraform,cb5739f1a0ce1aceb2fa98b835c4a495a40c5609,2017-07-19,CHANGELOG.md
terraform,c57dbebe8434b074c690752c93f35ceed5977516,2017-07-18,README.md
terraform,a2ef0ce9a37ad9b9fa85d755d063106a149ded95,2017-07-18,CHANGELOG.md
terraform,004f6cc9e29ccecb25676f162584db113813e91c,2017-07-17,CHANGELOG.md
terraform,aa1e5e996a4e6e764c3bac9962f1a93f827f7035,2017-07-13,README.md
terraform,a12daf5aba4f6e692e4508d0ae9d5ad375e905a0,2017-07-11,CHANGELOG.md
terraform,b7166905faa3297d5b7dfc8c4d1440aaf68c598c,2017-07-06,CHANGELOG.md
terraform,ccf27a631fa3201a0a61d77710f2e829a0bfb239,2017-07-06,CHANGELOG.md
terraform,b16f94611de4e68d7a44bbccd68e46cd34a335a2,2017-07-06,CHANGELOG.md
terraform,29b2368fa0fb959d9ed2417dbcd22c5b10b6d27d,2017-07-05,CHANGELOG.md
terraform,dfbbc89c668b5431e11b2a649723a9dd2308d475,2017-07-05,CHANGELOG.md
terraform,d5ebad33a4b3727b618ec9fddbd33f4dfe2f8437,2017-07-05,CHANGELOG.md
terraform,9ee2fbaa2bf83ac46d580adfb6a1a15e223b1144,2017-07-05,CHANGELOG.md
terraform,86a73701e9241fcce9d60c290aef7421b8839aec,2017-07-04,CHANGELOG.md
terraform,6369d669a97728f6afde7ace632e9daf1322ce40,2017-07-03,CHANGELOG.md
terraform,45eb050b3190b21e0d8a0d10af6afce80217cf25,2017-06-29,CHANGELOG.md
terraform,31b8c3c6ad6c4b0be0eec5b153f2a25a3a220a37,2017-06-29,README.md
terraform,ed20444f63f4be4c86a482264ea7fef66ba15b1b,2017-06-27,CHANGELOG.md
terraform,59e106fbd9869b685fc1a36f1068496e06d6d472,2017-06-27,CHANGELOG.md
terraform,e7f7395e9e9b747770c433beadab5d18d2b5d2c1,2017-06-27,CHANGELOG.md
terraform,e7f09ea336c52b640296f66bff4f4d53a54cf537,2017-06-27,CHANGELOG.md
terraform,4e175cc351638d8536dff251a47ce60f0446e441,2017-06-27,CHANGELOG.md
terraform,13a2500755e27e54c1fe5e99d5a23ea04d886e32,2017-06-27,CHANGELOG.md
terraform,8e2583055467b80a6ee2ad043e080fffca089fbd,2017-06-26,CHANGELOG.md
terraform,5159047ca7604d52a1fbfcc784b33ee5a1bb8396,2017-06-26,CHANGELOG.md
terraform,f40df21988572d5dfa4830bb5685a0c3134271ba,2017-06-23,CHANGELOG.md
terraform,2b14a6d3b87d3ebf0bbd0f9814e9df54d8cb4cc6,2017-06-23,CHANGELOG.md
terraform,c4857bdbafca1acd1ee63717a9bd1c431f66c03d,2017-06-22,CHANGELOG.md
terraform,a26ff83279df8e632c8366b08653e12aa570f144,2017-06-22,CHANGELOG.md
terraform,2f4e9a679746989b1c26460e152db7bdd121c4a1,2017-06-22,README.md
terraform,83622cf19bcefb5a30a5b2bf9aabd71124f764b5,2017-06-22,CHANGELOG.md
terraform,83eee27026511a9fab3bd85785a4246a316d21c2,2017-06-21,CHANGELOG.md
terraform,c85a10acfe506431b84941614b3e2a06343ef6d5,2017-06-21,CHANGELOG.md
terraform,ca7d0833b9f4c3e913f53844a7061848402dac8a,2017-06-20,CHANGELOG.md
terraform,13807950d32b127c3628080f7f4fc6680c5af1fc,2017-06-16,CHANGELOG.md
terraform,71b67b93387f7dd33ebdd121fa850ac5b3a9a38a,2017-06-16,CHANGELOG.md
terraform,790c973320f88da2b053b497f802b64e267426d6,2017-06-16,CHANGELOG.md
terraform,5963ea6f26f59e944ddb8258d35ef81bf459daed,2017-06-16,CHANGELOG.md
terraform,df81167cd393497302c12c2a5c37fe16b70bbb97,2017-06-15,CHANGELOG.md
terraform,8e98004989962c68ed47904ea4311987b73ab00e,2017-06-14,CHANGELOG.md
terraform,9706042ddd51b85a46e23356536a1d812efa5a38,2017-06-13,CHANGELOG.md
terraform,458cac7f497c60be8ce58a1e308dfdbe8580435a,2017-06-12,.github/ISSUE_TEMPLATE.md
terraform,e50a57bcb7f3e7a0469f5b9b030df9074bb10bfa,2017-06-10,CHANGELOG.md
terraform,f7b5d536a46999a82e43b33ae7a97b066de23194,2017-06-10,CHANGELOG.md
terraform,5f24491ea6659c50883d85a063f902a22b8c2a50,2017-06-09,CHANGELOG.md
terraform,fc56f13f1f0f17c6db2137d692e808b0fe6ed4d3,2017-06-09,CHANGELOG.md
terraform,f69f7e623ba01feafb7b7f39cf79e56d9ca730e6,2017-06-09,CHANGELOG.md
terraform,6caba26b623dd38ae3757b5cf9add706347012e0,2017-06-09,CHANGELOG.md
terraform,2c09677bb6759796c021e1cfcdc06154a1154019,2017-06-09,CHANGELOG.md
terraform,5aff701866ed53def2429fca61340f867e99266b,2017-06-09,CHANGELOG.md
terraform,2cc8ddfd72b7f73eadebd5f63e057015ccb6cd6e,2017-06-08,CHANGELOG.md
terraform,6177b479e1bb5daae09996f3a1e112f442bf57f3,2017-06-08,CHANGELOG.md
terraform,9e0c52c6dbbefd0938899d88609ed4cc1216f188,2017-06-08,CHANGELOG.md
terraform,8d560482c34e865458fd884cb0790b4f73f09ad1,2017-06-08,CHANGELOG.md
terraform,ac662079901f9131bac17d1d3f53898b9168ec4a,2017-06-07,CHANGELOG.md
terraform,ebec7fbe78ea538b9d76af4feaccb84ade1984ca,2017-06-07,CHANGELOG.md
terraform,c6a820004907a4d22a1ac3abf49c480febd29e60,2017-06-07,CHANGELOG.md
terraform,3bfc46137aca35c8dfdd13ff76cdb6e1bd27ccee,2017-06-07,CHANGELOG.md
terraform,1b78f50db5777e8045c3085f0e0a4e882e84c0bb,2017-06-07,CHANGELOG.md
terraform,20ca74d0a0a26a6f145c4ba2ec5d4eff311745ba,2017-06-07,CHANGELOG.md
terraform,6b3ec0c193f89d16b400f7bde4334da9fe0bca5e,2017-06-07,CHANGELOG.md
terraform,1d6ab977e08e1989ea876fa9753d2ae71f74d983,2017-06-07,CHANGELOG.md
terraform,2c7fdfdb15dba8448410c701c5b08c755687cfc7,2017-06-07,CHANGELOG.md
terraform,0f113c3cc3b2ec14a5fa55027cd8d77f07e10e5b,2017-06-06,CHANGELOG.md
terraform,0c2020926f4cc9f79025641ce0dcafe10dd2e8d0,2017-06-06,CHANGELOG.md
terraform,7059e2b9fdbbff15fb2532dce62652a2176b05c1,2017-06-06,.github/ISSUE_TEMPLATE.md
terraform,258674a35894a1fefc669a2c25c9dd4484d0acf2,2017-06-06,CHANGELOG.md
terraform,afc928d1bc8012a44e092b44c0fdf22bd13818da,2017-06-06,CHANGELOG.md
terraform,32ad64dbd7272314001c0ffa2764f3092c7aa0ef,2017-06-06,CHANGELOG.md
terraform,4019335f390ebb5c870bec015f698ebfe8756b2e,2017-06-06,CHANGELOG.md
terraform,683a14853d4bd27d33f43bc4dc6840ac04877ded,2017-06-06,CHANGELOG.md
terraform,d06a4f05d42c38c63584569a452e07e1b22ed729,2017-06-06,CHANGELOG.md
terraform,aac43acce327e64a96da9101606a4b6fad469453,2017-06-06,CHANGELOG.md
terraform,1babdd4e5ca493bef2e51bfa9b98fa9976306c95,2017-06-05,CHANGELOG.md
terraform,c17f5932fa68b0673952460fd339b55dad26ca66,2017-06-05,CHANGELOG.md
terraform,2df69e822a3cbf4970f20ae45500c4ab2b927c10,2017-06-05,CHANGELOG.md
terraform,2df69e822a3cbf4970f20ae45500c4ab2b927c10,2017-06-05,LICENSE
terraform,2df69e822a3cbf4970f20ae45500c4ab2b927c10,2017-06-05,README.md
terraform,0149e6d1f514a0761bc3ccdfe4a782fa4e6fb655,2017-06-05,CHANGELOG.md
terraform,cb737e89a11788cf93c58be7a6f9a09a1114e685,2017-06-05,CHANGELOG.md
terraform,e7628c39ce3f4f04b66a3b9465ee0279ff93d38d,2017-06-05,CHANGELOG.md
terraform,eed23bd8033c75f09aa34bdd1edf742764a51989,2017-06-05,CHANGELOG.md
terraform,06562df1e654440a8ae67dcd0ab0f215f79fc092,2017-06-05,CHANGELOG.md
terraform,b1f628b9bd7688fdf6cdafe74a2f894323d6b010,2017-06-05,CHANGELOG.md
terraform,c0c75638a75fbfe0a51713ebafcaf9e37419f185,2017-06-05,CHANGELOG.md
terraform,42fccffdf968d3d46adbc25ba1a3a34fa5490748,2017-06-05,CHANGELOG.md
terraform,bb2978958206393ef937d4a70a13144de3b5a2cd,2017-06-05,CHANGELOG.md
terraform,72f3c374cff123c0e26493bf9d6e4729ef3e1982,2017-06-05,CHANGELOG.md
terraform,8710843fb5077563e6d01077c7ad87243a8299e9,2017-06-05,CHANGELOG.md
terraform,ccbab8b5aebfc3bc399689f3aa54cb43e77cae8e,2017-06-05,CHANGELOG.md
terraform,0f5bce9942d18de3b8fc0701553d0cb4b3c3964b,2017-06-05,CHANGELOG.md
terraform,de4ac620a6af94ff45153b537f3d5cf44179c309,2017-06-05,CHANGELOG.md
terraform,feb9df8226fa0d2bd7feaa5a57a33f257fbd7f99,2017-06-05,CHANGELOG.md
terraform,fa1a6ab419fcd2356a12c89e798dd4d4cec9387a,2017-06-05,CHANGELOG.md
terraform,3136600e8f82eeda570ff82bac422b0cd0d31e58,2017-06-05,CHANGELOG.md
terraform,e10de998ebeb5b7c9827953f8150c36a80b4d67e,2017-06-05,CHANGELOG.md
terraform,74e5a5ed11348e50e37ecf7cc7cd2cdfc16acf49,2017-06-04,CHANGELOG.md
terraform,92f5a99e6a9b5e863d111f5c5c63298e4985f97a,2017-06-03,CHANGELOG.md
terraform,993361be3a5c066ba7e46e86856a8c77bf2fe43b,2017-06-03,CHANGELOG.md
terraform,be02cb63290cc0a5a4f1647265b7366d50e84514,2017-06-02,CHANGELOG.md
terraform,47461f22862bd716700f07809f46b0f6cdb3aed6,2017-06-02,CHANGELOG.md
terraform,bae0a71a11305eed343a8817966c8315e3cfc3a6,2017-06-02,CHANGELOG.md
terraform,fa22031289cd1bdfb26c4bdacc0d9ca3015acfc2,2017-06-02,CHANGELOG.md
terraform,483b8494482a17c880bc2bed7fd24b6da928ee3d,2017-06-02,CHANGELOG.md
terraform,b22cfa8b80b62ce036892b13106bc9782d280d04,2017-06-02,CHANGELOG.md
terraform,9ef4dd5a3d4557b3794f8ff222b469b2e903e34f,2017-06-01,CHANGELOG.md
terraform,4e878aaceac2ced1dceab232810ae2e08a30c33f,2017-06-01,CHANGELOG.md
terraform,85e2efaac0349d4829f19df92dca80e8e279395f,2017-06-01,CHANGELOG.md
terraform,1d70729444e87a55119ba7707db7b9ede6fe4c08,2017-06-01,CHANGELOG.md
terraform,ba625b7436d86e14cc8e2a01327c80f7270f403b,2017-06-01,CHANGELOG.md
terraform,90ae01e7942385ba36154b78cf51e5320566339a,2017-06-01,CHANGELOG.md
terraform,12aa4bd56ebf5ed85b4e2969dd83d1c9e4357307,2017-06-01,CHANGELOG.md
terraform,26fd40dcfda66ff4840ebb167b5a5d96859a7fcc,2017-06-01,CHANGELOG.md
terraform,f27aa3c826b02b84c8b5d67efd15479504df08c1,2017-06-01,CHANGELOG.md
terraform,583aa5d94117134f79c5b74989270463d88cb052,2017-05-31,CHANGELOG.md
terraform,24846024abfa1d89e4b939fef2c4bba31ca71226,2017-05-31,CHANGELOG.md
terraform,3ddfcdfd39e8b8057da90b26c3d312423b2b1c17,2017-05-31,CHANGELOG.md
terraform,31ce7aadca8350c4795fd8a78fbd15211ca03e82,2017-05-31,CHANGELOG.md
terraform,b463bec36927a63d988b65691fc0851a9fd98363,2017-05-31,CHANGELOG.md
terraform,f43653daaf7f18a8fe6793c950006f36e2aed283,2017-05-31,CHANGELOG.md
terraform,3d293d413ca863d08820b275dd74c67877c275fe,2017-05-31,CHANGELOG.md
terraform,34b67c513ff89dd0338bad14014c37159b9c1650,2017-05-31,CHANGELOG.md
terraform,d400fe23e0a9d7dc0711854483123762a3c27884,2017-05-31,CHANGELOG.md
terraform,b8b1e8006a7feb57e32bd883d69cc8f159d9db8b,2017-05-31,CHANGELOG.md
terraform,606267cbd29840ea7393e96abe72727bb6757dad,2017-05-31,CHANGELOG.md
terraform,4b31def8ba3d76e4afa0f8316aa78e7d06555e07,2017-05-31,CHANGELOG.md
terraform,f1c4100d04a2398fc1b13d19ec8f36bf592cfaba,2017-05-30,CHANGELOG.md
terraform,13ed75a3e45691695375f0aa0634fa190d785cbd,2017-05-30,CHANGELOG.md
terraform,538dc7d257d17c617b9cd665eb1d8710414b2511,2017-05-30,CHANGELOG.md
terraform,c37adf33ea34a6da6031b7460beabe786eb8be9c,2017-05-30,CHANGELOG.md
terraform,d9524a71d457663fb1b1340f9e719973e365f5ad,2017-05-30,CHANGELOG.md
terraform,ff3166fcae6cc7d4d70cfc2c000e9655c2e929e5,2017-05-30,CHANGELOG.md
terraform,77961be736343eef06439b16176c7667e0a7c22a,2017-05-30,CHANGELOG.md
terraform,209bc1e93adbbd1e01a50262e39980c452810c0f,2017-05-30,CHANGELOG.md
terraform,1a5e627b351622e180564a469b048652ba6c39e9,2017-05-30,CHANGELOG.md
terraform,423bfe0298b5b73d79d996c86002bc69f667ebd6,2017-05-29,CHANGELOG.md
terraform,3dbc83e64b88e6b3af46528a6729f209072fa281,2017-05-29,CHANGELOG.md
terraform,24f5f65bb57dc2f9543134b989a7f80dbbd7bec6,2017-05-28,CHANGELOG.md
terraform,db036d3b86fc6e4c79f1187f39a02692957aaec2,2017-05-26,CHANGELOG.md
terraform,ddf2cf920fc2c2fb2ade7890140f153ad8d68fa4,2017-05-26,CHANGELOG.md
terraform,d6fcc82ecc8c3239831bde05080ff9a4f802f410,2017-05-25,CHANGELOG.md
terraform,85e0979c6af6a15345c9131e4478ba712bb3c21d,2017-05-25,CHANGELOG.md
terraform,96f391dafc38fd986fd817b98b3d4aebeaed62ee,2017-05-25,CHANGELOG.md
terraform,9bbebfbb498cfc7bf20fc9e063a31f61108f33cb,2017-05-25,CHANGELOG.md
terraform,4b9514eeb0d2aa69b601153bb1f06dcdc87adb94,2017-05-25,CHANGELOG.md
terraform,acedf7228f36b5374493aeb5a968caaef026a478,2017-05-25,CHANGELOG.md
terraform,fb6dd8bfbe3ee10d328c8ba400719315a6346e97,2017-05-24,CHANGELOG.md
terraform,f510ed0377c21573cb0d2b4d3673c0b24a881261,2017-05-24,CHANGELOG.md
terraform,23a679849171172d9ac1ffe5f0208082e2698c1a,2017-05-24,CHANGELOG.md
terraform,eb22d24ce08511af5abe890fae65ed642e3dcd1b,2017-05-24,CHANGELOG.md
terraform,ee0b88a788c24d6a6daf35fbe9a14df915215845,2017-05-24,CHANGELOG.md
terraform,cec3430b336ffb8bc700154bd75fa8d46acf666c,2017-05-24,CHANGELOG.md
terraform,7c6c075640dd1aa1d1c992efee3517827f1ab557,2017-05-24,CHANGELOG.md
terraform,17bbdef7119ea584c0ebc623ce4f56a7675e28e1,2017-05-24,CHANGELOG.md
terraform,d820ff9ed5ae7a32df5735edb1171ce6602532be,2017-05-24,CHANGELOG.md
terraform,ea44c0eb8af3d06a935e33ec0daef691e99ae940,2017-05-24,CHANGELOG.md
terraform,3eabfa4c4a3dbbfb6afd0836732ddc7d20cd663b,2017-05-24,CHANGELOG.md
terraform,e5dcaf7f79a8849102d2d6fbe9829875b46dd057,2017-05-24,CHANGELOG.md
terraform,48803f5961b03d7989e572894fcdea154db859cf,2017-05-23,CHANGELOG.md
terraform,9253a3e0a3d460791ef3dcf93f9d576e6ed175c7,2017-05-23,CHANGELOG.md
terraform,5c85c9cf6c0fc0b9ddded79455c2b036027b6a42,2017-05-23,CHANGELOG.md
terraform,346d34c383d228e80519c0ca9974506de5a8abe1,2017-05-23,CHANGELOG.md
terraform,46f1a33222ed5c8119af9c58a3ea1a67926ef039,2017-05-23,CHANGELOG.md
terraform,278fb293ea10ace4498a07b2f0e38c21b2e76685,2017-05-23,CHANGELOG.md
terraform,e4c2428b83009604f3bfcbe9ed5837aedfd94474,2017-05-23,CHANGELOG.md
terraform,d1308c1fe27ac87c64c8288a4568af4e12859bf1,2017-05-22,CHANGELOG.md
terraform,979ef66dbcbdb136c6d3dfb0cf13e4a4831958b4,2017-05-22,CHANGELOG.md
terraform,0ffcadd058174ed3416b3a35ac5793efd98939c2,2017-05-22,CHANGELOG.md
terraform,bef916d60707b1e0da6f6575d069f8b2c7b9990e,2017-05-22,CHANGELOG.md
terraform,fd472e4a86500606b03c314f70d11f2bc4bc84e5,2017-05-22,CHANGELOG.md
terraform,64d61085fb2ac53d08b162be90594dc0aacea2b6,2017-05-22,CHANGELOG.md
terraform,dd89c922c32b61942194f2b51032127b9f169f18,2017-05-22,CHANGELOG.md
terraform,94e6128fcfd3a40cfa9b02c2408833f3ea6bcd03,2017-05-22,CHANGELOG.md
terraform,bd99d7ce88f1524af8b3544eb55e04da42f2c777,2017-05-22,CHANGELOG.md
terraform,f3d86dca83150784d9ad0dc041f2a65b8a4a28ab,2017-05-22,CHANGELOG.md
terraform,161494435b39390a31a05642858efa208858e1a0,2017-05-22,CHANGELOG.md
terraform,fd9c045d07846a7084ce5c087c1a53ef0e173e72,2017-05-22,CHANGELOG.md
terraform,a8d3971c20c4ed3032ae0f322b5df8b748aff583,2017-05-22,CHANGELOG.md
terraform,3fe1cdadd9d8ca958b2997ad761d33cd665779d3,2017-05-22,CHANGELOG.md
terraform,6a953db7284015ba9a7122b50e354a658a6eeaef,2017-05-22,CHANGELOG.md
terraform,d2fe39cab3e4ec6525ded3f5e632f5ee26b6e441,2017-05-21,CHANGELOG.md
terraform,752c38bdc880d8e06a9afb3a00ae9579ccc6ab26,2017-05-21,CHANGELOG.md
terraform,030f26be4839ef496fa9af58990568aa03e4715a,2017-05-21,CHANGELOG.md
terraform,792638d07b33128404c7694567bcbddaae301850,2017-05-20,CHANGELOG.md
terraform,bb62bd39009acb5b972ba7f74487747a3474af96,2017-05-20,CHANGELOG.md
terraform,d4f2a46fe8876312849d650ea5df879fc3407726,2017-05-20,CHANGELOG.md
terraform,20300b43598d5cf775c16b58bb85ed989ae31ea7,2017-05-19,CHANGELOG.md
terraform,c243c51302dfc1969f65ec0e4eff07d290882d02,2017-05-19,CHANGELOG.md
terraform,05021c98d8f54479709f7b52d6256ee92ce98ec6,2017-05-19,CHANGELOG.md
terraform,5027cbd54c04b5d292ac70be01c437e4a42d79c0,2017-05-19,CHANGELOG.md
terraform,6266eef652f4d6d664608be37822b31244fd7fb4,2017-05-19,CHANGELOG.md
terraform,206582472956ae1591684871c2e9b9e03f75252f,2017-05-19,CHANGELOG.md
terraform,11279963a342174530f34cb7abd740ff214d4f23,2017-05-19,CHANGELOG.md
terraform,96532c4f112e8b020a96b57041bf0a6e0914dc5c,2017-05-19,CHANGELOG.md
terraform,ac25ac954c8af8ebb4a3583d44baceb676fe8cda,2017-05-19,CHANGELOG.md
terraform,a47d0544a996e0f4f7ec648ab68943ed242d258a,2017-05-18,CHANGELOG.md
terraform,208199a554723b5314c7c2a91b381cbceefff1cb,2017-05-18,CHANGELOG.md
terraform,025d7ea8c94291febfbe1da4206e0a7d64e3c1bb,2017-05-18,CHANGELOG.md
terraform,cc505b2d610b8193f8650a1536144b4b9d543dec,2017-05-18,CHANGELOG.md
terraform,0b2d02fc41b3ada007131e546797318ff049ef99,2017-05-18,CHANGELOG.md
terraform,56fa4c7e0d178926f57b65bd42b56cd4c3af053a,2017-05-18,CHANGELOG.md
terraform,66b7a24b4f9adeab07a841709c5bc0c49fe2d36a,2017-05-18,CHANGELOG.md
terraform,0c209e2b7532c50cfc76dc653f9804d9f0c64591,2017-05-18,CHANGELOG.md
terraform,57489bb17f869a3435bafcff66546d81807d28e1,2017-05-18,CHANGELOG.md
terraform,399af7710d7d1594b7587738d7a835ee8b2ab68a,2017-05-18,CHANGELOG.md
terraform,53c08092f65498116923ed6dbd8b4cad401bc9b5,2017-05-18,CHANGELOG.md
terraform,f563515655b4c23f87a8490efabdb7c0641497ac,2017-05-17,CHANGELOG.md
terraform,228c8d0dae01455f04ac30698c3f8e6caef46850,2017-05-17,CHANGELOG.md
terraform,a4cddf6ebf5945d019b0e73d27e78b1e40d9a5a6,2017-05-17,CHANGELOG.md
terraform,cebe0c9967a7575c58b3fe79d3ba10d3e7e69523,2017-05-17,CHANGELOG.md
terraform,492618f8cf01c54a4f2fdfe1b3aff3fd828947c4,2017-05-17,CHANGELOG.md
terraform,2fbfdd4ab6e50bbeb07275b67cccbfc71aecb39c,2017-05-16,CHANGELOG.md
terraform,5269a400c8b9283d37bccb3229c8165617d69c55,2017-05-16,CHANGELOG.md
terraform,33e7b105878d208a48b13dcf6c16c19d3c8d41e7,2017-05-16,CHANGELOG.md
terraform,2747f791378812459ebe72ad052f8b88af489e87,2017-05-16,CHANGELOG.md
terraform,24aa40a0d81346550d40e8147ec75dcdbde28d07,2017-05-16,CHANGELOG.md
terraform,8793edf66807b079a71d0e0a983bea456e79a7bd,2017-05-16,CHANGELOG.md
terraform,9fd0e803643e559708d113f09f734aa305247570,2017-05-16,CHANGELOG.md
terraform,1577414cf007f2e792bfa5f19c26ad3d8ee79c07,2017-05-16,CHANGELOG.md
terraform,aae385c522854ef6e602eb6931a931b171b56681,2017-05-16,CHANGELOG.md
terraform,1bccc788f90c0130855c3a256016a149cb31b087,2017-05-16,CHANGELOG.md
terraform,23b41ad7646410fe1d5cdf03854d12cc3eaf467a,2017-05-16,CHANGELOG.md
terraform,2011eec0f55e560dcab20c4b720167ed35433b96,2017-05-16,CHANGELOG.md
terraform,a4664a87b1ce3f20372ade151428a42aa4e2fa31,2017-05-16,CHANGELOG.md
terraform,a94adbb36d280f2e09a637d8439794c555e4417a,2017-05-16,CHANGELOG.md
terraform,944fb6b64515463e55548b25551d8a611f800e17,2017-05-16,CHANGELOG.md
terraform,d24a87c480a06a8a84e11f01ee19199b16b30493,2017-05-15,CHANGELOG.md
terraform,f5056b7e63cf42eec7bb7b87b1d9b3bc943dd9ec,2017-05-15,CHANGELOG.md
terraform,bb1559e041f918d181aa05f48b483d4c9445a1be,2017-05-15,CHANGELOG.md
terraform,583c38a088c245e6364b70a1f889e6cc3be661ef,2017-05-15,CHANGELOG.md
terraform,5f724fc8a16eb75048ed793e1dc06974945927bc,2017-05-15,CHANGELOG.md
terraform,7b392920d35e343196e5b5dee51aa1ac95a6ec85,2017-05-15,CHANGELOG.md
terraform,d608e8bcac06652fa71aa9146f47e3688f84f9e6,2017-05-15,CHANGELOG.md
terraform,dd2bc1edbd6050de717ae11dfd7dbb5d2264d84c,2017-05-15,CHANGELOG.md
terraform,551e284ffaa772642a171a8668092663da2425a8,2017-05-15,CHANGELOG.md
terraform,feb16dfdccfc900064d8cd17383fd766ae85ea74,2017-05-15,CHANGELOG.md
terraform,d34bbbc389df6fb8d0b31ebf484c8fc782603d67,2017-05-15,CHANGELOG.md
terraform,b17cfdebe671c890262ac4b16ea0ee6ab12af512,2017-05-14,CHANGELOG.md
terraform,11e386993b088ceb23e2d945eebf67f825e331fa,2017-05-13,CHANGELOG.md
terraform,5367f2607e16cfeeff3d8ca1bf92b41cffd50772,2017-05-12,CHANGELOG.md
terraform,89b4d0784c13503724c17a7002f52491f4065cbb,2017-05-12,CHANGELOG.md
terraform,116d52b3287bddad887c20e42ddbc9ead0a48499,2017-05-12,CHANGELOG.md
terraform,291ad1690c528f43b2c7e7fe140484a5ee885b3a,2017-05-12,CHANGELOG.md
terraform,cb15a5d0a71925ab75f64b7f62acc7c1caeed7bc,2017-05-12,CHANGELOG.md
terraform,6c5af927ac2374dd74fb943e70ae9b0517b218f4,2017-05-12,CHANGELOG.md
terraform,e6ae7853c58494c9f99b150eabd3c61289f99aef,2017-05-12,CHANGELOG.md
terraform,7f6477e7629007b8eb1d0e7feeba80ea4b4676f9,2017-05-12,CHANGELOG.md
terraform,15a5a84cd18817d5530b034664ea9b424c5c35fe,2017-05-12,CHANGELOG.md
terraform,6dea052f0ec01ea897ee2dea0d367a196b0d6bee,2017-05-11,CHANGELOG.md
terraform,40c5b97c175ef8063dd8e23309a3c8c045e05802,2017-05-11,CHANGELOG.md
terraform,51c99b6e82995e19057c1a3debae5f3ab3dbc47b,2017-05-11,CHANGELOG.md
terraform,e14dc3663f7a5a326923301f01e53b89439bde15,2017-05-11,CHANGELOG.md
terraform,2aa7faa38c55214e09e5b1cd029d31bc26b40475,2017-05-11,CHANGELOG.md
terraform,c6efb7ad4ca91fc9a0b5155d4eabbb5313a34a32,2017-05-11,CHANGELOG.md
terraform,35caa00c3340f43f3b9bd5d68c542429f01b2091,2017-05-11,CHANGELOG.md
terraform,90db0ff119dc4f861c3897827e39e890ce5a5dae,2017-05-11,CHANGELOG.md
terraform,2bd7303bdfc67f89f74e57b6f2817c1dfeb06335,2017-05-11,CHANGELOG.md
terraform,f21a96a654224ece62dcbf668a92d129c42081ea,2017-05-11,CHANGELOG.md
terraform,606be1c2e78fc105af913d6518b0be2bfb4faf4e,2017-05-11,CHANGELOG.md
terraform,e238981e9c7cf47b8a290f90afb8570c70b4b7fd,2017-05-11,CHANGELOG.md
terraform,f8ac496f3441de9ab6b28e288c00e2807ddabfdd,2017-05-11,CHANGELOG.md
terraform,7cb334b6355e94ad4ce47b672f7f2a0406b17983,2017-05-11,CHANGELOG.md
terraform,a59ee0b30e1350d18e44a3a2a405124302751f93,2017-05-11,CHANGELOG.md
terraform,077cfcfeaf3218807a8a0358df71f14c08eb475b,2017-05-11,CHANGELOG.md
terraform,c21f53ddca5634ffd0a0476e62e92cf3e5d3f431,2017-05-11,CHANGELOG.md
terraform,f811c4c16cb1c3a6d094cd7ff387c0e2ff9f2dd9,2017-05-11,.github/CONTRIBUTING.md
terraform,59c72724d063eaf942ae2d0b4a51789aa788a377,2017-05-11,CHANGELOG.md
terraform,ccc9a635d5f23de22bff77bdb8daf0a8adb34d97,2017-05-10,CHANGELOG.md
terraform,cd33995dbceeb79aab0ec0efacb30b56a5541d84,2017-05-10,CHANGELOG.md
terraform,93c85520e14ea7a8fa422aa1c58a7b886d043728,2017-05-10,CHANGELOG.md
terraform,f9edf5b17a816ce7657ca3084bd4022a942430dc,2017-05-10,CHANGELOG.md
terraform,d203131bf24b2486e6ea52f261149d1aff3018c3,2017-05-10,CHANGELOG.md
terraform,cd27d277b4492b5eddd86b17fc18870a69aff7be,2017-05-10,CHANGELOG.md
terraform,9ec0f5326d0c8a88d8b4d8abe7e9aa35d1a47ada,2017-05-10,CHANGELOG.md
terraform,c7b81ecad1b47422514caf35e21c59c76688d3e3,2017-05-10,CHANGELOG.md
terraform,08d59275e34fc618c551a506d5924792608d4813,2017-05-10,CHANGELOG.md
terraform,15f49767432f03a1341147585a9e59970c2660b3,2017-05-10,CHANGELOG.md
terraform,a6a796708ebcd80123ac6bfd3b0626421a9638b8,2017-05-09,CHANGELOG.md
terraform,8f810cdee0a597d59bd43e59e6c9506feabd5211,2017-05-09,CHANGELOG.md
terraform,8622925b34945aebaad596214cf91bd117a01a1e,2017-05-09,CHANGELOG.md
terraform,dddfcef556c4387ca2831a9c7d178273f4835d4d,2017-05-09,CHANGELOG.md
terraform,8d91080af88a1da22774ad12672f39aab23a90bb,2017-05-09,CHANGELOG.md
terraform,e71a49cf355d8e6704c83a4dcab53f0139f20982,2017-05-09,CHANGELOG.md
terraform,3230217dc59a542ce7f0bf6a0d1019664fd24d40,2017-05-09,CHANGELOG.md
terraform,c80aacc8d20f934ff32dcf5cbaaab12ea6c396f8,2017-05-09,CHANGELOG.md
terraform,d4bb835b3156538c729d52d957404f712f687909,2017-05-09,CHANGELOG.md
terraform,13e1a62319dc12c0a7ab31404a23397f64ac8af1,2017-05-09,CHANGELOG.md
terraform,1b6a5af77b29a85d92d338a340f9d3e9f0e1d179,2017-05-09,CHANGELOG.md
terraform,a06e6c69d0514571afe669cd8b1916b0ce99b1e8,2017-05-09,CHANGELOG.md
terraform,9a1c6d990f3195939f2df944fa76faa918c61a79,2017-05-08,CHANGELOG.md
terraform,d0f5b23b72fe781aaea9e07bdd648e376a0f50a8,2017-05-08,CHANGELOG.md
terraform,dd5577ee4497ee1f910739ed606c6b25606d3301,2017-05-08,CHANGELOG.md
terraform,7c4e2c198a1b4fcd94469a72df6468294988a411,2017-05-08,CHANGELOG.md
terraform,3cec809297d0ccfaca3577b1e1ad842e3e150216,2017-05-08,CHANGELOG.md
terraform,339079c402b18e2a6bc94ac00b92ffd052d24daf,2017-05-08,CHANGELOG.md
terraform,c732c3b16f9091b0c8ba2b4b96f639dbd533021b,2017-05-06,CHANGELOG.md
terraform,6dad46ff4e5cbcee2ff4bd3fe66497472b1a605d,2017-05-05,CHANGELOG.md
terraform,076a67f754be6a007ccb9cac6289b74406972eea,2017-05-05,CHANGELOG.md
terraform,05698521b32cf9166b1e1f3cf3d3d29c79b0d103,2017-05-05,CHANGELOG.md
terraform,851a1333f5de97d56d16c9bd920a2b3aecb341cf,2017-05-05,CHANGELOG.md
terraform,c2ae76b50d70163d2adcbc717001ddbd46435b90,2017-05-05,CHANGELOG.md
terraform,969f5a0116d7a37c457c66c9a1ebccce5ae0183b,2017-05-05,CHANGELOG.md
terraform,8f4f51e944604577cce6c1442213ffc1b4b62dec,2017-05-05,CHANGELOG.md
terraform,e5d92bcbd9c03fca9cae4ebdddd1565fec5ad091,2017-05-05,CHANGELOG.md
terraform,3f4b75c2a35f6f6e218e78ffc512f9d3df6be1cd,2017-05-04,CHANGELOG.md
terraform,bfd42b0fa76d3ad7822b92138d342aa3f8a4da8d,2017-05-04,CHANGELOG.md
terraform,b28fb766db9a372508f4f60edd2b56f5469782a3,2017-05-04,CHANGELOG.md
terraform,9459ffa302995a7b5d1b3bad29ffba048aad3aab,2017-05-04,CHANGELOG.md
terraform,354d6b832c14f6f058a592fd43efb26b575bfd69,2017-05-04,CHANGELOG.md
terraform,9f7c5394f1eb6dfe1d23d83900accdc88275cc15,2017-05-04,CHANGELOG.md
terraform,560a723c9efd89a3a69558c580f465ddb5b15fa4,2017-05-04,CHANGELOG.md
terraform,7354fe0d29b97bb46f54bb063ce17247d1208860,2017-05-04,CHANGELOG.md
terraform,25681bdb69f510af63d26fb08fc5d01898b65ec0,2017-05-04,CHANGELOG.md
terraform,3bff3adc9eae34db421b9036d7344891027dbe4a,2017-05-04,CHANGELOG.md
terraform,1d45bb73f1f53b20f245115232cfb0216d10e086,2017-05-03,CHANGELOG.md
terraform,2aaabf77ad62d9800ecb5960807739eed01163e0,2017-05-03,CHANGELOG.md
terraform,59e344f7c925f59c8a0e621061a55152044b9277,2017-05-03,CHANGELOG.md
terraform,bd2dbf64486f2e517cb1e3ce38da679a4777b57a,2017-05-03,CHANGELOG.md
terraform,117cd4850eacc40c27b350046b57731ca06df0fa,2017-05-03,CHANGELOG.md
terraform,d849f0e9e00db1c4dd143ac366e39791d6ecc1a2,2017-05-03,CHANGELOG.md
terraform,05b63f9703faa276049f01f0c9a80ccfc0fe8765,2017-05-03,CHANGELOG.md
terraform,e63f03e3b3101984c78b7803438effcb23b25b25,2017-05-02,CHANGELOG.md
terraform,a6e85cf3ccdcc894d80fa031ca9c4fb97d3d8611,2017-05-02,CHANGELOG.md
terraform,4d9e01a277e22b12be1c84474f96e0d0e3279bc4,2017-05-02,CHANGELOG.md
terraform,e269a5d8056921ecfd5486884473e33a71d4e27c,2017-05-02,CHANGELOG.md
terraform,b5a141fc08982bb9eb694b9809e78376dfd45824,2017-05-02,CHANGELOG.md
terraform,a6b0c67d54240880da1a4c2d14ca276f2c99db63,2017-05-02,CHANGELOG.md
terraform,8d286b83eae41d0b860d2125c336c6c03461dda1,2017-05-02,CHANGELOG.md
terraform,f4b7d9c53b2821fb2636e1b5ecea145e3494deef,2017-05-01,CHANGELOG.md
terraform,08e778c8834dec47805b3c7a0a3287f8dce2a746,2017-05-01,CHANGELOG.md
terraform,c807b8b623f2ca3bb4d07bb91ec4f0da510cb4d2,2017-05-01,CHANGELOG.md
terraform,1ad9168a86b5b054a6b2dd693cbee8571699f083,2017-05-01,CHANGELOG.md
terraform,51d2e9f349993324a47e893007481a4d564e5852,2017-05-01,CHANGELOG.md
terraform,c1ab56915fdd1e3781bb5fbcfe21d0fa838980e2,2017-05-01,CHANGELOG.md
terraform,21f484800625394518e1488829567fd1ee8d05f0,2017-04-30,CHANGELOG.md
terraform,8101a60b7270a2e1229e0d01fae2fb89f69246f8,2017-04-28,CHANGELOG.md
terraform,c72998062ee5eed1aab164ee14bef6c415fab66d,2017-04-28,CHANGELOG.md
terraform,1edc4555ad0629073002a2567360d107743df2a2,2017-04-28,CHANGELOG.md
terraform,0eb191d3a39d34fbea00e572e646e0e078fe2efa,2017-04-28,CHANGELOG.md
terraform,362ad5d7fa28d8d6606ebf2d8a7de29997b909d8,2017-04-28,CHANGELOG.md
terraform,990b6759f155ac3de925fdfe8718d1ae0306a6bd,2017-04-28,CHANGELOG.md
terraform,eeecf5183c64b833ae7904b239b795e4daad5ea7,2017-04-27,CHANGELOG.md
terraform,0f47cd47d8817b8f5cf790ba4762eb278520d1f7,2017-04-27,CHANGELOG.md
terraform,d8c839f643849fced049bd9288366674b365f02d,2017-04-27,CHANGELOG.md
terraform,e4861f8eee2a1c8bb93abba6edad6d905fe6d26b,2017-04-27,CHANGELOG.md
terraform,fed99cb30cc3634302cc37877150191722c9480f,2017-04-27,CHANGELOG.md
terraform,2af1bd9fe0acf7b305bdd7c605915bba3cbb81c5,2017-04-27,CHANGELOG.md
terraform,d615332d802fb5805c0ded5654de01ed2ec10c80,2017-04-27,CHANGELOG.md
terraform,95dc807e2d3166dfb757071a56a8cb196b6c98b1,2017-04-26,CHANGELOG.md
terraform,aca8e4fe6c0eaa80ca329f7450a858c0da9e50e2,2017-04-26,CHANGELOG.md
terraform,9b94fae81eb5256b79b68dea02002c9ad1dd8a0f,2017-04-26,CHANGELOG.md
terraform,c29a97aedf1ac574bdb48395d5be277c193250ae,2017-04-26,CHANGELOG.md
terraform,552073bc85ca0d50b6b996c3be32426958d721bc,2017-04-26,CHANGELOG.md
terraform,a7f9f2d8a2e26935d7a8f95f6b42ec7f3d985fa5,2017-04-26,CHANGELOG.md
terraform,192601bfa117bc9ba034bf6df5500f45489015da,2017-04-26,CHANGELOG.md
terraform,04cacdf05587db0b14aa9d8dccefed4bd6ed69b3,2017-04-26,CHANGELOG.md
terraform,69e28c6b0b4cbea9de68cbf48ba4a1d08849d0af,2017-04-26,CHANGELOG.md
terraform,1d1d44b7be7a68f893bb92a84243d7a7468f0915,2017-04-26,CHANGELOG.md
terraform,74eec4fab543b5b8c0c192f7a713a2b24a188e40,2017-04-26,CHANGELOG.md
terraform,277bbf65d1141207dbb30485bf124b1dba08f80f,2017-04-26,CHANGELOG.md
terraform,6939345c429d561d8ed62e3481aa09895c159997,2017-04-26,CHANGELOG.md
terraform,1024976cdf36f70b4887a7b3c7926d7be62cf93b,2017-04-26,CHANGELOG.md
terraform,e06a3768427e0fef4ff5d1f1aeccb4825cdce8b0,2017-04-25,CHANGELOG.md
terraform,b873a4594f593cb1760da02b5753485cde0217c7,2017-04-25,CHANGELOG.md
terraform,381514a70d7eff84e68b7fbca3caa2c9edfee7d1,2017-04-25,CHANGELOG.md
terraform,0fa5aefb96101aa095ea6afd6442fb6ceedfe19e,2017-04-25,CHANGELOG.md
terraform,0e0a5150ff02b21b7107f1529794e66f8248e372,2017-04-25,CHANGELOG.md
terraform,9f99fc46cef34cd4a305858449f7ca00421dd0e4,2017-04-25,CHANGELOG.md
terraform,048bfd6f36e01e2e3f02b010c4fd8d7236f4f555,2017-04-25,CHANGELOG.md
terraform,f59ed4a736c159396a588a3ef5968be69deb21c2,2017-04-25,CHANGELOG.md
terraform,fbd7c4ef929cf7a0968fc89e988766bb6fe37af0,2017-04-25,CHANGELOG.md
terraform,423bc0dfaac501311ca36ba5fd1d354349bb3e4f,2017-04-25,CHANGELOG.md
terraform,4441c6f53bee67be1c1637cfebee197ef9662c94,2017-04-25,CHANGELOG.md
terraform,8d48c4743c2baf4e10354636a9a007b2dc3a2c04,2017-04-25,CHANGELOG.md
terraform,7a07c4e99cceb0d17867352d9e67b8dbc50dfd70,2017-04-25,CHANGELOG.md
terraform,10ee31d5a2bfd2d462c65ab6d571472eb731e463,2017-04-25,CHANGELOG.md
terraform,6e6c5368d260ae338f4ee974e7cce548acae9176,2017-04-24,CHANGELOG.md
terraform,e079e5fa2840d4271eab55749e43de5bc969d6d5,2017-04-24,CHANGELOG.md
terraform,2db0e12e63cceade959a1b19d3f2c003f66af6b4,2017-04-24,CHANGELOG.md
terraform,28851ef5d99060806729c2c4ef4ee11dfb692777,2017-04-24,CHANGELOG.md
terraform,b7bdd550acc67da434631895feabd9fd8b3d0de6,2017-04-24,CHANGELOG.md
terraform,7d6d52494548330a71744056fb14e65c02271661,2017-04-24,CHANGELOG.md
terraform,1206ab98656682c06fd4a86c6121bc99903697e5,2017-04-24,CHANGELOG.md
terraform,4239c6a441461d2d30b844f6dd47dd99049e3ff3,2017-04-24,CHANGELOG.md
terraform,105167c6cbfd00428d3afbf8d0010712c12a6bd9,2017-04-24,CHANGELOG.md
terraform,eced7e39d47dcac96976390cda4594e011fc31f1,2017-04-23,CHANGELOG.md
terraform,6327796f4a7cf8465b3f89424afc82f6bc675480,2017-04-23,CHANGELOG.md
terraform,2279d8ae35d5dd8302ced6ab04ea2422823720c1,2017-04-23,CHANGELOG.md
terraform,623962ac16421c21fcba6f716fabf7eb9d54e849,2017-04-21,CHANGELOG.md
terraform,a45c3a806087d997a09bfd26e3e56ef17f4185dc,2017-04-21,CHANGELOG.md
terraform,e93ff74bf13ec575d74bc43229f329e840fb5c3b,2017-04-21,CHANGELOG.md
terraform,c2bd3b5fd4df3f5dee028436789640b6c51d64d0,2017-04-21,CHANGELOG.md
terraform,242913a00a91a4c5ed32aae036936cded93f41ce,2017-04-21,CHANGELOG.md
terraform,5ce5348070774cc22718b360ffe03d2892bbba59,2017-04-21,CHANGELOG.md
terraform,71139988dc031da3b21c9c80df9c2556017e0c3b,2017-04-21,CHANGELOG.md
terraform,f9bb8f6b610193ad734dc5fc2f33726c89b1db3e,2017-04-21,CHANGELOG.md
terraform,38c3eb70c10ae17631c4aa625bbef2454eb481d1,2017-04-21,CHANGELOG.md
terraform,525a21a1046e6ad5e5edf076525200463b9f6dfd,2017-04-21,CHANGELOG.md
terraform,ae9e40c9509bd7613abd2b959d4264feba348480,2017-04-21,CHANGELOG.md
terraform,be0390e5616a79de1aed5d974505496e0aacf99d,2017-04-21,CHANGELOG.md
terraform,deea8d7603f723fadc82c837b6f4b416d5b2c371,2017-04-21,CHANGELOG.md
terraform,f3160cdb9b45eb5cd3541768deef163a55cc5e6a,2017-04-21,CHANGELOG.md
terraform,d86b0b6eef7bdecdc487345956c17570b77e729e,2017-04-21,CHANGELOG.md
terraform,7c77687a557409b510d52ddcc64d86638f8093ee,2017-04-21,CHANGELOG.md
terraform,43d518342c2dc55c66e2596f70e485dc20a9bde9,2017-04-21,CHANGELOG.md
terraform,f30da761dec7c491a7d0fde6cbed2bc2ba596adb,2017-04-20,CHANGELOG.md
terraform,7d8c78a3d41c10380d24caf249105fb793acb328,2017-04-20,CHANGELOG.md
terraform,6e489a5e834030a70b49078edb44a97187572b55,2017-04-20,CHANGELOG.md
terraform,280b9cf74dca2ecc0e061494cd81e8a36f267eac,2017-04-20,CHANGELOG.md
terraform,24c33106ffb3268b49cecff2f70fda6ec6c64150,2017-04-20,CHANGELOG.md
terraform,bf8374c0485860eb9abdb2d3aed01f67502796ef,2017-04-20,CHANGELOG.md
terraform,164a5968ee1089b2ca8b672a0b5320b4cac3ac2a,2017-04-20,CHANGELOG.md
terraform,e4af2a67aa7dce4bf3dd22c06ddc151806fc66f3,2017-04-20,CHANGELOG.md
terraform,7f4a371f2ccf9ada48f990e2f70771b96f659d1b,2017-04-20,CHANGELOG.md
terraform,1157967fbece3be91953a5b47e4d694e913981c7,2017-04-20,CHANGELOG.md
terraform,72f2a3129829b265af2e038c1f83e1f27574e2f5,2017-04-20,CHANGELOG.md
terraform,30b6d695a675fbccace7adf5da9b6b01d3c29004,2017-04-20,CHANGELOG.md
terraform,9893abe95db95c3fecae0362c8f483c9c51de689,2017-04-19,CHANGELOG.md
terraform,cfa31b57a384431c77288e5e5b52d3d1085fd01b,2017-04-19,CHANGELOG.md
terraform,4a782583b6de41d3b9853c545a0ce04753a444bd,2017-04-18,CHANGELOG.md
terraform,3e8dca19a9b1f71fae6f76c455f1b856ba801268,2017-04-18,CHANGELOG.md
terraform,fd1b430e5f8f3deeb59082a8f50fecf6953a82ec,2017-04-18,CHANGELOG.md
terraform,ec85f833c7c572652572669ccb39d6e72899d936,2017-04-18,CHANGELOG.md
terraform,16c0594c475d9e75bf5de51fe906d32542410fcf,2017-04-18,CHANGELOG.md
terraform,74129323bdb9b28fc849744bb898fc33395875db,2017-04-18,.github/CONTRIBUTING.md
terraform,55d99c05e1c75d1bedb13af237d55846913fcf49,2017-04-17,CHANGELOG.md
terraform,9810d974b03d5fd6aff1cbcb74924fe44bd4e620,2017-04-17,CHANGELOG.md
terraform,e8023941ef32db582be30ac758b7b1bbd99a0262,2017-04-17,CHANGELOG.md
terraform,82235877d6c81c54291f714b5a074bb38af0468d,2017-04-16,CHANGELOG.md
terraform,1f75a5f3722f89da7c97773f72996f3e6395b610,2017-04-16,CHANGELOG.md
terraform,7480454e3127bcbb611d3f58abf5523a6ade6b2e,2017-04-16,CHANGELOG.md
terraform,1da9a06a64e9722ca55838156e6af0c706bd4df6,2017-04-16,CHANGELOG.md
terraform,ce09cc1bb9407429b82c7e9f2feecafbb0b3016e,2017-04-16,CHANGELOG.md
terraform,37fe35932ef3ce36a684900d8996feefd8474bc5,2017-04-16,CHANGELOG.md
terraform,16ec806634ce16da9b407002b30e6118640ef2f7,2017-04-16,CHANGELOG.md
terraform,0d775de78eef58c231d6e4e9f5240f076666faca,2017-04-15,CHANGELOG.md
terraform,1a016ac37f48631881c5e7b9e0dd68b830c291d9,2017-04-15,CHANGELOG.md
terraform,56dae36f978c9664c22de57e129614eab10858a6,2017-04-14,CHANGELOG.md
terraform,3b1738b2a32ee07488689be9c0c0507cc881cc2a,2017-04-14,CHANGELOG.md
terraform,80c359c3430f079679341191f353ce3ef3e4dce5,2017-04-14,CHANGELOG.md
terraform,586593cc16d34157ea1ef75dac2d21fcffec1389,2017-04-14,CHANGELOG.md
terraform,e761814ca0cd5ecd8f0c8389248b18ea86bbc784,2017-04-14,CHANGELOG.md
terraform,eac63e9efa9c519fbc613989562f4c64da2e8bab,2017-04-13,CHANGELOG.md
terraform,0bd8c7acb251c25c3b7c10a1b4343b9662a0d551,2017-04-13,CHANGELOG.md
terraform,f5e08948a4df2ecfe0561a983969738dd83ba40e,2017-04-13,CHANGELOG.md
terraform,66273ad9b24af04e1b52ab07e8bc6e9e9be6955e,2017-04-12,CHANGELOG.md
terraform,a891c3cb82834d48d35d0b1deacf7ff382d71f30,2017-04-12,CHANGELOG.md
terraform,f1fb9e6ca59a1bd72e3bc0b07dfa2b8647c35a31,2017-04-12,CHANGELOG.md
terraform,381adca0af66650da71729a206c1f882e38cc9c4,2017-04-12,CHANGELOG.md
terraform,1601af7a076fd03fe940455db7fd01dfa747c795,2017-04-12,CHANGELOG.md
terraform,f5ed62e5b85826934b2867cc8a4c3fd69d2424bb,2017-04-12,CHANGELOG.md
terraform,d3eeaa0b4e29f3a8b4b5c8497551d60d4e9068fe,2017-04-12,CHANGELOG.md
terraform,47dff98e4b85833dd0b27398cb80bc8911a3e9d9,2017-04-12,CHANGELOG.md
terraform,bfe71fb83ffab1b9bb4ce7c452c1351c453801f5,2017-04-12,CHANGELOG.md
terraform,491cc0b725279ecda758280a3ba09c5d95738272,2017-04-12,CHANGELOG.md
terraform,a1608cf659bd2eb425cbad55edda7d35b28c35d5,2017-04-12,CHANGELOG.md
terraform,9c20f9ccc72791ee468aac8724634441970a5371,2017-04-12,CHANGELOG.md
terraform,5db1216a18acfc9a9ac222cb2becd6aed0537f67,2017-04-12,CHANGELOG.md
terraform,519a0fe97f7db40405510b0c0ff055ee52b1a40b,2017-04-12,CHANGELOG.md
terraform,414613787c0c1002765f133a83fdc57d17a570d2,2017-04-12,CHANGELOG.md
terraform,8879720c18150faa9c7d9e3d5679dd50615dd517,2017-04-12,CHANGELOG.md
terraform,97067815e2879a631b418151a3edc4a85437a001,2017-04-12,CHANGELOG.md
terraform,bdc6d092b6d6ec3d74001638652b8da1da88658e,2017-04-12,CHANGELOG.md
terraform,d37437500d6d1569b6a42e56abc8d4b9882739d4,2017-04-11,CHANGELOG.md
terraform,ebb169a79fe32f04b01c9fe21ca60f3b7abb1921,2017-04-11,CHANGELOG.md
terraform,38f20b0d9f7f1b5c86fe7dc9086f31fadc1e9c18,2017-04-10,CHANGELOG.md
terraform,d10a8ece43ae257e04c35f7d1723983d44dbe434,2017-04-10,README.md
terraform,cc1f00c7fb13efc26c707c5e9057942f50158272,2017-04-10,CHANGELOG.md
terraform,92fe072b78d36cc9e4b7a67b09ba64f939b498ce,2017-04-10,CHANGELOG.md
terraform,50b13c3b9be2a7c8d9ea07887c0b2dc64cd5484b,2017-04-10,CHANGELOG.md
terraform,eaa9e7f745336eb54b872d86e49efeb22288f48c,2017-04-10,CHANGELOG.md
terraform,db0a9ce7358fd2e784c9df72eb139f6941f2c3bc,2017-04-10,CHANGELOG.md
terraform,113c06a81c8b79fe142b771b47f87d2b3cf4ff79,2017-04-10,CHANGELOG.md
terraform,07ff095755010653fa4274c11d0da853c34b7996,2017-04-08,CHANGELOG.md
terraform,6ac0d4c08cfe0e1a2ce3098b37a754edad3bf1f4,2017-04-08,CHANGELOG.md
terraform,e885ab81a8a9faac164a767498688ad6d78b47da,2017-04-08,CHANGELOG.md
terraform,56ccff604eecad3f57acac5d91d1703f421a1f5f,2017-04-07,CHANGELOG.md
terraform,1289082c28b5fe64bdb086da105c70f9520e1542,2017-04-07,CHANGELOG.md
terraform,231c8a72978f98b267b7e2a584b89eb4d7eea1ed,2017-04-07,CHANGELOG.md
terraform,15346fdfcc0a69fe3e4a8c497c11feced24fe933,2017-04-07,CHANGELOG.md
terraform,80b29dbd64218a365396444960320dbd4102b35c,2017-04-07,CHANGELOG.md
terraform,84fca9ec83ce4bccb6d68785a98c0da9a57c4c94,2017-04-07,CHANGELOG.md
terraform,16a3e8bb301cbc66fccb15d59a2650c7c612f191,2017-04-07,CHANGELOG.md
terraform,7451166ae7f959b4dfa8a46eff3217d5af8e172f,2017-04-07,CHANGELOG.md
terraform,0010a14f7586dfb602a159ce6892f41ce69c265a,2017-04-07,CHANGELOG.md
terraform,12e4c492b8e34dfa6e28b3639ba943083fde7d13,2017-04-06,CHANGELOG.md
terraform,a9e9220a6e8262b30e796ddb9a5218653c6e5f60,2017-04-06,CHANGELOG.md
terraform,6cea00ed46b50dc98dd5df32d4ae11c1de128dd6,2017-04-06,CHANGELOG.md
terraform,182e6c5f4e8e4e5f7aaeb597fca0b5a628ee81be,2017-04-06,CHANGELOG.md
terraform,c3d34b2c6ef2db1c237c3b34cc92621e5bab9aaf,2017-04-05,CHANGELOG.md
terraform,114856ec9af0019b3f476072a1f0a443ec94546f,2017-04-05,CHANGELOG.md
terraform,4a804db4159e9a3527754ae208dfc8897e6e9e9b,2017-04-05,CHANGELOG.md
terraform,815c085b8f015438ad630c210c0d363365fa44d5,2017-04-05,CHANGELOG.md
terraform,c3bfbe67566c3b5e69d61045d7d560faeb27810b,2017-04-05,CHANGELOG.md
terraform,2dbde462fe388a1e8e406177b36224000293c868,2017-04-05,CHANGELOG.md
terraform,0bab530de21b90adadb53dcef339d5d689d27ddf,2017-04-05,CHANGELOG.md
terraform,ed5acac2b7322b8f48f4bf22296ec71d800573d2,2017-04-05,CHANGELOG.md
terraform,71c92fcc3f81990fa804c6f6a74b066947dc5189,2017-04-05,CHANGELOG.md
terraform,a58aff4a0e9848eeaf9ebc81fdfbf7d604eb2813,2017-04-05,CHANGELOG.md
terraform,cc872f9132bdd3e56ae770862ea87ac3a20541c4,2017-04-04,CHANGELOG.md
terraform,9f9fac58e05b36a2d946d96cf1498f550091b7d2,2017-04-04,CHANGELOG.md
terraform,6980e141917386f51789d3d88988ecce2e11194c,2017-04-04,CHANGELOG.md
terraform,736ad1e9d8a6b2ec070ffeae2d1788efdeeb14d6,2017-04-04,CHANGELOG.md
terraform,543c0f41443349d37c5e8baa6cd2c32bd1b70e29,2017-04-04,CHANGELOG.md
terraform,bd785465787fa4a3b356108da273130a272ff62b,2017-04-04,CHANGELOG.md
terraform,df30bcbb64d5725cca57ff6ad49c144005a6de0c,2017-04-04,CHANGELOG.md
terraform,26b9d0f19159923eacabbc797baf86fcf88fc2b8,2017-04-04,CHANGELOG.md
terraform,bc4b105e705c2536ceced3854b965fad3d223725,2017-04-04,CHANGELOG.md
terraform,ffa5fc3361ac6c347c3b568407c63bbf372fb600,2017-04-04,CHANGELOG.md
terraform,b1fd1c0ba3b3edb2fc578a02b82401fcf0e21c09,2017-04-03,CHANGELOG.md
terraform,c68675bc4fc4424a6ce9f963a246dd509f6183d2,2017-04-03,CHANGELOG.md
terraform,ef2d2646a8a9e0c8ea02096d51016e64f080c817,2017-04-03,CHANGELOG.md
terraform,9b55ce5385fe0f7a5c0895c41843bb19432e0886,2017-04-01,CHANGELOG.md
terraform,26c544547710eed3882d53d6d11b7d4c0625c47f,2017-04-01,CHANGELOG.md
terraform,6667a85cd9d1b764cd3b48a6e1c415fb4a45b02f,2017-04-01,CHANGELOG.md
terraform,173bf10e7b2afcb64f127fc2033c1e91a60aea53,2017-03-31,CHANGELOG.md
terraform,d7a339eb4627b9a2f4b82f969bebbf0823a6e3d3,2017-03-31,CHANGELOG.md
terraform,2f0cbda43559eef9395c28045d758503fdd84dd0,2017-03-31,CHANGELOG.md
terraform,4450f9919111a05ef34d11bb2d409360380d07e3,2017-03-31,CHANGELOG.md
terraform,835792018a119284573eb787df5c4ff14fc7c9b8,2017-03-31,CHANGELOG.md
terraform,b449b80af3333d5ac8b0976156d9ef5401d8fa5c,2017-03-31,CHANGELOG.md
terraform,d139db87397260d29e791e64e568c0f95f406632,2017-03-31,CHANGELOG.md
terraform,453325f3246cf3d41042145b68a04b3ed84cf45c,2017-03-31,CHANGELOG.md
terraform,5a37434bf198a2d53b18bc0556e505594fb1a12a,2017-03-31,CHANGELOG.md
terraform,39b9e77d8a73a38d54f9b349665f33d46e751775,2017-03-31,CHANGELOG.md
terraform,9f23779933474ac1e83679f47057b85c9071bee7,2017-03-30,CHANGELOG.md
terraform,90b73d421afe2104f6c27ee39cbad6dd8d1895d2,2017-03-30,CHANGELOG.md
terraform,d17623891b2097d4e5a08bcd5737fc1434b66c11,2017-03-30,CHANGELOG.md
terraform,7bf9534b2ac961a2cc7b2f06922cb32c8432af86,2017-03-30,CHANGELOG.md
terraform,5ba7aa82966efeba6d3a768f6086a3e448668594,2017-03-30,CHANGELOG.md
terraform,b12e7782c98453cc6c2fbdac369a83521bc952b1,2017-03-30,CHANGELOG.md
terraform,b49e4035733121eaff6ef5cd44a374fc41358559,2017-03-29,CHANGELOG.md
terraform,6cae2a5eb1264534ef7843c05d6101838721e328,2017-03-29,CHANGELOG.md
terraform,0c561535e9a4f4db354c99634e3e1680c46b212f,2017-03-29,CHANGELOG.md
terraform,4b8e235510eecc9ba6f143252b99aa2412d888fb,2017-03-29,CHANGELOG.md
terraform,51081678a45fdb4276f0a914c848d6a661879ab8,2017-03-29,CHANGELOG.md
terraform,4ed0f769222b70c6b8458fe0800aa98d9ed4629b,2017-03-29,CHANGELOG.md
terraform,3c296dc5d005f064876bf2db2284ccd4eb373d1e,2017-03-29,CHANGELOG.md
terraform,ed2338ed86b8faf4a831f4af3aa02fda88f1630c,2017-03-29,CHANGELOG.md
terraform,23f0475872b51af2e3325c57d4dbffd243fc8ed2,2017-03-29,CHANGELOG.md
terraform,55230c03df153ded05b64dda5534840ea8fcbc05,2017-03-29,CHANGELOG.md
terraform,6c967d95b98d392490394969bfe1e10f3ce6a8e6,2017-03-29,CHANGELOG.md
terraform,86f5a45aab4a8611dc0ff3b505de8548cead419b,2017-03-28,CHANGELOG.md
terraform,ac766ef68ee52d0d8758c63217b4c2d7baf14f60,2017-03-28,CHANGELOG.md
terraform,c41a6569590d986fb6fc110948cd3c8cb0dabeb2,2017-03-28,CHANGELOG.md
terraform,7d8b6c29dee6405a460104fb4e105d4fdf6e38a3,2017-03-28,CHANGELOG.md
terraform,eb6f9ef3a47ed3eb52c1cd7056b48a64561d8ad4,2017-03-28,CHANGELOG.md
terraform,b1bffe67e43ff9614b27862e2a88bb8391577cb2,2017-03-28,CHANGELOG.md
terraform,74710ae71ab3ac85d7e466b22d3f4db4b6315a3c,2017-03-28,README.md
terraform,7479b8d150d8eba258f6b04e8a3d8f239fe92973,2017-03-28,CHANGELOG.md
terraform,6365269541c8e3150ebe638a5c555e1424071417,2017-03-28,CHANGELOG.md
terraform,6d30292216c2197c5db7b484011476dcb11c678f,2017-03-28,CHANGELOG.md
terraform,b1d6b2e5541aa980c7a7905c2bb39ac6d668856a,2017-03-28,CHANGELOG.md
terraform,b66abacc805ab8cafa04833409691c18bd7c1edf,2017-03-28,CHANGELOG.md
terraform,7db042a2a6a5849e84a8fbedc8611931fc9fc72f,2017-03-27,CHANGELOG.md
terraform,9848d14bc92bb36d8e0fdb1078249f0bf8e89914,2017-03-27,CHANGELOG.md
terraform,23968a860f08d2b35e14b20080fcd084d2e03a5c,2017-03-27,CHANGELOG.md
terraform,dc81c9a5b21bef13f2345174d2119af79c89d197,2017-03-27,CHANGELOG.md
terraform,3adf6dd4ad48a68012f165254b65ab3b4aaa8e28,2017-03-27,CHANGELOG.md
terraform,0e9f84b30b16f3fe0881452af4e61c31c3641cbc,2017-03-27,CHANGELOG.md
terraform,8735e936d4b99c988b078c87360851967181f075,2017-03-27,CHANGELOG.md
terraform,47c8fc456af4980707c0bae584a5c36e290c3df3,2017-03-27,CHANGELOG.md
terraform,9210222f3ca8157e429f9dc17865df8f61cbb936,2017-03-26,CHANGELOG.md
terraform,d89055154fb98bd456ebc2b025513a7d7c72edab,2017-03-26,CHANGELOG.md
terraform,86d599cb3cb0465da97e5088fe265abae7bbdecd,2017-03-25,CHANGELOG.md
terraform,25d128ca084d94cb29f0446892c0ea22e04481a5,2017-03-25,CHANGELOG.md
terraform,e50fbfe779b4d9284745bb5c21f08ee00f7323e3,2017-03-25,CHANGELOG.md
terraform,bbc6ea6f6cc9584b3a4a4283fc2371bb3ebe4db9,2017-03-25,CHANGELOG.md
terraform,a097a2ef5b09bf08abfe8d4c011cfeec2de91fbf,2017-03-25,CHANGELOG.md
terraform,c5935ab1ad42bd16a87a3ac8df8b11b5406cd9a8,2017-03-24,CHANGELOG.md
terraform,f895302630f1bdcca7bbec4d421ae35802b10dc9,2017-03-24,CHANGELOG.md
terraform,812369e0cdf46444e2204adb38418a4269d76df4,2017-03-24,CHANGELOG.md
terraform,17f60ac6821972e8c63882b76dd57815c54ace7d,2017-03-24,CHANGELOG.md
terraform,8b548fe30d5aff440c4b7bf3821f2cd66c03131e,2017-03-23,CHANGELOG.md
terraform,6a13d70d40c17bdb1e9fe4d01fd4e633f607b185,2017-03-23,CHANGELOG.md
terraform,e228a73d9dea5e55411b7b0b31f663d248c34db3,2017-03-23,CHANGELOG.md
terraform,dd2253677ffb81a983a4f76821f4f815680fad2f,2017-03-23,CHANGELOG.md
terraform,f2352c067bdc27cedbe41159702b4c5834d533a9,2017-03-23,CHANGELOG.md
terraform,7a800367a8e930d345049d7b167894eb75b3b8d3,2017-03-23,CHANGELOG.md
terraform,78b0462a1689fb106dc25b4e6f58605d66835359,2017-03-23,CHANGELOG.md
terraform,1211783098f5fffa6584c21323e936c1f7797bc1,2017-03-23,CHANGELOG.md
terraform,0bf2345917f1d3d5c81a9014a81497af814b2db9,2017-03-23,CHANGELOG.md
terraform,46944a9fea9a0e2a7ece01ceb50c879cecdd9c4a,2017-03-23,CHANGELOG.md
terraform,74cf9ac5e1d4fede6112185d5b307e58d8d55395,2017-03-23,CHANGELOG.md
terraform,8c04991e4ac5055995249f0b4835bd1f1a9a807f,2017-03-23,CHANGELOG.md
terraform,a1d0c7ca78d4d94206842edd1d30d674c649ef05,2017-03-23,CHANGELOG.md
terraform,705e68deee728ab309e9435c047f015f55118a5d,2017-03-23,CHANGELOG.md
terraform,02aa1ea8a1ce25c331ba411380ecf6c9dd324aab,2017-03-22,CHANGELOG.md
terraform,5671b5a6b134c3c1f68e0ba08894893d6ceeeb58,2017-03-22,CHANGELOG.md
terraform,8b4dac8442690b51237c48c4bee6b53d56862de1,2017-03-22,CHANGELOG.md
terraform,88162af06fbce575caa8804f68ec42477d755c18,2017-03-22,CHANGELOG.md
terraform,8c5fcbe7f862613cbf87466b5590fdf6ce42ab3a,2017-03-22,CHANGELOG.md
terraform,9afbb8d9029cc5107827ebde4e9af31679449055,2017-03-21,CHANGELOG.md
terraform,8b3550d714d431ae024435f5c33762bda4c2d071,2017-03-21,CHANGELOG.md
terraform,e8240afcb0622808b0f1042f4760a3ba1bdc0a2b,2017-03-21,CHANGELOG.md
terraform,a317855e19f2a76a33f57b3ebe37592c38bf3136,2017-03-21,CHANGELOG.md
terraform,c217c6c0c47af9df8bdae59dbc34ea87420445df,2017-03-20,CHANGELOG.md
terraform,0592bec0ed4cdfda3244d78a9fab2f61d23ad923,2017-03-20,CHANGELOG.md
terraform,ca5291ba0bbe9bea696e361c03a88ce1fb42b4f6,2017-03-20,CHANGELOG.md
terraform,19474ddb1892ed2a53877ca63f132d340a2175ab,2017-03-20,CHANGELOG.md
terraform,93de0de6834fabd5fd0a39d5ff784e93200a1382,2017-03-20,CHANGELOG.md
terraform,71faa42920c565c077a734ee06119ce940e802db,2017-03-20,CHANGELOG.md
terraform,352f13431a1b6e7d40eb9022dae4151b52172133,2017-03-20,CHANGELOG.md
terraform,ca8152a7f474d75c851f4bcf683c0ee23e6f77cd,2017-03-20,CHANGELOG.md
terraform,4d70f4539d9f3cbd4591c1bc14fcbc644ad0d80f,2017-03-20,CHANGELOG.md
terraform,1c7b8c78ee3ad0bc9057a1ad32c4ca000025fc3e,2017-03-19,CHANGELOG.md
terraform,f772212c7e33d3810bcee8ccd672e1e1c8916afe,2017-03-19,CHANGELOG.md
terraform,4759b511326adfa8ad76d6b428070b71b3b4039b,2017-03-19,CHANGELOG.md
terraform,9d0b35542c24a2077f984797fb539b6ac810ceb0,2017-03-19,CHANGELOG.md
terraform,1b6fb245904cda3a2db33ce76a894c70e9ba7df5,2017-03-19,CHANGELOG.md
terraform,3457772bab81f1eb59155cf0efdfafde140eabb8,2017-03-19,CHANGELOG.md
terraform,fbf11d070b8c77364e02ec8fd415d6017a442833,2017-03-19,CHANGELOG.md
terraform,c8cf202a2746049ca11f68901f8c65c77bf8ea6e,2017-03-18,CHANGELOG.md
terraform,2701586b061a61f02cdf4f08e3c5848ee4377274,2017-03-18,CHANGELOG.md
terraform,f36195849e01b8a970d4e7520e9d87f9d9fb71e7,2017-03-18,CHANGELOG.md
terraform,4979ae099e8e41f16b97bf446376e123d4d2cd06,2017-03-18,CHANGELOG.md
terraform,1d1dc7cf30edcc303d3651467d814ceacefdb1b4,2017-03-17,CHANGELOG.md
terraform,7c25ef851bd26f720e749983597b36b17061e3ca,2017-03-17,CHANGELOG.md
terraform,38d29b642cc3bdaa187d38c48039701533bf3eac,2017-03-17,CHANGELOG.md
terraform,50a294fc79b61bb909d9e7b43765de4227ef1f07,2017-03-17,CHANGELOG.md
terraform,a774ca0b128663f34af4e179c2d46ef4b65312c1,2017-03-17,CHANGELOG.md
terraform,c10165050df9baf3208fa8c7d60a76dbbcb0b60d,2017-03-17,CHANGELOG.md
terraform,d55e1bcf581fad557866f72ac8ae9ab3e6d81452,2017-03-17,CHANGELOG.md
terraform,cb8afe4164b733684bd76788da85542d1d66d0b3,2017-03-17,CHANGELOG.md
terraform,e8dd668063c3e0129f5ad2b6df4721abd0924be8,2017-03-17,CHANGELOG.md
terraform,abbc3b66e227c3a755b93f62cc062e2f20caaabc,2017-03-17,CHANGELOG.md
terraform,31c0f334311c0dd64770e49207fc2858a60bfdc6,2017-03-16,CHANGELOG.md
terraform,ecc58b1acf5f7f74788a7973c50982e69fe401e1,2017-03-16,CHANGELOG.md
terraform,19e5fc48303d9864880d4dbcdc7130b84b32a52f,2017-03-16,CHANGELOG.md
terraform,ff0ab1318f3729e4c0658005e598617ae02a2bbe,2017-03-16,CHANGELOG.md
terraform,defc629e60da203f28f5ede93b2c63679bab5d9c,2017-03-16,CHANGELOG.md
terraform,fe4668cc885390636c8461c94abb2d1282e07018,2017-03-16,CHANGELOG.md
terraform,584f69d0b35c1556a2ea81f6190e52d13a15bab0,2017-03-16,CHANGELOG.md
terraform,ead7a3758b3831b32da734c2d7e7ccba0854e1ed,2017-03-16,CHANGELOG.md
terraform,f1b0c57de3f4bcad7f9351523bcd2e86abd4994a,2017-03-16,CHANGELOG.md
terraform,686ebb75788e29cea9480e1c2fa60ac0c4a4c252,2017-03-16,CHANGELOG.md
terraform,77e585f5d8d218596837c1f4de44f1862f7a3cb6,2017-03-16,CHANGELOG.md
terraform,2f381870367e326fb71ce55108d289075b449811,2017-03-16,CHANGELOG.md
terraform,768dbbe85238544f40c5a70af0a566337f8c2e8d,2017-03-16,CHANGELOG.md
terraform,d1eab51e20df39df12e70dc222e7720de9a17e8a,2017-03-16,CHANGELOG.md
terraform,c6e3b64e5fe964a17ce6c5a8a127ca26e79379bb,2017-03-15,CHANGELOG.md
terraform,c66c78cce7c958258c3ddc2ce5ace56e10316020,2017-03-15,CHANGELOG.md
terraform,37b3fe11194064500febb17c493b9ffcf5373fae,2017-03-15,CHANGELOG.md
terraform,5bd194faa6fe5ee9ac304b7fe12e1579500be59e,2017-03-15,CHANGELOG.md
terraform,3138d647508cf4d07ea33f8dc6ed68516a8a5e0f,2017-03-14,CHANGELOG.md
terraform,6f224b8b40fcbf8665b053ea58522cf838bf8add,2017-03-14,CHANGELOG.md
terraform,20cf1516a40e6a9ce2900e3157f25813bb3bb932,2017-03-14,CHANGELOG.md
terraform,5e210c3e666ea432ef1b36cdb3a0ee22ccd3171f,2017-03-14,CHANGELOG.md
terraform,7ac581be0227ea2e677d16ef58fefdef0c4ade5e,2017-03-14,CHANGELOG.md
terraform,56ecd85a11f4bd5217760c4c991fd2db4589177b,2017-03-14,CHANGELOG.md
terraform,9fe61d0f1e2329f8cf949aca9f998b5313d86543,2017-03-14,CHANGELOG.md
terraform,1a827f1acec2843caf03a8e48da9b7ae0bf46465,2017-03-13,CHANGELOG.md
terraform,abe2f9ead10d378cc7ce37ba268ecea4be83d95f,2017-03-12,README.md
terraform,9c021243c0d9570e141dd280e9ab56c343edbbc2,2017-03-10,CHANGELOG.md
terraform,a5b1a72fdae16e3353af9d767b66fa6e7d65367a,2017-03-09,README.md
terraform,9b44d044b072eb19a86fae798a1932d77e60b8d6,2017-03-08,CHANGELOG.md
terraform,061374804fd1eeea311c796e013fca5d276fb5ac,2017-03-08,CHANGELOG.md
terraform,b3ff5423dafd4db513c83f40dde17f67d0553470,2017-03-08,CHANGELOG.md
terraform,a2d78b62aa97aab6d5f71091754dc983bc68d169,2017-03-02,CHANGELOG.md
terraform,dbb920ff54edea3ef975751d9ec31d6049eb5003,2017-03-02,CHANGELOG.md
terraform,e30604e59d3c88a5b6235488670ebf8fb9c7f18b,2017-03-02,CHANGELOG.md
terraform,84a1485ab4c348ac91da3cea6b770ebf666b7f14,2017-03-02,CHANGELOG.md
terraform,bb7b6d1088b2c891016ed79a8f65b2485a0a0f69,2017-03-02,CHANGELOG.md
terraform,320e99f26ec7e74d0907f9ac70f360989d72a9ce,2017-03-01,CHANGELOG.md
terraform,4f680aa5b8b382fce692377fcb8709ad1092ec71,2017-03-01,CHANGELOG.md
terraform,a1620ee2e070a149caabcad1c0944bc4c9bd1807,2017-02-27,CHANGELOG.md
terraform,49cca8da4267669dfb390aaea2b52660ee5e4283,2017-02-24,CHANGELOG.md
terraform,9379ec9c60cef6fb6a8d3e3577584004b8e7bc52,2017-02-23,CHANGELOG.md
terraform,93e38c8fa8e4891b155501a3e129c3541e384d47,2017-02-23,CHANGELOG.md
terraform,e8338bdb1d6b8da932212af128fb9bb27b6dfb19,2017-02-23,CHANGELOG.md
terraform,8621189a05dec4327d7a9817fe6a56cb0629a5d9,2017-02-23,CHANGELOG.md
terraform,66e76264c97a29639662bfd215c818391113503f,2017-02-23,CHANGELOG.md
terraform,1c3ebd8d78bc926fb50be26876327168e36f75af,2017-02-18,CHANGELOG.md
terraform,a2682bc94ba578a49eeda1ca3b7ed63419b1cf6b,2017-02-17,CHANGELOG.md
terraform,7352be49de9d7ec8f2673d7a99730de631e0dd13,2017-02-17,CHANGELOG.md
terraform,1e1455acef3f81501435aa029a108733fa3e5095,2017-02-17,CHANGELOG.md
terraform,d8232314cca6f03297a7f02798ec26c8eff4d644,2017-02-17,CHANGELOG.md
terraform,645dfbe8bbb644dd73fa75dccd972ae0962c6a74,2017-02-16,CHANGELOG.md
terraform,16a2d37fe6a14767ba950d3fbce16c6e86d8a69b,2017-02-16,CHANGELOG.md
terraform,dae4282cf64aaf47afc0d0b203c68cbd3d20521f,2017-02-16,CHANGELOG.md
terraform,ac30dec555988216c74df0bc2d697ccecc4b6f0f,2017-02-15,CHANGELOG.md
terraform,013857731370e2f1efbe194e19f1dc4dce6e1a12,2017-02-15,CHANGELOG.md
terraform,1607c1187dbd5ab9d2262e1c40591f94c29957b4,2017-02-15,CHANGELOG.md
terraform,4e96da57eef7b1bfd6e2752839e897f932752656,2017-02-15,CHANGELOG.md
terraform,5f35c7964a2e31bb5c2b02661407a13fa19c1cad,2017-02-15,CHANGELOG.md
terraform,168c334bc879051648e537bea2454350106a879f,2017-02-15,CHANGELOG.md
terraform,ceb817b8f4590e3a303da18e6c433bb9a901570a,2017-02-15,CHANGELOG.md
terraform,b393f0ac0aebd3c7e89ff6755bccf1e22ad1ad3a,2017-02-13,CHANGELOG.md
terraform,0d14661e3922c57b206549381f0e759b79db3763,2017-02-13,CHANGELOG.md
terraform,739d885a91aedca6389aa9025fc22eb687d2d2fb,2017-02-13,CHANGELOG.md
terraform,9a3199ddbbfe770124f35fc3ae0b7e4b405cecfe,2017-02-13,CHANGELOG.md
terraform,f6ee5784a83d0cdd14df2e56cf4b956ae1bcdc86,2017-02-08,CHANGELOG.md
terraform,2319ea6c4771ef447dd08b7d753389a0096860a4,2017-02-07,CHANGELOG.md
terraform,ae002bf41b7becda947531cd88e5e7e41cc9cbc8,2017-02-03,CHANGELOG.md
terraform,4aa5117e82382fadc84a0f6682dd85a83da1b794,2017-02-02,CHANGELOG.md
terraform,c7ccf0cbe60022820d35cbcdebb3b5eeeca6302c,2017-02-02,CHANGELOG.md
terraform,d36680116c3ee34ad9473c23e86396cc550136fe,2017-01-31,README.md
terraform,a4687c5b3659fc3688e8f59da44efdf3f04458f0,2017-01-31,CHANGELOG.md
terraform,703a4cbb286a04c727a249af3331035a438de180,2017-01-31,CHANGELOG.md
terraform,ecae826f82a14ee04ccfe786cc096a19cc4e9e5d,2017-01-30,CHANGELOG.md
terraform,9b17d57332e473890bafe652468cdbddd801a8e8,2017-01-30,CHANGELOG.md
terraform,017d7ebf4fb5f769b109aaa2dcff1b3e1f1aa9d9,2017-01-27,CHANGELOG.md
terraform,97a2bcecf179f72f629aab2bd60a70f133b67c23,2017-01-27,CHANGELOG.md
terraform,a9d799cce62bb033fef70d2e2dc8dfe6f3e54569,2017-01-26,CHANGELOG.md
terraform,cae907bc8313ae52efb9edb18516bdeffa7adf15,2017-01-26,CHANGELOG.md
terraform,455d997889c737582c0aa0c9ac4861bbb428ee23,2017-01-26,CHANGELOG.md
terraform,0bafea87bbf5d8c362995a6deb180f18d3bb6af2,2017-01-26,CHANGELOG.md
terraform,b4d477660b5abd20f2a70175460c9603797fada0,2017-01-26,CHANGELOG.md
terraform,cb4ffd466222a2bc6839ce5989a73a63ed911202,2017-01-26,CHANGELOG.md
terraform,31c0d26e1894176d26688f0fe86db70d109e1132,2017-01-25,CHANGELOG.md
terraform,560d1e9b496ad55bc850c7b1b92b0c472b13de3f,2017-01-25,CHANGELOG.md
terraform,f36b8199ab165e151c75684f377eb6fa3b9a9071,2017-01-25,CHANGELOG.md
terraform,439b5507bbe9b00c7154d5b30dd9e35600ef05a2,2017-01-24,CHANGELOG.md
terraform,02e72de975c9555bc9c6914defe2f3492fdf0021,2017-01-24,CHANGELOG.md
terraform,b288423ce39eed01f81a34b3b3a537c579145ee2,2017-01-23,CHANGELOG.md
terraform,82441acb46c8687cb5ad6fcf1e43c8959e08b55b,2017-01-23,CHANGELOG.md
terraform,879d1a9c8b9bc9cbd98b5877796ad28bdd618c7d,2017-01-23,CHANGELOG.md
terraform,de329712cb647ef23c599e34c4fe09a207a170de,2017-01-23,CHANGELOG.md
terraform,028f278db6bdb1b6c49e611948fd8ff3ec1debc0,2017-01-23,CHANGELOG.md
terraform,08dcd58923e9ee3437508a1d877f6f5e45e79619,2017-01-23,CHANGELOG.md
terraform,d619e55647dcbbc6c7f1b42767e564750137538c,2017-01-23,CHANGELOG.md
terraform,abbc51d11dd106ac44e85ca5ab715e36a174c45f,2017-01-23,CHANGELOG.md
terraform,86b53bf0958838b65af26a734e4854b8fc89a76a,2017-01-23,CHANGELOG.md
terraform,4fcc301b832af9fbb3c47d059ec72b5e247e9e11,2017-01-23,CHANGELOG.md
terraform,dd8cbee0abee7b0f1f76bc98831fc36311bc9cc3,2017-01-23,CHANGELOG.md
terraform,02b3fd289a1e2a7bf1e08e9365ab8698c9316946,2017-01-21,CHANGELOG.md
terraform,3029787dd87ba7717fff7a2616e798e2cd6bdc36,2017-01-20,CHANGELOG.md
terraform,1efb20776076fea7995a56fadf3d12c9abbdf656,2017-01-20,CHANGELOG.md
terraform,08917dd09800b28f3a24af4d9446121f6cac469a,2017-01-20,CHANGELOG.md
terraform,aab783917a4ccf55a9768bab27e13a633667ef34,2017-01-20,CHANGELOG.md
terraform,2c708557821593cf4e248199b5f6c0c672ff3fb5,2017-01-20,CHANGELOG.md
terraform,0cfda8fb17c60cf189f8005d5cc6550a52a31065,2017-01-20,CHANGELOG.md
terraform,2f520c0e646a76d764d6e56b1be9912f212cbbc3,2017-01-20,CHANGELOG.md
terraform,e4c363d26fe3a90ff382ba7b48678108190eac6e,2017-01-20,CHANGELOG.md
terraform,570af34f0f6e8b3242741a64eed86d4e479d547f,2017-01-19,CHANGELOG.md
terraform,9826e4584cd7a597c4ade376b3cf8ba2a7926de9,2017-01-19,CHANGELOG.md
terraform,bae907566ddbc5cc291431a899a0d92dc6612b48,2017-01-19,CHANGELOG.md
terraform,475bec4c5afd76b3739797ded5e7e01b89bc5ccf,2017-01-18,CHANGELOG.md
terraform,bf27a8a21557bd9dc44f8decf1fdd814b71e17df,2017-01-18,CHANGELOG.md
terraform,e58454a43e955a306765a60a6fe29c3fae490940,2017-01-18,CHANGELOG.md
terraform,e0c97b20fef806e33a5df0b28eb6b9aecd24fb7f,2017-01-18,CHANGELOG.md
terraform,334b5b42d737302d32e1dd9187c9689d74486713,2017-01-18,CHANGELOG.md
terraform,1faf17ffd8f8a0e179157ef6b26767306f003235,2017-01-18,CHANGELOG.md
terraform,447f764c4eff1aff93f12d548f058aa84b766b14,2017-01-18,CHANGELOG.md
terraform,f09d1235d13588945d489f8d9897bd867485297d,2017-01-18,CHANGELOG.md
terraform,5a87cd30de022633435bfa885be6b8edb7a5e82c,2017-01-18,CHANGELOG.md
terraform,74ff5924cdaff2c73f95f37e76abecb79af4d765,2017-01-18,CHANGELOG.md
terraform,dac527be476119842a391120ce47e3b85d0e4fb5,2017-01-17,CHANGELOG.md
terraform,9e9b7f30abc1cc23df8229a47957b3c5d998d240,2017-01-17,CHANGELOG.md
terraform,f7b359080112135034fcd1f70be696343c26f809,2017-01-17,CHANGELOG.md
terraform,8b1f9b50928bc60501de317feab8e44d076a7f55,2017-01-17,CHANGELOG.md
terraform,061925f1901b627e6cc348558f8c134cf50b2ea3,2017-01-17,CHANGELOG.md
terraform,4198a1fb4d4e13f8dc10f5bfacf59757452a7068,2017-01-17,CHANGELOG.md
terraform,cc099eb2e1117f5f3eac37a8b055afe0eac00201,2017-01-17,CHANGELOG.md
terraform,619abeea9ef8f37626e887cb9764f45e376aee16,2017-01-17,CHANGELOG.md
terraform,4fd9012a1196d5d820f3c7dd517b4197d94d8c94,2017-01-17,CHANGELOG.md
terraform,2a022f73c022dde448cef70e9ccb7b3632d03685,2017-01-17,CHANGELOG.md
terraform,453f670684b5071e6b87c6b1dab5a292e8a9970b,2017-01-13,CHANGELOG.md
terraform,8eaca17adf0bb284798323c9980aba41a983f6b5,2017-01-13,CHANGELOG.md
terraform,d1b34d322c5e2019f593f7e857d4c5dc60a2a918,2017-01-13,CHANGELOG.md
terraform,69cc28b873baf0bdb38dbdbd483e9f5de1270259,2017-01-13,CHANGELOG.md
terraform,d07cfa3fb24899e324169556dcbb08b22cc3718c,2017-01-12,CHANGELOG.md
terraform,d409f18e034a38e8be1e6fa46044291f77db95c6,2017-01-12,CHANGELOG.md
terraform,f2e57e412d2191331d4b4730d16c24bcc6fa89c9,2017-01-12,CHANGELOG.md
terraform,d796eb57793f2acb8e27a69cd0036acfd9233f08,2017-01-12,CHANGELOG.md
terraform,a0c2d3ceb2b270088c3628cd741a36ff555bb44a,2017-01-12,CHANGELOG.md
terraform,9e7ee8d974872b12d8811e729cb827939db34416,2017-01-12,CHANGELOG.md
terraform,1f036e774386b791837466ab89889d49cd8a6e39,2017-01-11,CHANGELOG.md
terraform,ec7fdab16d7674604700e43666c338afd1253f33,2017-01-11,CHANGELOG.md
terraform,0f93af0fb0a4f7b3aedd92a221e2514b29dbaa11,2017-01-11,CHANGELOG.md
terraform,f895f93769a1eebd9f3ba8816d7b4de3dbb7a5ad,2017-01-11,CHANGELOG.md
terraform,a791ff09b29d063dd4b6da0cac04ad3b83c836f5,2017-01-11,CHANGELOG.md
terraform,7300634cf0edc00c06fa050085f652903f4ae7df,2017-01-11,CHANGELOG.md
terraform,8f273422664d5ff4b05aa2bf5b84da35a1830a8c,2017-01-11,CHANGELOG.md
terraform,288996f69cfc0a5a81b7ab8388664528f3cd89a5,2017-01-10,CHANGELOG.md
terraform,b845cb7093c24c49ece854bb38b55aff3783f195,2017-01-10,CHANGELOG.md
terraform,2b1633864310f4b297f5db70b3310bccc872869c,2017-01-10,CHANGELOG.md
terraform,2afc0c49ce1c7b178f60d3ccaed6d14201153f4b,2017-01-09,CHANGELOG.md
terraform,a8ce9272e4b9834fc7e9f9ceff1773561294d2ef,2017-01-09,CHANGELOG.md
terraform,5a9a44a36e001c3d27564e292324e26cf35f36d2,2017-01-09,CHANGELOG.md
terraform,64d57e355344d19298ef252e103c8603dff6c089,2017-01-09,CHANGELOG.md
terraform,2c67ee7fde62794c0ca43811b1950f114c6a3e9f,2017-01-09,CHANGELOG.md
terraform,e9bb92b5f3e51ceaaa60dc6f5f258d61af29229e,2017-01-09,CHANGELOG.md
terraform,9095f9d1101dad9c3ad321a579d8391fb401e1cb,2017-01-09,CHANGELOG.md
terraform,f941eddbea0e650c1fd3a7cd1396418481e313e4,2017-01-09,CHANGELOG.md
terraform,d0396abafc875385dbf511f37b0306045194054f,2017-01-09,CHANGELOG.md
terraform,fdaaf2677f0c943caace21b01a6936ed420e8794,2017-01-09,CHANGELOG.md
terraform,e28bb354d58740d76553f685dc93eb270c0ef0b1,2017-01-09,CHANGELOG.md
terraform,a9ca42419c902823c91bcceb3c38fb76bac11b3d,2017-01-09,CHANGELOG.md
terraform,71a414eebdeb6922a123942cd6f9a34e407c574b,2017-01-09,CHANGELOG.md
terraform,2114858b823a2e75de030b585d3de71e8f999b93,2017-01-05,CHANGELOG.md
terraform,6cd358e115c0b62267fb714ba95231ab804bd4d8,2017-01-04,CHANGELOG.md
terraform,bf529839a8d53be3279678a30fdc2e1dcd916ebc,2017-01-04,CHANGELOG.md
terraform,102ed7ac331befe18f38e5842ff91f40d0f6f852,2017-01-04,CHANGELOG.md
terraform,d7dc518e63ae70d27809de0fed59ee2ed30b60b2,2017-01-04,CHANGELOG.md
terraform,be739303dfa13299adec1e6c12429e45a834d804,2017-01-04,README.md
terraform,abe97e75a71cecbc98379fd6dc1b7f642b1c3b05,2017-01-04,CHANGELOG.md
terraform,4dcbbb82bdc7281c4dc11f2d926d4ed0caf2fa9e,2017-01-04,CHANGELOG.md
terraform,49219c30d9ee37e24a138a39eeb7cc2699a04cab,2017-01-04,CHANGELOG.md
terraform,3f8b25dbba2e52a4157cd1b44e2c8409a3cb48e1,2017-01-03,CHANGELOG.md
terraform,cb993a49f6d22af92fb7e5de5e13557af4529743,2017-01-03,CHANGELOG.md
terraform,38061bc17c6e8a5956b2d59509b7c67924fe282c,2017-01-03,CHANGELOG.md
terraform,b3d3d942de60cf91b74d654d5e87cc898a4b2ff3,2017-01-03,CHANGELOG.md
terraform,d5408bc2e45788c630b48e39025cb6704ee524f2,2017-01-03,CHANGELOG.md
terraform,5a30bce1bf51f867af3dbcccfb0a416168a26023,2017-01-03,CHANGELOG.md
terraform,1abad9ee64ce26fa2c362508bc0f75567cc09977,2017-01-03,CHANGELOG.md
terraform,c7f6b3782695e8931370183e92ed387f7d968434,2017-01-03,CHANGELOG.md
terraform,b8c26b622b480f981ae2cf229605021c3ff3937d,2017-01-03,CHANGELOG.md
terraform,44a95a5552c4a375fab6a89105ce9b798a965ca5,2017-01-02,CHANGELOG.md
terraform,0b7e3957ba6cf928644a39810c932a20291c7ece,2017-01-02,CHANGELOG.md
terraform,e9ec29539054c678a21625e702f4a41f09d92760,2017-01-02,CHANGELOG.md
terraform,c430751a0817bbd762d1a93af4c69e0df8f5a0ea,2017-01-02,CHANGELOG.md
terraform,de414eefbf1d07798f998cc9020952ea994ba4d9,2017-01-02,CHANGELOG.md
terraform,658d4025bad97939d66aadb4c363b2aa23aa5ca6,2016-12-30,CHANGELOG.md
terraform,2959ef7a8bc2de0bde25c77ed51fbbf7a879adf5,2016-12-30,CHANGELOG.md
terraform,e2f2f9c78e9784eb125beb64c1fe938f9d14183c,2016-12-28,CHANGELOG.md
terraform,3dc3b88a78a92b5f8c4ad64c24ea4d269f55dc75,2016-12-28,CHANGELOG.md
terraform,c85f1ffb64cf7b47f637f05655de4c48c0f7be91,2016-12-28,CHANGELOG.md
terraform,09dc63282a5d6e31a6a95ae7681302e59c711dd0,2016-12-28,CHANGELOG.md
terraform,acacf45f27862e0a4e840cbe1e3c156528a6b4e2,2016-12-28,CHANGELOG.md
terraform,a79c97f42ae18f7552b98be31307e315e989041e,2016-12-28,CHANGELOG.md
terraform,452552a2cb13c01c14a024096d9e2145a64ef487,2016-12-27,CHANGELOG.md
terraform,bdad7c27842b1da327aa9e59457d8bbb3cf07b95,2016-12-27,CHANGELOG.md
terraform,b0132d5f9ad133e9867893f93767da8b7cf28876,2016-12-27,CHANGELOG.md
terraform,0e0ce46425a54158c2414af7740dba6326e458d3,2016-12-24,CHANGELOG.md
terraform,edef081992d0cd392bce169ca4cefc5d10278152,2016-12-24,CHANGELOG.md
terraform,fc6e2a1b790f8a2d875c2afc74899eb18ef81b23,2016-12-21,CHANGELOG.md
terraform,dd2c6da4f6226b5ccd0601a15bba197fc223b1ec,2016-12-21,CHANGELOG.md
terraform,c7da1863720f0dd1990a1b5c5da42f5b0a157322,2016-12-21,CHANGELOG.md
terraform,93f600dbf765bc979813460260abf99bcb8f58a3,2016-12-21,CHANGELOG.md
terraform,992e12335f3d100ab4ef00fe90cb885f9c6d7aaf,2016-12-19,CHANGELOG.md
terraform,adbf7c24f2ac529ca0e65770332bd603b17f1e98,2016-12-19,CHANGELOG.md
terraform,dc052c5707a3b14d3c23259532c2d81f7c5d9e54,2016-12-19,CHANGELOG.md
terraform,efeae1ee0314155fa451ebefc5b9371d35c7c0c2,2016-12-19,.github/CONTRIBUTING.md
terraform,e50cec712c4a3b6363f84dc877398e63bf389399,2016-12-18,CHANGELOG.md
terraform,2283f0c166daea9f441d5d4fef4a9ab717cea152,2016-12-18,CHANGELOG.md
terraform,b54fd3ab9ae33768e9b62ac75e8653e5ca868f59,2016-12-18,CHANGELOG.md
terraform,89f4424abc39dcc6cc710639a3d8ded8f1364493,2016-12-18,CHANGELOG.md
terraform,717131fe61608181c9e933c4de4c99981d6ab975,2016-12-18,CHANGELOG.md
terraform,1e3e6c8732c67025f29adaa511166a1cfd8dfbb7,2016-12-18,CHANGELOG.md
terraform,9b866e510ad959dab18d7212c1a5fc9e43320e23,2016-12-17,CHANGELOG.md
terraform,f53e49f9b9eb9b14e110ddc0291ff0e5461368ba,2016-12-16,CHANGELOG.md
terraform,6a8619a5db2e685a2992c629c5355beaffd38564,2016-12-16,CHANGELOG.md
terraform,a04fbf8c455afb32138c377fd13f6aaf29a9837a,2016-12-16,CHANGELOG.md
terraform,757fd2685038ece8bd2ceb720f2575d4aaab0c29,2016-12-16,CHANGELOG.md
terraform,51e20e1d042287acba78e31dae21142860ae1548,2016-12-16,CHANGELOG.md
terraform,442f6de8c91f74baebdd8ef11a34cf4b3899a69b,2016-12-15,CHANGELOG.md
terraform,fb27cf88b78e3103c50fdae75a350afc36a81ee8,2016-12-15,CHANGELOG.md
terraform,50b7ffd24b06329cb6650ff17fb4f43a3dfd96f0,2016-12-15,CHANGELOG.md
terraform,6c6b22b8534c2838e0a2ef9374a549020dac400f,2016-12-15,CHANGELOG.md
terraform,9853935876ff017cf57ea8f5c18c12521f3e5c20,2016-12-15,CHANGELOG.md
terraform,a54c3478b456502c19be675c17eb58309808ebc1,2016-12-15,CHANGELOG.md
terraform,4755e217a6b27777676dfbcb70f188410f74bcb2,2016-12-15,CHANGELOG.md
terraform,37fb5073cfe60309bb24663dfdd60a961eb478ee,2016-12-14,CHANGELOG.md
terraform,ef471bd42320e7e9482f28b2d0e64d9f6b1ed3b7,2016-12-14,CHANGELOG.md
terraform,1d794d313b79927cda150fa82c33e06216fc304b,2016-12-14,CHANGELOG.md
terraform,57b3510c7ad1b61aa1a9a32da0c96a16ad3aa590,2016-12-14,CHANGELOG.md
terraform,f25d225683f98f26cbf7854183ed493f15782f11,2016-12-14,CHANGELOG.md
terraform,a9637f656a0b6641e7fcdf7acde13c81f658dc74,2016-12-14,CHANGELOG.md
terraform,29c99141308fde95fd3b7ea0abb5298c5bfed1a7,2016-12-13,CHANGELOG.md
terraform,8275afab95d9ed24a021bc66d6dc13761a8b657c,2016-12-13,CHANGELOG.md
terraform,a04ce1d09a6ff69e7402a64cbe3aa13f36c2a337,2016-12-13,CHANGELOG.md
terraform,142dd256ad48ab17b6019fe9cd18712167fcf4b4,2016-12-13,CHANGELOG.md
terraform,d7b9c1a2097b6fb17185b5f7b11c900038d0eea3,2016-12-13,CHANGELOG.md
terraform,8c85cc1e0e4200538f9912d1989da04a2c997c83,2016-12-13,CHANGELOG.md
terraform,e32a7377f3268a68768e4423bd3eb3097ac90f47,2016-12-13,CHANGELOG.md
terraform,e86289f008e20dd4acf0471ea7a10824c8d80d17,2016-12-13,CHANGELOG.md
terraform,850c664c0c492923a3bad06b43d1d29f268c2966,2016-12-13,CHANGELOG.md
terraform,a5e7bbac43782cf580f8a998c05c086a21261839,2016-12-13,CHANGELOG.md
terraform,e58bb9d8245671e7f461d076216a4d1c0499a2f1,2016-12-13,CHANGELOG.md
terraform,329381585df2870319c18c42fdb94273b0a34fda,2016-12-13,CHANGELOG.md
terraform,49cdb6442667726c157d5bf38ffb6d536343045b,2016-12-13,CHANGELOG.md
terraform,3ceee01e9f5b788119412d43598559155c3911ca,2016-12-13,CHANGELOG.md
terraform,a8c6809ec31b8c14a0e945e961dc8761ad724ef6,2016-12-13,CHANGELOG.md
terraform,afa0591f6a5c08f0ea394d4ff7fffda14a81e1f0,2016-12-12,CHANGELOG.md
terraform,d75d5bc83d3b277ad3a724ff196a12d90c3d3d06,2016-12-12,CHANGELOG.md
terraform,7cbc9006a626b180b468a17b2744e72937bbc4de,2016-12-12,CHANGELOG.md
terraform,3173b7c17b2f0f2630f31e6cfdb7200aa927e08f,2016-12-12,CHANGELOG.md
terraform,8f2a78f7042b36ebf0fe11c2e0ffa1e7225b0f04,2016-12-12,CHANGELOG.md
terraform,6b1d9aa3f3e18b0ee33ae76c36371ede20e4a978,2016-12-12,CHANGELOG.md
terraform,8169d5f86ddd2ea205486c0a342cdcff80f18c5b,2016-12-12,CHANGELOG.md
terraform,fd3f5e34d7bb778b27ee9b07a9062a8347de85d2,2016-12-12,CHANGELOG.md
terraform,76a48aafb8fe75c27d294f0d564688946e61e882,2016-12-12,CHANGELOG.md
terraform,74dab0bf0a7cffec36a8827bb859ee1195ca5954,2016-12-12,CHANGELOG.md
terraform,6295cfb24c42e32f7a4a69772e71c1d16de9e77a,2016-12-12,CHANGELOG.md
terraform,fce6062d8977e9e70be68864c5f12b73250d550d,2016-12-12,CHANGELOG.md
terraform,5eb614acee184e98f2b277d74897433696cf88ad,2016-12-12,CHANGELOG.md
terraform,773c36d072f4ef316ff093b6444147c84dd93775,2016-12-12,CHANGELOG.md
terraform,399614c0939a70d3edb69512dacdf39a7bf31a58,2016-12-12,CHANGELOG.md
terraform,d133cd82e88f34a1257d515897529e59b1c8ccde,2016-12-12,CHANGELOG.md
terraform,a2db4ad4bb06f0ebb185e7458fba9d06eea841df,2016-12-12,CHANGELOG.md
terraform,ae002d99c48555349078ef1ed2111ca32d2a0a1a,2016-12-12,CHANGELOG.md
terraform,0af3d071d2a87cf6d9bed28b3f1c3bead14d1fcb,2016-12-12,CHANGELOG.md
terraform,e9896be90e2ce2499eea53d69e98a38a25a024a3,2016-12-09,CHANGELOG.md
terraform,640530e76fcbc5cf012180527eed7f724534a6e0,2016-12-09,CHANGELOG.md
terraform,15814c3ecc00d3748de0917128dafc278600d664,2016-12-09,CHANGELOG.md
terraform,e902ff320ce28d2380c304691780950000474651,2016-12-09,CHANGELOG.md
terraform,e2fc12c38fadfe19f958a2789b491970903735b9,2016-12-09,CHANGELOG.md
terraform,510c82c6d792fb8c735c63cbad926bc9cdfd2914,2016-12-09,CHANGELOG.md
terraform,6f2f92fc35117d2527c822d5b58b6198784c21ab,2016-12-09,CHANGELOG.md
terraform,92faace61059be0586c4329988bd00ba1c3edbaa,2016-12-09,CHANGELOG.md
terraform,b874d55f36e27b4987049903c7b33f9081444368,2016-12-09,CHANGELOG.md
terraform,73cb292b6a1f3ad1ce08cfe95bda6eee30b1f082,2016-12-09,CHANGELOG.md
terraform,12f4b5ecb83a9936cb0a3fa31c5d1ec5e75c07d0,2016-12-08,CHANGELOG.md
terraform,9c80c82d9e3dedb74b60015ebb120a2cc9e71e65,2016-12-08,CHANGELOG.md
terraform,0244b8b110bcffc650a18b8625cde078b1e73035,2016-12-08,CHANGELOG.md
terraform,b03af1416e541e99a3695afefe80d05f5ccbfc76,2016-12-08,CHANGELOG.md
terraform,e5a3ad96da8f3fffd9213fce9b696fd9efa5840d,2016-12-08,CHANGELOG.md
terraform,a33f36218efcc3c68611e93c739845571d8c81d5,2016-12-08,CHANGELOG.md
terraform,134b438c92abfa8c6ea7b82bd9a0470d7ac39ad5,2016-12-08,CHANGELOG.md
terraform,297f7f7785c42f78316e9b14915719dff1779aff,2016-12-07,CHANGELOG.md
terraform,942cdccf2dee1416ad8ba8056dc1747509cbf798,2016-12-07,CHANGELOG.md
terraform,38e2a058997fe47c0da7376616475199a5f8d890,2016-12-07,CHANGELOG.md
terraform,658f048ca4100b30fa6dd928d7f107adea4a4d80,2016-12-07,CHANGELOG.md
terraform,fe2e59cba270fa5238f7381fcc5544c6d1d85182,2016-12-07,CHANGELOG.md
terraform,4422b9d9429c371b99c0ad32b346627d5155324f,2016-12-06,CHANGELOG.md
terraform,82e972a6e17f933bcd079840c581b86116c9d8e7,2016-12-06,CHANGELOG.md
terraform,dccdaceee06a3a320d0f6096d66bc2ea1ca7de86,2016-12-06,CHANGELOG.md
terraform,617fb5a6910bbcef8baee6e702207c2deb1c3ba8,2016-12-06,CHANGELOG.md
terraform,3ef5be275b28999aac38f64606d76c38534776bc,2016-12-06,CHANGELOG.md
terraform,af0600815ca4d104761f28c7dec8d83627155978,2016-12-06,CHANGELOG.md
terraform,e3979f7b0e6930629fcc1ae79f4e9420fbbd027e,2016-12-05,CHANGELOG.md
terraform,726c998912348ea3a0ec1227f8810c72fb4f60f8,2016-12-05,CHANGELOG.md
terraform,7f59e2a296619cb71261dacac167b28c04d97ca2,2016-12-05,CHANGELOG.md
terraform,a0f4a5ff109399cc0fe7425b6cb928ce7ea2388f,2016-12-05,CHANGELOG.md
terraform,315fd65d4030de510163be8963232bc4ff20c9b7,2016-12-05,CHANGELOG.md
terraform,63ae6f019e92fae3a20ac47dd7008745c6c8cf42,2016-12-05,CHANGELOG.md
terraform,042695fe56d423c7c4b07f8705554f810ca1bf54,2016-12-05,CHANGELOG.md
terraform,55c134b5e2d594fc80e8180fc636f15d3f1d60e9,2016-12-05,CHANGELOG.md
terraform,638727c0055e1df98f0afe2982bfa858bcf6f2e1,2016-12-05,CHANGELOG.md
terraform,d790c652cd8e4665d9bc74635baa6f1f94b1b98b,2016-12-05,CHANGELOG.md
terraform,5b71b40f93d7c9f31709c7a5b5baf12865f43172,2016-12-05,CHANGELOG.md
terraform,f13a92b52e1e789f62f3e562ce1117f1c086a352,2016-12-05,CHANGELOG.md
terraform,2f3d6fab3b43f96720946458f5dfab710c111b8d,2016-12-05,CHANGELOG.md
terraform,aba6c904cefb5c0d2a097c064b5411b1216285fd,2016-12-05,CHANGELOG.md
terraform,c2041b74882a72fc09657a155ce2c5b70c62522a,2016-12-04,CHANGELOG.md
terraform,018e51767233dba0d74c2393fa4dcd3897e86366,2016-12-03,CHANGELOG.md
terraform,84d8b28b400f2dec221029cd8e30b0dee9d80a08,2016-12-02,CHANGELOG.md
terraform,a6ac5bed69d95f8fc7c9bfd04072fd3a795224d0,2016-12-02,CHANGELOG.md
terraform,966f5b920d30dae9b51d25094ee8f9cb6a360f43,2016-12-02,CHANGELOG.md
terraform,6760d589d640f1c53add7d0a25cd8140b3534464,2016-12-02,CHANGELOG.md
terraform,f304036d6d27fd56502ec21e94e8188106cd7e54,2016-12-02,CHANGELOG.md
terraform,e3924b183150aa0adcfb63fe2d5b0acba41bb440,2016-12-02,CHANGELOG.md
terraform,5618ed32288217abd8d91677d9a0e15575c65718,2016-12-01,CHANGELOG.md
terraform,5e6093e4dcda0ade3ddc58208a544b16478915ba,2016-12-01,CHANGELOG.md
terraform,ecfc5470deb5a4388aa667099f6eb21c73b4eb9b,2016-12-01,CHANGELOG.md
terraform,6227e011a7637e3e6ae148bad8a3df6ad0cf191c,2016-12-01,CHANGELOG.md
terraform,c8b23954f042aae0543ff3e42ee0e94d914c7bef,2016-12-01,CHANGELOG.md
terraform,3eb4f16eaa7a7d6d903b7e9a77ef62886169e153,2016-12-01,CHANGELOG.md
terraform,837f230ee235da28ff38c95c422ef757ec81627f,2016-12-01,CHANGELOG.md
terraform,9d454b557c93bb605c9fa89949dc871a14171d70,2016-12-01,CHANGELOG.md
terraform,c918c7b1c3db1879d0424d5c82f68b5bcf0371fc,2016-12-01,CHANGELOG.md
terraform,911462f53cceba0310c8a7b70b7d23cb750053df,2016-12-01,CHANGELOG.md
terraform,49451392625861511af1089ae02fd4008539287c,2016-11-30,CHANGELOG.md
terraform,9ae8d42e3e07a0a70732d5de343ca8345fde10c8,2016-11-30,CHANGELOG.md
terraform,8f0dd03a9459b602d6ce0c0810bab45cacc1bd88,2016-11-30,CHANGELOG.md
terraform,f1f3c1d040952070f5588faefb4e11a5ef2d076d,2016-11-29,CHANGELOG.md
terraform,facce6816fd320c178fadf7b31910e0861571d68,2016-11-29,CHANGELOG.md
terraform,77325d9f13d80a6e7dee8ccac04ab2f37df8a713,2016-11-29,CHANGELOG.md
terraform,f25592a3ef720e5ec712862d89dcceca2a95f6d2,2016-11-29,CHANGELOG.md
terraform,5dcc6ec09d318f11851a37f751e09fe48b8f59dd,2016-11-29,CHANGELOG.md
terraform,ca36ea1c1282b7fa021081bc8ef7603643e0c7f3,2016-11-28,CHANGELOG.md
terraform,7fcbec74db3632be8dc2d80c5ca99d7cf0c03eb8,2016-11-28,CHANGELOG.md
terraform,5cda81a6d7ca5ddc8d5dd86aaf7bba9090cde158,2016-11-28,CHANGELOG.md
terraform,1535aeaf6083da9af398889a4197541c59d8a752,2016-11-28,CHANGELOG.md
terraform,bb9d9dcd3d392585a39c5065be782878cd2e64a6,2016-11-24,README.md
terraform,ffe26ce700402b5e58ce5d640303ac08f35650d6,2016-11-24,CHANGELOG.md
terraform,b9f273c7ca6c79d24ea22a9ddb516a8ffceda3df,2016-11-24,CHANGELOG.md
terraform,cdc795cf66c8da4c619c602e32767c52c577d4b2,2016-11-24,CHANGELOG.md
terraform,4d9c0432db36671cf47decda821299568e599c60,2016-11-24,CHANGELOG.md
terraform,1ddc24227159bb59b482119a85546a5e042726b4,2016-11-23,CHANGELOG.md
terraform,aac47ecf8421da8573155951e36ce5c1aa3fd3a2,2016-11-23,CHANGELOG.md
terraform,1ab0dfdd12751975fbf83b94cf54711b5d397463,2016-11-23,CHANGELOG.md
terraform,6c5332f0f7b20721766602fdc9d3b269aae3b148,2016-11-23,CHANGELOG.md
terraform,86bb86d64d0e4dafcdfbbd61b5685b61f1100eb2,2016-11-23,CHANGELOG.md
terraform,546caf9909bfb7003b75a5a1b9dd21a65bf2844f,2016-11-23,CHANGELOG.md
terraform,624403f9e7f4f3d4983dd91f728721a0de170382,2016-11-23,CHANGELOG.md
terraform,3fd6c253ea544220c91108a71a240e34b95db3e6,2016-11-23,CHANGELOG.md
terraform,758322a1f84d6b5fe6cc7214c733fea783fe28d9,2016-11-23,CHANGELOG.md
terraform,6ea3ba172567decc68d83cdae35e0c720a5d903e,2016-11-23,CHANGELOG.md
terraform,16ac3ef9a598d7c033a61abd5af8b8257c84f131,2016-11-23,CHANGELOG.md
terraform,d2d895a6709d8dd2296676dba04a14b07db0f204,2016-11-22,CHANGELOG.md
terraform,594014d4f65f61c1399fc337e5fc2211b5a28474,2016-11-22,CHANGELOG.md
terraform,cf47d3d794ed8c4a1b657688029364e75fd9fb5b,2016-11-22,CHANGELOG.md
terraform,2cd434468247adb4fd14a1f87af5da619ef0f57e,2016-11-22,CHANGELOG.md
terraform,e9d3be2ea83b8346d87ef68116624f861f7fef99,2016-11-22,CHANGELOG.md
terraform,b7d42c730a18247897c2c680d31651f1aeab95b9,2016-11-22,CHANGELOG.md
terraform,a9456998f0e6f2c4fc8f4a370f53c50a14886c14,2016-11-22,CHANGELOG.md
terraform,60780e34b5732de6d22c0b4044e093ca98a562ab,2016-11-22,CHANGELOG.md
terraform,943855d1bdad80fbf35308063b8e0e55ab43b215,2016-11-22,CHANGELOG.md
terraform,4caf7e082d67897e95970183a4b5085a42b79758,2016-11-22,CHANGELOG.md
terraform,f0a5deae83379e04f72689a004af3966f6687264,2016-11-22,CHANGELOG.md
terraform,c1e9a65cd45f546aaf79e53cadbfa481304d289f,2016-11-21,CHANGELOG.md
terraform,5469b4bfb67f0005b8ee19c24338ed9b22ed1c80,2016-11-21,CHANGELOG.md
terraform,50c1e875d0a6ff44173c8250e53922e103673d46,2016-11-21,CHANGELOG.md
terraform,9c73f4bad126b2822e9bb9bd0794b251dd98d6b0,2016-11-21,CHANGELOG.md
terraform,a79092b86ccf06b1d354b0ba45d64d0754e2409d,2016-11-21,CHANGELOG.md
terraform,fa892adf72262d98b3c6edc23913ac835fb23d29,2016-11-21,CHANGELOG.md
terraform,8f9c8ba61ff3e23ac8420f5f7576c37435cd5ad1,2016-11-21,CHANGELOG.md
terraform,d214a9a786f2510e9ad4fe9a36065b71220bff28,2016-11-21,CHANGELOG.md
terraform,44885f45d3dd04f9dd50278f1822a32d63d5238d,2016-11-20,CHANGELOG.md
terraform,58013b5a2ee14485d739b2bfb6316b3ee8bfd93e,2016-11-20,CHANGELOG.md
terraform,283d49f12fe203a2cd2ad23acec046f72f7842de,2016-11-19,CHANGELOG.md
terraform,ec4c00ff92a9c025bfbbef941c17a70fe2f598e8,2016-11-18,CHANGELOG.md
terraform,44cc380bd7b8276eb0bd08420dada075167f070c,2016-11-18,CHANGELOG.md
terraform,fc3d0f72165403fceaa82a587123d845a9d6e012,2016-11-18,CHANGELOG.md
terraform,d80a7a0cb08d9925927ed0ff655e5c14b1a0e251,2016-11-18,CHANGELOG.md
terraform,0d98d581a61e52c3ec4798584baec30314c07f44,2016-11-18,CHANGELOG.md
terraform,657e4821456df80ac20e956200b8f59660d9a0a6,2016-11-17,CHANGELOG.md
terraform,3be4f7a2b8245279753d2917d143b29ef20cf48a,2016-11-17,CHANGELOG.md
terraform,d4b4ecc0a95262f28e636595fef6f2786e0b2708,2016-11-17,CHANGELOG.md
terraform,69f90e690d28081bd6bb13b3eb9a9db8246173c8,2016-11-17,CHANGELOG.md
terraform,757f45014be87967edd542e1de452e3d687b6d56,2016-11-17,CHANGELOG.md
terraform,d190eef063688b6ed1f3edda2654f936f2f72f98,2016-11-17,CHANGELOG.md
terraform,3782fefd3e73b57f8acba68419db00b1f76c66a4,2016-11-17,CHANGELOG.md
terraform,81125f6aeb922591176f58801d163e5676445845,2016-11-16,CHANGELOG.md
terraform,789b660b323d0264cd272ad51d187d87106cd6ca,2016-11-16,CHANGELOG.md
terraform,06b95b3c0089f0eb27bb75b8a9f0af65aac214d2,2016-11-16,CHANGELOG.md
terraform,7e4385ea2fee87c6c68a212f4d3fca5f1dc7bbe2,2016-11-16,CHANGELOG.md
terraform,db49d5288926b4e945d0e90714c6ef69bdd60c7e,2016-11-15,CHANGELOG.md
terraform,ed2fd5ab1f68e4987064c7a4467b9498f4dc3f71,2016-11-15,CHANGELOG.md
terraform,5eaeb0f89fbf53521777fcf7db628a1d0c910624,2016-11-15,CHANGELOG.md
terraform,9aef2e5aa8ebf28c7ee035356a52c39bc3179588,2016-11-15,CHANGELOG.md
terraform,35f3d46a9db0100c3c5c959b3ef1a258a4281b5f,2016-11-15,CHANGELOG.md
terraform,68fbbecb3ef7fc379b919010dc80c068e57add98,2016-11-15,CHANGELOG.md
terraform,7fbd880390d2009cedba6a24d2ea0d6cfd3bbd9d,2016-11-14,CHANGELOG.md
terraform,e7411891f4266fc374b7ca28250d0484f1886091,2016-11-14,CHANGELOG.md
terraform,325a0bc0ee35ed1e89e487bf2eb68666f0c20e95,2016-11-14,CHANGELOG.md
terraform,13512d373894da32ecfc30c801e6afc0df611579,2016-11-14,CHANGELOG.md
terraform,ab03a50d92c41d3b188c90d0c0ff5b864eadf788,2016-11-14,CHANGELOG.md
terraform,8d993d9edd7160ba1f0dcf062468efdb9c4f651a,2016-11-11,CHANGELOG.md
terraform,1889aee292eacf8b54018f2e9864a3aea6204242,2016-11-11,CHANGELOG.md
terraform,e35204b2bcbf1d2423539d82502f3d319d9d2e9d,2016-11-11,CHANGELOG.md
terraform,95a08f2761512e8375142152124a78ecb8388952,2016-11-11,CHANGELOG.md
terraform,607a54b9ffd2b329b6122bd9cc6f24b78de1cfca,2016-11-11,CHANGELOG.md
terraform,1a139aac50de9e49b6efb58b8ebdabfabdc0b595,2016-11-11,CHANGELOG.md
terraform,d779c71a6567206cb3894ee351c801430b4d4389,2016-11-11,CHANGELOG.md
terraform,3a9fd99cb38f6bb8df3581a64a06df74c305c445,2016-11-10,CHANGELOG.md
terraform,25a633a46a595b1adac47b658a831d73ea8597a3,2016-11-10,CHANGELOG.md
terraform,25037c7eb3efa7a457f3e6608685ed772ebf578e,2016-11-10,CHANGELOG.md
terraform,695bd6d2c894513d78b1896a265c46939fdc68df,2016-11-09,CHANGELOG.md
terraform,6d8c8cfb01e5fad8762e748d53e2bf810f61259b,2016-11-09,CHANGELOG.md
terraform,092f7e8f7615d017dc75f563b09612e5f66ef355,2016-11-09,CHANGELOG.md
terraform,78da6f4f746d8dce7fc32077c4e38cf342ac29a6,2016-11-09,CHANGELOG.md
terraform,cccd5f3e83a15998d0521ec39542838841819543,2016-11-09,CHANGELOG.md
terraform,9d174f41d6852dfd879f6c1b1b0168a2c26dff9b,2016-11-09,CHANGELOG.md
terraform,770bb4f18b1c36e800e7ab8eab4a9aece62d68ba,2016-11-09,CHANGELOG.md
terraform,81e3157b628b38f7ce94af811f3712e4fe10e1b7,2016-11-09,CHANGELOG.md
terraform,4391f70d61607ed13b3e1ad4e79001f504a88f96,2016-11-09,CHANGELOG.md
terraform,0c7b914e9c6746ebceb9de2b5f002c2bedbc9e45,2016-11-09,CHANGELOG.md
terraform,3258aa98e62eefa91ba513289a6b259ac08d1c35,2016-11-09,CHANGELOG.md
terraform,8eb116a1839fefec54f73d14db279eb3eeefc3df,2016-11-09,CHANGELOG.md
terraform,2f0a7a99e6c8212f4fe73b5f2e63a18e0e791ccc,2016-11-08,CHANGELOG.md
terraform,b22f7d4b6b395c6084df7b3ec22f23ac66f479bb,2016-11-08,CHANGELOG.md
terraform,645d3271f632cd43c4a8956b97df489bea135703,2016-11-08,CHANGELOG.md
terraform,45b2bc1a271834aa1c2c7bf0b9db1b77c7487268,2016-11-08,CHANGELOG.md
terraform,d7ab7c029beaea0c454625cdc5a0955ce2e636f0,2016-11-08,CHANGELOG.md
terraform,dfab66e550ce0839c7594b019e6a71779359e171,2016-11-08,CHANGELOG.md
terraform,dd76c99301611aabe711b3f4040787ee2f7a568e,2016-11-08,CHANGELOG.md
terraform,8eb46789721b4923e07a46801fd2e28f84d3dfe2,2016-11-08,CHANGELOG.md
terraform,1a4906f263ebc9740b0830223a668e80aefb5b76,2016-11-08,CHANGELOG.md
terraform,4c675be43ebed502bdb776e76ff0aa03188b2673,2016-11-07,CHANGELOG.md
terraform,bf1a13e3d2a7f3b2a6fa9e2b12ecbf6f19a4097b,2016-11-07,CHANGELOG.md
terraform,7dec4acfca87b9caf06c5dde23bcd66e42d57cb6,2016-11-07,CHANGELOG.md
terraform,544087426824017db1c7275c4da57e7e7e71a198,2016-11-07,CHANGELOG.md
terraform,31a685e29b210de95c21dafe96537dc6f35615b2,2016-11-07,CHANGELOG.md
terraform,517d319c2cbc56e777b47858ff358c2283fc861f,2016-11-07,CHANGELOG.md
terraform,5ba1c4ed2cc7c18208985d88d03ca9f1fca4923c,2016-11-06,CHANGELOG.md
terraform,448d7b89407e5f847095bc11fa94b59f929629f5,2016-11-05,CHANGELOG.md
terraform,9a9e1bb6bb1c9378c22785ebfc3facfc8ca5037d,2016-11-05,CHANGELOG.md
terraform,f9d5c7245de421b30c57736937afdfd0664156b1,2016-11-05,CHANGELOG.md
terraform,11ea4bd16bb48df3447bcb67aa059316b8e48f62,2016-11-04,CHANGELOG.md
terraform,38314186f1d7ea4e7345b8798451e822f2e5ddd9,2016-11-04,CHANGELOG.md
terraform,b313e55fe78704bba47d51d42a0a65cff4cf8063,2016-11-04,CHANGELOG.md
terraform,fda3912a70411995bb701b762f25e2339cc2f449,2016-11-04,CHANGELOG.md
terraform,3a4a41327a2ef7d40df6259ddb7bf7fe98db712d,2016-11-04,CHANGELOG.md
terraform,2305d64a3bf46b0e7ffed30270cabc5ede0360fd,2016-11-04,CHANGELOG.md
terraform,95992e681ee8f0d45fe797ae15f77b7455048c8d,2016-11-04,CHANGELOG.md
terraform,dc754d8ebe54d1e9d9b031be6cfd162771f72816,2016-11-04,CHANGELOG.md
terraform,a598d36082b89e6ea6b3c42b7cff30ffbcf99e98,2016-11-04,CHANGELOG.md
terraform,7291376c2d0ded3f30547edd7044df0671dd0835,2016-11-03,CHANGELOG.md
terraform,68d99b6ef6b5c7827d814d72d08378b557688e83,2016-11-03,CHANGELOG.md
terraform,bf6852f38e2811e62e4ae29a7118c6ad521fc230,2016-11-03,CHANGELOG.md
terraform,8a4690c0147ea60e4314d43c35449e6d7b1536f2,2016-11-03,CHANGELOG.md
terraform,b58bd71462cd01b9f145b86c9eb820a8842d1d97,2016-11-03,CHANGELOG.md
terraform,1a7168a091fc1e6a9b5fc8f5eee57876b71b5bfd,2016-11-03,CHANGELOG.md
terraform,c9526207eb6b70e4f9f751c431b42e59209d976d,2016-11-03,CHANGELOG.md
terraform,83e3fa2a3352938c8d7bc9a694092ebd77d6ee8c,2016-11-03,CHANGELOG.md
terraform,5527104112a9652a04dfe25074b88c0b7586eb0f,2016-11-02,CHANGELOG.md
terraform,45e53078e5f77aaae6e56aa18350502923a98ce5,2016-11-02,CHANGELOG.md
terraform,1658055bfde4977ee396a4df8b2ca023fbaa6028,2016-11-02,CHANGELOG.md
terraform,74989271feecdd613390e8bf71ea22681dcefbad,2016-11-02,CHANGELOG.md
terraform,61a150173103e224bfbc0e0de409ffac0cc8e557,2016-11-01,CHANGELOG.md
terraform,9cc881558b8cb477d608663845313d208bc67390,2016-11-01,CHANGELOG.md
terraform,1c869fa74fbcba4faa891603dc9c8ffcddf8ae5f,2016-11-01,CHANGELOG.md
terraform,744d1648f61591373062f4a33db77557ec107b78,2016-11-01,CHANGELOG.md
terraform,f61ff7d0053b47134b4600c6396155894abdb3ad,2016-11-01,CHANGELOG.md
terraform,fb08774ff3a846ed8aea4bd9a3e976f972bed7ae,2016-11-01,CHANGELOG.md
terraform,fc329fbdea8df31f8b41b3b7f3b4dfd751b77f87,2016-11-01,CHANGELOG.md
terraform,4c88a988193e9b291b87566f70e746cc56c9b82a,2016-11-01,CHANGELOG.md
terraform,8351e3d55e3cbe27ee9f44f7581e25a5c2262105,2016-11-01,CHANGELOG.md
terraform,9d2dc8172a34537b0dc1fd686d1ec94df0baab79,2016-11-01,CHANGELOG.md
terraform,aa63c367da7958c4e730afd6fd4fbfc0792e3041,2016-11-01,CHANGELOG.md
terraform,9b2b21b583858a9beaa91f506329fd0dfc3b8930,2016-11-01,CHANGELOG.md
terraform,76fc6887500b3c2bb08b84b4484249b30e087c03,2016-11-01,CHANGELOG.md
terraform,71536155e0450bc41425ee392d34831f10dd9576,2016-11-01,CHANGELOG.md
terraform,b256c77423ab4d57d301be561b83aa9891369d6e,2016-11-01,CHANGELOG.md
terraform,a095a30fbf3e8a81b1fde12fc58f956d8e1c1a72,2016-10-31,CHANGELOG.md
terraform,6831b6ba41382463fa32d9e0b44a0c3a44443ce8,2016-10-31,CHANGELOG.md
terraform,de49ac2e22c74715f1d76b471313aaf96ee0379d,2016-10-31,CHANGELOG.md
terraform,4d0c7d413e2a3af7a228863d0113b18d16d15a7e,2016-10-31,CHANGELOG.md
terraform,83610413e9f4dc99f582a4d442c88adde4bebaab,2016-10-31,CHANGELOG.md
terraform,9590c0b32daa35e37d9f47f24dad9401f9a4e69d,2016-10-31,CHANGELOG.md
terraform,6a45056b56feb12a184b413ebca2e552066cf680,2016-10-31,CHANGELOG.md
terraform,113b74de2fcd8c1c36d7402cc7f863d6ceb9c74f,2016-10-31,CHANGELOG.md
terraform,6e55f5683c5943e73265dcf7bfafe7701644b4b1,2016-10-29,CHANGELOG.md
terraform,46e9c56fa3acc66f7b4f22ca73462568885355da,2016-10-29,CHANGELOG.md
terraform,7c0cc06ad10363e013a788929c1e378fd711462f,2016-10-28,CHANGELOG.md
terraform,bccfcbd4bfcf4daeb37d1f7de3a9ef5e8407ede4,2016-10-28,CHANGELOG.md
terraform,a68bcccd9c1d477b2387f8160b7c96dc97faf976,2016-10-28,CHANGELOG.md
terraform,0e85d6bb1506319c259f2538fd5b44e418905feb,2016-10-28,CHANGELOG.md
terraform,0f8611c82c3bab404333c0d2a7724c1600914ea0,2016-10-28,CHANGELOG.md
terraform,64911902118329aaef9f71af9ffbfc6be489a96e,2016-10-28,CHANGELOG.md
terraform,0befa1552230bdb9d66f897e5646ab3c61028254,2016-10-28,CHANGELOG.md
terraform,4dcc01be109f65d1ae720592577b894d1759cb7c,2016-10-28,CHANGELOG.md
terraform,2fa89dd1c9475d486fade368727e4a58be779beb,2016-10-28,CHANGELOG.md
terraform,77611022e3d2f4c5eb60b8b14ce60ddb8d70d4de,2016-10-28,CHANGELOG.md
terraform,9665a0f8de7a9d6f26a132cad039c215d3cb5ae8,2016-10-28,CHANGELOG.md
terraform,990a1ba20426b6c9b9599d3649bb1ae80420d606,2016-10-28,CHANGELOG.md
terraform,c954d4f2abc10dabffd8983dff5cfb64b9b04685,2016-10-28,CHANGELOG.md
terraform,d64e645b8e2d04dad62d1cc6df45af5160177695,2016-10-28,CHANGELOG.md
terraform,7940af2ff2f0b615e9c48b71582605beae7ee377,2016-10-27,CHANGELOG.md
terraform,257be13e0e7d10314453d394bdb112e98d8dcc53,2016-10-27,CHANGELOG.md
terraform,8abc6fcdf7b0f25a3c67d924bbca616d7b0e80fc,2016-10-27,CHANGELOG.md
terraform,1ed6e4c3ddd1c723c2a37e5140917ff46f526307,2016-10-27,CHANGELOG.md
terraform,3b59b4151b30965c97fa8241ccc7cfc36ac01880,2016-10-27,CHANGELOG.md
terraform,c2cf48aab7031a6372efb498a4564e7c2043970d,2016-10-27,CHANGELOG.md
terraform,9886d0e0f95f7d6bedd6e6da3571fe417cfe5e5e,2016-10-27,CHANGELOG.md
terraform,2b6fd7e96825140777ab469bf58480da61a6ea3f,2016-10-27,CHANGELOG.md
terraform,369e8d47e2ae0ab1dbeafc7e87795e1cd998eaa8,2016-10-27,CHANGELOG.md
terraform,1933e8e7d4c96dd56fd0cdbec935c8e2b37ad16a,2016-10-27,CHANGELOG.md
terraform,7d33d45dd5ee523d9ba097adcfa22713004058e8,2016-10-27,CHANGELOG.md
terraform,609b9d27be5eabc5335cd0ef71fc988b1dbde1ef,2016-10-27,CHANGELOG.md
terraform,eb6365eda5c653d00dba32f51a30db5c17bfdef0,2016-10-27,CHANGELOG.md
terraform,16db879bed173359dac309007306677bd1d97ba4,2016-10-27,CHANGELOG.md
terraform,e2f96ed09203d8ee12d89b62582405e75ca12a56,2016-10-27,CHANGELOG.md
terraform,fa00a86f80a6980e01051641f355e7c095270ea6,2016-10-27,CHANGELOG.md
terraform,bcbb7bb171ddc3c924ac98ad9e0789f5704e9835,2016-10-27,CHANGELOG.md
terraform,d495fa9857006ab16ea206251b315a8170eea146,2016-10-27,CHANGELOG.md
terraform,329cc41dedd99e97615e74cd2e69885c37caf179,2016-10-27,CHANGELOG.md
terraform,deca12af4b7c1580fa48e4ba079ce95591f95408,2016-10-26,CHANGELOG.md
terraform,68d865f46e1e52dde3f81edd570b75d4a51c6b8c,2016-10-26,CHANGELOG.md
terraform,1bb22daa5af6a37d70fabc991c3222310c894087,2016-10-26,CHANGELOG.md
terraform,3c4f97e6fc326ef686f03aad11bdc122e98f2874,2016-10-26,CHANGELOG.md
terraform,fbcd1cff3fc906b0eab9b5faec0d2af73ff4963f,2016-10-26,CHANGELOG.md
terraform,4b6e3141c958f03e6b7da71bfd30ce6ad1f6011f,2016-10-26,CHANGELOG.md
terraform,3ee6f36b59fdf166ca3a0d95a2fc641f6461aed2,2016-10-26,CHANGELOG.md
terraform,d05db51f7e1f792dbb56b254b5877e2f93a638ad,2016-10-26,CHANGELOG.md
terraform,aaff62242dffb4fb3f18961c547b28f0ec4a09c3,2016-10-26,CHANGELOG.md
terraform,2f4c5ba2cf05033f74c8b44fafd777924ec96e25,2016-10-26,CHANGELOG.md
terraform,836d17158fd1dbec2fd4643369af35a5cee561af,2016-10-25,README.md
terraform,38ed53894a91b2c0464f80dc15af99974356ec4c,2016-10-25,README.md
terraform,a7070366f0dd3367cb45aa343b11c606ca52ab60,2016-10-25,CHANGELOG.md
terraform,103bd1f1f86a38efb611cd943c61566db4de6522,2016-10-25,CHANGELOG.md
terraform,e43871ece8f83ecf66296ff56f737499365cf805,2016-10-25,CHANGELOG.md
terraform,7c56e33319ead9b545dfcc7b1ec83a761cce9b77,2016-10-25,CHANGELOG.md
terraform,f8e65c4f50ad7d520174fc13c294840cbb099722,2016-10-25,CHANGELOG.md
terraform,f4a4962b213fa640fd78aefedc8886ff578a1c22,2016-10-25,CHANGELOG.md
terraform,4b7234921598d5546704c188c2c530085926a437,2016-10-25,CHANGELOG.md
terraform,7f4754e8b739c093f6a1c819692781113dc21eb8,2016-10-25,CHANGELOG.md
terraform,b5dad8b0387d0c7a39100f14661e5a634b236ba4,2016-10-25,CHANGELOG.md
terraform,a18660bd5b0fd5cc53d4cba04fa4b1aee9e38937,2016-10-25,CHANGELOG.md
terraform,2f0211538cd42eef1742994056a5b6e526cb9c6d,2016-10-25,CHANGELOG.md
terraform,3eac2a7714e59c8238f19a92bdc8853a42d8b2ff,2016-10-25,CHANGELOG.md
terraform,c59794b33b0648f4fe45e65e4099bbc29b450b95,2016-10-25,CHANGELOG.md
terraform,c655a6ec4a0f8cfd951c7a18c4a3c1e7dd3e23e7,2016-10-25,CHANGELOG.md
terraform,1bb1df26023676f25f550305e1033f38f507a35d,2016-10-24,CHANGELOG.md
terraform,59e3c27a9d2625c6f2ce603c1276029c755d2cdb,2016-10-24,CHANGELOG.md
terraform,eb8a9ef5471a6bece0e16392084d9e0abb03186a,2016-10-24,CHANGELOG.md
terraform,cf655b75a15511afbeb94b7c195576a18e47824a,2016-10-24,CHANGELOG.md
terraform,bf8bf78ce95bc6d54e1ee2113d2c6b5da505c7f9,2016-10-24,CHANGELOG.md
terraform,0c3161083c5bb06097853c8cc7b92775d503c36b,2016-10-23,CHANGELOG.md
terraform,7cb2e69457b03c38332c4edfc849022c505852c5,2016-10-23,CHANGELOG.md
terraform,f5c4d79a0ed9aaabb62910b11e3ce7bc835a9d48,2016-10-22,CHANGELOG.md
terraform,afa2bbc0b35216e4526db02d0415010dd7bc1517,2016-10-21,CHANGELOG.md
terraform,2838a035bd366170422e591b0e048e4e19956822,2016-10-21,CHANGELOG.md
terraform,3015855a402ade353d97908836c93b9c0c76eccd,2016-10-21,CHANGELOG.md
terraform,293e214e3e0fdee3949aa1b114ca289aeb412ca4,2016-10-20,CHANGELOG.md
terraform,50807f1e21b2a5bdc8a58c1dfbd04c2ab3129faf,2016-10-20,CHANGELOG.md
terraform,65f6aa53b514f41ab3bbb5d8773a9f59ea30e9fd,2016-10-20,CHANGELOG.md
terraform,d0b3fd1c71597a1c10fac31b2f1ac87c3dac5967,2016-10-19,CHANGELOG.md
terraform,58b8c35c64dbbb0ffb075f7267cb65a40a0cb0ee,2016-10-18,CHANGELOG.md
terraform,2a136ef7f21ae8fc7885741a185489c537a64681,2016-10-18,CHANGELOG.md
terraform,9e02431ed8c6611d783fb475b28a12323638ff7b,2016-10-18,CHANGELOG.md
terraform,fa6a83ebdc323f2b415779786e102e69ddbf9a48,2016-10-18,CHANGELOG.md
terraform,1b0cad1a2be1e40d7eb8f2e393dc295cfafc3be3,2016-10-18,CHANGELOG.md
terraform,7fb8abd16887b805700fbe2ff77a33dd84580506,2016-10-18,CHANGELOG.md
terraform,c38a6c2ce015fac507eedc0f02ee5a2048743fb6,2016-10-18,CHANGELOG.md
terraform,819d2e1abf46efd9356d6b386766f10d29f9de49,2016-10-18,CHANGELOG.md
terraform,94cbc37312ed08eccccadbec97d0fa76690fd417,2016-10-17,CHANGELOG.md
terraform,c7171e7e6e3f146a5c6f972d912987c98948aa7f,2016-10-17,CHANGELOG.md
terraform,d9df49fa90fe4f476fa8c3327c234448d34e48c7,2016-10-14,CHANGELOG.md
terraform,0475157c4f8a1bf506c83974672344830149a031,2016-10-14,CHANGELOG.md
terraform,b781e072616cbdb403aafe09026feb99e3cba2d8,2016-10-14,CHANGELOG.md
terraform,229be895b19b2df1e555a8549b157fb0e948cf9b,2016-10-14,CHANGELOG.md
terraform,d9542be43f957567102a710cef4cf399d2829f79,2016-10-14,CHANGELOG.md
terraform,754bdda8a78b24efab62f1dc24d97c1c02d89fe9,2016-10-14,CHANGELOG.md
terraform,f98841daa5c512649e45eae80eae104fb735570d,2016-10-14,CHANGELOG.md
terraform,fecc218505c302d74aa411f0f5035116a2378197,2016-10-13,CHANGELOG.md
terraform,6721a8ae78259b2e1cbf86d331548c4727a39f03,2016-10-13,CHANGELOG.md
terraform,25e38f8e7288ff1337a6f79ac441ea830d45427e,2016-10-13,CHANGELOG.md
terraform,f578e319c36a94c8ec080f21321409af23bae6bb,2016-10-13,README.md
terraform,dc48543e64c6d263d4d04729f569caff14e5332c,2016-10-13,CHANGELOG.md
terraform,7e0408293f9791be8cf5486bc48e0c5161e94cef,2016-10-12,CHANGELOG.md
terraform,7c179ba25609be5f1dfb1e1e4ac126ffe119c0f7,2016-10-12,CHANGELOG.md
terraform,9c3084b2af02aa74c343e34ba96109ab59dfe484,2016-10-11,CHANGELOG.md
terraform,f2c95cd5bee94661d4658a14eedc5675b1d297cc,2016-10-11,CHANGELOG.md
terraform,2da49d30fd57df4e89a01a41e4c05a42c0456ff7,2016-10-11,CHANGELOG.md
terraform,46cd7d076c3eebfa92c00ac769e4298325dadd7a,2016-10-11,CHANGELOG.md
terraform,983f5f1e4035c2962cfa0df3cf4f9c4927b0819c,2016-10-11,CHANGELOG.md
terraform,d3e13096aae1bff3b4c83d943c549d00bbafcb39,2016-10-11,CHANGELOG.md
terraform,0766c7d1b30b74e7e380cb3e0f7951abe916a986,2016-10-11,CHANGELOG.md
terraform,7fddaf04bd1f742f267e9d20660793011ca956e2,2016-10-10,CHANGELOG.md
terraform,c1a359c7230393f55705d1210c25281eb7740143,2016-10-08,CHANGELOG.md
terraform,d83770d58257581fa229c41d095772d16dee81da,2016-10-07,CHANGELOG.md
terraform,888333fb3fe01b4f79049f16488ff890922a7169,2016-10-07,CHANGELOG.md
terraform,822492d6203b16eb669effa5c2a567a826bb734f,2016-10-07,CHANGELOG.md
terraform,48d09c8a9923e83ca3fbff39d584d3365c9c93fc,2016-10-07,CHANGELOG.md
terraform,c3b0a363a696207e4f4f075cff8ee204dceceb42,2016-10-07,CHANGELOG.md
terraform,8a793cef7b2600fee3d9d06f1bab0dc411bffe30,2016-10-07,CHANGELOG.md
terraform,aeec472fac175de917a0924b4145c3b8a7965d32,2016-10-07,CHANGELOG.md
terraform,3659d7508dae6ad8f53ca004e478edb346a6475e,2016-10-07,CHANGELOG.md
terraform,843db01d17d3c5f9976e5f8c410e8631c07376f5,2016-10-06,CHANGELOG.md
terraform,48419882ddae247f29eac00fe51aa4097199c0aa,2016-10-06,CHANGELOG.md
terraform,6e84502b614e84969319bd9c1c7e9b88b5f62d15,2016-10-06,CHANGELOG.md
terraform,8a6d3b2f88368a9186d1c6d0c441c27888770970,2016-10-06,CHANGELOG.md
terraform,3e3854ed652c09613b5ca64e48c4e07db869bdae,2016-10-06,CHANGELOG.md
terraform,f7fa78592555db29b82de1f3a049ab1f9338e79c,2016-10-06,CHANGELOG.md
terraform,91160c215b0497a5bd5e61abfa50a28ec9ad5766,2016-10-05,CHANGELOG.md
terraform,aecb86edad58c966128e69aaba69d3269e771f57,2016-10-05,CHANGELOG.md
terraform,bd9f10e3e70bb26915152b85bc5c130230935515,2016-10-05,CHANGELOG.md
terraform,a1d944b70b82a105f75c352ff60bd776cf4eb288,2016-10-05,CHANGELOG.md
terraform,aa4136d0bfaf9907b3e71d59793e90b185f93673,2016-10-05,CHANGELOG.md
terraform,6ad252e6ab7b201a20da14c89ddbda51abc75878,2016-10-04,CHANGELOG.md
terraform,b2f98c668f4ff0ca894afa349df32b96cf3e7ce4,2016-10-04,CHANGELOG.md
terraform,7a09f38672d46a910225c2cb2a3eb42838664ed7,2016-10-03,CHANGELOG.md
terraform,5e937f0f47d65bc82a31cadaff72e1ee781b43c9,2016-10-03,CHANGELOG.md
terraform,3625e0457681e52ff6e0fc4b7b10f1f2ce088928,2016-10-03,CHANGELOG.md
terraform,7859ddf35eb7014815d9a3142fd905d5d8ca3dc5,2016-10-03,CHANGELOG.md
terraform,69cb909b0e74d3fa491805732781409c8c7479a9,2016-10-03,CHANGELOG.md
terraform,2b5ff58e1c2627a2078c7c5a1e3e2e3ba734dfbc,2016-10-03,CHANGELOG.md
terraform,22225839cbe010daa00715021c7038c2bbd13c7f,2016-10-03,CHANGELOG.md
terraform,2a96bb752a08faba1d30200357370489340a6af3,2016-10-03,CHANGELOG.md
terraform,77e87eb4899c35d895e8b7640399a2f0fe369a97,2016-10-03,CHANGELOG.md
terraform,ef4d8dd4e233d3456d03be7e9b73c24f00a1c8be,2016-10-01,CHANGELOG.md
terraform,bd083f84f376adaec43206c453b948f96e325213,2016-09-30,CHANGELOG.md
terraform,1cbef59c8d911c51ea98e5113c2fa351b06d7f64,2016-09-29,CHANGELOG.md
terraform,654686496ceeca9ede0767613bd306b0cd005f6b,2016-09-29,CHANGELOG.md
terraform,2b577ea6db64ffe232ed52cffd9da6c08d567f29,2016-09-28,CHANGELOG.md
terraform,bc43e4863843e4b4d5e0934a826bcfd766abd3ad,2016-09-28,CHANGELOG.md
terraform,4c15ca38dc24d979f98c4670d1e210cd5893048d,2016-09-28,CHANGELOG.md
terraform,c4be9e6e61b785034d46bf76f5e51e3cce01887c,2016-09-28,CHANGELOG.md
terraform,032e7dfc9d7c6a8a204d071517166e591f020c08,2016-09-28,CHANGELOG.md
terraform,52761701e11888c8412667203268a6a34f034304,2016-09-28,CHANGELOG.md
terraform,060160c4fe1f4163be19710c129cb56fda8c3f3a,2016-09-27,CHANGELOG.md
terraform,b60e1c73bb12b07efc4fcfc7b734655107760516,2016-09-27,CHANGELOG.md
terraform,b7bf74b619ef2110dcb1f279ad152042dc16128e,2016-09-27,CHANGELOG.md
terraform,d4e6de3a4c120c21e270eda18f31b61f2d478ea8,2016-09-26,CHANGELOG.md
terraform,fdcb3c2aa313adfd145077161b7b10ae436594fc,2016-09-26,CHANGELOG.md
terraform,14f5833aed7784abc546a67eaf79f275d8892067,2016-09-26,CHANGELOG.md
terraform,702c3261b4db014dbdb082b0589020c5dd822ebc,2016-09-26,CHANGELOG.md
terraform,3a3a4244794e8ee821ecdcc350304c15f898593e,2016-09-24,CHANGELOG.md
terraform,07edf6533778caedd21be1415eac5ebf7d5ca94f,2016-09-24,CHANGELOG.md
terraform,d642e6fbc078fb90131994db82d45fe2cf940106,2016-09-23,CHANGELOG.md
terraform,582ba66e6c292d2f2d501e2a0c6dd344d7ca8d51,2016-09-23,CHANGELOG.md
terraform,18e05a52e2d0cc98459998690a2dde4ac9316598,2016-09-23,CHANGELOG.md
terraform,5a17f4a44873d86f0089e45d45cc413a0b305b57,2016-09-22,CHANGELOG.md
terraform,b0e751129ab5ba139d395c4ac6a647036dba782d,2016-09-22,CHANGELOG.md
terraform,b93bcbbbed5c0c27fbd0083121b4c1144d867a3c,2016-09-22,CHANGELOG.md
terraform,196955c93c8ad1e76dc39b608c00aed3cf5d77f2,2016-09-22,CHANGELOG.md
terraform,23009ec83781bea4945ac95922efe394288af3e8,2016-09-22,CHANGELOG.md
terraform,eaa1b571c65e9475e6854423060205c2568eec9e,2016-09-22,CHANGELOG.md
terraform,5f220316df7c0392202400abcf01089a3980b2ba,2016-09-22,CHANGELOG.md
terraform,bf02cc1a11582b7be14c93c6b2ada85d4dd93160,2016-09-22,CHANGELOG.md
terraform,6e71c2d59818a6367a5e96582def3292f1b8ce69,2016-09-22,CHANGELOG.md
terraform,4d186b1822bbfe77f2d05ea65fea84658b9797bb,2016-09-22,CHANGELOG.md
terraform,7a8bfa13b552786255d4ae0a6f8c020caf385f96,2016-09-22,CHANGELOG.md
terraform,e8a7b5d1c6d0c703ef2233d64ecdecb2e2d41906,2016-09-21,CHANGELOG.md
terraform,046f184b3e245b4df76df35b98e4de2bda591e7f,2016-09-21,CHANGELOG.md
terraform,fc7b90effd7390398c39e68852a7f485acd304df,2016-09-21,CHANGELOG.md
terraform,a2d964769f0ed24ea14fd26affdb2faf808113c5,2016-09-21,CHANGELOG.md
terraform,5f46ce54d25f893f1200fa762621b1008cd108d8,2016-09-21,CHANGELOG.md
terraform,410d33c1189e02346b1e4fb5203fb60aad645a5b,2016-09-20,CHANGELOG.md
terraform,d1296759d8ec33f8899cd9d88432fd054aac8633,2016-09-20,CHANGELOG.md
terraform,519fd81b71a97e2037fb3985b85b332e0ac8cfe2,2016-09-20,CHANGELOG.md
terraform,8fd9791dbfd2d078454d31a7e11d114aa91cc410,2016-09-20,CHANGELOG.md
terraform,b969f448a5f45c8c1315c6ad87afb83324dc981d,2016-09-19,CHANGELOG.md
terraform,e58c6cf7da566fb117d3260335a9b9e334c0957f,2016-09-19,CHANGELOG.md
terraform,84592f5967490d118aae0b61a25d589d269fd0b6,2016-09-19,CHANGELOG.md
terraform,652a282c56da0e1f07a2db0798c9b15c2cfb423c,2016-09-19,CHANGELOG.md
terraform,95c28aca4faacbd58897efca4ca5bdd4277245fb,2016-09-18,CHANGELOG.md
terraform,05402b8bd04f17b0b5cd4669abf64d54039231fd,2016-09-18,CHANGELOG.md
terraform,6ecd0dedc5470fa1baf2046e55ebbef7130bcd0d,2016-09-16,CHANGELOG.md
terraform,6def0e561e4377f8f7aeb360dd138902c86f7da7,2016-09-15,CHANGELOG.md
terraform,1bbf1eed7d9e3e34d8120c206c812a3cb8150c69,2016-09-15,CHANGELOG.md
terraform,e6310aa461e8b447aafa19c4b8548a12857a93c4,2016-09-15,CHANGELOG.md
terraform,0f6098c4ed82780accbe8bba38171e65e08edb67,2016-09-15,CHANGELOG.md
terraform,ca5c19ad9889ff2a9aac22e0a38b0994ca6e3baa,2016-09-14,CHANGELOG.md
terraform,a07270b6056d70897c0a0732ba72361ce0b0f113,2016-09-14,CHANGELOG.md
terraform,6a847040c550d9735372befe62b9d030f6cc7d94,2016-09-14,CHANGELOG.md
terraform,958a312fe7512c3b15e47bf1b959dab88aba8a70,2016-09-14,CHANGELOG.md
terraform,9da78aee6070c4cdc503b85b2413ee84c9ae90c3,2016-09-12,CHANGELOG.md
terraform,90589dbf2b4de23a6c87bf34e5306f675f753ae3,2016-09-12,CHANGELOG.md
terraform,1de1bd6576050ee2ba51df2f76fb2d2418faaa11,2016-09-12,CHANGELOG.md
terraform,43fa322d9bec0a416487adda5e5d96cd0448909e,2016-09-12,CHANGELOG.md
terraform,3b727ad7e00042d19229c3ec7dcd0879db787288,2016-09-12,CHANGELOG.md
terraform,94b37e4b9ce2e521e3441637c78eab93441cf986,2016-09-12,CHANGELOG.md
terraform,068585bdbaf93ba410bb27e0b30edb0c77405f45,2016-09-11,CHANGELOG.md
terraform,774817255f7c75247d5bdc7d421fb1cc6c5050a4,2016-09-11,CHANGELOG.md
terraform,f446c66286caf2cd4705d9cac8ea37395d2e6dcd,2016-09-08,CHANGELOG.md
terraform,f257895d67bac63df250161272ff717b249df442,2016-09-07,CHANGELOG.md
terraform,9c21a91043822526619e9effceee457f80961e48,2016-09-07,CHANGELOG.md
terraform,995ae0eaac8e8ad8aff42540037073776713d586,2016-09-06,CHANGELOG.md
terraform,68a3c426634a994bdf36e9109c0f1f71297dc1d3,2016-09-06,CHANGELOG.md
terraform,da5b024271f4195119f84b8e4507323371b7125c,2016-09-05,CHANGELOG.md
terraform,ae678c9c5f04b8b24b64f035eb781d427abb021b,2016-09-05,README.md
terraform,beb58f57775a9a3fa3fb4dc138db623093616612,2016-09-05,CHANGELOG.md
terraform,bf4f8529f8c188702c1cece598752578e66ddb89,2016-09-05,CHANGELOG.md
terraform,412850a56b099147a5137c33b5aaa619bcc6fc10,2016-09-05,CHANGELOG.md
terraform,cdcff09d99d8d1a0142f583f7fab650ca54e781d,2016-09-05,CHANGELOG.md
terraform,0dd7c657d6d60d2e7392b66ae6f74fb84582cab9,2016-09-05,CHANGELOG.md
terraform,124548b9dc0f514d53fa437a55d904aa5af1c35b,2016-09-05,CHANGELOG.md
terraform,33ef9e2bb6d8dae4c99377c743ff88e2b5a5c82b,2016-09-04,CHANGELOG.md
terraform,09d6d2cf3a774ff4e138d7920fbfbefc08b80fb8,2016-09-03,CHANGELOG.md
terraform,74e5fe9fc5817961843088dd8afadf15f52966e5,2016-09-03,CHANGELOG.md
terraform,fb769f2f29ddaf97b3c386aa9ca9aae720300478,2016-09-03,CHANGELOG.md
terraform,a9fa042d71eaa008c302b541580932c5e7d2659c,2016-09-03,CHANGELOG.md
terraform,25e5031fb6e40895423aa304181e1ac3aa118308,2016-09-03,CHANGELOG.md
terraform,d77238951847827d7a2ed6d0ca3376ed3629f798,2016-09-03,CHANGELOG.md
terraform,b02041062f605002c6605d9656f7dc58ce8a1ae1,2016-09-03,CHANGELOG.md
terraform,abcfb895d0ffa5632187e3512c991db7bcf6a097,2016-09-03,CHANGELOG.md
terraform,8cbff2210dfe3167f6b327ed1b89546cd8c12060,2016-09-03,CHANGELOG.md
terraform,7be6310a12fc1d5048ab52dc1873fecc5a8ef84f,2016-09-03,CHANGELOG.md
terraform,f0d3b8eaf3747955e1644dee52697a40f79a895e,2016-09-03,CHANGELOG.md
terraform,64c8aef1192b0623de2e732e0623f93f4adc8d62,2016-09-03,CHANGELOG.md
terraform,69b2b9f8c6de0f83a4f770cb7505be7ab8f177af,2016-09-03,CHANGELOG.md
terraform,29eae4798ec57e414ab3af15d899c08449524dcd,2016-09-03,CHANGELOG.md
terraform,328e3e721e6967ce251e4e456dba68342006720f,2016-09-03,CHANGELOG.md
terraform,b5992c34911ca4eca225c2b1db70c1f8db505183,2016-09-03,CHANGELOG.md
terraform,03afd4ef7295fd0a09ddf5646e1dccbf8a6a7617,2016-09-03,CHANGELOG.md
terraform,e6993a324eb79d12b8e301012c8079e2840580fd,2016-09-03,CHANGELOG.md
terraform,251a0e73abfaf95e5a274b7a11d4e19f2d372866,2016-09-02,CHANGELOG.md
terraform,74c83751e4a3893423f77aff8f5a5cdf71016996,2016-09-02,CHANGELOG.md
terraform,652b141755a518643da9e3d849168a64c8227a49,2016-09-02,CHANGELOG.md
terraform,0cf43411f9998839645d6a67fe024874b6439359,2016-09-02,CHANGELOG.md
terraform,4e7edb54318edbe49741058ae5b7c627f38095c8,2016-09-02,CHANGELOG.md
terraform,0ea4777257556f9563941fe873b0ac288b6e06ad,2016-09-02,CHANGELOG.md
terraform,5163554a9eac83c637a02a4f8708924eae9b7c15,2016-09-02,CHANGELOG.md
terraform,370be7df67b0f61d98650c270a75efb91d0b2e91,2016-09-02,CHANGELOG.md
terraform,4b63c88947a2c860b5fed4043ac847cc86f234c6,2016-09-02,CHANGELOG.md
terraform,c31f1f2dd5eeff423e202c32ce4ad24df9716393,2016-09-01,CHANGELOG.md
terraform,438a612c63dda42d04652aea920c3a05cf41b7fb,2016-09-01,CHANGELOG.md
terraform,5cf92d086ae914062c1caeef2d6550ec9c24031a,2016-09-01,CHANGELOG.md
terraform,cab71c98cdc35845fb2ca3e9b7868766460776a0,2016-09-01,CHANGELOG.md
terraform,5669185e543cbcb273e558469bdf7ef68d3763e6,2016-09-01,CHANGELOG.md
terraform,92a9a7c8b88c8627b926a523051e01499fa88bfc,2016-09-01,CHANGELOG.md
terraform,6d4bc5547ec27b477e55ef5dd1fe9604a65f2124,2016-08-31,CHANGELOG.md
terraform,b891f6f238bb01f73cae44b4ab4465b09cbe18e4,2016-08-31,CHANGELOG.md
terraform,dae81df15723f4638cfe8976b97518a5525e21dd,2016-08-31,CHANGELOG.md
terraform,aa1ec26bc5a199a44bbb285824637866d3c3f77e,2016-08-31,CHANGELOG.md
terraform,70d9fe8db3725bc9fb9a1ffd4890e53d6258823e,2016-08-30,CHANGELOG.md
terraform,b709d27cf770cd40928fb91ec0feec87a486316c,2016-08-30,README.md
terraform,13ce74975936497ef09d6c6dfd46be74c264acfa,2016-08-30,CHANGELOG.md
terraform,11cd9b4ee9c44045da98b4f16ca9b2a26d642d2b,2016-08-29,CHANGELOG.md
terraform,dea2860735205e2864e3838ff0432d823bb85c4c,2016-08-29,CHANGELOG.md
terraform,d8ebe677adb0c9d603befacac0f3ab5f924ad556,2016-08-29,CHANGELOG.md
terraform,c753068c858abca424d4ea14052f6f581434fd69,2016-08-29,CHANGELOG.md
terraform,4519ba4cb95fbcd33e0dcede47efde357814fee0,2016-08-28,CHANGELOG.md
terraform,29990eab0a93f350525777ee5be837aaaf9276cd,2016-08-28,CHANGELOG.md
terraform,005d835e0ebb7bc0ed157852edac944b6298d77d,2016-08-28,CHANGELOG.md
terraform,ee4f96e07f6df0f12a99a5a27fe0c4c6209f533b,2016-08-28,CHANGELOG.md
terraform,2e70fe0c6cf1b4dc11dd3c3a145716b0c131aed9,2016-08-27,CHANGELOG.md
terraform,f6fb7a2582e372c9633d5537981179f91da1dcac,2016-08-27,CHANGELOG.md
terraform,32f990b415948d6396cf84dc330bf5bd8f446c59,2016-08-27,CHANGELOG.md
terraform,d5f320db04668bbae92aa5c76fd2b86914549f61,2016-08-27,CHANGELOG.md
terraform,3ea39af6f455c1e16cba995f43253b192ef40fb7,2016-08-27,CHANGELOG.md
terraform,37be25b3129fe5f405026f417522309b44514663,2016-08-26,CHANGELOG.md
terraform,2eeaac03c52606c2c12f7941af0c8c5906463d5b,2016-08-26,CHANGELOG.md
terraform,aed0803fc659e273bf7674b6e6430e9c3c64e2b6,2016-08-26,CHANGELOG.md
terraform,8855d5e4cd8c38027da176662b4d94726a5048f0,2016-08-26,CHANGELOG.md
terraform,79f5e5388a1d85619da6f2fc5ea7734b8ed1579b,2016-08-26,CHANGELOG.md
terraform,a87cf4f71d2c573a8a610ce2aa774621890b0e57,2016-08-26,CHANGELOG.md
terraform,e0e832ede3e6ee95df46d58115e22353e596794e,2016-08-26,CHANGELOG.md
terraform,ed3d61446be07f5abfee709e13d2afe801abb80c,2016-08-25,CHANGELOG.md
terraform,64d7d52a16fa1278f2a0f6b5f29f1f45c17e7125,2016-08-25,CHANGELOG.md
terraform,fc67b63d63ba60608c0a525b9410bbd2472012a1,2016-08-25,CHANGELOG.md
terraform,ab5b46392327275a92b149918bccfeefa7cf94d7,2016-08-25,CHANGELOG.md
terraform,5861802d08f5ed3a1559ef474f2ae34008700367,2016-08-25,CHANGELOG.md
terraform,0985f39e992f64c5486068e9ab6cde2c8316c65a,2016-08-25,CHANGELOG.md
terraform,5f567e7cd90835041074ba11ce5cfab0362fa533,2016-08-25,CHANGELOG.md
terraform,c157a670851eb681333b2066bbd7aff55990e4e5,2016-08-25,CHANGELOG.md
terraform,f1f20a3a58cf57ce307d9482ac7c5e39a9cc4f6f,2016-08-24,CHANGELOG.md
terraform,cf93c439694e681ab89b75f66074200ed02b17fa,2016-08-24,CHANGELOG.md
terraform,799a7f6c9b6f84116d1990b706e3a12feb3e1a73,2016-08-24,CHANGELOG.md
terraform,886995269adae286b52870b1dbc5bb4dc2be35ab,2016-08-24,CHANGELOG.md
terraform,d60cb11dd1c6f9ef468b644ab41111172ce702ef,2016-08-24,CHANGELOG.md
terraform,48685fefe15e71dbbb471890c09ea851bc58cad6,2016-08-24,CHANGELOG.md
terraform,9ebc48667e4025a7772fa42a1a6413a50bc896ca,2016-08-24,CHANGELOG.md
terraform,fbda2544011d46806e3fadf1ced6bd4d365bf9af,2016-08-24,CHANGELOG.md
terraform,6095c7465b247c75bf424ad92f9c9564a29dfe18,2016-08-24,CHANGELOG.md
terraform,bf3b6ce7b5d058713d05896d53857bec52e61f5b,2016-08-24,CHANGELOG.md
terraform,50bb092a686e750ad8947a9032f3214436cb4cc2,2016-08-24,CHANGELOG.md
terraform,f21ec6ce9a07cb32a54353f12a24267d7fe832ff,2016-08-24,CHANGELOG.md
terraform,e3e23fccb3121444149d20614704053928b74937,2016-08-23,CHANGELOG.md
terraform,f084be55104bd63f14819a2b1a5ddf10c4828a89,2016-08-23,CHANGELOG.md
terraform,c853eb5525fca30f5d6fbddc29c3ad3271a9c421,2016-08-23,CHANGELOG.md
terraform,1aa8cbcaf75a30c7d961a74b10593082209ca62e,2016-08-23,CHANGELOG.md
terraform,35dd90755596f8a14e46fb44cca4235b9143885c,2016-08-23,CHANGELOG.md
terraform,db5091a083793a4cfaaad02982fb618bdf011a8f,2016-08-23,CHANGELOG.md
terraform,e06944041b0cfb64e695240c2466d15038df22d7,2016-08-23,CHANGELOG.md
terraform,8f2b77cff40307f4934de1decc10d22353e0901e,2016-08-23,CHANGELOG.md
terraform,51d669be44a696c868faa8719253859fac312d4a,2016-08-23,CHANGELOG.md
terraform,e1c4e9365482a8e001f3471c0033691f699bc8c0,2016-08-22,CHANGELOG.md
terraform,29e6570df85faf7c2b98296cb0b86511511a3bbe,2016-08-22,CHANGELOG.md
terraform,96933f2b627b290d31e0d053f68993e94a98272d,2016-08-22,CHANGELOG.md
terraform,469856dbf1eb2e5e287bce23717d0544cd7d57a3,2016-08-20,CHANGELOG.md
terraform,52c359bad090cb89bfa89f2d4590f6f7b2032e9d,2016-08-20,CHANGELOG.md
terraform,146da09d5d33eb628acb6abda4ffc51c6d6e0070,2016-08-19,CHANGELOG.md
terraform,55ba6ebd3d0e7800bc3755690ab60f6e4ca8bf94,2016-08-19,CHANGELOG.md
terraform,d57da22042f40cb220139fd6ec89b3dc81138875,2016-08-19,CHANGELOG.md
terraform,3af67964dcf479408a7c52f9a35d34966f900bdd,2016-08-19,CHANGELOG.md
terraform,6a2e568063f1b474314d8d30433b171e2215be26,2016-08-19,CHANGELOG.md
terraform,0800bc269f2c78ed34287bc61d47c3a44ed6cffc,2016-08-19,CHANGELOG.md
terraform,b5a44dec584a0ec0024820f4cb7d29fcb174ed29,2016-08-19,CHANGELOG.md
terraform,89193badc42aa89365209942a13fafbc7d059de2,2016-08-18,CHANGELOG.md
terraform,4f8e31d8abff0df98f387e06eb5b4a8e089fc72f,2016-08-18,CHANGELOG.md
terraform,c8a9c068a25430918399b565705feadb3999419b,2016-08-18,CHANGELOG.md
terraform,4897a29c1787c5e13eda7584b4e65d8055ea1139,2016-08-18,CHANGELOG.md
terraform,20ed831060097e7cedef4d0fcb78440e2579cb2e,2016-08-18,CHANGELOG.md
terraform,2f0bc1c967b94bc52b126b16cfb4941a7b3b4e5a,2016-08-18,CHANGELOG.md
terraform,6990db497aa53624634382a29932e1039f05e5c8,2016-08-18,CHANGELOG.md
terraform,faf0939d682c8de7facca94bdfde2062155165c5,2016-08-18,CHANGELOG.md
terraform,7a163d20a78725a46e589e9f93d9b0ad2510e05d,2016-08-18,CHANGELOG.md
terraform,1c67295f76ff736ba2a90d9d8358e0e8e5196c43,2016-08-18,CHANGELOG.md
terraform,900c0fd58ac8c03b32ff0eb323ffa7865badfbaf,2016-08-18,CHANGELOG.md
terraform,a18f89e8fcdd442aa64e1e2185af0dd5137c9d8d,2016-08-18,CHANGELOG.md
terraform,5be248699767bf702a3aea3a2e441f528a2717c1,2016-08-18,CHANGELOG.md
terraform,c3e46a181f8420b0bf30cc149cea2f3bce1c2aff,2016-08-18,CHANGELOG.md
terraform,dd2740d4fec9d1846026301e0b527a55246ccf52,2016-08-17,CHANGELOG.md
terraform,181b4b188b132d038fcc63aa21e36f712b5c43f5,2016-08-17,CHANGELOG.md
terraform,5963671cc92c69b2ee82eb313e133b70d15d99fd,2016-08-17,CHANGELOG.md
terraform,54a51b2b9047470e23e6b672a42147e1520ec296,2016-08-17,CHANGELOG.md
terraform,3ea544774db14af808a06f375f64c7dc65e9d565,2016-08-16,CHANGELOG.md
terraform,e2922dc962a70c8897190769985d3466fd347bc7,2016-08-16,CHANGELOG.md
terraform,bb0baebfb7e519304183a2ff635c5c05d58eb5cc,2016-08-16,CHANGELOG.md
terraform,0be7762c937e32cec8294af625589a916ecc7ccb,2016-08-16,CHANGELOG.md
terraform,782b24833a6e7d30ce86ba5d4e4398ff3aeabb12,2016-08-16,CHANGELOG.md
terraform,601c757f90ac36aacbeb0b1c45df445bbca33396,2016-08-16,CHANGELOG.md
terraform,ee9c7201812c39eeab4591fa4983e66deeb62cfa,2016-08-16,CHANGELOG.md
terraform,24e7c3b0c20ed37e279ca2ce3a0b80ca0a4f96b8,2016-08-16,CHANGELOG.md
terraform,e3c196c8399967462c7b6ec4d4a63dd275269261,2016-08-16,CHANGELOG.md
terraform,5d8b0aed3aa188448b90b9aff9d2029ed5730537,2016-08-16,CHANGELOG.md
terraform,76f65431927ea92eb4af70a36a877424afb6b45c,2016-08-16,CHANGELOG.md
terraform,945de8e57fd5e6a8bec3521e76e6139a23fbd3d1,2016-08-16,CHANGELOG.md
terraform,5439f429cdf9414c2a3a10b656aa5a9476111158,2016-08-16,CHANGELOG.md
terraform,fbd0105868b3104bcd34c5945690e11de476d969,2016-08-16,CHANGELOG.md
terraform,ee20058916fd0c413d96c7384b6971f7ba5c8bac,2016-08-15,CHANGELOG.md
terraform,1150c12a8cf2dfe21bb1742b4b3df42d30476161,2016-08-15,CHANGELOG.md
terraform,0c8b243ce0e26be9a68be7208f6642a3da7a9662,2016-08-15,CHANGELOG.md
terraform,ecef34841b8f732fd591c3298b614759320b2c27,2016-08-15,CHANGELOG.md
terraform,68495ed8e61606921679c7ab29376102ec1b84a6,2016-08-15,CHANGELOG.md
terraform,1af3e4fc0c5b28a248ac345b4dbe59e137237590,2016-08-15,CHANGELOG.md
terraform,f2e18cbe4ab00b45bb694b45e4f4d35eaed50bf2,2016-08-15,CHANGELOG.md
terraform,85c0105c9ec71db451ae53ba3b76e6a1eb802fa1,2016-08-15,CHANGELOG.md
terraform,3ff1321ef7e0d96630062501458a4d588702b48a,2016-08-15,CHANGELOG.md
terraform,bbe42f07247f5025ab5472a61186c260280dfe90,2016-08-15,CHANGELOG.md
terraform,b02dacfb7e14c47c0db2f5ba34f7563a50323dfd,2016-08-14,CHANGELOG.md
terraform,b1a778ee233eadf2e16e61e1d5d672305ee917a0,2016-08-14,CHANGELOG.md
terraform,7d6a2bef8a70e468831c29375a8fcdff87de7a56,2016-08-14,CHANGELOG.md
terraform,d3a4714efbf584ba8246c79db040b9ade9365195,2016-08-14,CHANGELOG.md
terraform,598b940e1cc4e7466778361c106f891a67a2d992,2016-08-14,CHANGELOG.md
terraform,44b6d7bbeee5527474c323d0b93c3ac2181abcf3,2016-08-13,CHANGELOG.md
terraform,9c793b84617a5162e763565e819e2df031de05e9,2016-08-13,CHANGELOG.md
terraform,a5aef9041af6856cda74ab120dc6408769244cef,2016-08-13,CHANGELOG.md
terraform,e909bc8ad26eba29d33a4426ec1a0787ab2f9a8e,2016-08-12,CHANGELOG.md
terraform,02fee114773c2bea7a88925fa5153aef2667f5d1,2016-08-12,CHANGELOG.md
terraform,7bc10c62b84f5c3259d994ae3ad5d0d4047e59c3,2016-08-12,CHANGELOG.md
terraform,34864d33b5a03b53b70a6d99b3f2303877574172,2016-08-12,CHANGELOG.md
terraform,f8e4166beee9c46d49f93157e91676fc00f9e2c7,2016-08-12,CHANGELOG.md
terraform,45219dbb4f5982f0aa1575c2d2d61316617e51e7,2016-08-11,CHANGELOG.md
terraform,82e2bd504b24c5c43a9174ee95c820b3f1c6cd9b,2016-08-11,CHANGELOG.md
terraform,6523ebd9614522589cfc394888d8e23e9f11dbfd,2016-08-11,CHANGELOG.md
terraform,01fb6c79a7e585c5943250f47f5f6b8ed5d19375,2016-08-11,CHANGELOG.md
terraform,691bcda02608a3da9692d573081f8531bbaac3f6,2016-08-11,CHANGELOG.md
terraform,97fcd5f4cc9074642a91c27634fb8f85a9d5af2b,2016-08-11,CHANGELOG.md
terraform,78b4923f7d4d28d6e0e5acd8d8e1fccd361641b3,2016-08-11,CHANGELOG.md
terraform,605dfada51c78c1a701eb13a847cccf49e02d30d,2016-08-11,CHANGELOG.md
terraform,5d9fa90005a9f3936f9006c4897801affcdc9a38,2016-08-10,CHANGELOG.md
terraform,b98e5f2073cab4cdf6774f63ce966d22357456a4,2016-08-10,CHANGELOG.md
terraform,6b477e888ac20f2167a5434bc75df6dedb7b6b9e,2016-08-10,CHANGELOG.md
terraform,25f1c6dc02340c1852770d3fba5108aad48fef3e,2016-08-10,CHANGELOG.md
terraform,8925235ef16f3d4ac161ba83ad8c576275138284,2016-08-09,CHANGELOG.md
terraform,e4f1d879d93e6aad82b81b98c4cbe73ae7dd797d,2016-08-09,CHANGELOG.md
terraform,de747fae5958c7e970270068965cb21618e04a1c,2016-08-09,CHANGELOG.md
terraform,1e6e8bfc3d4512b5cd8bf6abe82dadf993524309,2016-08-09,CHANGELOG.md
terraform,40980f58952ec9b9e4cd46749ddeed4f53c10b60,2016-08-08,CHANGELOG.md
terraform,012090f2a3c47969af685eb294b84d3fd8c2ca48,2016-08-08,CHANGELOG.md
terraform,107e935c97e2c2c6f90cf293dce276911daf9b2d,2016-08-08,CHANGELOG.md
terraform,f233003ded2bebd5fd52bf151df268b4310cb8f8,2016-08-08,CHANGELOG.md
terraform,8c3ab69253a76bb189e7311bc4298a411972fd4a,2016-08-08,CHANGELOG.md
terraform,23560bab6f4865915229c231f30314c83746ad21,2016-08-08,CHANGELOG.md
terraform,0747c1b7b7bf9f120f7f614c7d587e2b9dc8f8dd,2016-08-08,CHANGELOG.md
terraform,725d60ab578872fcc1f7c0a577e2f20d160aadc2,2016-08-08,CHANGELOG.md
terraform,8e4e66a2607a2e831f90ecc1122d20b86e04c9da,2016-08-08,CHANGELOG.md
terraform,ccb9c24ee324c50bd040459ad87240097bc5757a,2016-08-08,CHANGELOG.md
terraform,f1e5505d436f1ec63b122ff5d9480dd3b0ad3d3b,2016-08-08,CHANGELOG.md
terraform,a56a1450d43bac55a163b2315cee264791dc5a28,2016-08-07,CHANGELOG.md
terraform,1903208ebc53fcd22c8baffb54121e406952490b,2016-08-07,CHANGELOG.md
terraform,664626a35259cdd428551ec6606c10c6cd3cc304,2016-08-07,CHANGELOG.md
terraform,ccb4907eef3130cb41c221d02b6f48c5050ecef2,2016-08-07,CHANGELOG.md
terraform,6aff11e664b10db8f3158de5272dbc635671093a,2016-08-06,CHANGELOG.md
terraform,c990e386015a07cb679ef99e387dd7a278c89b0d,2016-08-05,.github/CONTRIBUTING.md
terraform,4c6e0d94f9ed22a192064b420d25a95f110ec3ba,2016-08-05,CHANGELOG.md
terraform,fa2d6e35a705a9c6a92a6b58393f359106b93bba,2016-08-05,CHANGELOG.md
terraform,6c057c8c11829398f6cbb9567326d4880591f392,2016-08-05,CHANGELOG.md
terraform,3982495723449470fad8fd8cd0477dd405de8965,2016-08-05,CHANGELOG.md
terraform,e8dbd0e1aea68155a728b995ab2cd3241e883f0d,2016-08-05,CHANGELOG.md
terraform,f75c3a9459b08da760aba3462aad338e3edf503c,2016-08-04,CHANGELOG.md
terraform,2b743915fd91050c6412f6c6e602ece46a51571d,2016-08-04,CHANGELOG.md
terraform,f140724ee6bd74ac90aa7f4236afa67b2714e271,2016-08-04,CHANGELOG.md
terraform,fa64ac7815e937001a8153dd5a95445e497b6c06,2016-08-02,CHANGELOG.md
terraform,e822a79165dbc06bbf8271ee349fe256867d53dc,2016-08-02,CHANGELOG.md
terraform,c42121b6c0dc4a8aecdd3b33e61c5cb8ad08eae5,2016-08-01,CHANGELOG.md
terraform,d85007b55a3b7553b7f855241a392e0596895144,2016-07-31,CHANGELOG.md
terraform,d6191be608fd8832d52fff884b2ce168df289013,2016-07-29,CHANGELOG.md
terraform,4353832f6a755da887ae58b2d479f5755f4676a8,2016-07-28,CHANGELOG.md
terraform,14f19aff1b1586f8efa8ede9347721be625c832c,2016-07-28,CHANGELOG.md
terraform,c6c0443548b6a5a6b5fec4293b87a139ea6e4594,2016-07-28,CHANGELOG.md
terraform,16a1a0c3c9c4af6e2ca0ac54b45d92aec9ffc008,2016-07-28,CHANGELOG.md
terraform,bf2e8e23d9686819bac0ea1a3b56bea0e5b5f4cd,2016-07-28,CHANGELOG.md
terraform,e1d21594e25a749ea04af5e5263f456c91c89c4f,2016-07-27,CHANGELOG.md
terraform,c0bd7fe1d8a062e143c2d2c3da0224b022861fe1,2016-07-27,CHANGELOG.md
terraform,ba8674451c02491eb422ba85e526722a11ffe316,2016-07-27,CHANGELOG.md
terraform,d965bc6367d3ad828354919e4ec15b5a68f3e91e,2016-07-27,CHANGELOG.md
terraform,a09c7f329b722cddfc062c15c0f295564f7792fb,2016-07-27,CHANGELOG.md
terraform,6263adaa136faaa03bceb44f881adc8d49875816,2016-07-26,CHANGELOG.md
terraform,5cacd788b5fbece2e18959922507fa288b4a71af,2016-07-26,CHANGELOG.md
terraform,7d580625daeb19aa317447f889be02aa831b494c,2016-07-26,CHANGELOG.md
terraform,da437303970bc3821e4df480f263bd6dd38e5058,2016-07-26,CHANGELOG.md
terraform,d8d9bdd2b3bc53ba9f7a2dc0b579a6cc7c385c71,2016-07-26,CHANGELOG.md
terraform,2c166770d6630a7872dfe8fc885de7c843995a2c,2016-07-26,CHANGELOG.md
terraform,4606a74dfa8be787bb63dcb4f6d27df5d03de500,2016-07-26,CHANGELOG.md
terraform,0c9669b6148d3c3f31ec52d61135c900dc9bf05e,2016-07-26,CHANGELOG.md
terraform,33a3bf414bb966aa1a1cbc549351eb8d79412ea3,2016-07-26,CHANGELOG.md
terraform,a61687add1644572f6e56bee1adf37265353833a,2016-07-25,CHANGELOG.md
terraform,b4749f0c8fcf6e0368383a4455313836f50643a8,2016-07-25,CHANGELOG.md
terraform,fcfb7f4e1b6e9157ab7e91fdd2467f785c0a9bbf,2016-07-25,CHANGELOG.md
terraform,f5e882eca66a9697642b40d4f12db8263c810c26,2016-07-25,CHANGELOG.md
terraform,e711912fafce4ebd29896204f50f3ae531b68bb4,2016-07-25,CHANGELOG.md
terraform,f8575f1edd3a7c6238fc222334a3c80999ca76a6,2016-07-25,CHANGELOG.md
terraform,afeb3f16a9ac72acf85f2d7fa441cad67febe77a,2016-07-25,CHANGELOG.md
terraform,9de8a263c0b6d6b8cd816acea92fc627cd01ba28,2016-07-22,CHANGELOG.md
terraform,aca7f5e805a511b229eff7635debdcdf44d3e196,2016-07-22,CHANGELOG.md
terraform,dce175459a9b0bc1f42b1b0f919aae294a73a138,2016-07-21,CHANGELOG.md
terraform,3c9ea8da7560655bf52ba1140ad931b885ed6895,2016-07-21,CHANGELOG.md
terraform,78155d23cf4ba40bd82d04b860bd8016dc3f30a3,2016-07-21,CHANGELOG.md
terraform,7ba439dbf61c2016cc2b0cb22eddcdebbf062c14,2016-07-20,CHANGELOG.md
terraform,28d10d6eb5770c068c7ea1c9c000e01c755270ce,2016-07-20,CHANGELOG.md
terraform,07cd0bfc133b6767961c80268d7f586fef0d2871,2016-07-20,CHANGELOG.md
terraform,2b6cd48ff0a6e64ff3c760fbf6752803ce6195b9,2016-07-20,CHANGELOG.md
terraform,7ad4220ea93cb1eee54964523c46f47bb4c5f32a,2016-07-20,CHANGELOG.md
terraform,4ab654a6f6073332cd64c30b98a5c73154ced80c,2016-07-20,CHANGELOG.md
terraform,2de5d31819de66b63b6f9a06587b1e9e5edf9970,2016-07-20,CHANGELOG.md
terraform,c664f570166a0d3ac954b46ec962e9cb1ba9f0d4,2016-07-20,CHANGELOG.md
terraform,af26350f49b392b5adaf0132646b1f599c816ba6,2016-07-20,CHANGELOG.md
terraform,e1c3eba14440bb1b763918eb52ca45aaf7149521,2016-07-19,CHANGELOG.md
terraform,d4e8616a9caf000c420a58b3c928a295230ffbe7,2016-07-18,CHANGELOG.md
terraform,8b11bc058189f2b8c419974496e7dac3463f2b4b,2016-07-18,CHANGELOG.md
terraform,14d82af73aa96f4157dd7b4ad71e30318de9be77,2016-07-18,CHANGELOG.md
terraform,bcef828a2078545ebf4f7e17d4070aaeace8e90c,2016-07-16,CHANGELOG.md
terraform,28561bd064eda4b3ab27bc51d6778421b46a5ea4,2016-07-16,CHANGELOG.md
terraform,ddffb47492d90f35ec12b49ab6ece98c8811aff7,2016-07-15,CHANGELOG.md
terraform,5fc1b6870a2bd0223281b650b6f93add24ba7fb5,2016-07-14,CHANGELOG.md
terraform,6afdbbd04bab64bfe15f0346694f33929dc5aee8,2016-07-14,CHANGELOG.md
terraform,e28caa0496cac5a78e9bcc7421a4b09d185c5aac,2016-07-13,CHANGELOG.md
terraform,d1666ba76c80bcf0a08bda2ff312b0253bae334d,2016-07-13,CHANGELOG.md
terraform,4d5162ae2c8191a6f1e5b5a6e93a7e0539de8b0d,2016-07-13,CHANGELOG.md
terraform,821d9d8b137033e95485cb36e9f57a357d19eb1f,2016-07-13,CHANGELOG.md
terraform,e13e4977f09897c5fabe6d27ad9b142807052a3c,2016-07-13,CHANGELOG.md
terraform,9018e073fbcbabe38e103b72255142faca41b547,2016-07-13,CHANGELOG.md
terraform,b01e2e6084a5b180c68144bff23f8e2789fbd196,2016-07-12,CHANGELOG.md
terraform,2cb1df2d9d1808a5f880b492fcf20032cf943ce3,2016-07-12,CHANGELOG.md
terraform,045f2c6995fc367de3ee70a05169d22fa8567c9c,2016-07-12,CHANGELOG.md
terraform,69f3fb803a25eed8f5782502e0115e85e9c90006,2016-07-12,CHANGELOG.md
terraform,c990625516892bb039010eeec8a28e7c236bd1d4,2016-07-12,CHANGELOG.md
terraform,2f3f1daff478e03c44e09afd09e7c6c15cae5d79,2016-07-12,CHANGELOG.md
terraform,e39d311b1bf9c2ef959e27319892fe3265882326,2016-07-11,CHANGELOG.md
terraform,cfb42e07ed232cd8eb0233f54e7bc2285905c6c7,2016-07-11,CHANGELOG.md
terraform,e4ff7649d85015a740cf5703ba349daaea74e6fe,2016-07-11,CHANGELOG.md
terraform,1845fd8c928547e421a4aabaab795f84dc6e59d7,2016-07-10,CHANGELOG.md
terraform,201f8bdea2c9845468213ed613f64fe6cd28c0e0,2016-07-08,CHANGELOG.md
terraform,041d3e0e61686b561f516298b85af3c4fadca812,2016-07-08,CHANGELOG.md
terraform,d21c6c798272a139893ef15a1abb45adbf48e841,2016-07-07,CHANGELOG.md
terraform,96e90ec1f6f0538214506c1fc26f9d0c2eee02fa,2016-07-07,CHANGELOG.md
terraform,de0a34fc3517893a5078f6358ca9523cd4c63490,2016-07-05,CHANGELOG.md
terraform,d2c698ea283a841a45e64f855f46847c450f008a,2016-07-05,CHANGELOG.md
terraform,3a177093c0cc5d2ee1880d88e05a2e38e76db30b,2016-07-05,CHANGELOG.md
terraform,b36c6fceb095ba0dfedc1b0ae80650bf2ef28c28,2016-07-05,CHANGELOG.md
terraform,689e93957a4ee0c8ebd1adfe712278d078043e33,2016-07-05,CHANGELOG.md
terraform,5b98aa739625767e2254c9fa3145cb1b506cf14a,2016-07-05,CHANGELOG.md
terraform,bf63dcc172c2edcd09ca17e43ca13148d01b8c33,2016-07-03,CHANGELOG.md
terraform,e812caa249ac1ecd1fd32ca252cf3c5be178ffb1,2016-07-02,CHANGELOG.md
terraform,1644af770e011fa47d2fe8f2cb47abc97e9df2a2,2016-07-02,CHANGELOG.md
terraform,0e3b4b4a850d4ce14ad317d3cadda99457671185,2016-07-01,CHANGELOG.md
terraform,5547a54048b77cf1780c021ee3656a93cfb465e7,2016-07-01,CHANGELOG.md
terraform,da76f99d4bd04643901a8f4b3e5d1543f9e14761,2016-07-01,CHANGELOG.md
terraform,5ba45567a3a2f8c923c654b446b72012967227b3,2016-07-01,CHANGELOG.md
terraform,5e4bb9116eb3b79c6d67f3456979dfa4ac47c199,2016-07-01,CHANGELOG.md
terraform,6beddc8ae3543b6b6c0c49efe997b01f67aff5da,2016-06-30,CHANGELOG.md
terraform,9d497d531d0343005547e12a6db62fee4c267fe7,2016-06-30,CHANGELOG.md
terraform,6749ce35f527e4d3ad5bb738d3aff3914ccd111a,2016-06-30,CHANGELOG.md
terraform,0ce80707ad0a7de314e7d689b26406889a0b82f6,2016-06-30,CHANGELOG.md
terraform,124e0906e1705d07872c3d96362c3b1351132bc2,2016-06-29,CHANGELOG.md
terraform,d2df76e01dfe25a5331081340cb3102d2109de92,2016-06-29,CHANGELOG.md
terraform,ae21cdef0f7fc957672aba02939d32b8ebab51c2,2016-06-29,CHANGELOG.md
terraform,7c9621acc0d6166cff85e4f6bacdc8a4b9d12484,2016-06-29,CHANGELOG.md
terraform,68b9c4817265ab79ef0a7760ccd782071ff68324,2016-06-29,CHANGELOG.md
terraform,7f2417633aff82628bbed92058539555a948b51d,2016-06-29,CHANGELOG.md
terraform,32e0cbf413a98e897d12e87942a95913b7286f79,2016-06-29,CHANGELOG.md
terraform,6892ef4b027dd1d45b50f2c89d4ae33e4e0fd497,2016-06-29,CHANGELOG.md
terraform,e7b431192c4935b7167e8feb141aa337267a2770,2016-06-29,CHANGELOG.md
terraform,b42c0d89e688c8b0c9015299928ee040ae048d49,2016-06-29,CHANGELOG.md
terraform,d34584e7503bb59b5ddec4978ad81767ad83232d,2016-06-28,CHANGELOG.md
terraform,dec911f7e5441b067732a43da08f38df66c66c29,2016-06-26,CHANGELOG.md
terraform,81814c7997badd97c2565c609ec222f150475570,2016-06-26,CHANGELOG.md
terraform,c0ecbdb27b07f43dd7f5c148e1e659c90d0c6485,2016-06-26,CHANGELOG.md
terraform,2faaf0a18c9344df36cd5fae86621a7df3ffd21b,2016-06-25,CHANGELOG.md
terraform,8832107c5ce9be2818cfe8659c801c3bda3f4b8e,2016-06-24,CHANGELOG.md
terraform,e51127ac7a88dd0e06162aeb283c2fb633a20469,2016-06-24,CHANGELOG.md
terraform,2c792c89189a78fd1f790de01be47a399c7f1826,2016-06-24,CHANGELOG.md
terraform,ef890386b6dd8ecd40eab4e211787bdba9707f22,2016-06-23,CHANGELOG.md
terraform,cc4da6a69184f04296bf82283ff1ad0a917c6a5a,2016-06-23,CHANGELOG.md
terraform,3b6d740e876c699a00c02e5f2c8c33b257664900,2016-06-23,CHANGELOG.md
terraform,9ad501edf7dfb1a2aa731cd90f6126447a244cd0,2016-06-23,CHANGELOG.md
terraform,919505ea606146d59eaf0766c220a8299bcb355c,2016-06-23,CHANGELOG.md
terraform,004cec60b36aada1376b3003f72f1dd0489009da,2016-06-22,README.md
terraform,1ad5c593c82f1420aca4e004c6464a4c65b22921,2016-06-22,CHANGELOG.md
terraform,c5ec77eab5d442a4b686647afec5d078fb064dd5,2016-06-21,CHANGELOG.md
terraform,820c7ca519a6c5cda36d7a0620300ef435342df4,2016-06-20,CHANGELOG.md
terraform,a2dcb44eb4264a5daaa747f3b83470f05af5dc40,2016-06-20,CHANGELOG.md
terraform,4bb33355414e9545f1f830d839ad6c80cec7045e,2016-06-20,CHANGELOG.md
terraform,717dced13f4d88ec4520cc3a0675ce31f846b6e3,2016-06-20,CHANGELOG.md
terraform,a1f571725e2d22d19d02f07718a8073cba7618e3,2016-06-17,CHANGELOG.md
terraform,27464fb3d10a620bda647252485add953add4cd4,2016-06-17,CHANGELOG.md
terraform,5fdcf5d16a557276ef310387dec8c6fb9140a5fd,2016-06-15,CHANGELOG.md
terraform,b0c0e3cb9d077678b539a614f77b7f984d217f30,2016-06-15,CHANGELOG.md
terraform,ccd69eac53efafc8a25a82126d8972adca9f3839,2016-06-15,CHANGELOG.md
terraform,b7d0bd5db7baa98f0cc741a2ad37dd938faa1c9c,2016-06-14,CHANGELOG.md
terraform,3662bfa67a0ead7dc1cad4465a3a34d88b32e493,2016-06-11,CHANGELOG.md
terraform,20ea1cb32c3d49be1f8bdfabfe2a73ac57fd573e,2016-06-11,CHANGELOG.md
terraform,5bf9a95f8c09a6ee497f3fd2907bd773c17b3b25,2016-06-11,CHANGELOG.md
terraform,1c883b68543b6299b1b7bc83ed926a8185df5362,2016-06-10,CHANGELOG.md
terraform,4d0db071836ea493c6255235c8aea39243dd9035,2016-06-10,CHANGELOG.md
terraform,5c2320d4d9f033a794156f83d7d145ceb86c1ada,2016-06-10,CHANGELOG.md
terraform,2d4c0be2687a08cd26b1df5ecc406e85d6466256,2016-06-10,CHANGELOG.md
terraform,18178aa158ae8bcc13b680da86aa9e9d1c974a51,2016-06-10,CHANGELOG.md
terraform,ff8aa0caac0abdb9100dfe1cfe94ab0e79b51b39,2016-06-10,CHANGELOG.md
terraform,6be1e504e84999ccfe6417060ba85fe5ea3829f9,2016-06-10,CHANGELOG.md
terraform,48286ca970f7b933746a1605a87743ffc1131758,2016-06-09,CHANGELOG.md
terraform,771dafee3e562422730043abf18f572051bbcee1,2016-06-09,CHANGELOG.md
terraform,57dda9017740dec34ebfc0b98f78758524ecaefc,2016-06-09,CHANGELOG.md
terraform,7b273bcd01ace9cf9be840c56682a9abd325c5d4,2016-06-09,CHANGELOG.md
terraform,533a644ad0a7d12c66188c81edb92e3f0b78b769,2016-06-08,CHANGELOG.md
terraform,946cbafb75c97fa194ce72082b528a95d074d01e,2016-06-08,CHANGELOG.md
terraform,ac2d195cc56097e23cba49348d61e0df1a0c6f0d,2016-06-07,CHANGELOG.md
terraform,a72847298ec18a6fac7372cfb99cfffac1a4a9f6,2016-06-07,CHANGELOG.md
terraform,cc51dd8472ab640c66cbfdd22a84fddb12755ef3,2016-06-07,CHANGELOG.md
terraform,72bba5f308796d3dd5bd3e4f3ae981617ff1d5cf,2016-06-07,CHANGELOG.md
terraform,be53bdf09f3aa29120bdaed5a5f12215d1bb75ee,2016-06-07,CHANGELOG.md
terraform,8c3ff933951a5ab0111c0ef6b3553e42e4ce14af,2016-06-06,CHANGELOG.md
terraform,7346be525c9bcd9981d421d7039ee89a426950a9,2016-06-04,CHANGELOG.md
terraform,7b232d7ebe65843ac84e671ec6c8c8ae5d1b7910,2016-06-03,CHANGELOG.md
terraform,f91d870537c248842433bf393941541fb0b67302,2016-06-03,README.md
terraform,e7c9031dd4054060d71c636b91fc7e88d6b974e8,2016-06-03,CHANGELOG.md
terraform,ee62ec5adc958347993c6b2657e1ccbc8657c86c,2016-06-03,CHANGELOG.md
terraform,58899cce57fbbaffdb00f1820938a1947cfce2b8,2016-06-03,CHANGELOG.md
terraform,6e4fa28506fac73bc872871ccf32ea890a539f37,2016-06-02,CHANGELOG.md
terraform,6d54d0643d8ea1a251791e5a6aec7a51bc07cfa4,2016-06-02,CHANGELOG.md
terraform,fcb952dcc8d0de7d55a073cc26b91a531e91783c,2016-06-02,CHANGELOG.md
terraform,88b3b08852119fa0df5bd23b41b549d2d48e77e9,2016-06-02,CHANGELOG.md
terraform,61f68819661d06a75c421745fdaa7d0794a82c3b,2016-06-02,CHANGELOG.md
terraform,8c471041a6bb72bc5023e248470636d4f7ec49d0,2016-06-02,CHANGELOG.md
terraform,40d0c5f63517556cd59a1c1ed2f1aaa6c6ef1c98,2016-06-01,CHANGELOG.md
terraform,a8c091982a03d7a40df9280c4153755db2f2049c,2016-06-01,CHANGELOG.md
terraform,7f6bf2e94ada286843da136cf0199fa80eeaf81f,2016-06-01,CHANGELOG.md
terraform,a9bfe7a84a98da30b4499e562c0739bbeebb571f,2016-05-31,CHANGELOG.md
terraform,4820512196f24c1d1e585dd844ead8f219f51b32,2016-05-31,CHANGELOG.md
terraform,f162d9173d63db2f405e6d370a402c13b199fbea,2016-05-31,CHANGELOG.md
terraform,741b0124410fd6e1218c1bf640fdfe7c09400229,2016-05-31,CHANGELOG.md
terraform,de0c6c89d33f16fcd920967e4c0600bf4c6b0b5e,2016-05-31,CHANGELOG.md
terraform,adee6c8bed81ddc7ab74d1993486782045a852d5,2016-05-31,CHANGELOG.md
