repo,commit_sha,commit_date,health_file
ant-design,5afcdabaa83be47d7e8ec64b9711713212edcadd,2026-05-18,CHANGELOG.en-US.md
ant-design,5afcdabaa83be47d7e8ec64b9711713212edcadd,2026-05-18,CHANGELOG.zh-CN.md
ant-design,616f681b5c1140cf8317dfc700cca8eda0af3ad0,2026-05-14,CHANGELOG.en-US.md
ant-design,616f681b5c1140cf8317dfc700cca8eda0af3ad0,2026-05-14,CHANGELOG.zh-CN.md
ant-design,1c9278f02a4f09dbda7f269b44543cfd84fa275b,2026-05-14,CHANGELOG.en-US.md
ant-design,1c9278f02a4f09dbda7f269b44543cfd84fa275b,2026-05-14,CHANGELOG.zh-CN.md
ant-design,fa4b1da37f2cf72a9c97fd77b48774337dd0dcca,2026-05-14,CHANGELOG.en-US.md
ant-design,fa4b1da37f2cf72a9c97fd77b48774337dd0dcca,2026-05-14,CHANGELOG.zh-CN.md
ant-design,88d0d0d74743b37140accba6c2cb5b464cd2c62b,2026-04-27,CHANGELOG.en-US.md
ant-design,88d0d0d74743b37140accba6c2cb5b464cd2c62b,2026-04-27,CHANGELOG.zh-CN.md
ant-design,1d440745c3e812594e27563da99de02ead5501ef,2026-04-22,README.md
ant-design,f4dadb577eba198a220c4d28518c6de2a53fadb4,2026-04-22,README.md
ant-design,70d6efd3fe06ff8911c37bf75586e34537a1b31a,2026-04-21,README.md
ant-design,8015997cd3ce81531b0e0c89220fc742fb7e17bb,2026-04-17,CHANGELOG.en-US.md
ant-design,8015997cd3ce81531b0e0c89220fc742fb7e17bb,2026-04-17,CHANGELOG.zh-CN.md
ant-design,5e6a263cfe58b7bbe428a80bf4fd0de0e359d6b7,2026-03-30,CHANGELOG.en-US.md
ant-design,5e6a263cfe58b7bbe428a80bf4fd0de0e359d6b7,2026-03-30,CHANGELOG.zh-CN.md
ant-design,7dddd23bf75543a8daa1cfadf6ea983b2b6a8e34,2026-03-24,CHANGELOG.en-US.md
ant-design,7dddd23bf75543a8daa1cfadf6ea983b2b6a8e34,2026-03-24,CHANGELOG.zh-CN.md
ant-design,3b3442eadfd5dc23b13139da9fce8fc3e42d65e5,2026-03-19,contributors.json
ant-design,769eb162ac90b0e72e7d2bf6160e8d584c8fe674,2026-03-16,CHANGELOG.en-US.md
ant-design,769eb162ac90b0e72e7d2bf6160e8d584c8fe674,2026-03-16,CHANGELOG.zh-CN.md
ant-design,1a82e704bba90e218960e0bba0363acc34808bd6,2026-03-16,CHANGELOG.en-US.md
ant-design,1a82e704bba90e218960e0bba0363acc34808bd6,2026-03-16,CHANGELOG.zh-CN.md
ant-design,fc13ea35e8245637a071f525484c9ffdedcdd4b7,2026-03-09,CHANGELOG.en-US.md
ant-design,fc13ea35e8245637a071f525484c9ffdedcdd4b7,2026-03-09,CHANGELOG.zh-CN.md
ant-design,2d28a09d004654a09c1c41521022581c5b815532,2026-03-06,README.md
ant-design,2bda510f1c930ad1c79b40145b197fa3b53f6e20,2026-02-27,README.md
ant-design,5d55ed1f705d18f813eedbb7a7b6861b8888bee5,2026-02-24,CHANGELOG.en-US.md
ant-design,5d55ed1f705d18f813eedbb7a7b6861b8888bee5,2026-02-24,CHANGELOG.zh-CN.md
ant-design,6be6b248d72a2336203f657aeaec23c9aa870c96,2026-02-24,CHANGELOG.en-US.md
ant-design,6be6b248d72a2336203f657aeaec23c9aa870c96,2026-02-24,CHANGELOG.zh-CN.md
ant-design,bf370c4af51cdd250dd58140fd13b9f1c80c979e,2026-02-11,SECURITY.md
ant-design,928fecbb2dd204a6aa59e4ec6665838c5bd997fe,2026-02-10,CHANGELOG.en-US.md
ant-design,928fecbb2dd204a6aa59e4ec6665838c5bd997fe,2026-02-10,CHANGELOG.zh-CN.md
ant-design,ea58eaf2009c92b532382e1af939e7f549bc598c,2026-02-10,README.md
ant-design,955afb14f42a7f580a3169172f2950e440507157,2026-02-02,CHANGELOG.en-US.md
ant-design,20f8a9a9edb34d5e5427c9af0c18e1e5d5392b94,2026-02-02,CHANGELOG.en-US.md
ant-design,20f8a9a9edb34d5e5427c9af0c18e1e5d5392b94,2026-02-02,CHANGELOG.zh-CN.md
ant-design,58c5fc4625aebcbc52a039e58a86ca4abbdd61b9,2026-01-26,CHANGELOG.en-US.md
ant-design,58c5fc4625aebcbc52a039e58a86ca4abbdd61b9,2026-01-26,CHANGELOG.zh-CN.md
ant-design,8b4235a53b240760e61673323534f914c956f96a,2026-01-20,CHANGELOG.en-US.md
ant-design,8b4235a53b240760e61673323534f914c956f96a,2026-01-20,CHANGELOG.zh-CN.md
ant-design,d90f8ed238322020c4fdbce8a71e90b310b3d8f0,2026-01-13,CHANGELOG.en-US.md
ant-design,d90f8ed238322020c4fdbce8a71e90b310b3d8f0,2026-01-13,CHANGELOG.zh-CN.md
ant-design,a6d83589dba3cf45a0fc8e69b67747828d955254,2026-01-05,CHANGELOG.en-US.md
ant-design,a6d83589dba3cf45a0fc8e69b67747828d955254,2026-01-05,CHANGELOG.zh-CN.md
ant-design,9af831fd92040fccb396c04d8db7ae50f4e03b33,2025-12-29,CHANGELOG.en-US.md
ant-design,9af831fd92040fccb396c04d8db7ae50f4e03b33,2025-12-29,CHANGELOG.zh-CN.md
ant-design,3686df953a6fc4463f48962593da76abfd3351e5,2025-12-29,CHANGELOG.en-US.md
ant-design,3686df953a6fc4463f48962593da76abfd3351e5,2025-12-29,CHANGELOG.zh-CN.md
ant-design,ea4d320241c8219785631dfc4305a6a8baa1ccbe,2025-12-24,CHANGELOG.en-US.md
ant-design,ea4d320241c8219785631dfc4305a6a8baa1ccbe,2025-12-24,CHANGELOG.zh-CN.md
ant-design,2ffd8a701212390df4ec84f16b7e9fa9da87c50b,2025-12-24,CHANGELOG.en-US.md
ant-design,2ffd8a701212390df4ec84f16b7e9fa9da87c50b,2025-12-24,CHANGELOG.zh-CN.md
ant-design,dfd962d350d6fb1e1102b9486a19b8ad6be1c14a,2025-12-24,CHANGELOG.en-US.md
ant-design,dfd962d350d6fb1e1102b9486a19b8ad6be1c14a,2025-12-24,CHANGELOG.zh-CN.md
ant-design,cf57a728964ec59fb3fb75665df38dab6ebacce5,2025-12-15,CHANGELOG.en-US.md
ant-design,cf57a728964ec59fb3fb75665df38dab6ebacce5,2025-12-15,CHANGELOG.zh-CN.md
ant-design,8141e78ad831bd106f6f6a13d82a93e206f52ac4,2025-12-08,CHANGELOG.en-US.md
ant-design,8141e78ad831bd106f6f6a13d82a93e206f52ac4,2025-12-08,CHANGELOG.zh-CN.md
ant-design,b2f0595c6fb583113848573b9ca79d509796b0c1,2025-12-03,CHANGELOG.en-US.md
ant-design,b2f0595c6fb583113848573b9ca79d509796b0c1,2025-12-03,CHANGELOG.zh-CN.md
ant-design,39470af064d10f18714d51cb8f314d7e43e78ca8,2025-12-03,CHANGELOG.en-US.md
ant-design,39470af064d10f18714d51cb8f314d7e43e78ca8,2025-12-03,CHANGELOG.zh-CN.md
ant-design,c0a23c150cfee2e49bd9f92484dc6d12fb5b1ad2,2025-12-02,CHANGELOG.en-US.md
ant-design,c0a23c150cfee2e49bd9f92484dc6d12fb5b1ad2,2025-12-02,CHANGELOG.zh-CN.md
ant-design,0cce449039ab3f9300d44b989ff65f2494f26b2b,2025-12-01,.github/CONTRIBUTING.md
ant-design,1cc64c50abcd702c3cc22962b77829a393bf71ed,2025-11-28,CHANGELOG.en-US.md
ant-design,1cc64c50abcd702c3cc22962b77829a393bf71ed,2025-11-28,CHANGELOG.zh-CN.md
ant-design,30299ce6f6290586b6ac9544ba4489a260664c9f,2025-11-23,CHANGELOG.en-US.md
ant-design,30299ce6f6290586b6ac9544ba4489a260664c9f,2025-11-23,CHANGELOG.zh-CN.md
ant-design,8c9368c9f21d5aac6f942b38db96bd28c4f69a9c,2025-11-22,SECURITY.md
ant-design,c2e000f89d647075ebba810d852ec4f4f000b6ef,2025-11-22,CHANGELOG.zh-CN.md
ant-design,45be33d034d995b22005a6c3406cde89f58c22e8,2025-11-21,CHANGELOG.en-US.md
ant-design,45be33d034d995b22005a6c3406cde89f58c22e8,2025-11-21,CHANGELOG.zh-CN.md
ant-design,c3b9e4bb8a6ecb607c5ebb5fdde0fa66b199f313,2025-11-19,CHANGELOG.en-US.md
ant-design,c3b9e4bb8a6ecb607c5ebb5fdde0fa66b199f313,2025-11-19,CHANGELOG.zh-CN.md
ant-design,79bdbe424fb065b80c7a11a3a98df10d3adec03c,2025-11-18,CHANGELOG.en-US.md
ant-design,79bdbe424fb065b80c7a11a3a98df10d3adec03c,2025-11-18,CHANGELOG.zh-CN.md
ant-design,ebcfbb11450878804f67c1acae3842e8fc072780,2025-11-18,README.md
ant-design,b4e13830e9769e8fe89fcece2e18d05d9fa78bab,2025-11-17,CHANGELOG.en-US.md
ant-design,b4e13830e9769e8fe89fcece2e18d05d9fa78bab,2025-11-17,CHANGELOG.zh-CN.md
ant-design,2f0474bfd96577e3a4aadf6f8e280b1c5f641b60,2025-11-11,CHANGELOG.en-US.md
ant-design,2f0474bfd96577e3a4aadf6f8e280b1c5f641b60,2025-11-11,CHANGELOG.zh-CN.md
ant-design,3a4a4abe1a5a61fc844c81693dfc50b6d9f78344,2025-11-10,CHANGELOG.en-US.md
ant-design,3a4a4abe1a5a61fc844c81693dfc50b6d9f78344,2025-11-10,CHANGELOG.zh-CN.md
ant-design,e7b5decb2da144466394124bbd033d9d71188ba4,2025-11-04,CHANGELOG.en-US.md
ant-design,e7b5decb2da144466394124bbd033d9d71188ba4,2025-11-04,CHANGELOG.zh-CN.md
ant-design,0db00b0886632f7238132b9747e423b4f827267f,2025-11-01,CHANGELOG.en-US.md
ant-design,0db00b0886632f7238132b9747e423b4f827267f,2025-11-01,CHANGELOG.zh-CN.md
ant-design,a31d11d8a7ea7dbb54199975c48bfa246ac8b354,2025-10-20,CHANGELOG.en-US.md
ant-design,a31d11d8a7ea7dbb54199975c48bfa246ac8b354,2025-10-20,CHANGELOG.zh-CN.md
ant-design,dde07ee096026e541cc192f29f44fc4460b3336a,2025-10-15,CHANGELOG.zh-CN.md
ant-design,017fea5bb4c5c2bd34fd2d8b2ee010671be5d35d,2025-10-14,CHANGELOG.en-US.md
ant-design,017fea5bb4c5c2bd34fd2d8b2ee010671be5d35d,2025-10-14,CHANGELOG.zh-CN.md
ant-design,0b5ef77e5ddb5b014ca98b796fa46e4fbe2f8ee0,2025-09-27,SECURITY.md
ant-design,1d433d59d59b888a9273d7ecf2042b6884ed0bfb,2025-09-26,contributors.json
ant-design,6ca1cbed80b67731e66ff77a569fe1555ea92b55,2025-09-24,README.md
ant-design,18e596b1f313987139c84e339a99b75e34a1076a,2025-09-18,README.md
ant-design,e716aec310d02d334a06f048a06955d7fdacefeb,2025-09-17,CHANGELOG.en-US.md
ant-design,e716aec310d02d334a06f048a06955d7fdacefeb,2025-09-17,CHANGELOG.zh-CN.md
ant-design,55a628edf8cac03cb12ef0a8879667548db4f763,2025-09-17,CHANGELOG.en-US.md
ant-design,55a628edf8cac03cb12ef0a8879667548db4f763,2025-09-17,CHANGELOG.zh-CN.md
ant-design,6119e626c89216178be03d7f30b1c66df2b79a0e,2025-09-05,CHANGELOG.en-US.md
ant-design,6119e626c89216178be03d7f30b1c66df2b79a0e,2025-09-05,CHANGELOG.zh-CN.md
ant-design,38095a7641e08b523a742efc1c9fab5d060d1d7e,2025-09-02,CHANGELOG.en-US.md
ant-design,38095a7641e08b523a742efc1c9fab5d060d1d7e,2025-09-02,CHANGELOG.zh-CN.md
ant-design,178d7c721ae7c47ef63e3a068d760e323137fa2b,2025-08-19,CHANGELOG.en-US.md
ant-design,178d7c721ae7c47ef63e3a068d760e323137fa2b,2025-08-19,CHANGELOG.zh-CN.md
ant-design,5b7f7fbd2c1a9241fc3131c75e6d45709f09a38a,2025-08-13,CHANGELOG.en-US.md
ant-design,5b7f7fbd2c1a9241fc3131c75e6d45709f09a38a,2025-08-13,CHANGELOG.zh-CN.md
ant-design,ca4882e0f26ddaf54ab1f8407bc017cd572f81c0,2025-08-11,CHANGELOG.en-US.md
ant-design,ca4882e0f26ddaf54ab1f8407bc017cd572f81c0,2025-08-11,CHANGELOG.zh-CN.md
ant-design,4d1a6aff987d22e8ae11bcad8263827e74369462,2025-07-30,CHANGELOG.en-US.md
ant-design,4d1a6aff987d22e8ae11bcad8263827e74369462,2025-07-30,CHANGELOG.zh-CN.md
ant-design,36b706bdc8f0e850efee3233fb9c38a7fbada399,2025-07-29,CHANGELOG.en-US.md
ant-design,36b706bdc8f0e850efee3233fb9c38a7fbada399,2025-07-29,CHANGELOG.zh-CN.md
ant-design,a614e8b45e45c726806bbd2bd6996928b5ad39d8,2025-07-28,CHANGELOG.en-US.md
ant-design,a614e8b45e45c726806bbd2bd6996928b5ad39d8,2025-07-28,CHANGELOG.zh-CN.md
ant-design,eee7784a6306f73bb39ad6d64fcafbcaaf40742d,2025-07-22,CHANGELOG.en-US.md
ant-design,eee7784a6306f73bb39ad6d64fcafbcaaf40742d,2025-07-22,CHANGELOG.zh-CN.md
ant-design,b744b9cbda02327143e877d7b3628cf06f5eb44e,2025-07-20,CHANGELOG.en-US.md
ant-design,b744b9cbda02327143e877d7b3628cf06f5eb44e,2025-07-20,CHANGELOG.zh-CN.md
ant-design,c0368b252d6911526955d872edb012a2325b0f5d,2025-07-15,CHANGELOG.en-US.md
ant-design,c0368b252d6911526955d872edb012a2325b0f5d,2025-07-15,CHANGELOG.zh-CN.md
ant-design,ddc17f68ddcfef96ab5edcf96371415d43eb653c,2025-07-14,contributors.json
ant-design,c8069eac4e16e18297345683d02028cda38cc3b7,2025-07-07,CHANGELOG.en-US.md
ant-design,c8069eac4e16e18297345683d02028cda38cc3b7,2025-07-07,CHANGELOG.zh-CN.md
ant-design,4a9e8474caa75666dfa1b238b8540d8206df586b,2025-06-30,CHANGELOG.en-US.md
ant-design,4a9e8474caa75666dfa1b238b8540d8206df586b,2025-06-30,CHANGELOG.zh-CN.md
ant-design,ade07e0aef157a6dd321283d6c736a3e0aca7c08,2025-06-24,README.md
ant-design,77995bc5756cb1838208691d2e1f41515d6c957f,2025-06-24,CHANGELOG.en-US.md
ant-design,77995bc5756cb1838208691d2e1f41515d6c957f,2025-06-24,CHANGELOG.zh-CN.md
ant-design,b93df9090a52cd381491cbe51a4ef826fe8f0bc0,2025-06-22,CHANGELOG.en-US.md
ant-design,b93df9090a52cd381491cbe51a4ef826fe8f0bc0,2025-06-22,CHANGELOG.zh-CN.md
ant-design,84a6012adf3956341e51c5238dc565a40d352f78,2025-06-16,CHANGELOG.en-US.md
ant-design,84a6012adf3956341e51c5238dc565a40d352f78,2025-06-16,CHANGELOG.zh-CN.md
ant-design,d9ebb51fbe52e05803ec66af20d0a8c8eb8b713e,2025-06-16,CHANGELOG.en-US.md
ant-design,d9ebb51fbe52e05803ec66af20d0a8c8eb8b713e,2025-06-16,CHANGELOG.zh-CN.md
ant-design,6bd851b1c63d1ec5330329dff6624e2464cffcff,2025-06-14,contributors.json
ant-design,2ca1fd796f08c8e46f426dc6b43ae8113e80b088,2025-06-10,CHANGELOG.en-US.md
ant-design,2ca1fd796f08c8e46f426dc6b43ae8113e80b088,2025-06-10,CHANGELOG.zh-CN.md
ant-design,d11f02db925b1c73cade4280e320884b47cd85e3,2025-05-31,CHANGELOG.en-US.md
ant-design,d11f02db925b1c73cade4280e320884b47cd85e3,2025-05-31,CHANGELOG.zh-CN.md
ant-design,8944de51e68a0ba2344c9b914e490542c97d7697,2025-05-30,CHANGELOG.en-US.md
ant-design,8944de51e68a0ba2344c9b914e490542c97d7697,2025-05-30,CHANGELOG.zh-CN.md
ant-design,48e6b068e64939f6f5f91f585d64afb4f3bb7cd3,2025-05-26,CHANGELOG.en-US.md
ant-design,48e6b068e64939f6f5f91f585d64afb4f3bb7cd3,2025-05-26,CHANGELOG.zh-CN.md
ant-design,dd29e41505f4f6cb79e839f85b9d7a8116b86efd,2025-05-26,CHANGELOG.en-US.md
ant-design,dd29e41505f4f6cb79e839f85b9d7a8116b86efd,2025-05-26,CHANGELOG.zh-CN.md
ant-design,713c5d6adb086680ffda73a38a1432561b6c37fd,2025-05-22,CHANGELOG.en-US.md
ant-design,713c5d6adb086680ffda73a38a1432561b6c37fd,2025-05-22,CHANGELOG.zh-CN.md
ant-design,e73f27404bfe001d7802cff2274da0fe6b257c06,2025-05-19,CHANGELOG.en-US.md
ant-design,e73f27404bfe001d7802cff2274da0fe6b257c06,2025-05-19,CHANGELOG.zh-CN.md
ant-design,b6ac6c44151543d30fd8a8291bc386237e84131e,2025-05-09,CHANGELOG.en-US.md
ant-design,b6ac6c44151543d30fd8a8291bc386237e84131e,2025-05-09,CHANGELOG.zh-CN.md
ant-design,026c4d03de5c676529aa0d6bd15a03a7b171bbd4,2025-05-08,CHANGELOG.en-US.md
ant-design,026c4d03de5c676529aa0d6bd15a03a7b171bbd4,2025-05-08,CHANGELOG.zh-CN.md
ant-design,d3905edb452a6274202f009e62f942310f611aeb,2025-05-08,CHANGELOG.en-US.md
ant-design,d3905edb452a6274202f009e62f942310f611aeb,2025-05-08,CHANGELOG.zh-CN.md
ant-design,e181aba25c6a9fb6cb7dbda5d680453681b418e4,2025-05-07,CHANGELOG.en-US.md
ant-design,e181aba25c6a9fb6cb7dbda5d680453681b418e4,2025-05-07,CHANGELOG.zh-CN.md
ant-design,e4ff13efb5517d2bb61bae6374b81c955964dd8e,2025-04-29,CHANGELOG.en-US.md
ant-design,e4ff13efb5517d2bb61bae6374b81c955964dd8e,2025-04-29,CHANGELOG.zh-CN.md
ant-design,d24558b64fdbafa5ccb7f10323a6ddd90a084277,2025-04-26,README.md
ant-design,f75f2cd5799180c8181555ecfc44df3b27927180,2025-04-26,README.md
ant-design,c3ed1a1beab409913cdc5bf74107de3cee1995cf,2025-04-22,CHANGELOG.en-US.md
ant-design,c3ed1a1beab409913cdc5bf74107de3cee1995cf,2025-04-22,CHANGELOG.zh-CN.md
ant-design,66c56d0c214f8869ebc37031211d8fa9ab7d49cb,2025-04-22,CHANGELOG.en-US.md
ant-design,66c56d0c214f8869ebc37031211d8fa9ab7d49cb,2025-04-22,CHANGELOG.zh-CN.md
ant-design,7d7f5b35fe10926529b6e6a505e76716c2913657,2025-04-21,CHANGELOG.en-US.md
ant-design,7d7f5b35fe10926529b6e6a505e76716c2913657,2025-04-21,CHANGELOG.zh-CN.md
ant-design,3d7ab8acde6715e79dfadb20b03967a63a11c70b,2025-04-21,.github/PULL_REQUEST_TEMPLATE.md
ant-design,3d7ab8acde6715e79dfadb20b03967a63a11c70b,2025-04-21,CHANGELOG.en-US.md
ant-design,3d7ab8acde6715e79dfadb20b03967a63a11c70b,2025-04-21,README.md
ant-design,31986fe2561e8accd373416ccd4052d7ef1029d3,2025-04-15,README.md
ant-design,973df96f1a73d1ac3c32682ca3d8f0c54917181c,2025-04-15,CHANGELOG.en-US.md
ant-design,973df96f1a73d1ac3c32682ca3d8f0c54917181c,2025-04-15,CHANGELOG.zh-CN.md
ant-design,019192198b037ccfabdabf3053842eee21798918,2025-04-14,CHANGELOG.en-US.md
ant-design,019192198b037ccfabdabf3053842eee21798918,2025-04-14,CHANGELOG.zh-CN.md
ant-design,8686e82fe1289a4fadb7920a54949b779474d2b7,2025-04-01,CHANGELOG.en-US.md
ant-design,8686e82fe1289a4fadb7920a54949b779474d2b7,2025-04-01,CHANGELOG.zh-CN.md
ant-design,d2b1f878c2579e65858523ff07b9876d2b2b3e58,2025-03-24,CHANGELOG.en-US.md
ant-design,d2b1f878c2579e65858523ff07b9876d2b2b3e58,2025-03-24,CHANGELOG.zh-CN.md
ant-design,a410cfc17f21ba8d11dcce23118a004256118b9e,2025-03-17,CHANGELOG.en-US.md
ant-design,a410cfc17f21ba8d11dcce23118a004256118b9e,2025-03-17,CHANGELOG.zh-CN.md
ant-design,b9f391ff752e4a7b66f896c658605a1221a94df0,2025-03-17,CHANGELOG.en-US.md
ant-design,b9f391ff752e4a7b66f896c658605a1221a94df0,2025-03-17,CHANGELOG.zh-CN.md
ant-design,50dba154b61c41f58aaf8ae632e4cee5c4626b26,2025-03-14,contributors.json
ant-design,aad1c80e4f46d46871e1478a901060d108fe27a1,2025-03-06,README.md
ant-design,93b9af88f91f7b8e0fe5b0e2299b2cbe39e3ded9,2025-03-05,CHANGELOG.en-US.md
ant-design,93b9af88f91f7b8e0fe5b0e2299b2cbe39e3ded9,2025-03-05,CHANGELOG.zh-CN.md
ant-design,2af20aaa34bb195b9d2a9132f519328cf78184bd,2025-02-25,.github/PULL_REQUEST_TEMPLATE.md
ant-design,d78cd5c48616d779f2ab21515bd5d857a23387d0,2025-02-24,CHANGELOG.en-US.md
ant-design,d78cd5c48616d779f2ab21515bd5d857a23387d0,2025-02-24,CHANGELOG.zh-CN.md
ant-design,080f780707ee874bb2cc3ae2299ce7ee74577b71,2025-02-17,CHANGELOG.en-US.md
ant-design,080f780707ee874bb2cc3ae2299ce7ee74577b71,2025-02-17,CHANGELOG.zh-CN.md
ant-design,938a8cf64d5c5f6315846ca634554ce219d79fb6,2025-02-11,CHANGELOG.en-US.md
ant-design,85da2d5fdbe3ca795d04589cd480b3648550007e,2025-02-11,CHANGELOG.en-US.md
ant-design,85da2d5fdbe3ca795d04589cd480b3648550007e,2025-02-11,CHANGELOG.zh-CN.md
ant-design,0a85c04b7e3462e72e7027ba94a42e9fac574300,2025-02-05,CHANGELOG.zh-CN.md
ant-design,fc5198a970bcc361187110ae1fdeafc28db5f2ea,2025-02-05,CHANGELOG.en-US.md
ant-design,fc5198a970bcc361187110ae1fdeafc28db5f2ea,2025-02-05,CHANGELOG.zh-CN.md
ant-design,2de4cb20ac25745a7d84a133a3fed0e0ecbf7f23,2025-01-28,CHANGELOG.en-US.md
ant-design,2de4cb20ac25745a7d84a133a3fed0e0ecbf7f23,2025-01-28,CHANGELOG.zh-CN.md
ant-design,89bac66376a5eeaccc2f74efe22a613dff6355d7,2025-01-20,CHANGELOG.en-US.md
ant-design,89bac66376a5eeaccc2f74efe22a613dff6355d7,2025-01-20,CHANGELOG.zh-CN.md
ant-design,5f9bbb8feaff1ecddc9a5efb2de4234c76420d1e,2025-01-20,README.md
ant-design,5199b5c9bff7df6ffb37188900d09340257de17e,2025-01-16,contributors.json
ant-design,50254b18a47653355fca9a114127854b8684dd5d,2025-01-13,CHANGELOG.en-US.md
ant-design,50254b18a47653355fca9a114127854b8684dd5d,2025-01-13,CHANGELOG.zh-CN.md
ant-design,7b8f3f028cae1c2619faf8c4a104350fcc05676a,2025-01-13,CHANGELOG.en-US.md
ant-design,7b8f3f028cae1c2619faf8c4a104350fcc05676a,2025-01-13,CHANGELOG.zh-CN.md
ant-design,90f6af0058fff54264e7b7a5687c13738ccfa18b,2025-01-13,CHANGELOG.en-US.md
ant-design,90f6af0058fff54264e7b7a5687c13738ccfa18b,2025-01-13,CHANGELOG.zh-CN.md
ant-design,fb8e932d5c24c88bf85f49cd0096026c57c32e53,2025-01-12,CHANGELOG.en-US.md
ant-design,fb8e932d5c24c88bf85f49cd0096026c57c32e53,2025-01-12,CHANGELOG.zh-CN.md
ant-design,8b99ad6199fb58de0645e0c5047049ac7921ebab,2025-01-07,CHANGELOG.en-US.md
ant-design,8b99ad6199fb58de0645e0c5047049ac7921ebab,2025-01-07,CHANGELOG.zh-CN.md
ant-design,645554b55e60b5bdbb137c578d3a948d0075fc4a,2025-01-06,CHANGELOG.en-US.md
ant-design,645554b55e60b5bdbb137c578d3a948d0075fc4a,2025-01-06,CHANGELOG.zh-CN.md
ant-design,1d267d9e83054c29a3537bea291d000030cae84b,2024-12-27,CHANGELOG.en-US.md
ant-design,1d267d9e83054c29a3537bea291d000030cae84b,2024-12-27,CHANGELOG.zh-CN.md
ant-design,fb65341c1ea3ae096491c07d92e07450bd251862,2024-12-23,CHANGELOG.en-US.md
ant-design,fb65341c1ea3ae096491c07d92e07450bd251862,2024-12-23,CHANGELOG.zh-CN.md
ant-design,397f45eee846c4cf27174788ed3dd0bd3fe69a85,2024-12-14,CHANGELOG.en-US.md
ant-design,397f45eee846c4cf27174788ed3dd0bd3fe69a85,2024-12-14,CHANGELOG.zh-CN.md
ant-design,c2efea0b336cf23d5ec74eb8a6e31743f61558a4,2024-12-09,CHANGELOG.en-US.md
ant-design,c2efea0b336cf23d5ec74eb8a6e31743f61558a4,2024-12-09,CHANGELOG.zh-CN.md
ant-design,0f20012383024a28f75702a940ea36ec51dcbecf,2024-12-08,contributors.json
ant-design,4f3faa3b2fab01e6202182c51479ba8add420edc,2024-12-02,CHANGELOG.en-US.md
ant-design,4f3faa3b2fab01e6202182c51479ba8add420edc,2024-12-02,CHANGELOG.zh-CN.md
ant-design,cba1a666274b248cf41d62c86b3a70168770ec33,2024-11-25,README.md
ant-design,75cc302b9c8ac6baf850ffa8edbe60306fb4734b,2024-11-21,CHANGELOG.en-US.md
ant-design,75cc302b9c8ac6baf850ffa8edbe60306fb4734b,2024-11-21,CHANGELOG.zh-CN.md
ant-design,1d743363b17b2c6dfc524ae0f7efa0cb75fccfbc,2024-11-20,CHANGELOG.en-US.md
ant-design,1d743363b17b2c6dfc524ae0f7efa0cb75fccfbc,2024-11-20,CHANGELOG.zh-CN.md
ant-design,a4c884cb3d0ddc3560801e851d3cbf363de686dd,2024-11-20,CHANGELOG.en-US.md
ant-design,a4c884cb3d0ddc3560801e851d3cbf363de686dd,2024-11-20,CHANGELOG.zh-CN.md
ant-design,556e8e821c0d1867bb7cbbf78ec9864a64d3b7e0,2024-11-19,CHANGELOG.en-US.md
ant-design,556e8e821c0d1867bb7cbbf78ec9864a64d3b7e0,2024-11-19,CHANGELOG.zh-CN.md
ant-design,f1ff05d519acb05e0447aa0a4e3650cbc2100800,2024-11-19,CHANGELOG.en-US.md
ant-design,f1ff05d519acb05e0447aa0a4e3650cbc2100800,2024-11-19,CHANGELOG.zh-CN.md
ant-design,3cdcf7834d4b6e8452a2750c65db77c46ac4f6ef,2024-11-18,CHANGELOG.en-US.md
ant-design,3cdcf7834d4b6e8452a2750c65db77c46ac4f6ef,2024-11-18,CHANGELOG.zh-CN.md
ant-design,70c93e56f106ee8f4d456595491c026df31763b7,2024-11-13,CHANGELOG.en-US.md
ant-design,70c93e56f106ee8f4d456595491c026df31763b7,2024-11-13,CHANGELOG.zh-CN.md
ant-design,54d38bfb9710c76e6128368014b4fcd48d549090,2024-11-12,CHANGELOG.en-US.md
ant-design,54d38bfb9710c76e6128368014b4fcd48d549090,2024-11-12,CHANGELOG.zh-CN.md
ant-design,4e17ca7c268e92655dbd86ceb7743d57852421e4,2024-11-11,CHANGELOG.en-US.md
ant-design,4e17ca7c268e92655dbd86ceb7743d57852421e4,2024-11-11,CHANGELOG.zh-CN.md
ant-design,f696a137a1902eb75e07cb7e5cef07e5ad56b144,2024-10-28,CHANGELOG.en-US.md
ant-design,f696a137a1902eb75e07cb7e5cef07e5ad56b144,2024-10-28,CHANGELOG.zh-CN.md
ant-design,f456147e4da24d5e6c8a3862c1cfd9af327fef48,2024-10-21,CHANGELOG.en-US.md
ant-design,f456147e4da24d5e6c8a3862c1cfd9af327fef48,2024-10-21,CHANGELOG.zh-CN.md
ant-design,ae99ce895103d796112fa0735b1221def9c03157,2024-10-15,CHANGELOG.en-US.md
ant-design,ae99ce895103d796112fa0735b1221def9c03157,2024-10-15,CHANGELOG.zh-CN.md
ant-design,cfe77ef6ffd0d27dad7a64133ee6eae3703a7616,2024-10-14,CHANGELOG.en-US.md
ant-design,cfe77ef6ffd0d27dad7a64133ee6eae3703a7616,2024-10-14,CHANGELOG.zh-CN.md
ant-design,f75d0cae7f31e550d700941562f69d804363463d,2024-10-13,README.md
ant-design,1df8726ff75873049e5a3609f2d0a6995fbcc32b,2024-10-11,CHANGELOG.en-US.md
ant-design,fd154893205f8ade1ba20f97a05319480ce6a80a,2024-10-09,CHANGELOG.en-US.md
ant-design,fd154893205f8ade1ba20f97a05319480ce6a80a,2024-10-09,CHANGELOG.zh-CN.md
ant-design,bb75758ae06a7a6b0a5e53805c50f44b9d121320,2024-10-01,CHANGELOG.en-US.md
ant-design,bb75758ae06a7a6b0a5e53805c50f44b9d121320,2024-10-01,CHANGELOG.zh-CN.md
ant-design,0f30e808a2ddb2060cc995f3a47d857a2fdb8bcf,2024-09-30,CHANGELOG.en-US.md
ant-design,0f30e808a2ddb2060cc995f3a47d857a2fdb8bcf,2024-09-30,CHANGELOG.zh-CN.md
ant-design,113d1b98948dd63ff4800a373882e33e4785992d,2024-09-25,CHANGELOG.en-US.md
ant-design,113d1b98948dd63ff4800a373882e33e4785992d,2024-09-25,CHANGELOG.zh-CN.md
ant-design,fdc30e7e64be271268334111152b10e54c3538d9,2024-09-23,CHANGELOG.en-US.md
ant-design,fdc30e7e64be271268334111152b10e54c3538d9,2024-09-23,CHANGELOG.zh-CN.md
ant-design,ecb099d8d15661c91f8bdaa87788d3ccb26c8d02,2024-09-22,CHANGELOG.en-US.md
ant-design,ecb099d8d15661c91f8bdaa87788d3ccb26c8d02,2024-09-22,CHANGELOG.zh-CN.md
ant-design,5cb88bceb42513821c51c9987898270ea14fb0ac,2024-09-09,CHANGELOG.en-US.md
ant-design,5cb88bceb42513821c51c9987898270ea14fb0ac,2024-09-09,CHANGELOG.zh-CN.md
ant-design,a870e6b9fcbde85720bf139d9f68b2cd469245a7,2024-09-09,README.md
ant-design,962b6d52246a4f2cf283a720eaddfe79413a0036,2024-09-03,CHANGELOG.en-US.md
ant-design,962b6d52246a4f2cf283a720eaddfe79413a0036,2024-09-03,CHANGELOG.zh-CN.md
ant-design,bdb2cd21925259e15e7375ba523a82b8ff4670e6,2024-09-02,CHANGELOG.en-US.md
ant-design,bdb2cd21925259e15e7375ba523a82b8ff4670e6,2024-09-02,CHANGELOG.zh-CN.md
ant-design,d72255f0ae3037a4e81f066d5810ad67ce62281b,2024-08-26,CHANGELOG.en-US.md
ant-design,d72255f0ae3037a4e81f066d5810ad67ce62281b,2024-08-26,CHANGELOG.zh-CN.md
ant-design,5888e6a4b15c8bb68e1953197a531b5d53dec59a,2024-08-19,CHANGELOG.en-US.md
ant-design,5888e6a4b15c8bb68e1953197a531b5d53dec59a,2024-08-19,CHANGELOG.zh-CN.md
ant-design,4f01f225c8794713b6143cecbb4d22efb64a03bc,2024-08-15,CHANGELOG.zh-CN.md
ant-design,5e50aabfd781fc2ccc406e3d0a0556149fd3c42a,2024-08-15,.github/PULL_REQUEST_TEMPLATE.md
ant-design,ab2d7596f9576dea885d5536ff167664dd2301ee,2024-08-15,.github/PULL_REQUEST_TEMPLATE.md
ant-design,96f1ec7f2b971f1a48f12a8c47eaf707f09bca75,2024-08-13,CHANGELOG.en-US.md
ant-design,96f1ec7f2b971f1a48f12a8c47eaf707f09bca75,2024-08-13,CHANGELOG.zh-CN.md
ant-design,96f1ec7f2b971f1a48f12a8c47eaf707f09bca75,2024-08-13,README.md
ant-design,b7151d7202d04cd5ac36c81b69af366620fc704d,2024-08-11,CHANGELOG.en-US.md
ant-design,b7151d7202d04cd5ac36c81b69af366620fc704d,2024-08-11,CHANGELOG.zh-CN.md
ant-design,e1e0c0bcd813ecaf2b480e5473b0d85654f7a2df,2024-08-11,CHANGELOG.en-US.md
ant-design,e1e0c0bcd813ecaf2b480e5473b0d85654f7a2df,2024-08-11,CHANGELOG.zh-CN.md
ant-design,2a877f066aeb1aebb443b26401be41f7269684f3,2024-08-08,.github/PULL_REQUEST_TEMPLATE.md
ant-design,a6b064bdf28e6587c062e47a2650715892bd70cc,2024-08-07,CHANGELOG.en-US.md
ant-design,a6b064bdf28e6587c062e47a2650715892bd70cc,2024-08-07,CHANGELOG.zh-CN.md
ant-design,997650ec4f89b0100ed0e02e6def24bda6ef49a4,2024-08-03,CHANGELOG.en-US.md
ant-design,997650ec4f89b0100ed0e02e6def24bda6ef49a4,2024-08-03,CHANGELOG.zh-CN.md
ant-design,6476754c773244cc110f4919e96cf0b613081188,2024-07-30,README.md
ant-design,5cacdd13f32a41761d6c03e8d3e6a01c5f7d0c6c,2024-07-30,CHANGELOG.en-US.md
ant-design,5cacdd13f32a41761d6c03e8d3e6a01c5f7d0c6c,2024-07-30,CHANGELOG.zh-CN.md
ant-design,c7d24e28a73dab30ed14a58e2c3b099da921b5ea,2024-07-29,CHANGELOG.en-US.md
ant-design,c7d24e28a73dab30ed14a58e2c3b099da921b5ea,2024-07-29,CHANGELOG.zh-CN.md
ant-design,7defec28580a701c246bc7e04dba2fbd64ca9d3f,2024-07-19,CHANGELOG.zh-CN.md
ant-design,92a597344273c9be2a1b281b75919fffd94fba5e,2024-07-19,CHANGELOG.en-US.md
ant-design,92a597344273c9be2a1b281b75919fffd94fba5e,2024-07-19,CHANGELOG.zh-CN.md
ant-design,87fb6de06b5c1c80f60893bc8e0cc9e9dfaa61b5,2024-07-18,README.md
ant-design,cc56db669fab72a217b03c3101871475618ca821,2024-07-15,CHANGELOG.en-US.md
ant-design,cc56db669fab72a217b03c3101871475618ca821,2024-07-15,CHANGELOG.zh-CN.md
ant-design,a84279a3aa38706c79c639b4b26182361268edaf,2024-07-15,CHANGELOG.en-US.md
ant-design,c1b8a6e67d77b5ff3ecb9e2524240e47ff25c796,2024-07-12,.github/PULL_REQUEST_TEMPLATE.md
ant-design,3825743a25b98f00257cd93e5efaa74a087eeb04,2024-07-06,README.md
ant-design,8e3151e66ce2f7ed54bd4cc010c8b6c82c17461c,2024-07-05,CHANGELOG.en-US.md
ant-design,8e3151e66ce2f7ed54bd4cc010c8b6c82c17461c,2024-07-05,CHANGELOG.zh-CN.md
ant-design,b8afd2c9e751ed41f0fde4f026d0979f4c919b16,2024-07-03,.github/PULL_REQUEST_TEMPLATE.md
ant-design,8c957d01d94de25c2d6b1b6f6965ce1cfa33c4e2,2024-07-01,CHANGELOG.en-US.md
ant-design,8c957d01d94de25c2d6b1b6f6965ce1cfa33c4e2,2024-07-01,CHANGELOG.zh-CN.md
ant-design,87d85c2c19ea13abd6449fe27fc28c40396958da,2024-06-23,contributors.json
ant-design,59ad48476b54faa39f18ab7cb0da4cdefb0df847,2024-06-22,README.md
ant-design,4380c6b72dcc0efdbda1c0e600fc0fea6e9f7689,2024-06-19,CHANGELOG.en-US.md
ant-design,4380c6b72dcc0efdbda1c0e600fc0fea6e9f7689,2024-06-19,CHANGELOG.zh-CN.md
ant-design,b2d82895b969598e40b9097bf55b5abec8c99a5e,2024-06-17,CHANGELOG.en-US.md
ant-design,b2d82895b969598e40b9097bf55b5abec8c99a5e,2024-06-17,CHANGELOG.zh-CN.md
ant-design,a7f438fdf971709a565f1ad212387d36e54095d1,2024-06-12,CHANGELOG.en-US.md
ant-design,a7f438fdf971709a565f1ad212387d36e54095d1,2024-06-12,CHANGELOG.zh-CN.md
ant-design,b683f1814195f48c2f8dabdfa97df9dc8176bf26,2024-06-04,contributors.json
ant-design,c4147994907f313780a4721ca470bfde240350c6,2024-06-03,CHANGELOG.en-US.md
ant-design,c4147994907f313780a4721ca470bfde240350c6,2024-06-03,CHANGELOG.zh-CN.md
ant-design,cace256090d00e323d6179605a3d1810a25d36b9,2024-05-27,CHANGELOG.en-US.md
ant-design,cace256090d00e323d6179605a3d1810a25d36b9,2024-05-27,CHANGELOG.zh-CN.md
ant-design,733d58deb1d1e60061ba4c47e0c5b223d7869f37,2024-05-19,CHANGELOG.en-US.md
ant-design,733d58deb1d1e60061ba4c47e0c5b223d7869f37,2024-05-19,CHANGELOG.zh-CN.md
ant-design,89e50e2994bbde1a9d028763bada1c6435512a86,2024-05-14,CHANGELOG.en-US.md
ant-design,89e50e2994bbde1a9d028763bada1c6435512a86,2024-05-14,CHANGELOG.zh-CN.md
ant-design,787cd941253b214b2e1bd9307cbf1a4af2bdcf8e,2024-05-14,CHANGELOG.en-US.md
ant-design,787cd941253b214b2e1bd9307cbf1a4af2bdcf8e,2024-05-14,CHANGELOG.zh-CN.md
ant-design,973305dc85d9186145bb0044d5b6f18f9ac43b79,2024-05-13,CHANGELOG.en-US.md
ant-design,973305dc85d9186145bb0044d5b6f18f9ac43b79,2024-05-13,CHANGELOG.zh-CN.md
ant-design,e6c4123a84f1ba370d9e642d67cbc6f4d74a3b43,2024-05-07,README.md
ant-design,eb205575a1b89ca0c85a931b9e85d988affe170b,2024-05-02,CHANGELOG.en-US.md
ant-design,eb205575a1b89ca0c85a931b9e85d988affe170b,2024-05-02,CHANGELOG.zh-CN.md
ant-design,aa0a90fdd55b1e28fbede8f9b6e42155c95adf94,2024-05-02,CHANGELOG.en-US.md
ant-design,aa0a90fdd55b1e28fbede8f9b6e42155c95adf94,2024-05-02,CHANGELOG.zh-CN.md
ant-design,05f936289198e7354343fadceecc58132575adf4,2024-05-02,CHANGELOG.en-US.md
ant-design,05f936289198e7354343fadceecc58132575adf4,2024-05-02,CHANGELOG.zh-CN.md
ant-design,1a6e9e09de9df7d13fbbf6ae51b355635097d666,2024-04-28,CHANGELOG.en-US.md
ant-design,1a6e9e09de9df7d13fbbf6ae51b355635097d666,2024-04-28,CHANGELOG.zh-CN.md
ant-design,50d8201aa0b583fb21a9f3081d5f01664a298072,2024-04-22,CHANGELOG.en-US.md
ant-design,50d8201aa0b583fb21a9f3081d5f01664a298072,2024-04-22,CHANGELOG.zh-CN.md
ant-design,3865e8e2abf422d287e7f1b2d923b6e375ecd6d1,2024-04-21,CHANGELOG.en-US.md
ant-design,3865e8e2abf422d287e7f1b2d923b6e375ecd6d1,2024-04-21,CHANGELOG.zh-CN.md
ant-design,9a0e2ad91fbfdb22547955679e167c53232a023f,2024-04-16,.github/PULL_REQUEST_TEMPLATE.md
ant-design,2a23f50c1a2bff2da27f647fabf8b2ac2c0798b9,2024-04-15,CHANGELOG.en-US.md
ant-design,2a23f50c1a2bff2da27f647fabf8b2ac2c0798b9,2024-04-15,CHANGELOG.zh-CN.md
ant-design,89eba9361677b5e95da4b1209da2631a97a19e66,2024-04-14,CHANGELOG.en-US.md
ant-design,89eba9361677b5e95da4b1209da2631a97a19e66,2024-04-14,CHANGELOG.zh-CN.md
ant-design,cf12fb19d198940f4fcbb3741d2ef64cddf5f761,2024-04-13,CHANGELOG.zh-CN.md
ant-design,41d4cf80c5bcefa0b2daa3a9639abaf46c7486f3,2024-04-12,README.md
ant-design,bd25e9442d7036bf8cc021793b981e8c4f00a58d,2024-04-05,CHANGELOG.en-US.md
ant-design,bd25e9442d7036bf8cc021793b981e8c4f00a58d,2024-04-05,CHANGELOG.zh-CN.md
ant-design,c29ccdb2f3fb22d0d2689d5d260ef38e630e6f52,2024-04-04,contributors.json
ant-design,e9167fbe4b538e9778304af069edd5d166d3bd89,2024-03-31,CHANGELOG.en-US.md
ant-design,e9167fbe4b538e9778304af069edd5d166d3bd89,2024-03-31,CHANGELOG.zh-CN.md
ant-design,44f770d002f6f9cf0eeb2f12c94755f1c44471ce,2024-03-31,CHANGELOG.en-US.md
ant-design,44f770d002f6f9cf0eeb2f12c94755f1c44471ce,2024-03-31,CHANGELOG.zh-CN.md
ant-design,7258fa83e52c1056a21defa5ac9afa13ab5120f7,2024-03-31,CHANGELOG.en-US.md
ant-design,7258fa83e52c1056a21defa5ac9afa13ab5120f7,2024-03-31,CHANGELOG.zh-CN.md
ant-design,1eb139aa8dae4f1d5338ba3a7228fb44e33f1913,2024-03-25,CHANGELOG.en-US.md
ant-design,1eb139aa8dae4f1d5338ba3a7228fb44e33f1913,2024-03-25,CHANGELOG.zh-CN.md
ant-design,e0cf8b7b14705a08b095896cdd1bfde12ce2b90a,2024-03-16,CHANGELOG.en-US.md
ant-design,e0cf8b7b14705a08b095896cdd1bfde12ce2b90a,2024-03-16,CHANGELOG.zh-CN.md
ant-design,1491b0c624e5c9a9c6b973d86b6b67aeb1011610,2024-03-14,CHANGELOG.en-US.md
ant-design,1491b0c624e5c9a9c6b973d86b6b67aeb1011610,2024-03-14,CHANGELOG.zh-CN.md
ant-design,b6ad172a3d3e0b864e2d0102ac337a83c31feb5a,2024-03-11,CHANGELOG.en-US.md
ant-design,b6ad172a3d3e0b864e2d0102ac337a83c31feb5a,2024-03-11,CHANGELOG.zh-CN.md
ant-design,f8532c1163c28888ee6aa5aaab650275b4724a97,2024-03-11,CHANGELOG.en-US.md
ant-design,f8532c1163c28888ee6aa5aaab650275b4724a97,2024-03-11,CHANGELOG.zh-CN.md
ant-design,8711f4df8d8c4fbaf9ce45fe127938006e5c773f,2024-03-09,CHANGELOG.en-US.md
ant-design,8711f4df8d8c4fbaf9ce45fe127938006e5c773f,2024-03-09,CHANGELOG.zh-CN.md
ant-design,8460eb39c3acc7773d005724cead12177969a59c,2024-03-06,CHANGELOG.en-US.md
ant-design,8460eb39c3acc7773d005724cead12177969a59c,2024-03-06,CHANGELOG.zh-CN.md
ant-design,b2a83e43535e9dde52c73a4c8a8f72abc9131f60,2024-03-02,CHANGELOG.en-US.md
ant-design,b2a83e43535e9dde52c73a4c8a8f72abc9131f60,2024-03-02,CHANGELOG.zh-CN.md
ant-design,53b01060c980514a67f282c5a3b87bf4733fd2ea,2024-02-23,CHANGELOG.en-US.md
ant-design,53b01060c980514a67f282c5a3b87bf4733fd2ea,2024-02-23,CHANGELOG.zh-CN.md
ant-design,52fe1f2518b86ce8f43235823f135f5986d3bde1,2024-02-13,CHANGELOG.en-US.md
ant-design,52fe1f2518b86ce8f43235823f135f5986d3bde1,2024-02-13,CHANGELOG.zh-CN.md
ant-design,aea5e17f35ad6b1f360a6b03b381d36571c36336,2024-02-12,CHANGELOG.en-US.md
ant-design,aea5e17f35ad6b1f360a6b03b381d36571c36336,2024-02-12,CHANGELOG.zh-CN.md
ant-design,106a0d88c1e8a050392d1dc6ac983713d5f727bb,2024-02-03,CHANGELOG.en-US.md
ant-design,106a0d88c1e8a050392d1dc6ac983713d5f727bb,2024-02-03,CHANGELOG.zh-CN.md
ant-design,df63ee837939e683e769378886cf4f61637da377,2024-02-03,CHANGELOG.en-US.md
ant-design,df63ee837939e683e769378886cf4f61637da377,2024-02-03,CHANGELOG.zh-CN.md
ant-design,3365a84db1ddc99fb352e4a72a76825a91fce469,2024-01-27,CHANGELOG.en-US.md
ant-design,3365a84db1ddc99fb352e4a72a76825a91fce469,2024-01-27,CHANGELOG.zh-CN.md
ant-design,dfbcf0fb5b159f05e53428eea435b961aa0fff63,2024-01-19,CHANGELOG.en-US.md
ant-design,dfbcf0fb5b159f05e53428eea435b961aa0fff63,2024-01-19,CHANGELOG.zh-CN.md
ant-design,fd002d733326852fa5d9bf137871d1bc95ed008a,2024-01-15,CHANGELOG.en-US.md
ant-design,fd002d733326852fa5d9bf137871d1bc95ed008a,2024-01-15,CHANGELOG.zh-CN.md
ant-design,78de3193fdf78e3813bb6aa67f05b1c0a153d4c7,2024-01-13,CHANGELOG.en-US.md
ant-design,78de3193fdf78e3813bb6aa67f05b1c0a153d4c7,2024-01-13,CHANGELOG.zh-CN.md
ant-design,8555d3df7736a718e8e7a05de2e77deac4c9ad16,2024-01-13,CHANGELOG.en-US.md
ant-design,8555d3df7736a718e8e7a05de2e77deac4c9ad16,2024-01-13,CHANGELOG.zh-CN.md
ant-design,95f5fdf02c1387ac9bd04e62727f9c895d827c62,2024-01-12,CHANGELOG.en-US.md
ant-design,95f5fdf02c1387ac9bd04e62727f9c895d827c62,2024-01-12,CHANGELOG.zh-CN.md
ant-design,c9e46f67cfbb5edd38072e4293d885e4549d3056,2024-01-12,CHANGELOG.en-US.md
ant-design,c9e46f67cfbb5edd38072e4293d885e4549d3056,2024-01-12,CHANGELOG.zh-CN.md
ant-design,9180bd4cf987e7550ebc4f599d6ee981483684a4,2024-01-05,CHANGELOG.en-US.md
ant-design,9180bd4cf987e7550ebc4f599d6ee981483684a4,2024-01-05,CHANGELOG.zh-CN.md
ant-design,3fc65a0865865ef1c1f058d7758d52698c723bc2,2024-01-02,CHANGELOG.en-US.md
ant-design,3fc65a0865865ef1c1f058d7758d52698c723bc2,2024-01-02,CHANGELOG.zh-CN.md
ant-design,24b083e8aa429e6a2c89211b6af92a4b572af1a9,2023-12-30,CHANGELOG.en-US.md
ant-design,24b083e8aa429e6a2c89211b6af92a4b572af1a9,2023-12-30,CHANGELOG.zh-CN.md
ant-design,be447df98975c9303d9d92ff159cea6ed5e839fa,2023-12-30,CHANGELOG.en-US.md
ant-design,be447df98975c9303d9d92ff159cea6ed5e839fa,2023-12-30,CHANGELOG.zh-CN.md
ant-design,713d35d7f6324e4932f9bf81524f73381783abe3,2023-12-24,CHANGELOG.zh-CN.md
ant-design,59b58417c3ed3db847f71bed59faa29301cdacc3,2023-12-22,CHANGELOG.en-US.md
ant-design,59b58417c3ed3db847f71bed59faa29301cdacc3,2023-12-22,CHANGELOG.zh-CN.md
ant-design,03ac98a4a09e5dcd2985840a30449875d8cf7956,2023-12-19,CHANGELOG.en-US.md
ant-design,03ac98a4a09e5dcd2985840a30449875d8cf7956,2023-12-19,CHANGELOG.zh-CN.md
ant-design,6a0e8a6c9c6c290f80677444ae136283ec5da414,2023-12-18,CHANGELOG.en-US.md
ant-design,6a0e8a6c9c6c290f80677444ae136283ec5da414,2023-12-18,CHANGELOG.zh-CN.md
ant-design,49e60459d9075abb3d3fa023c1cc9306200188d1,2023-12-18,CHANGELOG.en-US.md
ant-design,49e60459d9075abb3d3fa023c1cc9306200188d1,2023-12-18,CHANGELOG.zh-CN.md
ant-design,4d2313f35b769476874be1936ec21e37e5dea553,2023-12-12,README.md
ant-design,deecefa9f534ba9e32c4ae383be483a83c8d165b,2023-12-12,README.md
ant-design,4ece6520412cc0625f8d4f44c9250bf12d9bb494,2023-12-11,CHANGELOG.en-US.md
ant-design,4ece6520412cc0625f8d4f44c9250bf12d9bb494,2023-12-11,CHANGELOG.zh-CN.md
ant-design,e19196222655d6a5483ef43b53d79066b890dec6,2023-12-04,CHANGELOG.en-US.md
ant-design,e19196222655d6a5483ef43b53d79066b890dec6,2023-12-04,CHANGELOG.zh-CN.md
ant-design,2d6ba247135913eae4e401b041264551bb9dbf12,2023-12-04,CHANGELOG.zh-CN.md
ant-design,71ac29042c7116de2aade803127b8a7a0deabbe3,2023-12-04,CHANGELOG.zh-CN.md
ant-design,d4a3dc63a3aaa60639e1055581e43e42710cc700,2023-12-04,CHANGELOG.en-US.md
ant-design,d4a3dc63a3aaa60639e1055581e43e42710cc700,2023-12-04,CHANGELOG.zh-CN.md
ant-design,eeab017f513964ecf3290469745a2a989a167f77,2023-11-30,README.md
ant-design,acf056ce725a36a0180f892d5ddddd3eaf60d6c3,2023-11-30,README.md
ant-design,f38abb243e54b472b85f5dc2d1c3504ca751b0b6,2023-11-27,CHANGELOG.en-US.md
ant-design,f38abb243e54b472b85f5dc2d1c3504ca751b0b6,2023-11-27,CHANGELOG.zh-CN.md
ant-design,222ed130328b0e8e0f2c04bbfc8160f2d67a87f9,2023-11-27,.github/PULL_REQUEST_TEMPLATE.md
ant-design,0a1c26f1bf0ba063d7ac7bc0d253fcd08b978bbe,2023-11-24,CHANGELOG.en-US.md
ant-design,0a1c26f1bf0ba063d7ac7bc0d253fcd08b978bbe,2023-11-24,CHANGELOG.zh-CN.md
ant-design,ce9041bf97c6ca09f9e13e2e3b38e36e27722f77,2023-11-22,CHANGELOG.en-US.md
ant-design,ce9041bf97c6ca09f9e13e2e3b38e36e27722f77,2023-11-22,CHANGELOG.zh-CN.md
ant-design,98e45b38768e78bd09389cce3738d8ddc2dc4a2d,2023-11-21,contributors.json
ant-design,d13aad62da133d5446198db153346cb0b9ddac9c,2023-11-17,CHANGELOG.en-US.md
ant-design,d13aad62da133d5446198db153346cb0b9ddac9c,2023-11-17,CHANGELOG.zh-CN.md
ant-design,3719f8586ad59909c252f413f34cffc4763c6ee6,2023-11-10,CHANGELOG.en-US.md
ant-design,3719f8586ad59909c252f413f34cffc4763c6ee6,2023-11-10,CHANGELOG.zh-CN.md
ant-design,9d57f6f3e4d1ce385927a5029053646a60a2afd6,2023-11-09,CHANGELOG.en-US.md
ant-design,9d57f6f3e4d1ce385927a5029053646a60a2afd6,2023-11-09,CHANGELOG.zh-CN.md
ant-design,c614e814c94d1c2ba2493c64905cd88798d6a067,2023-11-08,README.md
ant-design,d9a60a482783198e2c6e9338981f3692f9f4e7e8,2023-11-05,README.md
ant-design,fe59bb054d3c60162eb2d3a43f6283dc8f86db67,2023-11-03,CHANGELOG.en-US.md
ant-design,fe59bb054d3c60162eb2d3a43f6283dc8f86db67,2023-11-03,CHANGELOG.zh-CN.md
ant-design,7616c359f4c14182392b826a185343b4a3d89a50,2023-11-03,CHANGELOG.en-US.md
ant-design,7616c359f4c14182392b826a185343b4a3d89a50,2023-11-03,CHANGELOG.zh-CN.md
ant-design,768504d83fd0dce59fe56b81f2e7299c5c00d1f9,2023-10-30,CHANGELOG.en-US.md
ant-design,768504d83fd0dce59fe56b81f2e7299c5c00d1f9,2023-10-30,CHANGELOG.zh-CN.md
ant-design,3ed45d531e92db16f7837f03c8fa9313c432343e,2023-10-21,CHANGELOG.en-US.md
ant-design,3ed45d531e92db16f7837f03c8fa9313c432343e,2023-10-21,CHANGELOG.zh-CN.md
ant-design,efabab0c6779c9b26ac5bdbd27d9a967a8c31ea4,2023-10-20,CHANGELOG.en-US.md
ant-design,efabab0c6779c9b26ac5bdbd27d9a967a8c31ea4,2023-10-20,CHANGELOG.zh-CN.md
ant-design,bfa9addfce134f876eb0d06832330651dfa587e3,2023-10-15,CHANGELOG.en-US.md
ant-design,bfa9addfce134f876eb0d06832330651dfa587e3,2023-10-15,CHANGELOG.zh-CN.md
ant-design,d66737f83c4e517b533cfc3e37e1ea174b719dba,2023-10-10,CHANGELOG.en-US.md
ant-design,d66737f83c4e517b533cfc3e37e1ea174b719dba,2023-10-10,CHANGELOG.zh-CN.md
ant-design,716dcf611dc044913085ebe35620181cdb631bdf,2023-09-28,CHANGELOG.en-US.md
ant-design,716dcf611dc044913085ebe35620181cdb631bdf,2023-09-28,CHANGELOG.zh-CN.md
ant-design,55190b63608d23fd175b78bfb8931ce71dd2462e,2023-09-25,CHANGELOG.en-US.md
ant-design,55190b63608d23fd175b78bfb8931ce71dd2462e,2023-09-25,CHANGELOG.zh-CN.md
ant-design,687977445cab05eff9975941c4619c70df46c8fe,2023-09-25,CHANGELOG.en-US.md
ant-design,687977445cab05eff9975941c4619c70df46c8fe,2023-09-25,CHANGELOG.zh-CN.md
ant-design,2dcc2bfe40b8953529e444382764be9702e288d9,2023-09-19,CHANGELOG.en-US.md
ant-design,2dcc2bfe40b8953529e444382764be9702e288d9,2023-09-19,CHANGELOG.zh-CN.md
ant-design,9455ebec442141ecebc6c684c5b10f237bd6ec6e,2023-09-19,CHANGELOG.en-US.md
ant-design,9455ebec442141ecebc6c684c5b10f237bd6ec6e,2023-09-19,CHANGELOG.zh-CN.md
ant-design,cf753f69436c2eeb7418314c37fa4c48cd6eca78,2023-09-18,CHANGELOG.en-US.md
ant-design,cf753f69436c2eeb7418314c37fa4c48cd6eca78,2023-09-18,CHANGELOG.zh-CN.md
ant-design,622e4325bf17ace48f10dbc9c6cb537686b8dade,2023-09-15,CHANGELOG.en-US.md
ant-design,622e4325bf17ace48f10dbc9c6cb537686b8dade,2023-09-15,CHANGELOG.zh-CN.md
ant-design,584326be39201915cd0253659b6162247c856255,2023-09-08,CHANGELOG.en-US.md
ant-design,584326be39201915cd0253659b6162247c856255,2023-09-08,CHANGELOG.zh-CN.md
ant-design,5183e5d64adaefdd19b1f41b2b7547d325dbd7ec,2023-09-07,AUTHORS.txt
ant-design,5183e5d64adaefdd19b1f41b2b7547d325dbd7ec,2023-09-07,contributors.json
ant-design,002382c85f385a1ae0b728daf4ee815269614d7c,2023-09-05,README.md
ant-design,0f843cf1060a88c04294570d082391c2d397eff2,2023-09-04,CHANGELOG.zh-CN.md
ant-design,8099247df477b8dcded35d04e91069a91a67fea9,2023-09-02,CHANGELOG.en-US.md
ant-design,8099247df477b8dcded35d04e91069a91a67fea9,2023-09-02,CHANGELOG.zh-CN.md
ant-design,3f01f83b79a7af6b3b35aa84cc7be536e5d14450,2023-09-02,README.md
ant-design,9a2ef0e0da2843145c3ad20e55b63d03562bf7eb,2023-09-02,README.md
ant-design,bbbc3d9bd5c76510313442ab0fb45d1c4ba7cb12,2023-08-28,CHANGELOG.en-US.md
ant-design,bbbc3d9bd5c76510313442ab0fb45d1c4ba7cb12,2023-08-28,CHANGELOG.zh-CN.md
ant-design,8177c5235d5a09f0078bd202a248b107fa2f7658,2023-08-18,CHANGELOG.en-US.md
ant-design,8177c5235d5a09f0078bd202a248b107fa2f7658,2023-08-18,CHANGELOG.zh-CN.md
ant-design,8368458bf77f5cf8170ddf95167b07776ef79419,2023-08-11,CHANGELOG.en-US.md
ant-design,8368458bf77f5cf8170ddf95167b07776ef79419,2023-08-11,CHANGELOG.zh-CN.md
ant-design,d9c7a0cc827b5bed700e9e472e6ff6181fc03910,2023-08-04,CHANGELOG.en-US.md
ant-design,d9c7a0cc827b5bed700e9e472e6ff6181fc03910,2023-08-04,CHANGELOG.zh-CN.md
ant-design,1e6289d3221a6c44b55463f01a3eaa5b918fd372,2023-08-04,CHANGELOG.en-US.md
ant-design,1e6289d3221a6c44b55463f01a3eaa5b918fd372,2023-08-04,CHANGELOG.zh-CN.md
ant-design,d1421644c350f3765c7939603b8f2233bfc7962d,2023-08-03,README.md
ant-design,3fa4f76cd9b27c1c3f5b323ccd84e704d0d72b47,2023-08-03,CHANGELOG.en-US.md
ant-design,3fa4f76cd9b27c1c3f5b323ccd84e704d0d72b47,2023-08-03,CHANGELOG.zh-CN.md
ant-design,28051ebe913e68fb929d5691ff1a0a57e0b22afc,2023-08-03,CHANGELOG.en-US.md
ant-design,28051ebe913e68fb929d5691ff1a0a57e0b22afc,2023-08-03,CHANGELOG.zh-CN.md
ant-design,6ca1b6d529d50e39a9039a01d690297ef30e8605,2023-08-02,CHANGELOG.en-US.md
ant-design,6ca1b6d529d50e39a9039a01d690297ef30e8605,2023-08-02,CHANGELOG.zh-CN.md
ant-design,cdb8f3a4eb39ff82d6a3f480bca67b3548c4eb54,2023-08-02,CHANGELOG.en-US.md
ant-design,cdb8f3a4eb39ff82d6a3f480bca67b3548c4eb54,2023-08-02,CHANGELOG.zh-CN.md
ant-design,61176f57977851639fd967e8be5160882edcebc1,2023-08-01,CHANGELOG.en-US.md
ant-design,61176f57977851639fd967e8be5160882edcebc1,2023-08-01,CHANGELOG.zh-CN.md
ant-design,7c1d913f49d7a50c8c3b5f7bc1a562b8d154a960,2023-07-27,CHANGELOG.en-US.md
ant-design,2f520ca46e2d05a1a56753559df0aa7653008a41,2023-07-24,CHANGELOG.en-US.md
ant-design,2f520ca46e2d05a1a56753559df0aa7653008a41,2023-07-24,CHANGELOG.zh-CN.md
ant-design,484521e5469b81569986717f8c150e7724801c55,2023-07-24,AUTHORS.txt
ant-design,21c09090438fce0dfe8f82d04004b844938e482d,2023-07-23,AUTHORS.txt
ant-design,cd142be4a9c85f2a6267dc788e5f8da3c1b1d53d,2023-07-20,CHANGELOG.en-US.md
ant-design,cd142be4a9c85f2a6267dc788e5f8da3c1b1d53d,2023-07-20,CHANGELOG.zh-CN.md
ant-design,2285b5e87ed2ce803eaf339ae42d2a6c947a7ad1,2023-07-19,CHANGELOG.en-US.md
ant-design,2285b5e87ed2ce803eaf339ae42d2a6c947a7ad1,2023-07-19,CHANGELOG.zh-CN.md
ant-design,fac39eb822b2dd0f14ef0520068ba94caedc9f89,2023-07-18,CHANGELOG.en-US.md
ant-design,fac39eb822b2dd0f14ef0520068ba94caedc9f89,2023-07-18,CHANGELOG.zh-CN.md
ant-design,0691f4610ba3015027e1086d40f3acd2ef92f381,2023-07-18,CHANGELOG.en-US.md
ant-design,0691f4610ba3015027e1086d40f3acd2ef92f381,2023-07-18,CHANGELOG.zh-CN.md
ant-design,b24360e3f31fc537a3ec8ee2b80c0099caa658d6,2023-07-12,CHANGELOG.en-US.md
ant-design,b24360e3f31fc537a3ec8ee2b80c0099caa658d6,2023-07-12,CHANGELOG.zh-CN.md
ant-design,f5be891ccf70cb155295de9d105ced23f3878b84,2023-07-12,CHANGELOG.en-US.md
ant-design,f5be891ccf70cb155295de9d105ced23f3878b84,2023-07-12,CHANGELOG.zh-CN.md
ant-design,a5fa9e2742167480f77f27908c2949747e436ae2,2023-07-11,CHANGELOG.en-US.md
ant-design,a5fa9e2742167480f77f27908c2949747e436ae2,2023-07-11,CHANGELOG.zh-CN.md
ant-design,d5f5998a73b3357e4951ce1d50b97cfe48ff8fc1,2023-07-03,CHANGELOG.en-US.md
ant-design,d5f5998a73b3357e4951ce1d50b97cfe48ff8fc1,2023-07-03,CHANGELOG.zh-CN.md
ant-design,9b6bec18c3ebc604ddb672c92083e6490d0575c0,2023-06-25,CHANGELOG.en-US.md
ant-design,9b6bec18c3ebc604ddb672c92083e6490d0575c0,2023-06-25,CHANGELOG.zh-CN.md
ant-design,88ad66015b6d5262ab9eec5d16f17543bda97cb0,2023-06-20,README.md
ant-design,c3372d64035aace25e21a31cb6ce20045b4c6807,2023-06-19,CHANGELOG.en-US.md
ant-design,c3372d64035aace25e21a31cb6ce20045b4c6807,2023-06-19,CHANGELOG.zh-CN.md
ant-design,795002bb0e219cee8eee0e629a350ae5cce8bd8d,2023-06-08,CHANGELOG.zh-CN.md
ant-design,1a65a9b5cf2e568c4beec5f8274e1814530111b9,2023-06-07,CHANGELOG.en-US.md
ant-design,1a65a9b5cf2e568c4beec5f8274e1814530111b9,2023-06-07,CHANGELOG.zh-CN.md
ant-design,d36e30384b3db4dceee7f331462575d4aa97620a,2023-06-06,CHANGELOG.en-US.md
ant-design,d36e30384b3db4dceee7f331462575d4aa97620a,2023-06-06,CHANGELOG.zh-CN.md
ant-design,b955a96d620b96400b1444dcebcf45ebb948f53a,2023-05-30,CHANGELOG.en-US.md
ant-design,b955a96d620b96400b1444dcebcf45ebb948f53a,2023-05-30,CHANGELOG.zh-CN.md
ant-design,369b4cd16945cce2dedbb93d19b325ecd2855159,2023-05-22,CHANGELOG.en-US.md
ant-design,369b4cd16945cce2dedbb93d19b325ecd2855159,2023-05-22,CHANGELOG.zh-CN.md
ant-design,f41db013ceee638f2ab8d6e5da6f1d4aafb30e4a,2023-05-17,CHANGELOG.en-US.md
ant-design,f41db013ceee638f2ab8d6e5da6f1d4aafb30e4a,2023-05-17,CHANGELOG.zh-CN.md
ant-design,8222062056831b9e275579f6427548cf666592c2,2023-05-16,CHANGELOG.en-US.md
ant-design,8222062056831b9e275579f6427548cf666592c2,2023-05-16,CHANGELOG.zh-CN.md
ant-design,3fb12b9e6554556c12140ba83ff5bdab8fabd8b8,2023-05-16,CHANGELOG.en-US.md
ant-design,3fb12b9e6554556c12140ba83ff5bdab8fabd8b8,2023-05-16,CHANGELOG.zh-CN.md
ant-design,1a2906941f551028677379ba3c47fbe4e9969a2f,2023-05-15,CHANGELOG.en-US.md
ant-design,1a2906941f551028677379ba3c47fbe4e9969a2f,2023-05-15,CHANGELOG.zh-CN.md
ant-design,a8c3eb45f0fc6b584bda1954bc0a08cefb526b48,2023-05-06,CHANGELOG.en-US.md
ant-design,a8c3eb45f0fc6b584bda1954bc0a08cefb526b48,2023-05-06,CHANGELOG.zh-CN.md
ant-design,de1a73a6d6fa30bc71a352f9cb0529c90be04392,2023-04-28,AUTHORS.txt
ant-design,02d24c1ab05f8b2943ed9648cc3373b0c5ba9d30,2023-04-26,CHANGELOG.en-US.md
ant-design,02d24c1ab05f8b2943ed9648cc3373b0c5ba9d30,2023-04-26,CHANGELOG.zh-CN.md
ant-design,427e5e8454dcbe5bb794c0c48dea836f5734c9c5,2023-04-24,README.md
ant-design,54ad61b887bc0f6a2e5117fdc62b0d2b64720875,2023-04-23,CHANGELOG.en-US.md
ant-design,54ad61b887bc0f6a2e5117fdc62b0d2b64720875,2023-04-23,CHANGELOG.zh-CN.md
ant-design,cdb59685583087157b013834fa984af532d4a4d8,2023-04-20,CHANGELOG.en-US.md
ant-design,cdb59685583087157b013834fa984af532d4a4d8,2023-04-20,CHANGELOG.zh-CN.md
ant-design,d45f1f99798ab8bcc162f4dfe5e237ca2c618477,2023-04-19,CHANGELOG.zh-CN.md
ant-design,f556a54dd53202fb500c083efa4b53c3725b6e0a,2023-04-19,CHANGELOG.en-US.md
ant-design,f556a54dd53202fb500c083efa4b53c3725b6e0a,2023-04-19,CHANGELOG.zh-CN.md
ant-design,da83561f9cb57b0eb03d18543d96393689f799be,2023-04-12,CHANGELOG.en-US.md
ant-design,da83561f9cb57b0eb03d18543d96393689f799be,2023-04-12,CHANGELOG.zh-CN.md
ant-design,1474dc24d4f9ced6df5e2a1de48597acf035dd82,2023-04-11,CHANGELOG.en-US.md
ant-design,1474dc24d4f9ced6df5e2a1de48597acf035dd82,2023-04-11,CHANGELOG.zh-CN.md
ant-design,0106236e870bf82055b0088cd6d7460ef9eabadd,2023-04-11,CHANGELOG.en-US.md
ant-design,0106236e870bf82055b0088cd6d7460ef9eabadd,2023-04-11,CHANGELOG.zh-CN.md
ant-design,df459717e320009f1bd9fb7ddfd918b71163eddb,2023-04-03,CHANGELOG.en-US.md
ant-design,df459717e320009f1bd9fb7ddfd918b71163eddb,2023-04-03,CHANGELOG.zh-CN.md
ant-design,4ca35d887bae19873dfc09599f7c511451e91ef0,2023-03-29,.github/PULL_REQUEST_TEMPLATE.md
ant-design,158d1cc38c3afb4e6f439c62b58a55754340eff7,2023-03-28,CHANGELOG.en-US.md
ant-design,158d1cc38c3afb4e6f439c62b58a55754340eff7,2023-03-28,CHANGELOG.zh-CN.md
ant-design,822dec20a44d099e599747899d113ba6c0680c4b,2023-03-20,CHANGELOG.en-US.md
ant-design,822dec20a44d099e599747899d113ba6c0680c4b,2023-03-20,CHANGELOG.zh-CN.md
ant-design,d196c7a87b4806f605c4454b3b5948d65c76cf22,2023-03-14,README.md
ant-design,4dea745e4056891d5a110207a6ede26e21f8efc2,2023-03-13,CHANGELOG.en-US.md
ant-design,4dea745e4056891d5a110207a6ede26e21f8efc2,2023-03-13,CHANGELOG.zh-CN.md
ant-design,4660dd9ca7594b28a53935b74c5c7e85daadc5e1,2023-03-05,CHANGELOG.en-US.md
ant-design,4660dd9ca7594b28a53935b74c5c7e85daadc5e1,2023-03-05,CHANGELOG.zh-CN.md
ant-design,c3f7783a89447e88ae1c5d3168c82a97eeff57ad,2023-02-27,CHANGELOG.en-US.md
ant-design,c3f7783a89447e88ae1c5d3168c82a97eeff57ad,2023-02-27,CHANGELOG.zh-CN.md
ant-design,9f64386d0b4e57f1d67f330b219dd44524054b42,2023-02-21,.github/PULL_REQUEST_TEMPLATE.md
ant-design,8e93ae76d0673d4ff8ae439836d5f1988987ad1a,2023-02-19,CHANGELOG.en-US.md
ant-design,8e93ae76d0673d4ff8ae439836d5f1988987ad1a,2023-02-19,CHANGELOG.zh-CN.md
ant-design,f7232ebeb53b0eaf677ce938a4b9e046004d89de,2023-02-13,CHANGELOG.en-US.md
ant-design,0fed01f47bd69606e2bd74b53813f257ab4be837,2023-02-13,CHANGELOG.en-US.md
ant-design,0fed01f47bd69606e2bd74b53813f257ab4be837,2023-02-13,CHANGELOG.zh-CN.md
ant-design,2c6d9eaaf6797bf52ec9977dfe9205b43faaf6ef,2023-02-10,README.md
ant-design,6be7aa5eef466193218b8d63676332de8f92738e,2023-02-09,README.md
ant-design,2cd53e0ec50d5c77cdaa92e53760b7fef3695a22,2023-02-09,README.md
ant-design,8ecb4cdc607f93fed8fc786b50b22b6370d89936,2023-02-09,CHANGELOG.en-US.md
ant-design,8ecb4cdc607f93fed8fc786b50b22b6370d89936,2023-02-09,CHANGELOG.zh-CN.md
ant-design,8d8d93249c94eb95ebfc8c0ee7c9561d458ad5b6,2023-02-08,CHANGELOG.en-US.md
ant-design,8d8d93249c94eb95ebfc8c0ee7c9561d458ad5b6,2023-02-08,CHANGELOG.zh-CN.md
ant-design,3c977948ba0ac2ae155153e1910ceafd0c634ee7,2023-02-08,CHANGELOG.en-US.md
ant-design,3c977948ba0ac2ae155153e1910ceafd0c634ee7,2023-02-08,CHANGELOG.zh-CN.md
ant-design,b328974ad76c99628b5a57ac2939025a0217f7a7,2023-01-31,CHANGELOG.en-US.md
ant-design,b328974ad76c99628b5a57ac2939025a0217f7a7,2023-01-31,CHANGELOG.zh-CN.md
ant-design,57d99e06002327f830244c41729381df3219fea3,2023-01-25,AUTHORS.txt
ant-design,d80fa29d89857590b8af74fd461c8643da6b719e,2023-01-23,README.md
ant-design,54cc494b86ecc55cd4055bf5d9e132986e5435df,2023-01-20,CHANGELOG.en-US.md
ant-design,54cc494b86ecc55cd4055bf5d9e132986e5435df,2023-01-20,CHANGELOG.zh-CN.md
ant-design,bde9c6b9fb9f1b593d0cf04065e2a344d797639f,2023-01-16,README.md
ant-design,bedb41b0e8a3a59b8fe21707f67902b9f5a6d144,2023-01-15,CHANGELOG.en-US.md
ant-design,bedb41b0e8a3a59b8fe21707f67902b9f5a6d144,2023-01-15,CHANGELOG.zh-CN.md
ant-design,839e485a1607bb9f8d8087050384eaef668aef27,2023-01-11,README.md
ant-design,52478c78d343fe68e0d57376e8613a9fb06fcd00,2023-01-09,CHANGELOG.en-US.md
ant-design,52478c78d343fe68e0d57376e8613a9fb06fcd00,2023-01-09,CHANGELOG.zh-CN.md
ant-design,432a7cdac3b2b561fe59a7831e140760dc943c1e,2023-01-09,CHANGELOG.en-US.md
ant-design,432a7cdac3b2b561fe59a7831e140760dc943c1e,2023-01-09,CHANGELOG.zh-CN.md
ant-design,e23c5a4f9d0d9a2ce1d0435f277459a3d97d781f,2023-01-09,CHANGELOG.en-US.md
ant-design,e23c5a4f9d0d9a2ce1d0435f277459a3d97d781f,2023-01-09,CHANGELOG.zh-CN.md
ant-design,b4be0d00782bead4f30fb65462efa685d7c0eefd,2023-01-08,AUTHORS.txt
ant-design,7e67c84c3228c2166caa1f76b43da00479f92a01,2022-12-31,CHANGELOG.en-US.md
ant-design,7e67c84c3228c2166caa1f76b43da00479f92a01,2022-12-31,CHANGELOG.zh-CN.md
ant-design,b3710a9510157bcf2d9d5684dae5f360577290e6,2022-12-30,CHANGELOG.en-US.md
ant-design,b3710a9510157bcf2d9d5684dae5f360577290e6,2022-12-30,CHANGELOG.zh-CN.md
ant-design,5ea90df382ec57f8c6262cc389eb629b9e77ea71,2022-12-26,CHANGELOG.en-US.md
ant-design,5ea90df382ec57f8c6262cc389eb629b9e77ea71,2022-12-26,CHANGELOG.zh-CN.md
ant-design,2c39d28912c77e22936c98dcdae2166423802120,2022-12-25,README.md
ant-design,ea55af19792dff2de3185715210f0de485f469c1,2022-12-20,CHANGELOG.en-US.md
ant-design,ea55af19792dff2de3185715210f0de485f469c1,2022-12-20,CHANGELOG.zh-CN.md
ant-design,536b8f8cd985dedb4419817b6430ada0494ce44e,2022-12-20,README.md
ant-design,254e0a9bdcd5c4a21e49631787cffbece33111e2,2022-12-19,AUTHORS.txt
ant-design,ba932fbe7b94ccb259ab5a769e0fa877a5c010c5,2022-12-13,CHANGELOG.en-US.md
ant-design,ba932fbe7b94ccb259ab5a769e0fa877a5c010c5,2022-12-13,CHANGELOG.zh-CN.md
ant-design,cd7f38b42a39971411f3f42c84d792ba8896645c,2022-12-12,CHANGELOG.zh-CN.md
ant-design,62d67bc5ed018dc885c22c8f3d53b84843fe0c01,2022-12-12,CHANGELOG.en-US.md
ant-design,62d67bc5ed018dc885c22c8f3d53b84843fe0c01,2022-12-12,CHANGELOG.zh-CN.md
ant-design,2c1bafb82a11f3e905b68af5e4f76ff3841de708,2022-12-08,CHANGELOG.en-US.md
ant-design,2c1bafb82a11f3e905b68af5e4f76ff3841de708,2022-12-08,CHANGELOG.zh-CN.md
ant-design,122b3f1041039ed22297fbe330c7dbde376acfde,2022-12-07,.github/PULL_REQUEST_TEMPLATE.md
ant-design,1f8c0476d2c8bc7abbe8bf8fe8600b929f50721e,2022-12-05,CHANGELOG.en-US.md
ant-design,1f8c0476d2c8bc7abbe8bf8fe8600b929f50721e,2022-12-05,CHANGELOG.zh-CN.md
ant-design,b85be0195df4ac1d5923e5ed1577d420071b5cf1,2022-11-30,CHANGELOG.en-US.md
ant-design,b85be0195df4ac1d5923e5ed1577d420071b5cf1,2022-11-30,CHANGELOG.zh-CN.md
ant-design,38e413e6004550b9afb37e9fd5c882ea41cb56af,2022-11-27,CHANGELOG.en-US.md
ant-design,f118a3f5d2a4a050b1fa1af72c663440b6779a5c,2022-11-27,CHANGELOG.en-US.md
ant-design,f118a3f5d2a4a050b1fa1af72c663440b6779a5c,2022-11-27,CHANGELOG.zh-CN.md
ant-design,be9c46ccace72c20c18a8a4db44d3a51f41e2ceb,2022-11-24,CHANGELOG.en-US.md
ant-design,be9c46ccace72c20c18a8a4db44d3a51f41e2ceb,2022-11-24,CHANGELOG.zh-CN.md
ant-design,57f99164be7a6c88785eb3f86ec7b1ef80491409,2022-11-22,CHANGELOG.en-US.md
ant-design,57f99164be7a6c88785eb3f86ec7b1ef80491409,2022-11-22,CHANGELOG.zh-CN.md
ant-design,540dc5e0a942eb2ff17f6a803e3c982866257af0,2022-11-22,CHANGELOG.zh-CN.md
ant-design,a7d8b14f0f7cdba988c451c434bb86c886e6d81d,2022-11-22,CHANGELOG.en-US.md
ant-design,a7d8b14f0f7cdba988c451c434bb86c886e6d81d,2022-11-22,CHANGELOG.zh-CN.md
ant-design,318444897c40a075c6b03aa25be1b5b5f3f7dd5f,2022-11-19,README.md
ant-design,68b1062ef1a6694cfab755ec8523293f7affc251,2022-11-19,CHANGELOG.en-US.md
ant-design,e6016632d57649e2ccdf154b24072d3e5913e2ea,2022-11-18,CHANGELOG.en-US.md
ant-design,e6016632d57649e2ccdf154b24072d3e5913e2ea,2022-11-18,CHANGELOG.zh-CN.md
ant-design,598b5223fdefe12fcc9f30b2fba10ae30ce9d23a,2022-11-18,README.md
ant-design,73139eb5afe84432e34edda76f96a553f2457dbb,2022-11-18,CHANGELOG.en-US.md
ant-design,73139eb5afe84432e34edda76f96a553f2457dbb,2022-11-18,CHANGELOG.zh-CN.md
ant-design,3639697ba4e174925753526f9822da1a390b73ea,2022-11-17,README.md
ant-design,319b3966c4396ec4373b3822f1396cc75f2dabe4,2022-11-16,README.md
ant-design,fb473b3f1039798927cc12e67667fc2e747513c7,2022-11-16,README.md
ant-design,d8a4c1ad04dafb04db90ff24d9ed2096e62ad10a,2022-11-15,CHANGELOG.zh-CN.md
ant-design,fd9d689cda65a029da3a6f59abd7ef20698638b0,2022-11-12,CHANGELOG.en-US.md
ant-design,fd9d689cda65a029da3a6f59abd7ef20698638b0,2022-11-12,CHANGELOG.zh-CN.md
ant-design,8a42af39a2582d14be19331114bb6ce341ca224c,2022-11-04,CHANGELOG.en-US.md
ant-design,8a42af39a2582d14be19331114bb6ce341ca224c,2022-11-04,CHANGELOG.zh-CN.md
ant-design,4c8bcaa5fd9e4771371d4da655fe66b20d01dd9b,2022-11-01,CHANGELOG.en-US.md
ant-design,4c8bcaa5fd9e4771371d4da655fe66b20d01dd9b,2022-11-01,CHANGELOG.zh-CN.md
ant-design,2c8990773b071fdf18869d46abf8251b6a16a691,2022-10-26,AUTHORS.txt
ant-design,7e707661939e0843c9ac7f36be490ad359340123,2022-10-17,CHANGELOG.en-US.md
ant-design,7e707661939e0843c9ac7f36be490ad359340123,2022-10-17,CHANGELOG.zh-CN.md
ant-design,975def492b97a2fc5c1e1fc9eda7f1984b93bb4b,2022-10-10,CHANGELOG.en-US.md
ant-design,975def492b97a2fc5c1e1fc9eda7f1984b93bb4b,2022-10-10,CHANGELOG.zh-CN.md
ant-design,51c88e9fd7834cb18dcd19c73261a1632dfbae16,2022-10-02,CHANGELOG.en-US.md
ant-design,51c88e9fd7834cb18dcd19c73261a1632dfbae16,2022-10-02,CHANGELOG.zh-CN.md
ant-design,e47e418c09b9a7cf5c020c55e9582652a08c19db,2022-10-01,CHANGELOG.en-US.md
ant-design,f86a5c79ecc76e9d87b2a9fd93a8e363a06dc730,2022-09-30,.github/PULL_REQUEST_TEMPLATE.md
ant-design,069e44bcc395a227e06e207cb9040056f997ee7e,2022-09-28,CHANGELOG.en-US.md
ant-design,069e44bcc395a227e06e207cb9040056f997ee7e,2022-09-28,CHANGELOG.zh-CN.md
ant-design,c06a721c619518fa0770e8e8e0f6a5df0dc17e9d,2022-09-27,CHANGELOG.en-US.md
ant-design,c06a721c619518fa0770e8e8e0f6a5df0dc17e9d,2022-09-27,CHANGELOG.zh-CN.md
ant-design,4293dfa24c94ec197b41499e1696413cc24b7090,2022-09-27,CHANGELOG.en-US.md
ant-design,4293dfa24c94ec197b41499e1696413cc24b7090,2022-09-27,CHANGELOG.zh-CN.md
ant-design,668aa3a8627c659fc6c3d5a99b18b87318dfa0c0,2022-09-27,CHANGELOG.en-US.md
ant-design,668aa3a8627c659fc6c3d5a99b18b87318dfa0c0,2022-09-27,CHANGELOG.zh-CN.md
ant-design,48dfe20b559a08772a7b1376292ea398ec3bf6d8,2022-09-17,CHANGELOG.en-US.md
ant-design,48dfe20b559a08772a7b1376292ea398ec3bf6d8,2022-09-17,CHANGELOG.zh-CN.md
ant-design,f082155c3d524eb6cc001b76a6ec80b9799cbadf,2022-09-09,CHANGELOG.en-US.md
ant-design,f082155c3d524eb6cc001b76a6ec80b9799cbadf,2022-09-09,CHANGELOG.zh-CN.md
ant-design,05ef36ee3681a0896862755e61821f07fbc4574a,2022-09-08,CHANGELOG.en-US.md
ant-design,05ef36ee3681a0896862755e61821f07fbc4574a,2022-09-08,CHANGELOG.zh-CN.md
ant-design,00a53e86485c5d1254cd49ebd4024b2f37793a9f,2022-09-06,CHANGELOG.en-US.md
ant-design,00a53e86485c5d1254cd49ebd4024b2f37793a9f,2022-09-06,CHANGELOG.zh-CN.md
ant-design,3b5c2f5d8a89ad0c94f3ad947755c6e4c97621c9,2022-09-04,CHANGELOG.en-US.md
ant-design,3b5c2f5d8a89ad0c94f3ad947755c6e4c97621c9,2022-09-04,CHANGELOG.zh-CN.md
ant-design,b8501c4ca2bbd8b73a18993b15a21428c047867d,2022-09-04,CHANGELOG.en-US.md
ant-design,b8501c4ca2bbd8b73a18993b15a21428c047867d,2022-09-04,CHANGELOG.zh-CN.md
ant-design,8ebb36a0ced18b6c8f0d7091a9834263281a7d98,2022-08-26,CHANGELOG.en-US.md
ant-design,8ebb36a0ced18b6c8f0d7091a9834263281a7d98,2022-08-26,CHANGELOG.zh-CN.md
ant-design,0868bff4d116296f4b44790d6b62d99e5a738766,2022-08-21,CHANGELOG.en-US.md
ant-design,0868bff4d116296f4b44790d6b62d99e5a738766,2022-08-21,CHANGELOG.zh-CN.md
ant-design,03dcaf740cc805c8a2a261e236c006ecbe7a838b,2022-08-17,CHANGELOG.en-US.md
ant-design,03dcaf740cc805c8a2a261e236c006ecbe7a838b,2022-08-17,CHANGELOG.zh-CN.md
ant-design,cbb8b284300a05a38d3492975d42da217196a408,2022-08-15,CHANGELOG.en-US.md
ant-design,cbb8b284300a05a38d3492975d42da217196a408,2022-08-15,CHANGELOG.zh-CN.md
ant-design,019666e57cef4c453f366f9934c09652463283e0,2022-08-08,CHANGELOG.en-US.md
ant-design,019666e57cef4c453f366f9934c09652463283e0,2022-08-08,CHANGELOG.zh-CN.md
ant-design,3b176a94933b75883f7f5f245bc647238e98bcbd,2022-08-08,CHANGELOG.en-US.md
ant-design,f8cb6eb05ec1a62e8bb94411377002df5aa34641,2022-08-08,CHANGELOG.en-US.md
ant-design,f8cb6eb05ec1a62e8bb94411377002df5aa34641,2022-08-08,CHANGELOG.zh-CN.md
ant-design,a09377f46d81e46622a1308404cd3760d115e1d1,2022-08-01,CHANGELOG.en-US.md
ant-design,a09377f46d81e46622a1308404cd3760d115e1d1,2022-08-01,CHANGELOG.zh-CN.md
ant-design,9a308bb2af7aa0b229ee775378bfb37debd3d1a7,2022-07-28,CHANGELOG.en-US.md
ant-design,9a308bb2af7aa0b229ee775378bfb37debd3d1a7,2022-07-28,CHANGELOG.zh-CN.md
ant-design,c231e139cdfd83842e47d48831fc8f7efcb276d1,2022-07-27,CHANGELOG.en-US.md
ant-design,c231e139cdfd83842e47d48831fc8f7efcb276d1,2022-07-27,CHANGELOG.zh-CN.md
ant-design,64a60e6eace802b8d8350350f0d8ac72fc0f7c77,2022-07-26,CHANGELOG.en-US.md
ant-design,64a60e6eace802b8d8350350f0d8ac72fc0f7c77,2022-07-26,CHANGELOG.zh-CN.md
ant-design,78bc4a353798ddbc7a7556c9dd56aa5ca1fe018b,2022-07-26,.github/PULL_REQUEST_TEMPLATE.md
ant-design,10b153f65de6eb5a18107a3c88db18c8aaeade07,2022-07-18,CHANGELOG.en-US.md
ant-design,10b153f65de6eb5a18107a3c88db18c8aaeade07,2022-07-18,CHANGELOG.zh-CN.md
ant-design,20b3f20f5f3efe42d7e8bf0db93d5616bf2895fd,2022-07-11,CHANGELOG.en-US.md
ant-design,20b3f20f5f3efe42d7e8bf0db93d5616bf2895fd,2022-07-11,CHANGELOG.zh-CN.md
ant-design,8e27cf986fa0878b98566b444b3f7cac6e0ac9dd,2022-07-05,CHANGELOG.en-US.md
ant-design,62313099bcd4d3b0c00dda4210717a3639c3dfb4,2022-07-03,CHANGELOG.en-US.md
ant-design,62313099bcd4d3b0c00dda4210717a3639c3dfb4,2022-07-03,CHANGELOG.zh-CN.md
ant-design,2d233fb1472dd27a95c1c83b7ea39e10bfe8610b,2022-06-27,CHANGELOG.en-US.md
ant-design,2d233fb1472dd27a95c1c83b7ea39e10bfe8610b,2022-06-27,CHANGELOG.zh-CN.md
ant-design,ad45f6c18516674493bd2a6343e98c0288ba4d8c,2022-06-17,CHANGELOG.en-US.md
ant-design,ad45f6c18516674493bd2a6343e98c0288ba4d8c,2022-06-17,CHANGELOG.zh-CN.md
ant-design,25e1d1bc77c4be6ef2a3bb00917b9b6b03893407,2022-06-14,CHANGELOG.en-US.md
ant-design,25e1d1bc77c4be6ef2a3bb00917b9b6b03893407,2022-06-14,CHANGELOG.zh-CN.md
ant-design,250497acd1484cb437165c45ca71bb8c70c321d6,2022-06-13,CHANGELOG.en-US.md
ant-design,250497acd1484cb437165c45ca71bb8c70c321d6,2022-06-13,CHANGELOG.zh-CN.md
ant-design,eafe3fce42367e1ed0616a3d1f57bbb185145f94,2022-06-07,CHANGELOG.zh-CN.md
ant-design,e56abdf92e911c61d97c3db5829a369c9d1d44ef,2022-06-06,CHANGELOG.en-US.md
ant-design,e56abdf92e911c61d97c3db5829a369c9d1d44ef,2022-06-06,CHANGELOG.zh-CN.md
ant-design,c22fce2a39f346a503cfa10e6e0d4fec4a402e34,2022-06-06,CHANGELOG.en-US.md
ant-design,c22fce2a39f346a503cfa10e6e0d4fec4a402e34,2022-06-06,CHANGELOG.zh-CN.md
ant-design,336fef0f8ab51df61eebea3e0ba24d8af34dc143,2022-05-30,CHANGELOG.en-US.md
ant-design,336fef0f8ab51df61eebea3e0ba24d8af34dc143,2022-05-30,CHANGELOG.zh-CN.md
ant-design,e27aaeb3d215f8b19d0735f26e1d67be7867a696,2022-05-22,CHANGELOG.en-US.md
ant-design,e27aaeb3d215f8b19d0735f26e1d67be7867a696,2022-05-22,CHANGELOG.zh-CN.md
ant-design,c92e50833363d5cfd28a52923e9db827178292bc,2022-05-18,CHANGELOG.zh-CN.md
ant-design,a909fbb7e76ee703e04c89de0ae03f7defd2379d,2022-05-16,CHANGELOG.en-US.md
ant-design,a909fbb7e76ee703e04c89de0ae03f7defd2379d,2022-05-16,CHANGELOG.zh-CN.md
ant-design,2631855b4ea4a34e42b978fd41134d1a23743ca3,2022-05-15,CHANGELOG.en-US.md
ant-design,2631855b4ea4a34e42b978fd41134d1a23743ca3,2022-05-15,CHANGELOG.zh-CN.md
ant-design,fbdcbc70277fca21cfffee20e4c2dcba823ce08c,2022-05-11,CHANGELOG.en-US.md
ant-design,fbdcbc70277fca21cfffee20e4c2dcba823ce08c,2022-05-11,CHANGELOG.zh-CN.md
ant-design,be982e164a0c47c0c07d3657da595defb716e714,2022-05-08,CHANGELOG.en-US.md
ant-design,be982e164a0c47c0c07d3657da595defb716e714,2022-05-08,CHANGELOG.zh-CN.md
ant-design,c5ddb0098a7276e82af2857ad8b78ecedadc1a52,2022-04-30,CHANGELOG.en-US.md
ant-design,c5ddb0098a7276e82af2857ad8b78ecedadc1a52,2022-04-30,CHANGELOG.zh-CN.md
ant-design,609d5762989548577b83e1b240589f7224b60ddf,2022-04-30,CHANGELOG.en-US.md
ant-design,609d5762989548577b83e1b240589f7224b60ddf,2022-04-30,CHANGELOG.zh-CN.md
ant-design,8a36abcc17cf3d87f6719e71375426a4e3bd9272,2022-04-26,CHANGELOG.en-US.md
ant-design,8a36abcc17cf3d87f6719e71375426a4e3bd9272,2022-04-26,CHANGELOG.zh-CN.md
ant-design,43d2265ba2166a5f3410512cb1eeab33af899743,2022-04-24,CHANGELOG.en-US.md
ant-design,43d2265ba2166a5f3410512cb1eeab33af899743,2022-04-24,CHANGELOG.zh-CN.md
ant-design,3467c36a9a2a099c99b8c41081952d35e4c5b148,2022-04-24,CHANGELOG.en-US.md
ant-design,3467c36a9a2a099c99b8c41081952d35e4c5b148,2022-04-24,CHANGELOG.zh-CN.md
ant-design,59c7c3704da343ad7286417c3d0a9aaf84683ca9,2022-04-24,CHANGELOG.en-US.md
ant-design,59c7c3704da343ad7286417c3d0a9aaf84683ca9,2022-04-24,CHANGELOG.zh-CN.md
ant-design,da85ed492dddde29d9a79630c0d4b2d71dad8941,2022-04-24,CHANGELOG.en-US.md
ant-design,da85ed492dddde29d9a79630c0d4b2d71dad8941,2022-04-24,CHANGELOG.zh-CN.md
ant-design,2a35bea65da32c34e642af71804780974e137f91,2022-04-18,CHANGELOG.en-US.md
ant-design,2a35bea65da32c34e642af71804780974e137f91,2022-04-18,CHANGELOG.zh-CN.md
ant-design,805759e4cab0c957d09ffdb0932c37518dccb2b8,2022-04-18,CHANGELOG.en-US.md
ant-design,805759e4cab0c957d09ffdb0932c37518dccb2b8,2022-04-18,CHANGELOG.zh-CN.md
ant-design,35a943d95b20890d56b75708e4dee8dbcf713b20,2022-04-14,AUTHORS.txt
ant-design,1cd911c57c856c6d566924c6af941438110ae012,2022-04-12,CHANGELOG.en-US.md
ant-design,1cd911c57c856c6d566924c6af941438110ae012,2022-04-12,CHANGELOG.zh-CN.md
ant-design,11d09f80dec12b845a629e9c0493e3dd0b5053ec,2022-04-02,CHANGELOG.en-US.md
ant-design,11d09f80dec12b845a629e9c0493e3dd0b5053ec,2022-04-02,CHANGELOG.zh-CN.md
ant-design,1e06f6cdc7d81a7fc450ea82f7df756e7cba187f,2022-04-01,CHANGELOG.en-US.md
ant-design,1e06f6cdc7d81a7fc450ea82f7df756e7cba187f,2022-04-01,CHANGELOG.zh-CN.md
ant-design,4491592d0dce51c4628377ebf0b13ecd6138b2e0,2022-03-27,CHANGELOG.en-US.md
ant-design,4491592d0dce51c4628377ebf0b13ecd6138b2e0,2022-03-27,CHANGELOG.zh-CN.md
ant-design,99056a77d86178eed7d92d7c5de5b48661005d5d,2022-03-23,README.md
ant-design,8bb11e6d1204f66ec9fa01d034ba73300bafa796,2022-03-21,CHANGELOG.en-US.md
ant-design,8bb11e6d1204f66ec9fa01d034ba73300bafa796,2022-03-21,CHANGELOG.zh-CN.md
ant-design,491178cca93b2ec065eebaf680af66cf20bf94d3,2022-03-21,CHANGELOG.en-US.md
ant-design,491178cca93b2ec065eebaf680af66cf20bf94d3,2022-03-21,CHANGELOG.zh-CN.md
ant-design,1963dfd64825b131793725172a1fc79aa8f8e4b5,2022-03-16,CHANGELOG.zh-CN.md
ant-design,01dceec0c7ddc75d5cee24a98046a5cfa8f26e69,2022-03-13,CHANGELOG.en-US.md
ant-design,01dceec0c7ddc75d5cee24a98046a5cfa8f26e69,2022-03-13,CHANGELOG.zh-CN.md
ant-design,abed625380bf8378d05729ab7bf1388f1b22c9a3,2022-03-08,CHANGELOG.en-US.md
ant-design,abed625380bf8378d05729ab7bf1388f1b22c9a3,2022-03-08,CHANGELOG.zh-CN.md
ant-design,cea2663b6ca4c7da3566f0c4d58cefd6e1505bae,2022-03-08,CHANGELOG.en-US.md
ant-design,cea2663b6ca4c7da3566f0c4d58cefd6e1505bae,2022-03-08,CHANGELOG.zh-CN.md
ant-design,ae77463db4cee1006fe7b4bfe2d10a567e3f4249,2022-03-08,CHANGELOG.en-US.md
ant-design,ae77463db4cee1006fe7b4bfe2d10a567e3f4249,2022-03-08,CHANGELOG.zh-CN.md
ant-design,4678534c59ed7cc9616456e523d093b3998bc60d,2022-02-28,CHANGELOG.en-US.md
ant-design,4678534c59ed7cc9616456e523d093b3998bc60d,2022-02-28,CHANGELOG.zh-CN.md
ant-design,6628d8ba3da586498fc6ff0a6a1dd8bf5c6dc108,2022-02-21,CHANGELOG.en-US.md
ant-design,6628d8ba3da586498fc6ff0a6a1dd8bf5c6dc108,2022-02-21,CHANGELOG.zh-CN.md
ant-design,2261e6515fee88c90330cd842d2a4a4f741e0288,2022-02-15,CHANGELOG.en-US.md
ant-design,2261e6515fee88c90330cd842d2a4a4f741e0288,2022-02-15,CHANGELOG.zh-CN.md
ant-design,7517611c9e676d1d12bfeceda0c71d91920045d0,2022-02-14,CHANGELOG.en-US.md
ant-design,7517611c9e676d1d12bfeceda0c71d91920045d0,2022-02-14,CHANGELOG.zh-CN.md
ant-design,d4ad8ce59d134fa7bb0c7380496c74618fe29c7e,2022-02-10,CHANGELOG.en-US.md
ant-design,d4ad8ce59d134fa7bb0c7380496c74618fe29c7e,2022-02-10,CHANGELOG.zh-CN.md
ant-design,6b391bac748e1e9482c4dcdb5d814c398845e508,2022-02-07,CHANGELOG.en-US.md
ant-design,6b391bac748e1e9482c4dcdb5d814c398845e508,2022-02-07,CHANGELOG.zh-CN.md
ant-design,8217c544da8b7450bad1b412358037a3e8304999,2022-01-24,CHANGELOG.en-US.md
ant-design,8217c544da8b7450bad1b412358037a3e8304999,2022-01-24,CHANGELOG.zh-CN.md
ant-design,ccd71583b7accff80bd6df6fb143362db80aeea4,2022-01-18,CHANGELOG.en-US.md
ant-design,ccd71583b7accff80bd6df6fb143362db80aeea4,2022-01-18,CHANGELOG.zh-CN.md
ant-design,35aaa4996820af97265586f79dd2048c1516357c,2022-01-11,CHANGELOG.en-US.md
ant-design,35aaa4996820af97265586f79dd2048c1516357c,2022-01-11,CHANGELOG.zh-CN.md
ant-design,98b2df4175f41bc5b43f5400a205875d43fa98f9,2022-01-11,CHANGELOG.en-US.md
ant-design,98b2df4175f41bc5b43f5400a205875d43fa98f9,2022-01-11,CHANGELOG.zh-CN.md
ant-design,b18c09cf32c80dca63533fc931925ea50d2e0d0c,2022-01-10,CHANGELOG.en-US.md
ant-design,b18c09cf32c80dca63533fc931925ea50d2e0d0c,2022-01-10,CHANGELOG.zh-CN.md
ant-design,e94f46720976ccafb9e9699971ed1b60a90553f9,2021-12-30,CHANGELOG.en-US.md
ant-design,e94f46720976ccafb9e9699971ed1b60a90553f9,2021-12-30,CHANGELOG.zh-CN.md
ant-design,150bd23d5322ed565486f26648cf858b9cf79212,2021-12-30,CHANGELOG.zh-CN.md
ant-design,fb59bd2a47062a1918bb86a02c6058c4a51733b8,2021-12-30,CHANGELOG.en-US.md
ant-design,fb59bd2a47062a1918bb86a02c6058c4a51733b8,2021-12-30,CHANGELOG.zh-CN.md
ant-design,3913fd51fbd18eeab1c8f6a724bfb4c7e1396e99,2021-12-29,CHANGELOG.en-US.md
ant-design,3913fd51fbd18eeab1c8f6a724bfb4c7e1396e99,2021-12-29,CHANGELOG.zh-CN.md
ant-design,80389747c70cb510f9d7c6e98eca03c1651dc784,2021-12-28,CHANGELOG.en-US.md
ant-design,80389747c70cb510f9d7c6e98eca03c1651dc784,2021-12-28,CHANGELOG.zh-CN.md
ant-design,41ac1f0c1abfc1505187dafae893a69489602946,2021-12-27,CHANGELOG.en-US.md
ant-design,41ac1f0c1abfc1505187dafae893a69489602946,2021-12-27,CHANGELOG.zh-CN.md
ant-design,5aecc1b2081ba86b7196c58106ab573c6c60496a,2021-12-21,CHANGELOG.en-US.md
ant-design,5aecc1b2081ba86b7196c58106ab573c6c60496a,2021-12-21,CHANGELOG.zh-CN.md
ant-design,8135ef04dfd27a3a52f712ff9edc1b18ab0f33b4,2021-12-20,CHANGELOG.en-US.md
ant-design,8135ef04dfd27a3a52f712ff9edc1b18ab0f33b4,2021-12-20,CHANGELOG.zh-CN.md
ant-design,4f929081d6988b82f91f58416b4e9baf45f156d2,2021-12-12,README.md
ant-design,6ea37b560cbdc59c14ac46b8dc38482ee49546fe,2021-12-08,CHANGELOG.en-US.md
ant-design,6ea37b560cbdc59c14ac46b8dc38482ee49546fe,2021-12-08,CHANGELOG.zh-CN.md
ant-design,2ab4e565d610adc985bbe583183ac528e36bae38,2021-11-26,CHANGELOG.en-US.md
ant-design,2ab4e565d610adc985bbe583183ac528e36bae38,2021-11-26,CHANGELOG.zh-CN.md
ant-design,c8cddc14b22c8137463dd00151664c44b54cf84f,2021-11-22,CHANGELOG.en-US.md
ant-design,c8cddc14b22c8137463dd00151664c44b54cf84f,2021-11-22,CHANGELOG.zh-CN.md
ant-design,870b72af8822d78f3723eaa4ce0e218699eff3be,2021-11-15,CHANGELOG.en-US.md
ant-design,870b72af8822d78f3723eaa4ce0e218699eff3be,2021-11-15,CHANGELOG.zh-CN.md
ant-design,cf15379d2215743d30b1b6f6556fc747a43bd0e0,2021-11-08,CHANGELOG.en-US.md
ant-design,cf15379d2215743d30b1b6f6556fc747a43bd0e0,2021-11-08,CHANGELOG.zh-CN.md
ant-design,6d06f40a583c990a006d62a74c424aed46195b4b,2021-10-31,CHANGELOG.en-US.md
ant-design,6d06f40a583c990a006d62a74c424aed46195b4b,2021-10-31,CHANGELOG.zh-CN.md
ant-design,f08b6cdd1a58119e4145f0ea6bbe0de7096c6530,2021-10-25,CHANGELOG.en-US.md
ant-design,f08b6cdd1a58119e4145f0ea6bbe0de7096c6530,2021-10-25,CHANGELOG.zh-CN.md
ant-design,f32b44c394a74d8b59d44959794c875fc7fdc8b0,2021-10-18,CHANGELOG.en-US.md
ant-design,f32b44c394a74d8b59d44959794c875fc7fdc8b0,2021-10-18,CHANGELOG.zh-CN.md
ant-design,94b21979e056499f160d6f638f0cacf483bef9cc,2021-10-15,README.md
ant-design,811ac36405eca393a68f458d0472f7ace9ba90ef,2021-10-14,README.md
ant-design,0163fdf6fc9d6982465b9e248923857a8cbbdea1,2021-10-14,CHANGELOG.en-US.md
ant-design,0163fdf6fc9d6982465b9e248923857a8cbbdea1,2021-10-14,CHANGELOG.zh-CN.md
ant-design,06a34ca23536bdc7f41f12efa3c0286b8bb773c1,2021-10-11,CHANGELOG.en-US.md
ant-design,06a34ca23536bdc7f41f12efa3c0286b8bb773c1,2021-10-11,CHANGELOG.zh-CN.md
ant-design,6edcb6e6198f01e7728ee44e687fffdbd677b00a,2021-10-08,README.md
ant-design,76816fafa713416275cd73970a3fd7bc1c837ca9,2021-10-08,README.md
ant-design,699808f8a7f32cfbff13239d2f05f7963d58f9f5,2021-09-30,CHANGELOG.en-US.md
ant-design,699808f8a7f32cfbff13239d2f05f7963d58f9f5,2021-09-30,CHANGELOG.zh-CN.md
ant-design,46368874c2fec165f8656f0dcf7416b6bf064574,2021-09-25,CHANGELOG.en-US.md
ant-design,46368874c2fec165f8656f0dcf7416b6bf064574,2021-09-25,CHANGELOG.zh-CN.md
ant-design,0e3171cc52ea31c231c71f1e2f3345359515ea51,2021-09-14,CHANGELOG.en-US.md
ant-design,0e3171cc52ea31c231c71f1e2f3345359515ea51,2021-09-14,CHANGELOG.zh-CN.md
ant-design,94e3e50cf1415c0d1628bf8684533b88cb02a5bc,2021-09-13,CHANGELOG.zh-CN.md
ant-design,d3a070ceaf105b28bbb60b4ec634cb0d764b9036,2021-09-07,CHANGELOG.en-US.md
ant-design,d3a070ceaf105b28bbb60b4ec634cb0d764b9036,2021-09-07,CHANGELOG.zh-CN.md
ant-design,cd03e80c4b825e639b25790ccd539a0b377bcb97,2021-09-06,CHANGELOG.en-US.md
ant-design,cd03e80c4b825e639b25790ccd539a0b377bcb97,2021-09-06,CHANGELOG.zh-CN.md
ant-design,ff6bf731734c32f652393b3a0252a8196e827162,2021-09-01,CHANGELOG.en-US.md
ant-design,ff6bf731734c32f652393b3a0252a8196e827162,2021-09-01,CHANGELOG.zh-CN.md
ant-design,93dd93bf455c733be9a62ddc2933a47482386506,2021-09-01,CHANGELOG.en-US.md
ant-design,93dd93bf455c733be9a62ddc2933a47482386506,2021-09-01,CHANGELOG.zh-CN.md
ant-design,51761c2118bfc825ccfb3a59ff9e28a34a81d587,2021-08-23,CHANGELOG.en-US.md
ant-design,51761c2118bfc825ccfb3a59ff9e28a34a81d587,2021-08-23,CHANGELOG.zh-CN.md
ant-design,ccb7ee6a19b681c7e3a47a9bad32121b1756d1a0,2021-08-16,CHANGELOG.en-US.md
ant-design,cc2d8a485a81be30d499f72ac45675701516d910,2021-08-16,CHANGELOG.en-US.md
ant-design,cc2d8a485a81be30d499f72ac45675701516d910,2021-08-16,CHANGELOG.zh-CN.md
ant-design,70846547315af39afc0c9e5fb5c67ad2cae32bbc,2021-08-08,CHANGELOG.en-US.md
ant-design,70846547315af39afc0c9e5fb5c67ad2cae32bbc,2021-08-08,CHANGELOG.zh-CN.md
ant-design,07629f58d6c6d831908454e8c684d1d9108a4f8f,2021-08-02,CHANGELOG.en-US.md
ant-design,07629f58d6c6d831908454e8c684d1d9108a4f8f,2021-08-02,CHANGELOG.zh-CN.md
ant-design,38e9d309f45248d0e7d501928d81100dc913d22f,2021-08-02,CHANGELOG.en-US.md
ant-design,38e9d309f45248d0e7d501928d81100dc913d22f,2021-08-02,CHANGELOG.zh-CN.md
ant-design,4a9f82e2890b772eed786cc5b54ae6018e50c6aa,2021-07-26,CHANGELOG.en-US.md
ant-design,4a9f82e2890b772eed786cc5b54ae6018e50c6aa,2021-07-26,CHANGELOG.zh-CN.md
ant-design,c7e0cda3930126dc8201d9b8bd48ae62d8775991,2021-07-25,CHANGELOG.en-US.md
ant-design,c7e0cda3930126dc8201d9b8bd48ae62d8775991,2021-07-25,CHANGELOG.zh-CN.md
ant-design,53dc158390d022406819f3f14f644adb93089cde,2021-07-19,CHANGELOG.en-US.md
ant-design,53dc158390d022406819f3f14f644adb93089cde,2021-07-19,CHANGELOG.zh-CN.md
ant-design,802201913ce9a002b24a70754c2d99b359c6c585,2021-07-12,CHANGELOG.en-US.md
ant-design,802201913ce9a002b24a70754c2d99b359c6c585,2021-07-12,CHANGELOG.zh-CN.md
ant-design,4c0f25f794584043c023518948a6b6853de2d917,2021-07-12,CHANGELOG.en-US.md
ant-design,4c0f25f794584043c023518948a6b6853de2d917,2021-07-12,CHANGELOG.zh-CN.md
ant-design,7b61e761239cea46b8f276c35eb4cf72d0a58586,2021-06-29,CHANGELOG.en-US.md
ant-design,7b61e761239cea46b8f276c35eb4cf72d0a58586,2021-06-29,CHANGELOG.zh-CN.md
ant-design,399f073001cbaad06a8dcc8d66e487295c724458,2021-06-23,CHANGELOG.en-US.md
ant-design,399f073001cbaad06a8dcc8d66e487295c724458,2021-06-23,CHANGELOG.zh-CN.md
ant-design,d2222ea613e87c2d9a2b0a3bab456099b8e1db69,2021-06-23,CHANGELOG.en-US.md
ant-design,d2222ea613e87c2d9a2b0a3bab456099b8e1db69,2021-06-23,CHANGELOG.zh-CN.md
ant-design,fbcbf4d522b1673d722f667f5fce78ad7c46bc55,2021-06-15,CHANGELOG.en-US.md
ant-design,fbcbf4d522b1673d722f667f5fce78ad7c46bc55,2021-06-15,CHANGELOG.zh-CN.md
ant-design,83b7d75d838609cd82fe3a00319868726bd21d1a,2021-06-15,README.md
ant-design,a49d74a0e40eb928649d095dbcca47aba9ff771c,2021-06-07,CHANGELOG.en-US.md
ant-design,a49d74a0e40eb928649d095dbcca47aba9ff771c,2021-06-07,CHANGELOG.zh-CN.md
ant-design,d35cdc09a71206a093d37b0f726f2452c40eb2b5,2021-05-31,CHANGELOG.en-US.md
ant-design,d35cdc09a71206a093d37b0f726f2452c40eb2b5,2021-05-31,CHANGELOG.zh-CN.md
ant-design,bcb1b136c50b544db784aac6176c670ea9688918,2021-05-31,README.md
ant-design,30abe212aac53b3bccb2011c2df386a7c64d17fc,2021-05-24,CHANGELOG.en-US.md
ant-design,30abe212aac53b3bccb2011c2df386a7c64d17fc,2021-05-24,CHANGELOG.zh-CN.md
ant-design,aa5990fb218ea61fb11598300156bf245dd9a276,2021-05-24,CHANGELOG.en-US.md
ant-design,aa5990fb218ea61fb11598300156bf245dd9a276,2021-05-24,CHANGELOG.zh-CN.md
ant-design,ceec57db72bc067482be3cc31856ed4d54a918bc,2021-05-18,CHANGELOG.en-US.md
ant-design,ceec57db72bc067482be3cc31856ed4d54a918bc,2021-05-18,CHANGELOG.zh-CN.md
ant-design,0f2ca5d10af2121b1c8a964f4c7209dfcd962f79,2021-05-18,CHANGELOG.en-US.md
ant-design,0f2ca5d10af2121b1c8a964f4c7209dfcd962f79,2021-05-18,CHANGELOG.zh-CN.md
ant-design,9d6bef3560ca5d77bd067c51b026ff55b87d6ac6,2021-05-10,CHANGELOG.en-US.md
ant-design,9d6bef3560ca5d77bd067c51b026ff55b87d6ac6,2021-05-10,CHANGELOG.zh-CN.md
ant-design,9a4c971429ed6ea13af2f3118c240a2cfa3d669f,2021-05-10,CHANGELOG.en-US.md
ant-design,9a4c971429ed6ea13af2f3118c240a2cfa3d669f,2021-05-10,CHANGELOG.zh-CN.md
ant-design,b687ba61ecaa290d3a9df50bbf872c3df6117440,2021-05-08,CHANGELOG.en-US.md
ant-design,b687ba61ecaa290d3a9df50bbf872c3df6117440,2021-05-08,CHANGELOG.zh-CN.md
ant-design,d9f41aaa06815d8ec72a3983a56f69684fed8dd4,2021-04-30,CHANGELOG.en-US.md
ant-design,d9f41aaa06815d8ec72a3983a56f69684fed8dd4,2021-04-30,CHANGELOG.zh-CN.md
ant-design,961c8c8d21522eb387362a48246cdbd7357b133a,2021-04-26,CHANGELOG.en-US.md
ant-design,961c8c8d21522eb387362a48246cdbd7357b133a,2021-04-26,CHANGELOG.zh-CN.md
ant-design,5c4aa4065ff4dffceead9d894e44a601dbb31370,2021-04-19,CHANGELOG.en-US.md
ant-design,5c4aa4065ff4dffceead9d894e44a601dbb31370,2021-04-19,CHANGELOG.zh-CN.md
ant-design,8afdfa9ce33dc2f383729a8e95c15c01ab336f51,2021-04-10,CHANGELOG.en-US.md
ant-design,8afdfa9ce33dc2f383729a8e95c15c01ab336f51,2021-04-10,CHANGELOG.zh-CN.md
ant-design,49162f98835c385df068c55ff5ec75a0b2197284,2021-03-29,CHANGELOG.en-US.md
ant-design,49162f98835c385df068c55ff5ec75a0b2197284,2021-03-29,CHANGELOG.zh-CN.md
ant-design,56283688b2c644f3146d010c987753771fd41d8c,2021-03-22,CHANGELOG.en-US.md
ant-design,56283688b2c644f3146d010c987753771fd41d8c,2021-03-22,CHANGELOG.zh-CN.md
ant-design,6368b33663e91f8c130c817f72da934ea5a0d848,2021-03-15,CHANGELOG.zh-CN.md
ant-design,93140265f3d1316918f643b3c1b2886e066b2f33,2021-03-14,CHANGELOG.en-US.md
ant-design,93140265f3d1316918f643b3c1b2886e066b2f33,2021-03-14,CHANGELOG.zh-CN.md
ant-design,66798f6e373c3ccf858bae0ee3871b3676ba82c6,2021-03-06,CHANGELOG.en-US.md
ant-design,3ffd642e0dc722665ff3fdf7cfcc94194f27456c,2021-03-06,CHANGELOG.en-US.md
ant-design,3ffd642e0dc722665ff3fdf7cfcc94194f27456c,2021-03-06,CHANGELOG.zh-CN.md
ant-design,25ea9fb12bb2746e608d3a05a3d04bbdb593aac8,2021-02-28,CHANGELOG.en-US.md
ant-design,25ea9fb12bb2746e608d3a05a3d04bbdb593aac8,2021-02-28,CHANGELOG.zh-CN.md
ant-design,3c1005ce601eec0a4b17af16f715da78aade2384,2021-02-28,AUTHORS.txt
ant-design,6cca5b8383a3bd068752dec576e17ace23604ce5,2021-02-28,CHANGELOG.en-US.md
ant-design,6cca5b8383a3bd068752dec576e17ace23604ce5,2021-02-28,CHANGELOG.zh-CN.md
ant-design,6f4dc771f8dffa921978d6598a4f21a6668832ce,2021-02-10,CHANGELOG.en-US.md
ant-design,6f4dc771f8dffa921978d6598a4f21a6668832ce,2021-02-10,CHANGELOG.zh-CN.md
ant-design,545e431a74627ad5f44c78388e2272206fe07e5d,2021-02-10,CHANGELOG.en-US.md
ant-design,545e431a74627ad5f44c78388e2272206fe07e5d,2021-02-10,CHANGELOG.zh-CN.md
ant-design,e5c777e58d7da0b658e33ab84ea77eee41d69d97,2021-02-09,CHANGELOG.en-US.md
ant-design,e5c777e58d7da0b658e33ab84ea77eee41d69d97,2021-02-09,CHANGELOG.zh-CN.md
ant-design,3103d388c851b95f2dec32303f26eabd41ffeea9,2021-02-09,CHANGELOG.en-US.md
ant-design,3103d388c851b95f2dec32303f26eabd41ffeea9,2021-02-09,CHANGELOG.zh-CN.md
ant-design,eb557abeaac0081d99b29990dd502206e7312c71,2021-02-04,CHANGELOG.en-US.md
ant-design,eb557abeaac0081d99b29990dd502206e7312c71,2021-02-04,CHANGELOG.zh-CN.md
ant-design,1f7d200f707be92196ec32167fed7e743364514f,2021-02-03,CHANGELOG.en-US.md
ant-design,1f7d200f707be92196ec32167fed7e743364514f,2021-02-03,CHANGELOG.zh-CN.md
ant-design,a21c66a97a77dcedf3319a06e9cb6f9c273edcfc,2021-02-02,CHANGELOG.en-US.md
ant-design,a21c66a97a77dcedf3319a06e9cb6f9c273edcfc,2021-02-02,CHANGELOG.zh-CN.md
ant-design,a4f09575766215def5b4e0d6d1a5546e8b611069,2021-02-02,CHANGELOG.en-US.md
ant-design,a4f09575766215def5b4e0d6d1a5546e8b611069,2021-02-02,CHANGELOG.zh-CN.md
ant-design,431aee165da559bd6cd92103ea35ca215e023a88,2021-01-30,CHANGELOG.zh-CN.md
ant-design,83904e56eae3efad33c20dc60604c86a579f1a84,2021-01-26,CHANGELOG.en-US.md
ant-design,83904e56eae3efad33c20dc60604c86a579f1a84,2021-01-26,CHANGELOG.zh-CN.md
ant-design,9dff2dd9c34cfa6c91199a9e50e841a6cdc11058,2021-01-25,README.md
ant-design,d86cfba197fba513a9a4cc250b00787d020c4951,2021-01-24,CHANGELOG.en-US.md
ant-design,d86cfba197fba513a9a4cc250b00787d020c4951,2021-01-24,CHANGELOG.zh-CN.md
ant-design,a73f6e6094f0d82a5e4ec32d070d6549dd1c95f4,2021-01-24,CHANGELOG.en-US.md
ant-design,a73f6e6094f0d82a5e4ec32d070d6549dd1c95f4,2021-01-24,CHANGELOG.zh-CN.md
ant-design,b3aba57890171d4e0092fba4fa03fc7ba84b7681,2021-01-24,CHANGELOG.en-US.md
ant-design,b3aba57890171d4e0092fba4fa03fc7ba84b7681,2021-01-24,CHANGELOG.zh-CN.md
ant-design,2e290d416a51c7442bd4e63bc38e02ee0d314217,2021-01-18,CHANGELOG.en-US.md
ant-design,2e290d416a51c7442bd4e63bc38e02ee0d314217,2021-01-18,CHANGELOG.zh-CN.md
ant-design,3006be0d8131d751edb539a5f62e4e64f8594018,2021-01-13,README.md
ant-design,72d094576f6fc15f8dc66a5973751ccfba023f4d,2021-01-13,README.md
ant-design,6f3ac589547839e6af62ce7ce9bfe70678eba149,2021-01-13,README.md
ant-design,f11db529b8f77e6e30288906690874a492368015,2021-01-11,CHANGELOG.en-US.md
ant-design,f11db529b8f77e6e30288906690874a492368015,2021-01-11,CHANGELOG.zh-CN.md
ant-design,2ed2f74fefed534158fdaf48595992063e895a7e,2021-01-11,CHANGELOG.en-US.md
ant-design,2ed2f74fefed534158fdaf48595992063e895a7e,2021-01-11,CHANGELOG.zh-CN.md
ant-design,d428487d77044e4ce36d274712b88621ea4561dd,2021-01-10,CHANGELOG.en-US.md
ant-design,d428487d77044e4ce36d274712b88621ea4561dd,2021-01-10,CHANGELOG.zh-CN.md
ant-design,c0035d9b35683b4e2e7a2b2bf759879182e83951,2021-01-04,CHANGELOG.en-US.md
ant-design,c0035d9b35683b4e2e7a2b2bf759879182e83951,2021-01-04,CHANGELOG.zh-CN.md
ant-design,bd88f96bb53ae773eb0a35d88fed5f39bc94a0c5,2021-01-04,CHANGELOG.en-US.md
ant-design,bd88f96bb53ae773eb0a35d88fed5f39bc94a0c5,2021-01-04,CHANGELOG.zh-CN.md
ant-design,440d87eefac21102ee0bbdec2d539fa04cac7101,2020-12-16,CHANGELOG.en-US.md
ant-design,440d87eefac21102ee0bbdec2d539fa04cac7101,2020-12-16,CHANGELOG.zh-CN.md
ant-design,17be61f2df8d0244fffb79feed3d49c65545cb9e,2020-12-14,CHANGELOG.en-US.md
ant-design,17be61f2df8d0244fffb79feed3d49c65545cb9e,2020-12-14,CHANGELOG.zh-CN.md
ant-design,e4085937255f758d71c305da59d24904f6779891,2020-12-09,README.md
ant-design,237ab9a3242f5ff73341196dbf3838b27a0dc501,2020-12-07,CHANGELOG.en-US.md
ant-design,237ab9a3242f5ff73341196dbf3838b27a0dc501,2020-12-07,CHANGELOG.zh-CN.md
ant-design,6e040bbd98e46b7fb2fe0b8be06c1d634a5d9446,2020-12-01,CHANGELOG.en-US.md
ant-design,6e040bbd98e46b7fb2fe0b8be06c1d634a5d9446,2020-12-01,CHANGELOG.zh-CN.md
ant-design,682b55d6b60e2629d632bcb86c36b8822ebca328,2020-11-30,CHANGELOG.en-US.md
ant-design,682b55d6b60e2629d632bcb86c36b8822ebca328,2020-11-30,CHANGELOG.zh-CN.md
ant-design,98ddb8d8dabc25f3782bfb12d20695a72459c38e,2020-11-30,README.md
ant-design,c6d4bf3e90ee8ab1bcad58d6ed3334a11a540b9a,2020-11-27,CHANGELOG.en-US.md
ant-design,c6d4bf3e90ee8ab1bcad58d6ed3334a11a540b9a,2020-11-27,CHANGELOG.zh-CN.md
ant-design,1a70bb3eacc95a2670c724564d35424d557e1b75,2020-11-22,CHANGELOG.en-US.md
ant-design,1a70bb3eacc95a2670c724564d35424d557e1b75,2020-11-22,CHANGELOG.zh-CN.md
ant-design,46abb562dd927e93d92ab341ceeeb8f9daf62d7f,2020-11-20,README.md
ant-design,3d8a138c76f245263a2fa7b7362cb1fac9972998,2020-11-18,README.md
ant-design,5653f5f46f6d1d28114e187e1d800ed6ad8a51cc,2020-11-16,CHANGELOG.en-US.md
ant-design,5653f5f46f6d1d28114e187e1d800ed6ad8a51cc,2020-11-16,CHANGELOG.zh-CN.md
ant-design,8a4f52e200317fd10d1f314857c5f0476ea2365f,2020-11-16,CHANGELOG.en-US.md
ant-design,8a4f52e200317fd10d1f314857c5f0476ea2365f,2020-11-16,CHANGELOG.zh-CN.md
ant-design,3ad1887fff42b7b09e7f924c2c910f4c7620bd43,2020-11-12,AUTHORS.txt
ant-design,e39407e1e50c797b162b1abe89c3d60c13646bc5,2020-11-09,CHANGELOG.en-US.md
ant-design,e39407e1e50c797b162b1abe89c3d60c13646bc5,2020-11-09,CHANGELOG.zh-CN.md
ant-design,3fcecdde0a54a0734af8e9d2287520db3a092a1c,2020-11-09,CHANGELOG.en-US.md
ant-design,3fcecdde0a54a0734af8e9d2287520db3a092a1c,2020-11-09,CHANGELOG.zh-CN.md
ant-design,3357fccf0e804fbd1320e8c8f3f9ae792bcca477,2020-11-08,CHANGELOG.en-US.md
ant-design,3357fccf0e804fbd1320e8c8f3f9ae792bcca477,2020-11-08,CHANGELOG.zh-CN.md
ant-design,db8569c0693faa6cfc0a53963d287bac7f71d00d,2020-11-03,.github/PULL_REQUEST_TEMPLATE.md
ant-design,b4de03bf2d852ad1bb205ebd2b2c5916886509f1,2020-11-02,CHANGELOG.en-US.md
ant-design,b4de03bf2d852ad1bb205ebd2b2c5916886509f1,2020-11-02,CHANGELOG.zh-CN.md
ant-design,d7bf231e78ac5fdc37cdd960b8f1f37c550e1518,2020-11-02,CHANGELOG.en-US.md
ant-design,6bb3827764cf25a48c8b336819b6abfe3bf0b58b,2020-11-02,CHANGELOG.en-US.md
ant-design,6bb3827764cf25a48c8b336819b6abfe3bf0b58b,2020-11-02,CHANGELOG.zh-CN.md
ant-design,3c8eb12222b027aec05c284e3b4df569564df93c,2020-11-02,CHANGELOG.en-US.md
ant-design,3c8eb12222b027aec05c284e3b4df569564df93c,2020-11-02,CHANGELOG.zh-CN.md
ant-design,cc2ad9d4cdd90957a897a0ac1d8ce15c6c96fbf5,2020-11-02,CHANGELOG.en-US.md
ant-design,cc2ad9d4cdd90957a897a0ac1d8ce15c6c96fbf5,2020-11-02,CHANGELOG.zh-CN.md
ant-design,8bba054edfac401e23000502598b2adb349f2b88,2020-11-02,CHANGELOG.en-US.md
ant-design,2f683a30522487f75c8068bfe3f6924da2c93beb,2020-11-02,CHANGELOG.en-US.md
ant-design,a37bb928fd6ba823c8ec195e5f2f5903f2957eaf,2020-11-02,CHANGELOG.en-US.md
ant-design,a37bb928fd6ba823c8ec195e5f2f5903f2957eaf,2020-11-02,CHANGELOG.zh-CN.md
ant-design,45b7803115b3f1d9d5586dec3ab3317eed0b8eb0,2020-11-02,CHANGELOG.en-US.md
ant-design,45b7803115b3f1d9d5586dec3ab3317eed0b8eb0,2020-11-02,CHANGELOG.zh-CN.md
ant-design,a2574cdf227d558e0246bc814a7d533361a5a50e,2020-11-02,CHANGELOG.en-US.md
ant-design,a2574cdf227d558e0246bc814a7d533361a5a50e,2020-11-02,CHANGELOG.zh-CN.md
ant-design,26942200c62b34e8dfb4b3235fc1088e85499b29,2020-11-02,CHANGELOG.en-US.md
ant-design,26942200c62b34e8dfb4b3235fc1088e85499b29,2020-11-02,CHANGELOG.zh-CN.md
ant-design,0f0ae1f9f3f8bfea008b93e54701a1f9a3f7d18b,2020-11-02,CHANGELOG.en-US.md
ant-design,0f0ae1f9f3f8bfea008b93e54701a1f9a3f7d18b,2020-11-02,CHANGELOG.zh-CN.md
ant-design,8875c7ed2f959ad59d35f8e915074dd90656b44b,2020-11-02,CHANGELOG.en-US.md
ant-design,8875c7ed2f959ad59d35f8e915074dd90656b44b,2020-11-02,CHANGELOG.zh-CN.md
ant-design,9b6ffe10209d589f3a0564dc7d7a8e3c80d558fd,2020-11-02,CHANGELOG.en-US.md
ant-design,9b6ffe10209d589f3a0564dc7d7a8e3c80d558fd,2020-11-02,CHANGELOG.zh-CN.md
ant-design,8d46aa89c494d5124146ead984265148d83ee75f,2020-11-02,CHANGELOG.en-US.md
ant-design,be402aaf4df4173f6b60c60b764d82c2f3d291eb,2020-11-02,CHANGELOG.en-US.md
ant-design,c83047a9a4c687fb699ab942ffda40020de161c0,2020-11-02,CHANGELOG.zh-CN.md
ant-design,244cb42fed5446a1bfa1875a753abc794aab1985,2020-11-02,CHANGELOG.en-US.md
ant-design,8ddce24632045964b0e7d0f74ca8afbf40a57a51,2020-11-02,CHANGELOG.zh-CN.md
ant-design,f92c0956b50bd89ea8659d3d5ccf4746d19027bb,2020-11-02,CHANGELOG.zh-CN.md
ant-design,2f76a4b1f8fc82edfc6fb9fcdae71c7cdab10c91,2020-11-02,CHANGELOG.en-US.md
ant-design,94f6b41b6430ad372f4df8936e8d9706a98b8584,2020-11-02,CHANGELOG.en-US.md
ant-design,94f6b41b6430ad372f4df8936e8d9706a98b8584,2020-11-02,CHANGELOG.zh-CN.md
ant-design,329fc4a710ccfc31d758e5e7d91d8c327509cebb,2020-11-02,CHANGELOG.en-US.md
ant-design,329fc4a710ccfc31d758e5e7d91d8c327509cebb,2020-11-02,CHANGELOG.zh-CN.md
ant-design,f2b75a255cf3814386296639a32db848bca48b84,2020-11-02,CHANGELOG.en-US.md
ant-design,f2b75a255cf3814386296639a32db848bca48b84,2020-11-02,CHANGELOG.zh-CN.md
ant-design,35e936dd47da5f034d448a114b958d0c0e9cc56e,2020-11-02,CHANGELOG.en-US.md
ant-design,55f743a1ef92a3fa433f45a431d941c773e17416,2020-11-02,CHANGELOG.en-US.md
ant-design,55f743a1ef92a3fa433f45a431d941c773e17416,2020-11-02,CHANGELOG.zh-CN.md
ant-design,43c26e2b4cefa369b1e128aea83361f30b8b0755,2020-11-02,CHANGELOG.en-US.md
ant-design,43c26e2b4cefa369b1e128aea83361f30b8b0755,2020-11-02,CHANGELOG.zh-CN.md
ant-design,c373710ce2f50b704aff88ed7a3509b562af857f,2020-10-26,CHANGELOG.en-US.md
ant-design,c373710ce2f50b704aff88ed7a3509b562af857f,2020-10-26,CHANGELOG.zh-CN.md
ant-design,96bb0cf2db3fa3614c3cc1906c9369bfca983ef9,2020-10-24,CHANGELOG.en-US.md
ant-design,96bb0cf2db3fa3614c3cc1906c9369bfca983ef9,2020-10-24,CHANGELOG.zh-CN.md
ant-design,0822ac618f875ee0aaf4e96de6b9bb9f9d2ff2ce,2020-10-21,SECURITY.md
ant-design,0ca5509d3ae6d08fbec3ea6ec6d9646f25fc431f,2020-10-21,CHANGELOG.zh-CN.md
ant-design,26f9d63d8536a17066d99dcdef6ab13fb116a6dc,2020-10-19,CHANGELOG.en-US.md
ant-design,26f9d63d8536a17066d99dcdef6ab13fb116a6dc,2020-10-19,CHANGELOG.zh-CN.md
ant-design,ab6a4ec1c0a7a662d0fa2695ddbcadae1444ff46,2020-10-19,CHANGELOG.en-US.md
ant-design,ab6a4ec1c0a7a662d0fa2695ddbcadae1444ff46,2020-10-19,CHANGELOG.zh-CN.md
ant-design,60103e12a31e79bde6ba415ac38bb3f8a8741c6f,2020-10-19,CHANGELOG.en-US.md
ant-design,60103e12a31e79bde6ba415ac38bb3f8a8741c6f,2020-10-19,CHANGELOG.zh-CN.md
ant-design,d3bf6eef9419cc392013f95293355cddb0770f24,2020-10-14,CHANGELOG.en-US.md
ant-design,d3bf6eef9419cc392013f95293355cddb0770f24,2020-10-14,CHANGELOG.zh-CN.md
ant-design,2788140d1ad315c6f6abb202ca2e79d17ad5d73e,2020-10-14,CHANGELOG.en-US.md
ant-design,2788140d1ad315c6f6abb202ca2e79d17ad5d73e,2020-10-14,CHANGELOG.zh-CN.md
ant-design,6bdd7c1b66a2d05ff99b8fa6141b85934e332aa8,2020-10-14,CHANGELOG.en-US.md
ant-design,6bdd7c1b66a2d05ff99b8fa6141b85934e332aa8,2020-10-14,CHANGELOG.zh-CN.md
ant-design,340a0a913a44d6cfd65949fb0e14a1caa51a19f2,2020-10-10,CHANGELOG.en-US.md
ant-design,340a0a913a44d6cfd65949fb0e14a1caa51a19f2,2020-10-10,CHANGELOG.zh-CN.md
ant-design,60e35181fc292b55185003b053feb46cc4bcb9c0,2020-10-10,AUTHORS.txt
ant-design,ab33429bf62214408e30fcb7eb10c129ce73624d,2020-09-27,CHANGELOG.en-US.md
ant-design,ab33429bf62214408e30fcb7eb10c129ce73624d,2020-09-27,CHANGELOG.zh-CN.md
ant-design,2aef2dbe263ead674a5226adf77aca23317f62b1,2020-09-20,CHANGELOG.en-US.md
ant-design,2aef2dbe263ead674a5226adf77aca23317f62b1,2020-09-20,CHANGELOG.zh-CN.md
ant-design,b131c23fb6dcd74c3efc5ce1021f469eab4e177a,2020-09-20,CHANGELOG.en-US.md
ant-design,b131c23fb6dcd74c3efc5ce1021f469eab4e177a,2020-09-20,CHANGELOG.zh-CN.md
ant-design,068d2bc902270ebf7bfbdf894d43ec956686ffe3,2020-09-16,SECURITY.md
ant-design,ad22d8855023d1e326a413fb2a51204e18643c12,2020-09-13,CHANGELOG.en-US.md
ant-design,ad22d8855023d1e326a413fb2a51204e18643c12,2020-09-13,CHANGELOG.zh-CN.md
ant-design,e6785820128427480917570065a5df075b6efb6b,2020-09-06,CHANGELOG.en-US.md
ant-design,e6785820128427480917570065a5df075b6efb6b,2020-09-06,CHANGELOG.zh-CN.md
ant-design,10f05d835887a480addf8f801031788d2c3a02de,2020-09-05,README.md
ant-design,ff22827cb3b31e463c3afe82e7ba29f4177ddc9a,2020-09-02,CHANGELOG.en-US.md
ant-design,ff22827cb3b31e463c3afe82e7ba29f4177ddc9a,2020-09-02,CHANGELOG.zh-CN.md
ant-design,fb8be1e249e8743ee9adaa93b3f5ab67405280a2,2020-08-31,CHANGELOG.en-US.md
ant-design,fb8be1e249e8743ee9adaa93b3f5ab67405280a2,2020-08-31,CHANGELOG.zh-CN.md
ant-design,92ab19819872918a9cea15c2263702919ae26cba,2020-08-25,CHANGELOG.en-US.md
ant-design,92ab19819872918a9cea15c2263702919ae26cba,2020-08-25,CHANGELOG.zh-CN.md
ant-design,902f5617dbc731bac1da0178b08de49042941d0a,2020-08-25,CHANGELOG.en-US.md
ant-design,902f5617dbc731bac1da0178b08de49042941d0a,2020-08-25,CHANGELOG.zh-CN.md
ant-design,54b6bab2bfedc4395f7e467f388ad7a2de21f44e,2020-08-24,CHANGELOG.en-US.md
ant-design,54b6bab2bfedc4395f7e467f388ad7a2de21f44e,2020-08-24,CHANGELOG.zh-CN.md
ant-design,71bdb0ab334872e24b49db5a418d9bb2c7e604bb,2020-08-23,CHANGELOG.en-US.md
ant-design,71bdb0ab334872e24b49db5a418d9bb2c7e604bb,2020-08-23,CHANGELOG.zh-CN.md
ant-design,2f7feca7cad12eadc4ca9143e7be7c67ba968edf,2020-08-22,CHANGELOG.zh-CN.md
ant-design,0a2736b02717870c6c498f48965245ec4d28a7f3,2020-08-12,CHANGELOG.en-US.md
ant-design,0a2736b02717870c6c498f48965245ec4d28a7f3,2020-08-12,CHANGELOG.zh-CN.md
ant-design,1a10df03a74ee44f5051a0ddf785e5b19c1bd9e5,2020-08-09,CHANGELOG.en-US.md
ant-design,1a10df03a74ee44f5051a0ddf785e5b19c1bd9e5,2020-08-09,CHANGELOG.zh-CN.md
ant-design,1d0f6009183d65f1ebefead9bebcf7a126006210,2020-08-05,.github/PULL_REQUEST_TEMPLATE.md
ant-design,6d614f7d48707fe2d4d6d49f614898c275017187,2020-08-02,CHANGELOG.en-US.md
ant-design,6d614f7d48707fe2d4d6d49f614898c275017187,2020-08-02,CHANGELOG.zh-CN.md
ant-design,832f6929e6ce276d77dce9a7b4bdaae233562e99,2020-07-28,CHANGELOG.en-US.md
ant-design,832f6929e6ce276d77dce9a7b4bdaae233562e99,2020-07-28,CHANGELOG.zh-CN.md
ant-design,4491c81708f5d60d4116b8802738501ec3bfcb80,2020-07-27,CHANGELOG.en-US.md
ant-design,4491c81708f5d60d4116b8802738501ec3bfcb80,2020-07-27,CHANGELOG.zh-CN.md
ant-design,e3ff370666c60163bbc29d6b87283f4776201b95,2020-07-20,CHANGELOG.en-US.md
ant-design,e3ff370666c60163bbc29d6b87283f4776201b95,2020-07-20,CHANGELOG.zh-CN.md
ant-design,055c997fc5b8d322bd528dd942bffb33c21211bb,2020-07-15,CHANGELOG.en-US.md
ant-design,055c997fc5b8d322bd528dd942bffb33c21211bb,2020-07-15,CHANGELOG.zh-CN.md
ant-design,8382bb02b974b2e9278a8c676e97e46e2c8c250c,2020-07-11,CHANGELOG.en-US.md
ant-design,8382bb02b974b2e9278a8c676e97e46e2c8c250c,2020-07-11,CHANGELOG.zh-CN.md
ant-design,6a32e8a40bfb7082313fa277250c8eb7accf6612,2020-07-06,CHANGELOG.en-US.md
ant-design,6a32e8a40bfb7082313fa277250c8eb7accf6612,2020-07-06,CHANGELOG.zh-CN.md
ant-design,6d4b2d77fdf8ea5b1f8b61c2812a1174c27c1970,2020-07-02,.github/PULL_REQUEST_TEMPLATE.md
ant-design,39e7f4b8990bbe36805a8b723da23c1ba89c8b89,2020-06-29,CHANGELOG.en-US.md
ant-design,39e7f4b8990bbe36805a8b723da23c1ba89c8b89,2020-06-29,CHANGELOG.zh-CN.md
ant-design,3663eee0b86e5e2016eedad36f295c1ea1e1aa29,2020-06-21,CHANGELOG.en-US.md
ant-design,b6e2a39b99fd3defc0ce7bca16c3e516ef8e2364,2020-06-21,CHANGELOG.en-US.md
ant-design,b6e2a39b99fd3defc0ce7bca16c3e516ef8e2364,2020-06-21,CHANGELOG.zh-CN.md
ant-design,a91bd69cdaaf105aba38d0423333b809318d2d70,2020-06-14,CHANGELOG.en-US.md
ant-design,a91bd69cdaaf105aba38d0423333b809318d2d70,2020-06-14,CHANGELOG.zh-CN.md
ant-design,2cd5167685e3c21992ce252c1c579f7cf588efa3,2020-06-07,CHANGELOG.en-US.md
ant-design,2cd5167685e3c21992ce252c1c579f7cf588efa3,2020-06-07,CHANGELOG.zh-CN.md
ant-design,98860c64d181489f0fc99c77c550691914e1a8ec,2020-06-07,README.md
ant-design,00bcdae2ae5842d755fa155a8a9396e478d7b03a,2020-06-06,CHANGELOG.en-US.md
ant-design,00bcdae2ae5842d755fa155a8a9396e478d7b03a,2020-06-06,CHANGELOG.zh-CN.md
ant-design,fd73d2f126d85e15bc0df2a1385c5bf9cef98061,2020-06-02,CHANGELOG.en-US.md
ant-design,fd73d2f126d85e15bc0df2a1385c5bf9cef98061,2020-06-02,CHANGELOG.zh-CN.md
ant-design,d7bd6f65bf816f2b10e11c97c4b5b455f621419e,2020-05-31,CHANGELOG.zh-CN.md
ant-design,377ad77f177b89f3b947d5010fccf5e813d78290,2020-05-31,CHANGELOG.en-US.md
ant-design,377ad77f177b89f3b947d5010fccf5e813d78290,2020-05-31,CHANGELOG.zh-CN.md
ant-design,c019ff43d624aea08b7459123139bb12e253fd51,2020-05-31,CHANGELOG.en-US.md
ant-design,c019ff43d624aea08b7459123139bb12e253fd51,2020-05-31,CHANGELOG.zh-CN.md
ant-design,882cec62d64a7348332a3813dbcb241ff378da7d,2020-05-31,README.md
ant-design,e573ac4e8931000d7dcf2b49fdcb832b3074850e,2020-05-31,CHANGELOG.en-US.md
ant-design,e573ac4e8931000d7dcf2b49fdcb832b3074850e,2020-05-31,CHANGELOG.zh-CN.md
ant-design,14f9f95864d6b80e6ee175c91de18291dece5577,2020-05-30,README.md
ant-design,670f8f2f1e0f061189b6f9e2f9fcd127e64da548,2020-05-24,CHANGELOG.en-US.md
ant-design,670f8f2f1e0f061189b6f9e2f9fcd127e64da548,2020-05-24,CHANGELOG.zh-CN.md
ant-design,67c88571e7a422c4c8cf5fcbab577ae2167bb06c,2020-05-23,README.md
ant-design,b10f4cffd909c18fee3f06f3719baacf5dc11208,2020-05-18,CHANGELOG.en-US.md
ant-design,b10f4cffd909c18fee3f06f3719baacf5dc11208,2020-05-18,CHANGELOG.zh-CN.md
ant-design,2268c7aa881fc9f9a396ac78b8b89f96dd92d020,2020-05-16,README.md
ant-design,d4874fc0b3b6b873f23938d7c2fff4bbf7d99780,2020-05-16,AUTHORS.txt
ant-design,8b514406e36b2e72536119edee19702f08d6a67a,2020-05-16,CHANGELOG.en-US.md
ant-design,8b514406e36b2e72536119edee19702f08d6a67a,2020-05-16,CHANGELOG.zh-CN.md
ant-design,8497e54e39e781fd748659344a3b7489b6264f8d,2020-05-15,README.md
ant-design,bb4f0da50e5fdb5daabda50ea0665779ad8562b1,2020-05-14,.github/PULL_REQUEST_TEMPLATE.md
ant-design,f250b2fa29e5811e71eb632de5e7f6915f7f4ec0,2020-05-12,.github/PULL_REQUEST_TEMPLATE.md
ant-design,705a6d63a18326087c8bb6962e41ddf98460bf37,2020-05-11,CHANGELOG.en-US.md
ant-design,705a6d63a18326087c8bb6962e41ddf98460bf37,2020-05-11,CHANGELOG.zh-CN.md
ant-design,313f2df63213c68e774415a6fc85b7488fe0dc4e,2020-05-11,CHANGELOG.en-US.md
ant-design,313f2df63213c68e774415a6fc85b7488fe0dc4e,2020-05-11,CHANGELOG.zh-CN.md
ant-design,b0593c8a41b393227679604081f85ac0ebe39f83,2020-05-07,README.md
ant-design,a243aba42208a6f373f873ddc2af33934cd01907,2020-04-30,CHANGELOG.en-US.md
ant-design,a243aba42208a6f373f873ddc2af33934cd01907,2020-04-30,CHANGELOG.zh-CN.md
ant-design,5ccf03f498be5729e21dcccf4d148a68c7d605c9,2020-04-29,CHANGELOG.en-US.md
ant-design,5ccf03f498be5729e21dcccf4d148a68c7d605c9,2020-04-29,CHANGELOG.zh-CN.md
ant-design,41da9de946ede284407ffe87babfce4d8900f309,2020-04-26,CHANGELOG.zh-CN.md
ant-design,2785d22e5c2dd3eb1bc3c179a155d06e9bd89676,2020-04-25,README.md
ant-design,9963e515d1211450150c48aed78b5680bb98c360,2020-04-25,CHANGELOG.en-US.md
ant-design,9963e515d1211450150c48aed78b5680bb98c360,2020-04-25,CHANGELOG.zh-CN.md
ant-design,6556b583bdff86cc761a7393983f0e43a41a3823,2020-04-24,README.md
ant-design,eb83d6b341930f15e92e067492372a62296639f8,2020-04-24,README.md
ant-design,f9c56b6eb458037ef62a5e19ed55395044a8fb05,2020-04-23,README.md
ant-design,fb2ef640368ff3fb38d6074c05d66d14e845a1b1,2020-04-23,README.md
ant-design,db97c5788ee2f97c430028b68265e0aebae7398f,2020-04-21,CODE_OF_CONDUCT.md
ant-design,db97c5788ee2f97c430028b68265e0aebae7398f,2020-04-21,README.md
ant-design,7489786d228a56513a631d77e4bd0b2971903466,2020-04-18,CHANGELOG.en-US.md
ant-design,7489786d228a56513a631d77e4bd0b2971903466,2020-04-18,CHANGELOG.zh-CN.md
ant-design,2c6733b0c898db80a8296ae7e881dd132b2831d1,2020-04-14,CHANGELOG.en-US.md
ant-design,2c6733b0c898db80a8296ae7e881dd132b2831d1,2020-04-14,CHANGELOG.zh-CN.md
ant-design,0ca9c69da2562c847a6f33e81807bbd3fd8e1f5d,2020-04-13,CHANGELOG.en-US.md
ant-design,0ca9c69da2562c847a6f33e81807bbd3fd8e1f5d,2020-04-13,CHANGELOG.zh-CN.md
ant-design,b46caf7825a783a18fb5c1cf867004b40ff63c91,2020-04-10,CHANGELOG.en-US.md
ant-design,b46caf7825a783a18fb5c1cf867004b40ff63c91,2020-04-10,CHANGELOG.zh-CN.md
ant-design,f12d82701bfe5f76319efd06efc8eb941ee09204,2020-04-06,README.md
ant-design,371910ca7e09b48e68ba43c2f65f9a000294b0e8,2020-04-06,README.md
ant-design,595746d3c42cdcbfe87bb9d46921923a6779a615,2020-04-06,README.md
ant-design,e5c8bc64aac13a9ea285a79833dd9be38deb5f36,2020-04-05,CHANGELOG.en-US.md
ant-design,e5c8bc64aac13a9ea285a79833dd9be38deb5f36,2020-04-05,CHANGELOG.zh-CN.md
ant-design,d3d7cf8af80c97989928c194695e9b40dc3554ab,2020-03-29,CHANGELOG.en-US.md
ant-design,d3d7cf8af80c97989928c194695e9b40dc3554ab,2020-03-29,CHANGELOG.zh-CN.md
ant-design,5e8cef70453baf8182e0843100a7be420c8944b2,2020-03-25,README.md
ant-design,7dd1ae0e54685a8a28b1945b1ea93bb367107472,2020-03-23,CHANGELOG.en-US.md
ant-design,7dd1ae0e54685a8a28b1945b1ea93bb367107472,2020-03-23,CHANGELOG.zh-CN.md
ant-design,3459bfc0be1e72cf8d2487d101e35d9c4c6666f5,2020-03-23,CHANGELOG.en-US.md
ant-design,3459bfc0be1e72cf8d2487d101e35d9c4c6666f5,2020-03-23,CHANGELOG.zh-CN.md
ant-design,59760e382e8fbf9aefa85321b1d39ca35f579565,2020-03-15,CHANGELOG.en-US.md
ant-design,59760e382e8fbf9aefa85321b1d39ca35f579565,2020-03-15,CHANGELOG.zh-CN.md
ant-design,122b2185dbb4208530ad1e27ab9e36534d7ac305,2020-03-10,README.md
ant-design,28c06266d0b6607759f0532eeeedc5c49b254ae6,2020-03-09,CHANGELOG.en-US.md
ant-design,28c06266d0b6607759f0532eeeedc5c49b254ae6,2020-03-09,CHANGELOG.zh-CN.md
ant-design,3bcc2b4c39e539715b44af9a2da020edb6676a63,2020-03-08,CHANGELOG.en-US.md
ant-design,3bcc2b4c39e539715b44af9a2da020edb6676a63,2020-03-08,CHANGELOG.zh-CN.md
ant-design,79d296a4e81730ac53c93e8ed472b0a44eb8f1f3,2020-03-06,README.md
ant-design,510b658e789e501383bf44403b5e1554aa9d8cdd,2020-03-04,CHANGELOG.en-US.md
ant-design,510b658e789e501383bf44403b5e1554aa9d8cdd,2020-03-04,CHANGELOG.zh-CN.md
ant-design,6d686db6fc4d89f1a2348979466fae558509c73a,2020-03-04,.github/PULL_REQUEST_TEMPLATE.md
ant-design,517fba7df50b5b1df212b3d52318e538dfd4f145,2020-03-02,README.md
ant-design,c0c3ef45449313abbc27c02bddf6fd0bd5e82827,2020-02-28,README.md
ant-design,5a60d488b3e0994ff3bedc1f1bc33b5806dc5510,2020-02-28,CHANGELOG.en-US.md
ant-design,5a60d488b3e0994ff3bedc1f1bc33b5806dc5510,2020-02-28,CHANGELOG.zh-CN.md
ant-design,b64e6b04ad7d63c7993bc35009c3a78ea97906cb,2020-02-27,CHANGELOG.zh-CN.md
ant-design,afedb4127faf17d9b3e31cdb39b5282d2d3a2530,2020-02-27,README.md
ant-design,928ff9ae698a2b8e20cc39e41a778cf203b2d39f,2020-02-26,README.md
ant-design,ec028365b0d686ea6b78ace56ef346c0ccaa106f,2020-02-24,CHANGELOG.en-US.md
ant-design,ec028365b0d686ea6b78ace56ef346c0ccaa106f,2020-02-24,CHANGELOG.zh-CN.md
ant-design,2a48ea0be3861847f775eb68f5217070927cd3df,2020-02-20,README.md
ant-design,976afc15732560b2d5bab888abd72ee269a6709b,2020-02-17,CHANGELOG.en-US.md
ant-design,976afc15732560b2d5bab888abd72ee269a6709b,2020-02-17,CHANGELOG.zh-CN.md
ant-design,5ea2a2c1870a2e122af2b2008937fa3dcc13499c,2020-02-09,CHANGELOG.en-US.md
ant-design,5ea2a2c1870a2e122af2b2008937fa3dcc13499c,2020-02-09,CHANGELOG.zh-CN.md
ant-design,f67f81bac97d0b70460bd19f0cf876c8ab307221,2020-01-27,CHANGELOG.en-US.md
ant-design,f67f81bac97d0b70460bd19f0cf876c8ab307221,2020-01-27,CHANGELOG.zh-CN.md
ant-design,1fc5572c3b96ac09420c0e364c572fa3557733a4,2020-01-21,CHANGELOG.en-US.md
ant-design,1fc5572c3b96ac09420c0e364c572fa3557733a4,2020-01-21,CHANGELOG.zh-CN.md
ant-design,cb43d756534cd80fdba42231f707c240b6a8d30b,2020-01-21,README.md
ant-design,c2abac1dacd3e3cfcfb9d921abc2c9f2e18cbfc8,2020-01-12,CHANGELOG.en-US.md
ant-design,c2abac1dacd3e3cfcfb9d921abc2c9f2e18cbfc8,2020-01-12,CHANGELOG.zh-CN.md
ant-design,05ebf0f8ccd212204a1df184d166f81baa1f3ce8,2020-01-09,CHANGELOG.en-US.md
ant-design,05ebf0f8ccd212204a1df184d166f81baa1f3ce8,2020-01-09,CHANGELOG.zh-CN.md
ant-design,74c64ec38e192fec8421ca91c1bdca7e727f8f9a,2020-01-06,README.md
ant-design,ad4ebed77c574280ac7948c92c03069c2556535e,2020-01-06,CHANGELOG.en-US.md
ant-design,ad4ebed77c574280ac7948c92c03069c2556535e,2020-01-06,CHANGELOG.zh-CN.md
ant-design,0520b844d5bd4e3a0efe2844503acff7d1e89cb2,2020-01-05,CHANGELOG.en-US.md
ant-design,0520b844d5bd4e3a0efe2844503acff7d1e89cb2,2020-01-05,CHANGELOG.zh-CN.md
ant-design,5aaa8975f15fe347e26af3a0500c44cb163973f4,2020-01-04,CHANGELOG.en-US.md
ant-design,5aaa8975f15fe347e26af3a0500c44cb163973f4,2020-01-04,CHANGELOG.zh-CN.md
ant-design,141f47d2a3356ed6d44f04553df7620098912163,2020-01-04,CHANGELOG.en-US.md
ant-design,141f47d2a3356ed6d44f04553df7620098912163,2020-01-04,CHANGELOG.zh-CN.md
ant-design,22e9ec6eec8f60394f5a8f916f97fe91cf23489b,2020-01-03,CHANGELOG.en-US.md
ant-design,22e9ec6eec8f60394f5a8f916f97fe91cf23489b,2020-01-03,CHANGELOG.zh-CN.md
ant-design,44c9bcafc9f072803606ac098d994a1fa9058fa7,2020-01-03,CHANGELOG.en-US.md
ant-design,44c9bcafc9f072803606ac098d994a1fa9058fa7,2020-01-03,CHANGELOG.zh-CN.md
ant-design,89472751a714de08fca73da52fb857e27812b09e,2019-12-29,CHANGELOG.en-US.md
ant-design,89472751a714de08fca73da52fb857e27812b09e,2019-12-29,CHANGELOG.zh-CN.md
ant-design,44a63acf132f81c4eb1df885cc221c9275fb9473,2019-12-25,README.md
ant-design,1ae09841e9865bf51b57aa21cc9710f18e0426f1,2019-12-24,CHANGELOG.en-US.md
ant-design,1ae09841e9865bf51b57aa21cc9710f18e0426f1,2019-12-24,CHANGELOG.zh-CN.md
ant-design,dc3bf7545266aa91b848f926ce3e2fb5f332a87f,2019-12-24,CHANGELOG.en-US.md
ant-design,dc3bf7545266aa91b848f926ce3e2fb5f332a87f,2019-12-24,CHANGELOG.zh-CN.md
ant-design,8501b708ea44191f927b1c1c5255940b17be44c3,2019-12-23,README.md
ant-design,088ca07ff0d52f9d6a47710dd144d2d81434a189,2019-12-23,CHANGELOG.en-US.md
ant-design,088ca07ff0d52f9d6a47710dd144d2d81434a189,2019-12-23,CHANGELOG.zh-CN.md
ant-design,0a00c5e22ab018b6f5c06154d02263469a072c71,2019-12-23,AUTHORS.txt
ant-design,f98debaeee28b6f1c84789fa50bf9d0852a29bb9,2019-12-20,AUTHORS.txt
ant-design,333f63bd05db2d5dcc6e051022a5487cb2aa2082,2019-12-16,README.md
ant-design,32cf75cca25263b0ef14b73bb8fa813da16be4f5,2019-12-14,CHANGELOG.en-US.md
ant-design,32cf75cca25263b0ef14b73bb8fa813da16be4f5,2019-12-14,CHANGELOG.zh-CN.md
ant-design,62839eb4266417f0e18948da24256e1979c6b704,2019-12-10,CHANGELOG.en-US.md
ant-design,62839eb4266417f0e18948da24256e1979c6b704,2019-12-10,CHANGELOG.zh-CN.md
ant-design,57cb4a460bda4b1312f9ad32a97adec34f74e4ba,2019-12-09,CHANGELOG.en-US.md
ant-design,57cb4a460bda4b1312f9ad32a97adec34f74e4ba,2019-12-09,CHANGELOG.zh-CN.md
ant-design,bef81beba63e6c76d95b05929a6006e6486e97d4,2019-12-09,CHANGELOG.en-US.md
ant-design,bef81beba63e6c76d95b05929a6006e6486e97d4,2019-12-09,CHANGELOG.zh-CN.md
ant-design,73db45471f630792f7eb22431e9550f1691edda7,2019-12-01,CHANGELOG.en-US.md
ant-design,73db45471f630792f7eb22431e9550f1691edda7,2019-12-01,CHANGELOG.zh-CN.md
ant-design,c8a2acbb7842c8a75690adf7caab6630ef55c4c9,2019-11-25,CHANGELOG.zh-CN.md
ant-design,19a8118a81594d038bdb7f9086ec9964a734bb60,2019-11-25,CHANGELOG.en-US.md
ant-design,19a8118a81594d038bdb7f9086ec9964a734bb60,2019-11-25,CHANGELOG.zh-CN.md
ant-design,34ff6db0993aa2a1b1f5e6c13f68af1c434b07cd,2019-11-25,CHANGELOG.en-US.md
ant-design,46026c3aafff036ec7ad0024de5070e68411f8f2,2019-11-24,CHANGELOG.en-US.md
ant-design,46026c3aafff036ec7ad0024de5070e68411f8f2,2019-11-24,CHANGELOG.zh-CN.md
ant-design,5d26cb0cc8c4cf32d485c222408f9ecda6eef5f1,2019-11-24,CHANGELOG.en-US.md
ant-design,5d26cb0cc8c4cf32d485c222408f9ecda6eef5f1,2019-11-24,CHANGELOG.zh-CN.md
ant-design,eb8dc9f715a53ce7db3b5ba624e43b802692864e,2019-11-19,README.md
ant-design,5ff193cf609d4bd5c431cf878883bfb2a068d131,2019-11-17,CHANGELOG.en-US.md
ant-design,5ff193cf609d4bd5c431cf878883bfb2a068d131,2019-11-17,CHANGELOG.zh-CN.md
ant-design,c2ff79470f0c35cb18659c37eb1cfc2fd135c2b1,2019-11-10,CHANGELOG.en-US.md
ant-design,c2ff79470f0c35cb18659c37eb1cfc2fd135c2b1,2019-11-10,CHANGELOG.zh-CN.md
ant-design,e88f0214ddc081a738dff236d7248a2dc00e50c4,2019-11-04,CHANGELOG.en-US.md
ant-design,e88f0214ddc081a738dff236d7248a2dc00e50c4,2019-11-04,CHANGELOG.zh-CN.md
ant-design,2590c615ed49f906f4fc2294ee147f3b895cd56c,2019-10-27,CHANGELOG.en-US.md
ant-design,2590c615ed49f906f4fc2294ee147f3b895cd56c,2019-10-27,CHANGELOG.zh-CN.md
ant-design,b770db4330f1e101274a6cdd2bbd5d15308c25e2,2019-10-21,CHANGELOG.zh-CN.md
ant-design,bb7eab65446d57ef2daca0865ed560deece05671,2019-10-21,CHANGELOG.zh-CN.md
ant-design,c13b475947f9b72356764a0b96db2afa20037043,2019-10-19,CHANGELOG.en-US.md
ant-design,a92c1476e38ad1d0f7fd4f0aae452788bc5ad511,2019-10-19,CHANGELOG.en-US.md
ant-design,a92c1476e38ad1d0f7fd4f0aae452788bc5ad511,2019-10-19,CHANGELOG.zh-CN.md
ant-design,ee6f2d34dd569eb057d54bbb3439c214d3bdb9d5,2019-10-19,CHANGELOG.en-US.md
ant-design,ee6f2d34dd569eb057d54bbb3439c214d3bdb9d5,2019-10-19,CHANGELOG.zh-CN.md
ant-design,5bd3d4a33bc1bdb60d8fcc03be2e6bf92505f882,2019-10-17,CHANGELOG.en-US.md
ant-design,5bd3d4a33bc1bdb60d8fcc03be2e6bf92505f882,2019-10-17,CHANGELOG.zh-CN.md
ant-design,5676ea22d2b809f7d7e5989242fd6f70facc5698,2019-10-16,CHANGELOG.en-US.md
ant-design,5676ea22d2b809f7d7e5989242fd6f70facc5698,2019-10-16,CHANGELOG.zh-CN.md
ant-design,71e0f9b10338569faf060a2ce15140a92c9179e9,2019-10-16,CHANGELOG.zh-CN.md
ant-design,de9635efd32998fc5ba3cdd7af3ad8000b4a27f4,2019-10-16,CHANGELOG.en-US.md
ant-design,de9635efd32998fc5ba3cdd7af3ad8000b4a27f4,2019-10-16,CHANGELOG.zh-CN.md
ant-design,04f333b4b6af994f09c96681b80fd9a4c1af0f9a,2019-10-16,CHANGELOG.en-US.md
ant-design,04f333b4b6af994f09c96681b80fd9a4c1af0f9a,2019-10-16,CHANGELOG.zh-CN.md
ant-design,dee4b25e8c7201bec68a508dbe2111b0c79deacf,2019-10-16,CHANGELOG.en-US.md
ant-design,dee4b25e8c7201bec68a508dbe2111b0c79deacf,2019-10-16,CHANGELOG.zh-CN.md
ant-design,95c41774ee5447f879f1b3e830bf2f75e1fcdd59,2019-10-05,CHANGELOG.en-US.md
ant-design,95c41774ee5447f879f1b3e830bf2f75e1fcdd59,2019-10-05,CHANGELOG.zh-CN.md
ant-design,71b53b7175c7ecac7ab46fe90c8b71152a6ce899,2019-09-30,CHANGELOG.en-US.md
ant-design,71b53b7175c7ecac7ab46fe90c8b71152a6ce899,2019-09-30,CHANGELOG.zh-CN.md
ant-design,ba7ddfa046fd0766150f01f5ab971a52e23e27cd,2019-09-29,CHANGELOG.en-US.md
ant-design,ba7ddfa046fd0766150f01f5ab971a52e23e27cd,2019-09-29,CHANGELOG.zh-CN.md
ant-design,34c220acf1b6c053e7c9ade1edcc7aa37e88a556,2019-09-21,CHANGELOG.en-US.md
ant-design,34c220acf1b6c053e7c9ade1edcc7aa37e88a556,2019-09-21,CHANGELOG.zh-CN.md
ant-design,0a284ca74d3fcd5181ad3f88e13afe20b46e4d5c,2019-09-18,README.md
ant-design,1f7d5066c2d21207f5db1458b9d9bea44dffd31f,2019-09-18,README.md
ant-design,1ae54f5432bc2b8ee3275a5dfded180412d4ec31,2019-09-18,README.md
ant-design,a9773d54e0bef78ba7fdc87a7980544bc3a856f8,2019-09-17,CHANGELOG.en-US.md
ant-design,a9773d54e0bef78ba7fdc87a7980544bc3a856f8,2019-09-17,CHANGELOG.zh-CN.md
ant-design,f9058e0d8e90909b329bc61051a36c6cc18c108e,2019-09-17,CHANGELOG.en-US.md
ant-design,f9058e0d8e90909b329bc61051a36c6cc18c108e,2019-09-17,CHANGELOG.zh-CN.md
ant-design,fa8ddb4104957dd75143c6d5ea00d41b00644d21,2019-09-16,CHANGELOG.zh-CN.md
ant-design,fa8ddb4104957dd75143c6d5ea00d41b00644d21,2019-09-16,README.md
ant-design,588efe41c4f27962f639f95dcd765abee8ab7dc4,2019-09-09,CHANGELOG.zh-CN.md
ant-design,c3ac7308dcfe22441a40920a0fcb2378e497c243,2019-09-08,README.md
ant-design,f5a20fec826e141aac1243dfba282f52d571ebd3,2019-09-06,CHANGELOG.en-US.md
ant-design,f5a20fec826e141aac1243dfba282f52d571ebd3,2019-09-06,CHANGELOG.zh-CN.md
ant-design,eb28212da6b3add919de24cb51c1ca900048ab05,2019-09-03,CHANGELOG.en-US.md
ant-design,eb28212da6b3add919de24cb51c1ca900048ab05,2019-09-03,CHANGELOG.zh-CN.md
ant-design,774e679ee10f03c57bd1839429885f9b0daaa345,2019-09-03,CHANGELOG.en-US.md
ant-design,774e679ee10f03c57bd1839429885f9b0daaa345,2019-09-03,CHANGELOG.zh-CN.md
ant-design,50ab115141f047c4ea515a2769d52eacdf6aef30,2019-09-02,README.md
ant-design,ae3415829eb02187fee70a5943656da23092dacc,2019-09-02,CHANGELOG.en-US.md
ant-design,ae3415829eb02187fee70a5943656da23092dacc,2019-09-02,CHANGELOG.zh-CN.md
ant-design,6d2db75272d3587c3e53712b0166f12659095c49,2019-09-02,CHANGELOG.zh-CN.md
ant-design,60fb5dd7a26f74d18eba503d179ef8549d03c7ce,2019-09-02,CHANGELOG.en-US.md
ant-design,60fb5dd7a26f74d18eba503d179ef8549d03c7ce,2019-09-02,CHANGELOG.zh-CN.md
ant-design,a1bc9f203bf567468466efe369f04a5e0dff86c4,2019-09-02,CHANGELOG.en-US.md
ant-design,a1bc9f203bf567468466efe369f04a5e0dff86c4,2019-09-02,CHANGELOG.zh-CN.md
ant-design,8a4ac23ae63265d855f8f8e10bab5469c5c9e217,2019-09-02,CHANGELOG.en-US.md
ant-design,8a4ac23ae63265d855f8f8e10bab5469c5c9e217,2019-09-02,CHANGELOG.zh-CN.md
ant-design,c733c62d0d1b0f6300b40a662ceca191512b22c4,2019-09-02,CHANGELOG.en-US.md
ant-design,39cf5bc23359687187c42bd76a16fe51672f1508,2019-09-02,CHANGELOG.en-US.md
ant-design,39cf5bc23359687187c42bd76a16fe51672f1508,2019-09-02,CHANGELOG.zh-CN.md
ant-design,97094cfb7df1c38d363e9f7b3d9430625bb76f0c,2019-09-02,CHANGELOG.en-US.md
ant-design,97094cfb7df1c38d363e9f7b3d9430625bb76f0c,2019-09-02,CHANGELOG.zh-CN.md
ant-design,5f0e5ea4fcc0f42da9251c37af37396aa70b88dc,2019-09-02,CHANGELOG.en-US.md
ant-design,5f0e5ea4fcc0f42da9251c37af37396aa70b88dc,2019-09-02,CHANGELOG.zh-CN.md
ant-design,1e1149ffee8c3a69be56a921dee9cf6e906b5711,2019-09-02,CHANGELOG.en-US.md
ant-design,1e1149ffee8c3a69be56a921dee9cf6e906b5711,2019-09-02,CHANGELOG.zh-CN.md
ant-design,b092a8e867143e7a6d137127d94723886a10ee80,2019-09-02,CHANGELOG.en-US.md
ant-design,b092a8e867143e7a6d137127d94723886a10ee80,2019-09-02,CHANGELOG.zh-CN.md
ant-design,fb0fff25ab67c268b41078975447b81e16e8cc86,2019-09-02,CHANGELOG.en-US.md
ant-design,fb0fff25ab67c268b41078975447b81e16e8cc86,2019-09-02,CHANGELOG.zh-CN.md
ant-design,bb7cc336b910db75aceda8413e991248790254e8,2019-09-02,CHANGELOG.zh-CN.md
ant-design,fea8b1bbabed6cc6d7c0fe949935086e6f239b0e,2019-09-02,CHANGELOG.en-US.md
ant-design,fea8b1bbabed6cc6d7c0fe949935086e6f239b0e,2019-09-02,CHANGELOG.zh-CN.md
ant-design,d6d342a5d149fbd4e1973f4fb037ca6dc787c336,2019-09-02,CHANGELOG.en-US.md
ant-design,d6d342a5d149fbd4e1973f4fb037ca6dc787c336,2019-09-02,CHANGELOG.zh-CN.md
ant-design,9f20a419eb8c586144be6a7369cdb17ef8fd5e9d,2019-08-31,README.md
ant-design,b9ff3da6b4cd6fbe25385e6c4a776fb38d514fed,2019-08-31,README.md
ant-design,5779c70206cdbda28f47cc734b4ac35d071b4c59,2019-08-27,CHANGELOG.en-US.md
ant-design,5779c70206cdbda28f47cc734b4ac35d071b4c59,2019-08-27,CHANGELOG.zh-CN.md
ant-design,0a2c6100382eb760eb194b12f2a1265c1c9ca442,2019-08-27,CHANGELOG.en-US.md
ant-design,0a2c6100382eb760eb194b12f2a1265c1c9ca442,2019-08-27,CHANGELOG.zh-CN.md
ant-design,845dd13d967b546ba556aa1e2aa95e3065a48a4a,2019-08-26,CHANGELOG.en-US.md
ant-design,845dd13d967b546ba556aa1e2aa95e3065a48a4a,2019-08-26,CHANGELOG.zh-CN.md
ant-design,3ca53b7b38a0a9373a86552db140b4e2db9b1414,2019-08-17,CHANGELOG.en-US.md
ant-design,3ca53b7b38a0a9373a86552db140b4e2db9b1414,2019-08-17,CHANGELOG.zh-CN.md
ant-design,40f64cb0954392233bda09c083f8281cc0983dce,2019-08-14,CHANGELOG.en-US.md
ant-design,40f64cb0954392233bda09c083f8281cc0983dce,2019-08-14,CHANGELOG.zh-CN.md
ant-design,a82f1a116631c53fd91c44e3e43af1ae53c538b4,2019-08-09,CHANGELOG.en-US.md
ant-design,a82f1a116631c53fd91c44e3e43af1ae53c538b4,2019-08-09,CHANGELOG.zh-CN.md
ant-design,5e49310a084e8393dca2257f0391789ff23d6867,2019-08-09,CHANGELOG.en-US.md
ant-design,5e49310a084e8393dca2257f0391789ff23d6867,2019-08-09,CHANGELOG.zh-CN.md
ant-design,c6d04a7ed151134799b08aab182a2d056b82d71c,2019-08-05,CHANGELOG.en-US.md
ant-design,c6d04a7ed151134799b08aab182a2d056b82d71c,2019-08-05,CHANGELOG.zh-CN.md
ant-design,6bb88295cd135ccd984437f2e2de79068ec4ef44,2019-08-05,CHANGELOG.en-US.md
ant-design,6bb88295cd135ccd984437f2e2de79068ec4ef44,2019-08-05,CHANGELOG.zh-CN.md
ant-design,83a768787eb01f0cd1f1532cf905e1e04cc857a4,2019-08-05,CHANGELOG.en-US.md
ant-design,83a768787eb01f0cd1f1532cf905e1e04cc857a4,2019-08-05,CHANGELOG.zh-CN.md
ant-design,0bc948db4c333400288d15706aa26ae40b425750,2019-08-05,CHANGELOG.en-US.md
ant-design,0bc948db4c333400288d15706aa26ae40b425750,2019-08-05,CHANGELOG.zh-CN.md
ant-design,f13148e21cbdfc0dbd6102d6888962c0fdf68117,2019-08-05,CHANGELOG.en-US.md
ant-design,f13148e21cbdfc0dbd6102d6888962c0fdf68117,2019-08-05,CHANGELOG.zh-CN.md
ant-design,83b71b84756b90e015520c68c8e8ea146a143940,2019-08-04,CHANGELOG.en-US.md
ant-design,83b71b84756b90e015520c68c8e8ea146a143940,2019-08-04,CHANGELOG.zh-CN.md
ant-design,4948ec670cc64b9e9eec007fdffd5fb4bd8b342a,2019-07-31,README.md
ant-design,4d4e14cc5d6c73b756a45970c0fa355cc9f0aa28,2019-07-25,AUTHORS.txt
ant-design,5a128c40a9d7dd7888ed1118728ee8875a718a75,2019-07-25,CHANGELOG.en-US.md
ant-design,5a128c40a9d7dd7888ed1118728ee8875a718a75,2019-07-25,CHANGELOG.zh-CN.md
ant-design,eb6307f9cfeaf104bb64bf43c3164193bc6a93eb,2019-07-24,CHANGELOG.zh-CN.md
ant-design,f7d7d588157a4350f4b8689ae2a79558d2836e02,2019-07-24,CHANGELOG.en-US.md
ant-design,f7d7d588157a4350f4b8689ae2a79558d2836e02,2019-07-24,CHANGELOG.zh-CN.md
ant-design,5752fb59555d52cf42c0c07e62e8fb62b0503112,2019-07-24,CHANGELOG.en-US.md
ant-design,5752fb59555d52cf42c0c07e62e8fb62b0503112,2019-07-24,CHANGELOG.zh-CN.md
ant-design,d7ab9c4958bd5951b72dfdd0d7611ed34c30839e,2019-07-24,CHANGELOG.en-US.md
ant-design,d7ab9c4958bd5951b72dfdd0d7611ed34c30839e,2019-07-24,CHANGELOG.zh-CN.md
ant-design,1a183dd986553fffcd90601584111eab20634564,2019-07-24,CHANGELOG.zh-CN.md
ant-design,902a813cabf2c5e69c537613f334bcaa67de95d4,2019-07-24,CHANGELOG.zh-CN.md
ant-design,81d8eb8afe6bfba15bcb0718644a4013a77de4e1,2019-07-24,CHANGELOG.zh-CN.md
ant-design,32f1e333ca628996ee67de8117d6d8fd33eb235e,2019-07-20,CHANGELOG.en-US.md
ant-design,32f1e333ca628996ee67de8117d6d8fd33eb235e,2019-07-20,CHANGELOG.zh-CN.md
ant-design,d6e14efa565d7dc6fe68ca2510026a78510fc135,2019-07-19,CHANGELOG.en-US.md
ant-design,d6e14efa565d7dc6fe68ca2510026a78510fc135,2019-07-19,CHANGELOG.zh-CN.md
ant-design,bf2abd122e2fffb744a02f2231f76b34acc33b44,2019-07-19,CHANGELOG.en-US.md
ant-design,bf2abd122e2fffb744a02f2231f76b34acc33b44,2019-07-19,CHANGELOG.zh-CN.md
ant-design,e83566b2e0f20367ef7d68e943eee84c1a32fac7,2019-07-19,CHANGELOG.en-US.md
ant-design,e83566b2e0f20367ef7d68e943eee84c1a32fac7,2019-07-19,CHANGELOG.zh-CN.md
ant-design,bc8cb6e990758d416d509e46942a2a57ac224b01,2019-07-19,CHANGELOG.en-US.md
ant-design,bc8cb6e990758d416d509e46942a2a57ac224b01,2019-07-19,CHANGELOG.zh-CN.md
ant-design,6e795d6f79df68c6933a1a898dd04a41efe53e22,2019-07-16,.github/PULL_REQUEST_TEMPLATE.md
ant-design,3f7eb97cbf36fcf59db689ebdc57388762255be9,2019-07-15,CHANGELOG.en-US.md
ant-design,437defccb331baf0d7df7920118523fff08fb5b8,2019-07-15,CHANGELOG.en-US.md
ant-design,437defccb331baf0d7df7920118523fff08fb5b8,2019-07-15,CHANGELOG.zh-CN.md
ant-design,5e79e51944b518730e518f32fd5842fe895b1706,2019-07-13,CHANGELOG.en-US.md
ant-design,5e79e51944b518730e518f32fd5842fe895b1706,2019-07-13,CHANGELOG.zh-CN.md
ant-design,bc6c0f14605a5b17e27b5cea7c984f9fd8ddd778,2019-07-07,CHANGELOG.en-US.md
ant-design,bc6c0f14605a5b17e27b5cea7c984f9fd8ddd778,2019-07-07,CHANGELOG.zh-CN.md
ant-design,2ef8d77c3d258aad8638fdf9c56a3dbf5f5694cb,2019-07-02,CHANGELOG.en-US.md
ant-design,2ef8d77c3d258aad8638fdf9c56a3dbf5f5694cb,2019-07-02,CHANGELOG.zh-CN.md
ant-design,d87bff6203588342fc11fa09463a7d39e8d6352e,2019-07-01,README.md
ant-design,92d4799e5abc0545795ab82d7ccafbe0d2d10c68,2019-06-30,CHANGELOG.en-US.md
ant-design,92d4799e5abc0545795ab82d7ccafbe0d2d10c68,2019-06-30,CHANGELOG.zh-CN.md
ant-design,bbb16902932160acf71e70afb7b6a9b638358276,2019-06-30,CHANGELOG.en-US.md
ant-design,bbb16902932160acf71e70afb7b6a9b638358276,2019-06-30,CHANGELOG.zh-CN.md
ant-design,3eb713071dae50659cb3ae40aa93d3e869cd1b2f,2019-06-24,CHANGELOG.en-US.md
ant-design,3eb713071dae50659cb3ae40aa93d3e869cd1b2f,2019-06-24,CHANGELOG.zh-CN.md
ant-design,af090dc6211de08d6ef88354990dafde4f10ce8a,2019-06-21,CHANGELOG.en-US.md
ant-design,6b83865a507f80a5ba4309688d508829200cf25c,2019-06-21,CHANGELOG.zh-CN.md
ant-design,5f816ba41aa860c4c514d10efe30a97f1b6f2daf,2019-06-19,CHANGELOG.en-US.md
ant-design,5f816ba41aa860c4c514d10efe30a97f1b6f2daf,2019-06-19,CHANGELOG.zh-CN.md
ant-design,7f43ac564b39d1cdcbbe509509e8765d23abeac3,2019-06-17,CHANGELOG.en-US.md
ant-design,7f43ac564b39d1cdcbbe509509e8765d23abeac3,2019-06-17,CHANGELOG.zh-CN.md
ant-design,d10f550bdb28cae310d05f80682bf41b076c7207,2019-06-16,CHANGELOG.en-US.md
ant-design,d10f550bdb28cae310d05f80682bf41b076c7207,2019-06-16,CHANGELOG.zh-CN.md
ant-design,b0b533a44deda7b3ee438383929c35afad29d14b,2019-06-10,CHANGELOG.en-US.md
ant-design,b0b533a44deda7b3ee438383929c35afad29d14b,2019-06-10,CHANGELOG.zh-CN.md
ant-design,fd45cee489dd592d8c942855bc48669c0df7e2c0,2019-06-01,CHANGELOG.en-US.md
ant-design,438df8367d6c43c7b86fed2f6fce1940a8a55152,2019-06-01,CHANGELOG.en-US.md
ant-design,f92b77705c48c528d4314c19dcaa454b93e2d35a,2019-06-01,CHANGELOG.en-US.md
ant-design,f92b77705c48c528d4314c19dcaa454b93e2d35a,2019-06-01,CHANGELOG.zh-CN.md
ant-design,1ffa7ba4f90ac8f7ac7bf042bdea78590f632853,2019-06-01,CHANGELOG.en-US.md
ant-design,1ffa7ba4f90ac8f7ac7bf042bdea78590f632853,2019-06-01,CHANGELOG.zh-CN.md
ant-design,0dd2f5a53305ea3f7ac2c60d2507e5ff21a1311f,2019-06-01,CHANGELOG.en-US.md
ant-design,0dd2f5a53305ea3f7ac2c60d2507e5ff21a1311f,2019-06-01,CHANGELOG.zh-CN.md
ant-design,522c817cd2b43ae375e23da9ad01ee33165c6581,2019-06-01,CHANGELOG.en-US.md
ant-design,96ca08bd81d3c0934aa3ae850229ebc72deec666,2019-06-01,CHANGELOG.en-US.md
ant-design,4eecc68d9dafd8ac6b2335d9f423195d346dd49d,2019-06-01,CHANGELOG.en-US.md
ant-design,b6f755095caf62987e1b9de8570d149364c4672b,2019-06-01,CHANGELOG.en-US.md
ant-design,b6f755095caf62987e1b9de8570d149364c4672b,2019-06-01,CHANGELOG.zh-CN.md
ant-design,87a2d9f7c02bdea580dd7e723ea0d700b79c38ce,2019-06-01,CHANGELOG.en-US.md
ant-design,4c07822eabb11549686b87f1a732120bc1dc32e5,2019-06-01,CHANGELOG.en-US.md
ant-design,4c07822eabb11549686b87f1a732120bc1dc32e5,2019-06-01,CHANGELOG.zh-CN.md
ant-design,e3638f280638e5eb877fb7c4458ba462c9be0bb3,2019-05-29,CHANGELOG.en-US.md
ant-design,e3638f280638e5eb877fb7c4458ba462c9be0bb3,2019-05-29,CHANGELOG.zh-CN.md
ant-design,35d23edd01ed0dcbfa1c77904216df13ee1ec77d,2019-05-27,CHANGELOG.en-US.md
ant-design,35d23edd01ed0dcbfa1c77904216df13ee1ec77d,2019-05-27,CHANGELOG.zh-CN.md
ant-design,b5f2ea771def4fa520ba911f4736e0285ed75cd4,2019-05-26,CHANGELOG.en-US.md
ant-design,b5f2ea771def4fa520ba911f4736e0285ed75cd4,2019-05-26,CHANGELOG.zh-CN.md
ant-design,a4054bffe796ff75e1ab15cb501bc2eb450695c9,2019-05-20,.github/PULL_REQUEST_TEMPLATE.md
ant-design,e6586c914c089898b8823a0ea1e2a4ed27b8e75e,2019-05-20,CHANGELOG.en-US.md
ant-design,e6586c914c089898b8823a0ea1e2a4ed27b8e75e,2019-05-20,CHANGELOG.zh-CN.md
ant-design,f320ba5cfe98fc220c8ad7491f8719748d6f4c8b,2019-05-16,.github/PULL_REQUEST_TEMPLATE.md
ant-design,4ac390b79408109c584bd1a28a6b1861fb2e5990,2019-05-13,CHANGELOG.en-US.md
ant-design,4ac390b79408109c584bd1a28a6b1861fb2e5990,2019-05-13,CHANGELOG.zh-CN.md
ant-design,5375f5188ee1f1775f23b52777879ef61887f715,2019-05-13,CHANGELOG.en-US.md
ant-design,5375f5188ee1f1775f23b52777879ef61887f715,2019-05-13,CHANGELOG.zh-CN.md
ant-design,b92020ca48ced63342147b50c15b1cffa8765917,2019-05-12,CHANGELOG.en-US.md
ant-design,b92020ca48ced63342147b50c15b1cffa8765917,2019-05-12,CHANGELOG.zh-CN.md
ant-design,34d8ff8eb49f6c88827ae0b0fc72ebb04bba8196,2019-05-09,CHANGELOG.zh-CN.md
ant-design,6d845f60efe9bd50a25c0ce29eb1fee895b9c7b7,2019-05-08,CHANGELOG.zh-CN.md
ant-design,b7800703514ca972802e7a57792cb04430c16038,2019-05-07,.github/PULL_REQUEST_TEMPLATE.md
ant-design,b7800703514ca972802e7a57792cb04430c16038,2019-05-07,CODE_OF_CONDUCT.md
ant-design,b7800703514ca972802e7a57792cb04430c16038,2019-05-07,README.md
ant-design,785c13226237d8fa4fe37f395ac6dbdf2c0e9ad6,2019-05-06,CHANGELOG.en-US.md
ant-design,785c13226237d8fa4fe37f395ac6dbdf2c0e9ad6,2019-05-06,CHANGELOG.zh-CN.md
ant-design,c936bba77255c0f26eb05aa6e4a6b146915b79cb,2019-05-06,CHANGELOG.en-US.md
ant-design,c936bba77255c0f26eb05aa6e4a6b146915b79cb,2019-05-06,CHANGELOG.zh-CN.md
ant-design,504979da0e5ec4c4ed2d9d52de35ed080f720851,2019-05-05,CHANGELOG.en-US.md
ant-design,504979da0e5ec4c4ed2d9d52de35ed080f720851,2019-05-05,CHANGELOG.zh-CN.md
ant-design,a4bf952326ff322d7b571b0b2b0749f2e09cac9e,2019-05-05,CHANGELOG.en-US.md
ant-design,a4bf952326ff322d7b571b0b2b0749f2e09cac9e,2019-05-05,CHANGELOG.zh-CN.md
ant-design,ffcee17aa6edeafd49206289d63615d1b878dd7c,2019-04-30,CHANGELOG.en-US.md
ant-design,d55a16e29268802085a7a8fa418d80ccc1333120,2019-04-26,CHANGELOG.en-US.md
ant-design,1ee297e3c762bea1abdd17fa6caa2ac949e8b471,2019-04-26,CHANGELOG.zh-CN.md
ant-design,8a6239fedd08f8f6c64f245b391608790c43cf43,2019-04-23,.github/PULL_REQUEST_TEMPLATE.md
ant-design,286330fffdd651a1d7e2f2e9a60d2d11218cf288,2019-04-22,CHANGELOG.en-US.md
ant-design,286330fffdd651a1d7e2f2e9a60d2d11218cf288,2019-04-22,CHANGELOG.zh-CN.md
ant-design,716d2e8b63869594193d6feeb32db8bf97a3f4ae,2019-04-21,CHANGELOG.en-US.md
ant-design,716d2e8b63869594193d6feeb32db8bf97a3f4ae,2019-04-21,CHANGELOG.zh-CN.md
ant-design,f6c15826be0a9ace355849c8f564a1110085e6d1,2019-04-21,CHANGELOG.zh-CN.md
ant-design,4f0403c5ae2b75be6d182c9fe1c507a291210c59,2019-04-21,CHANGELOG.en-US.md
ant-design,4f0403c5ae2b75be6d182c9fe1c507a291210c59,2019-04-21,CHANGELOG.zh-CN.md
ant-design,7bbf0dc59a160f1ee93befb297fdfaf7adb1fdaf,2019-04-13,CHANGELOG.en-US.md
ant-design,7bbf0dc59a160f1ee93befb297fdfaf7adb1fdaf,2019-04-13,CHANGELOG.zh-CN.md
ant-design,fba0181199c69d4f708af052898352ba3cd2d987,2019-04-13,CHANGELOG.en-US.md
ant-design,fba0181199c69d4f708af052898352ba3cd2d987,2019-04-13,CHANGELOG.zh-CN.md
ant-design,764367ddeabf33bb64afb7eb9f0e3ee6432dabbe,2019-04-07,CHANGELOG.zh-CN.md
ant-design,e6b3b37951c71e04eb55111930f249c96a8a25fd,2019-04-07,CHANGELOG.zh-CN.md
ant-design,70ec4f0cc51f666d8bf34453d77f0108068404ae,2019-04-07,CHANGELOG.en-US.md
ant-design,70ec4f0cc51f666d8bf34453d77f0108068404ae,2019-04-07,CHANGELOG.zh-CN.md
ant-design,246021783bdeee3b632bcf345bb6e07b32c8f89e,2019-04-07,CHANGELOG.en-US.md
ant-design,246021783bdeee3b632bcf345bb6e07b32c8f89e,2019-04-07,CHANGELOG.zh-CN.md
ant-design,f6e8c419d61701aa2ecb39e0320226dfbe43de77,2019-04-07,CHANGELOG.zh-CN.md
ant-design,5bc1460c383d5b42029cf16d2aedac5b4156153f,2019-04-07,CHANGELOG.en-US.md
ant-design,5bc1460c383d5b42029cf16d2aedac5b4156153f,2019-04-07,CHANGELOG.zh-CN.md
ant-design,ec42f79a189dcca3868850cf50c33772fdc61654,2019-04-07,CHANGELOG.zh-CN.md
ant-design,298f5e0159909e8ac6471c46628bc7c1318666eb,2019-04-07,CHANGELOG.zh-CN.md
ant-design,80246dc2b4806942ff6653af70fa82c4cf3de30a,2019-04-07,CHANGELOG.en-US.md
ant-design,80246dc2b4806942ff6653af70fa82c4cf3de30a,2019-04-07,CHANGELOG.zh-CN.md
ant-design,bbc99f6b3b32ae2759b795a1f265d96866b7647c,2019-04-07,CHANGELOG.en-US.md
ant-design,bbc99f6b3b32ae2759b795a1f265d96866b7647c,2019-04-07,CHANGELOG.zh-CN.md
ant-design,656bb824d3b43d3fb446b727d3b38dbb24fb015b,2019-04-07,CHANGELOG.en-US.md
ant-design,656bb824d3b43d3fb446b727d3b38dbb24fb015b,2019-04-07,CHANGELOG.zh-CN.md
ant-design,af3f631962aad978c259cfef532c403bddffbb5c,2019-04-07,CHANGELOG.en-US.md
ant-design,4764b9cfb041d10710ac254f964edfdcc3566987,2019-04-07,CHANGELOG.en-US.md
ant-design,4764b9cfb041d10710ac254f964edfdcc3566987,2019-04-07,CHANGELOG.zh-CN.md
ant-design,5d5c457598f5426a462b3ac0780a8f54093de689,2019-04-07,CHANGELOG.zh-CN.md
ant-design,cd09e074ba17fcce14481e2c6e0da388f461674c,2019-04-07,CHANGELOG.zh-CN.md
ant-design,1a403de348bf7c14c304a09de3913fd0d588edd0,2019-04-07,CHANGELOG.en-US.md
ant-design,1a403de348bf7c14c304a09de3913fd0d588edd0,2019-04-07,CHANGELOG.zh-CN.md
ant-design,46650e4768d3fa3d1c2893d6a5c26a5f419e4dbd,2019-04-07,CHANGELOG.en-US.md
ant-design,46650e4768d3fa3d1c2893d6a5c26a5f419e4dbd,2019-04-07,CHANGELOG.zh-CN.md
ant-design,d839135ad066151c9527bc90457f3a0147b8bd2a,2019-04-01,CHANGELOG.en-US.md
ant-design,d839135ad066151c9527bc90457f3a0147b8bd2a,2019-04-01,CHANGELOG.zh-CN.md
ant-design,dd8b6787ac1ad2d9758366ba37cfafc7714f65ab,2019-04-01,CHANGELOG.en-US.md
ant-design,dd8b6787ac1ad2d9758366ba37cfafc7714f65ab,2019-04-01,CHANGELOG.zh-CN.md
ant-design,4f7eaf8a9cc34efce026bc4c0de7932cceba08a2,2019-03-31,.github/PULL_REQUEST_TEMPLATE.md
ant-design,6d68afdeab550613bfd4dd2ad9d4462613542c39,2019-03-23,CHANGELOG.en-US.md
ant-design,6d68afdeab550613bfd4dd2ad9d4462613542c39,2019-03-23,CHANGELOG.zh-CN.md
ant-design,c8a326643d40f960ec86d56dbf57396eee966bc7,2019-03-21,.github/PULL_REQUEST_TEMPLATE.md
ant-design,bd27b6b8364720646ea28d25de8bf9d2ca07c197,2019-03-19,CHANGELOG.en-US.md
ant-design,bd27b6b8364720646ea28d25de8bf9d2ca07c197,2019-03-19,CHANGELOG.zh-CN.md
ant-design,f080fa01c373192ce57ba9fc50c033e3474c1d15,2019-03-17,CHANGELOG.en-US.md
ant-design,f080fa01c373192ce57ba9fc50c033e3474c1d15,2019-03-17,CHANGELOG.zh-CN.md
ant-design,dbd9f323c6bb193546d3cf7f69c84dab37d24d90,2019-03-17,CHANGELOG.en-US.md
ant-design,dbd9f323c6bb193546d3cf7f69c84dab37d24d90,2019-03-17,CHANGELOG.zh-CN.md
ant-design,5b3628bbdc008045c35938272a4e9617f1a73ad7,2019-03-16,CHANGELOG.en-US.md
ant-design,5b3628bbdc008045c35938272a4e9617f1a73ad7,2019-03-16,CHANGELOG.zh-CN.md
ant-design,bb869b6eac80f5a58fc6669f7ab03732ffc69cd4,2019-03-12,.github/PULL_REQUEST_TEMPLATE.md
ant-design,9b12f6715a1c5e376fe493dfaa63e7c032f7e666,2019-03-08,CHANGELOG.en-US.md
ant-design,9b12f6715a1c5e376fe493dfaa63e7c032f7e666,2019-03-08,CHANGELOG.zh-CN.md
ant-design,f2b95d0a7f81fc122e532672595d7a4a49618173,2019-03-08,CHANGELOG.en-US.md
ant-design,f2b95d0a7f81fc122e532672595d7a4a49618173,2019-03-08,CHANGELOG.zh-CN.md
ant-design,2b8b46d3a3e9ef26f159181b97c254c4f1a4f196,2019-03-05,.github/PULL_REQUEST_TEMPLATE.md
ant-design,f817aa90d2fe319fd38013080c063c56b82c3a41,2019-03-05,README.md
ant-design,27575b38d017a5645cbfdf52b22b779536152f9e,2019-03-04,.github/PULL_REQUEST_TEMPLATE.md
ant-design,fa4ec1a4461ec890f67274a8d607a00adf2ccea3,2019-03-04,CHANGELOG.zh-CN.md
ant-design,f793c377c170371cb422cb8165aa20a387dd998c,2019-03-04,CHANGELOG.en-US.md
ant-design,f793c377c170371cb422cb8165aa20a387dd998c,2019-03-04,CHANGELOG.zh-CN.md
ant-design,664aac42de5bc891e1e720271eef546b8c83be69,2019-03-04,CHANGELOG.en-US.md
ant-design,664aac42de5bc891e1e720271eef546b8c83be69,2019-03-04,CHANGELOG.zh-CN.md
ant-design,c7f79de470b10843963d0ef7a668943080265a57,2019-03-04,CHANGELOG.en-US.md
ant-design,c7f79de470b10843963d0ef7a668943080265a57,2019-03-04,CHANGELOG.zh-CN.md
ant-design,f245cf7a39db426e7bc3b5d2a7db553c9a67643e,2019-03-04,CHANGELOG.en-US.md
ant-design,f245cf7a39db426e7bc3b5d2a7db553c9a67643e,2019-03-04,CHANGELOG.zh-CN.md
ant-design,750bc74ae2026eff07c3796ee0ca2f529a99d43a,2019-03-04,CHANGELOG.en-US.md
ant-design,750bc74ae2026eff07c3796ee0ca2f529a99d43a,2019-03-04,CHANGELOG.zh-CN.md
ant-design,1363a5e0f09cdfd83f09cf6d75c423e44ca194a1,2019-03-04,.github/PULL_REQUEST_TEMPLATE.md
ant-design,5e298dba5198b5d969a7e8ca8e604334ae12ac7b,2019-03-04,CHANGELOG.en-US.md
ant-design,5e298dba5198b5d969a7e8ca8e604334ae12ac7b,2019-03-04,CHANGELOG.zh-CN.md
ant-design,a73cbe99e59576ceabf2a48b031b9cc74579100c,2019-02-23,CHANGELOG.en-US.md
ant-design,46a2a6f59d2a07f0ee96552c140c0e34445c27f6,2019-02-23,CHANGELOG.en-US.md
ant-design,46a2a6f59d2a07f0ee96552c140c0e34445c27f6,2019-02-23,CHANGELOG.zh-CN.md
ant-design,ec3c14b537eb6a0ba1752289975d40e1722e7e4f,2019-02-20,AUTHORS.txt
ant-design,a22b994c53de0783e6fe4d40ff4c3e94a02b176d,2019-02-20,CHANGELOG.en-US.md
ant-design,fe2d997df8bef44467f9f93008a7b01f3ddbfde6,2019-02-20,CHANGELOG.en-US.md
ant-design,fe2d997df8bef44467f9f93008a7b01f3ddbfde6,2019-02-20,CHANGELOG.zh-CN.md
ant-design,f370e96d68d9652ea5badbae6f44e1009dc778b6,2019-02-19,CHANGELOG.zh-CN.md
ant-design,2b4bb4c11a1b22ae47a01948d3570c69d4054ba0,2019-02-19,CHANGELOG.en-US.md
ant-design,2b4bb4c11a1b22ae47a01948d3570c69d4054ba0,2019-02-19,CHANGELOG.zh-CN.md
ant-design,3ae34ab1d2060e562169bb88181f1175f9aa60a8,2019-02-18,README.md
ant-design,6678c6abf3571ce315f982bbdc6f02b87ceabe57,2019-02-18,CHANGELOG.en-US.md
ant-design,6678c6abf3571ce315f982bbdc6f02b87ceabe57,2019-02-18,CHANGELOG.zh-CN.md
ant-design,62dbb31ee42f9dbf4c6721aa109ac27704dd861f,2019-02-17,CHANGELOG.en-US.md
ant-design,62dbb31ee42f9dbf4c6721aa109ac27704dd861f,2019-02-17,CHANGELOG.zh-CN.md
ant-design,dbc2e9d1806ac8bf9caf245d464e5e70fdca178a,2019-02-11,CHANGELOG.en-US.md
ant-design,7ebf5a067769e5e1fa63a7d8f1cfd20a6962088e,2019-02-10,README.md
ant-design,b4bbbc01ead38e78d9c88cbde82d732b5c3ab8a1,2019-02-10,README.md
ant-design,d06db43b41cccbb5b8f35e4594c823177ea33318,2019-02-08,README.md
ant-design,039945092011471f060375515417a25922bb0b9e,2019-02-07,CHANGELOG.en-US.md
ant-design,039945092011471f060375515417a25922bb0b9e,2019-02-07,CHANGELOG.zh-CN.md
ant-design,e0d95ed3f797184aa56657d0201234cdb48cf11a,2019-02-07,CHANGELOG.en-US.md
ant-design,e0d95ed3f797184aa56657d0201234cdb48cf11a,2019-02-07,CHANGELOG.zh-CN.md
ant-design,dab30ef2ccead39135ff6e4b215259344d812897,2019-02-07,CHANGELOG.en-US.md
ant-design,dab30ef2ccead39135ff6e4b215259344d812897,2019-02-07,CHANGELOG.zh-CN.md
ant-design,4b526bf251fde5d4b6f1fec6d1ec3eb8805b4c75,2019-02-04,CHANGELOG.en-US.md
ant-design,e8949c786a8e247a14c4b47a7a41872bc0baf969,2019-02-04,CHANGELOG.en-US.md
ant-design,e8949c786a8e247a14c4b47a7a41872bc0baf969,2019-02-04,CHANGELOG.zh-CN.md
ant-design,38d8eaa78863f0e4a5225ce8163658ff4aeee82e,2019-02-04,CHANGELOG.en-US.md
ant-design,e74abf860738b9a8082d63847abf0ff006e5b99d,2019-02-03,CHANGELOG.en-US.md
ant-design,e74abf860738b9a8082d63847abf0ff006e5b99d,2019-02-03,CHANGELOG.zh-CN.md
ant-design,a84cf0ff11a04dfd13ee235e5fa5b78c61eed639,2019-02-03,CHANGELOG.zh-CN.md
ant-design,a98f52d205d80ce89eac1fe3e43e6e4deb806228,2019-02-03,CHANGELOG.en-US.md
ant-design,a98f52d205d80ce89eac1fe3e43e6e4deb806228,2019-02-03,CHANGELOG.zh-CN.md
ant-design,2d43e98a7a182c5de8833245f4a3d78ceb5210b1,2019-02-03,CHANGELOG.en-US.md
ant-design,2d43e98a7a182c5de8833245f4a3d78ceb5210b1,2019-02-03,CHANGELOG.zh-CN.md
ant-design,38c4bccc9b370189581231294e5c77a968442dd2,2019-02-03,CHANGELOG.en-US.md
ant-design,38c4bccc9b370189581231294e5c77a968442dd2,2019-02-03,CHANGELOG.zh-CN.md
ant-design,b3b01a3bf7113fa6c0a98623bbaac4783102df68,2019-02-03,CHANGELOG.en-US.md
ant-design,ee8827055fee1aafc5b3a99a9158da073c9bda4b,2019-02-03,CHANGELOG.en-US.md
ant-design,a5bdfb1a729aa62ce11b973ab15ab2c6aadc1c98,2019-02-03,CHANGELOG.en-US.md
ant-design,a5bdfb1a729aa62ce11b973ab15ab2c6aadc1c98,2019-02-03,CHANGELOG.zh-CN.md
ant-design,8e062667415acc3bcc859672ef7c6302b946a03f,2019-02-03,CHANGELOG.en-US.md
ant-design,8e062667415acc3bcc859672ef7c6302b946a03f,2019-02-03,CHANGELOG.zh-CN.md
ant-design,f802864cda7c4a1407c31c8f3d5bc128801f45be,2019-02-03,CHANGELOG.en-US.md
ant-design,f802864cda7c4a1407c31c8f3d5bc128801f45be,2019-02-03,CHANGELOG.zh-CN.md
ant-design,022caca98dd16f1bd12de455e9a8da99a0ad4ed5,2019-02-03,CHANGELOG.en-US.md
ant-design,022caca98dd16f1bd12de455e9a8da99a0ad4ed5,2019-02-03,CHANGELOG.zh-CN.md
ant-design,a261cfa1a23ee38381180f40a4625b58c87a76ea,2019-02-03,CHANGELOG.en-US.md
ant-design,5ca53761b8b7978be49bfd812e246325e12a8f32,2019-02-03,CHANGELOG.en-US.md
ant-design,1b7240bc8ff94e761a6c49be314379a21adc3827,2019-02-03,CHANGELOG.en-US.md
ant-design,1b7240bc8ff94e761a6c49be314379a21adc3827,2019-02-03,CHANGELOG.zh-CN.md
ant-design,0115790567e8c26393361825e4f4b38a92bc0641,2019-02-03,CHANGELOG.en-US.md
ant-design,0115790567e8c26393361825e4f4b38a92bc0641,2019-02-03,CHANGELOG.zh-CN.md
ant-design,0cb2e696329c7f3ba221ee901920eb8419c7d13f,2019-02-03,CHANGELOG.zh-CN.md
ant-design,fa2121c8f8ea10a21c63272c60096770fe605250,2019-02-03,CHANGELOG.zh-CN.md
ant-design,e3d36fa75e2a1567b4e72e4db61eaaf42cb133b0,2019-02-03,CHANGELOG.zh-CN.md
ant-design,2402d619623610395cc3885e14c59462756bdf16,2019-02-03,CHANGELOG.zh-CN.md
ant-design,c91bc10592eea99f5f6251980ea49def8d0a3f83,2019-02-03,CHANGELOG.zh-CN.md
ant-design,ad05487743733f27429e2915bc33c0679646e68d,2019-02-03,CHANGELOG.zh-CN.md
ant-design,83ec6b1531f25065640cc06f26fd76732fbdc1ff,2019-02-03,README.md
ant-design,90fdd02e591de4a97638e62fc88756068c134ead,2019-01-30,README.md
ant-design,f955d2ec82e9f7397a5b2c87431a62e615b90333,2019-01-29,.github/PULL_REQUEST_TEMPLATE.md
ant-design,b8adc1c9e8412af72e8e19ec8ab291bf8dbbc114,2019-01-28,CHANGELOG.en-US.md
ant-design,b8adc1c9e8412af72e8e19ec8ab291bf8dbbc114,2019-01-28,CHANGELOG.zh-CN.md
ant-design,fb437fac262a491b8cda03cdb22a0b12ba52f6c8,2019-01-26,CHANGELOG.en-US.md
ant-design,fb437fac262a491b8cda03cdb22a0b12ba52f6c8,2019-01-26,CHANGELOG.zh-CN.md
ant-design,fcc51740a8161084f915d9e38683709b59025ec3,2019-01-26,CHANGELOG.en-US.md
ant-design,05dcc9b7113df81e643551fab35b6a503ee02bb8,2019-01-26,CHANGELOG.en-US.md
ant-design,05dcc9b7113df81e643551fab35b6a503ee02bb8,2019-01-26,CHANGELOG.zh-CN.md
ant-design,67aa6223655bde0e387d6908c61fb6e19d356422,2019-01-26,CHANGELOG.en-US.md
ant-design,67aa6223655bde0e387d6908c61fb6e19d356422,2019-01-26,CHANGELOG.zh-CN.md
ant-design,e92efa41eff8ff283e84b6d22386ee5f19b1aba0,2019-01-26,CHANGELOG.en-US.md
ant-design,e92efa41eff8ff283e84b6d22386ee5f19b1aba0,2019-01-26,CHANGELOG.zh-CN.md
ant-design,ee644ce87c227713e7dc1c4bf6a566cef9620c2e,2019-01-22,CHANGELOG.en-US.md
ant-design,ee644ce87c227713e7dc1c4bf6a566cef9620c2e,2019-01-22,CHANGELOG.zh-CN.md
ant-design,2569097a0f048af57399b177914703c09a0c4f44,2019-01-22,README.md
ant-design,b1c1b0203071b96724cb89639419cccb4e3660d7,2019-01-20,CHANGELOG.en-US.md
ant-design,b1c1b0203071b96724cb89639419cccb4e3660d7,2019-01-20,CHANGELOG.zh-CN.md
ant-design,076ebacd6d30cdb5f56c453569ce35baf01c50b9,2019-01-20,CHANGELOG.en-US.md
ant-design,076ebacd6d30cdb5f56c453569ce35baf01c50b9,2019-01-20,CHANGELOG.zh-CN.md
ant-design,6f55078a13ceb29ccc505fe89c0ae2a0682d8452,2019-01-14,CHANGELOG.en-US.md
ant-design,6f55078a13ceb29ccc505fe89c0ae2a0682d8452,2019-01-14,CHANGELOG.zh-CN.md
ant-design,4a41dd18489cf175c5db2d683b6bf7c615579d19,2019-01-14,CHANGELOG.zh-CN.md
ant-design,e6bb50a121c719eabfc065568faa0e0ff1f50ade,2019-01-13,CHANGELOG.en-US.md
ant-design,e6bb50a121c719eabfc065568faa0e0ff1f50ade,2019-01-13,CHANGELOG.zh-CN.md
ant-design,b5e8fbfff6d4c9f0161d8e7d0aeb64d392c02398,2019-01-13,CHANGELOG.en-US.md
ant-design,b5e8fbfff6d4c9f0161d8e7d0aeb64d392c02398,2019-01-13,CHANGELOG.zh-CN.md
ant-design,28edc025fb3a35e0adfd96f89b8c886d9e712346,2019-01-12,CHANGELOG.en-US.md
ant-design,28edc025fb3a35e0adfd96f89b8c886d9e712346,2019-01-12,CHANGELOG.zh-CN.md
ant-design,e05468d947e37cf7ab3739b3a2ccc34e978622ea,2019-01-08,.github/PULL_REQUEST_TEMPLATE.md
ant-design,d6acc09305680bfbdf6d44a0146c5aafae2cd36e,2019-01-07,CHANGELOG.en-US.md
ant-design,d6acc09305680bfbdf6d44a0146c5aafae2cd36e,2019-01-07,CHANGELOG.zh-CN.md
ant-design,7e54e9f679dd619b5cf4828b8700a9482a309676,2019-01-07,CHANGELOG.en-US.md
ant-design,7e54e9f679dd619b5cf4828b8700a9482a309676,2019-01-07,CHANGELOG.zh-CN.md
ant-design,fb46e014f0b8190771b9b323a8682938ff9efa5a,2019-01-07,.github/PULL_REQUEST_TEMPLATE.md
ant-design,e3e63fd8b2962156776ad3800dc17959b7aa32a5,2019-01-06,CHANGELOG.en-US.md
ant-design,e3e63fd8b2962156776ad3800dc17959b7aa32a5,2019-01-06,CHANGELOG.zh-CN.md
ant-design,63d40cc37cbd6c905f3356b00d20ff0aca5217ea,2019-01-06,CHANGELOG.en-US.md
ant-design,63d40cc37cbd6c905f3356b00d20ff0aca5217ea,2019-01-06,CHANGELOG.zh-CN.md
ant-design,765c7085f956f3611c66336b96761a81002fbaf1,2019-01-06,CHANGELOG.en-US.md
ant-design,ae522ec079f267d262d1d73c49abe17366dc6d7b,2019-01-06,CHANGELOG.en-US.md
ant-design,ae522ec079f267d262d1d73c49abe17366dc6d7b,2019-01-06,CHANGELOG.zh-CN.md
ant-design,a364acc62d39f260cac3ac7a858ca12f01e4609b,2019-01-06,CHANGELOG.en-US.md
ant-design,a364acc62d39f260cac3ac7a858ca12f01e4609b,2019-01-06,CHANGELOG.zh-CN.md
ant-design,abb5e875ebd5c92848c484bb071a5f2fb70ad68c,2019-01-06,CHANGELOG.en-US.md
ant-design,37acb3307c718cbd00cdfa8215d08030f52b711e,2019-01-06,CHANGELOG.en-US.md
ant-design,37acb3307c718cbd00cdfa8215d08030f52b711e,2019-01-06,CHANGELOG.zh-CN.md
ant-design,d78c0f270732c177a2616f73749abb0250303906,2019-01-06,.github/PULL_REQUEST_TEMPLATE.md
ant-design,b887098584ba36983a0401476f11437047123608,2019-01-04,.github/PULL_REQUEST_TEMPLATE.md
ant-design,429be2f87e0dfc3bdd4e60d486890241eb30df9c,2019-01-03,.github/PULL_REQUEST_TEMPLATE.md
ant-design,e9d7e186a19e336335ddaf6ed0ae4dbb9f60d7ba,2018-12-30,README.md
ant-design,22bf662069d4b06b6ad0c0c5707a8c29fa80a850,2018-12-30,CHANGELOG.en-US.md
ant-design,22bf662069d4b06b6ad0c0c5707a8c29fa80a850,2018-12-30,CHANGELOG.zh-CN.md
ant-design,ad93fc6583ffaa447a0a30015a7078f18991c60a,2018-12-30,CHANGELOG.en-US.md
ant-design,fead633eb6b80fe47b4f80e1e1bb3f60ffd3ad73,2018-12-29,CHANGELOG.en-US.md
ant-design,fead633eb6b80fe47b4f80e1e1bb3f60ffd3ad73,2018-12-29,CHANGELOG.zh-CN.md
ant-design,0e42cbf7e68b6b1dbde0b4cc332d2dd3978cc749,2018-12-27,AUTHORS.txt
ant-design,1a4fce7d0ff39632e64b52c179c6121ff0c7f940,2018-12-27,AUTHORS.txt
ant-design,6550df34b639ab0b3bf2c1cbf9b9828735c1fd41,2018-12-25,CHANGELOG.en-US.md
ant-design,6550df34b639ab0b3bf2c1cbf9b9828735c1fd41,2018-12-25,CHANGELOG.zh-CN.md
ant-design,e6fd745c268af8e05671167bc6b786ba773d32d1,2018-12-24,CHANGELOG.en-US.md
ant-design,e6fd745c268af8e05671167bc6b786ba773d32d1,2018-12-24,CHANGELOG.zh-CN.md
ant-design,0218bee8102f1c98e276fb4c9d5b08b6058b7539,2018-12-23,README.md
ant-design,ee27e87cf046c34cb54799b1714045e11cf00675,2018-12-23,CHANGELOG.en-US.md
ant-design,ee27e87cf046c34cb54799b1714045e11cf00675,2018-12-23,CHANGELOG.zh-CN.md
ant-design,03c10c9a05aa4dc46dc9bf8a413d378b375b6d66,2018-12-23,CHANGELOG.en-US.md
ant-design,03c10c9a05aa4dc46dc9bf8a413d378b375b6d66,2018-12-23,CHANGELOG.zh-CN.md
ant-design,a318c2ed7718df21ace6be2641e63b8bb08953c0,2018-12-22,README.md
ant-design,8fe3c113b6255b56648dcc2d6c4846ad219bce36,2018-12-22,CHANGELOG.en-US.md
ant-design,bce044bac269280eb3b59033b55432d2a4a5a0a9,2018-12-22,CHANGELOG.en-US.md
ant-design,4e68a53d276b91fb0bc3bb961dd251653e839123,2018-12-22,CHANGELOG.en-US.md
ant-design,4e68a53d276b91fb0bc3bb961dd251653e839123,2018-12-22,CHANGELOG.zh-CN.md
ant-design,a383df8870fe7ce337a91432920a639a63596c44,2018-12-22,CHANGELOG.en-US.md
ant-design,a383df8870fe7ce337a91432920a639a63596c44,2018-12-22,CHANGELOG.zh-CN.md
ant-design,7d3d271aead2923e68ffd31eeccb815e8683bb5b,2018-12-22,CHANGELOG.zh-CN.md
ant-design,5977d315905160fd7bf961f059e823f60975f901,2018-12-22,CHANGELOG.zh-CN.md
ant-design,18170521940725cecb84f4f8dae18005cd1cf4b8,2018-12-21,README.md
ant-design,0f547e31d5b62151a35af25128999edb58538ec8,2018-12-20,README.md
ant-design,daca08b6f12948f5a333a06bbd9c67b0b5495420,2018-12-13,CHANGELOG.en-US.md
ant-design,daca08b6f12948f5a333a06bbd9c67b0b5495420,2018-12-13,CHANGELOG.zh-CN.md
ant-design,daca08b6f12948f5a333a06bbd9c67b0b5495420,2018-12-13,README.md
ant-design,327f78adbb2de25d7602f440d9e4f4d1e15e0e8e,2018-12-10,CHANGELOG.en-US.md
ant-design,327f78adbb2de25d7602f440d9e4f4d1e15e0e8e,2018-12-10,CHANGELOG.zh-CN.md
ant-design,ca56828df736590ab000b689c8e811175401ebe4,2018-12-10,CHANGELOG.en-US.md
ant-design,ca56828df736590ab000b689c8e811175401ebe4,2018-12-10,CHANGELOG.zh-CN.md
ant-design,5a1c9066f97b866731f432f440c986825eb7a34f,2018-12-10,README.md
ant-design,abaf9f0143a7ac4adbf3d942cbaa456f13207941,2018-12-09,CHANGELOG.en-US.md
ant-design,abaf9f0143a7ac4adbf3d942cbaa456f13207941,2018-12-09,CHANGELOG.zh-CN.md
ant-design,22817d3909ad5b195a3100cc912505b167a4d6f6,2018-12-03,CHANGELOG.en-US.md
ant-design,22817d3909ad5b195a3100cc912505b167a4d6f6,2018-12-03,CHANGELOG.zh-CN.md
ant-design,217a7ff0a3d5cbaeb45aec58647e1299342a9744,2018-12-03,CHANGELOG.en-US.md
ant-design,217a7ff0a3d5cbaeb45aec58647e1299342a9744,2018-12-03,CHANGELOG.zh-CN.md
ant-design,0975b39306cb4e733ece5714b406a2636dbf3435,2018-12-02,CHANGELOG.en-US.md
ant-design,3d4076ef137ef004c649468b3a3119e0c214af4f,2018-12-02,CHANGELOG.en-US.md
ant-design,5bc5ce9f4f6566834a44b51e8ab9825ca363d47e,2018-12-02,CHANGELOG.en-US.md
ant-design,9a5a9d848b468aae69e07ff3b1ce3cb4b67617f6,2018-12-02,CHANGELOG.en-US.md
ant-design,e7027311bbabe9d31dfe25ce3aea51e94e3086f5,2018-12-02,CHANGELOG.zh-CN.md
ant-design,844767c9d334da16525034980e99cf5d34e5d5a0,2018-12-02,CHANGELOG.zh-CN.md
ant-design,5172477f59f1f9a81120f5a27e4a272087a3a315,2018-12-02,CHANGELOG.en-US.md
ant-design,5172477f59f1f9a81120f5a27e4a272087a3a315,2018-12-02,CHANGELOG.zh-CN.md
ant-design,b533cfee188aaf93fa294547fae92514d70377e0,2018-12-02,CHANGELOG.zh-CN.md
ant-design,d6bf102a8c356be4b087a8fc417f756d4d8dca5a,2018-12-02,CHANGELOG.en-US.md
ant-design,d6bf102a8c356be4b087a8fc417f756d4d8dca5a,2018-12-02,CHANGELOG.zh-CN.md
ant-design,dc8ebef3217a374a14723b4cfe7d4d5eadda9a2e,2018-12-02,CHANGELOG.en-US.md
ant-design,dc8ebef3217a374a14723b4cfe7d4d5eadda9a2e,2018-12-02,CHANGELOG.zh-CN.md
ant-design,647ba193cddae02d211c821a2575af3527379162,2018-11-28,.github/ISSUE_TEMPLATE.md
ant-design,647ba193cddae02d211c821a2575af3527379162,2018-11-28,.github/PULL_REQUEST_TEMPLATE.md
ant-design,feac59da347720c173fb02334bdda39001bf0c96,2018-11-28,AUTHORS.txt
ant-design,86e801ce37145895ba528ad31072bf70068f8ad0,2018-11-28,CHANGELOG.en-US.md
ant-design,86e801ce37145895ba528ad31072bf70068f8ad0,2018-11-28,CHANGELOG.zh-CN.md
ant-design,86e801ce37145895ba528ad31072bf70068f8ad0,2018-11-28,CODE_OF_CONDUCT.md
ant-design,86e801ce37145895ba528ad31072bf70068f8ad0,2018-11-28,README.md
ant-design,7a192057af68781f0cd9b0a858e0447fb8e5270e,2018-11-28,LICENSE
ant-design,c6fb264bf46eb8cbc1534f6b23d4f9210c26439e,2018-11-24,CHANGELOG.en-US.md
ant-design,c6fb264bf46eb8cbc1534f6b23d4f9210c26439e,2018-11-24,CHANGELOG.zh-CN.md
ant-design,5705dc81577c008d01e8339c75a561abac7e6ba9,2018-11-19,CHANGELOG.en-US.md
ant-design,4393768dce17b8516809e6bc5d9279a6f7ef3f93,2018-11-18,CHANGELOG.en-US.md
ant-design,4393768dce17b8516809e6bc5d9279a6f7ef3f93,2018-11-18,CHANGELOG.zh-CN.md
ant-design,7a434ed743c07e362f81a566dcbf73a859bdaf92,2018-11-12,.github/ISSUE_TEMPLATE.md
ant-design,c732024d914f1fa9c5061f9711833687e904928f,2018-11-12,AUTHORS.txt
ant-design,eeeb81f864567b90c3a8f91b2ea849141065034d,2018-11-12,CHANGELOG.en-US.md
ant-design,205c600c90458e6bca5f6d7682339e703eb522e4,2018-11-11,CHANGELOG.en-US.md
ant-design,205c600c90458e6bca5f6d7682339e703eb522e4,2018-11-11,CHANGELOG.zh-CN.md
ant-design,74aeaceaa88034b8cb669efb8aa3b6de41ff6f9d,2018-11-11,CHANGELOG.en-US.md
ant-design,74aeaceaa88034b8cb669efb8aa3b6de41ff6f9d,2018-11-11,CHANGELOG.zh-CN.md
ant-design,63dee3c95eebbb99f34b0530334771b500d7ce1f,2018-11-11,CHANGELOG.en-US.md
ant-design,63dee3c95eebbb99f34b0530334771b500d7ce1f,2018-11-11,CHANGELOG.zh-CN.md
ant-design,90f29b5880080e5a38a7b43971cb9992f26df870,2018-11-11,CHANGELOG.en-US.md
ant-design,90f29b5880080e5a38a7b43971cb9992f26df870,2018-11-11,CHANGELOG.zh-CN.md
ant-design,20c0590db1542d3200978b8f5ef066da20d2e64f,2018-11-09,CHANGELOG.en-US.md
ant-design,4d30cd67497c1fce98ce210103f18d9469fd985a,2018-11-09,CHANGELOG.en-US.md
ant-design,4d30cd67497c1fce98ce210103f18d9469fd985a,2018-11-09,CHANGELOG.zh-CN.md
ant-design,e10c400047ec6d2bc43f92788a7027447e4a6382,2018-11-08,README.md
ant-design,4763a51dc88501190c2e13c5e1487bbfb99dad15,2018-11-07,CHANGELOG.en-US.md
ant-design,9ab4d4342c9eaf1a253651576347b6e4c1f0add2,2018-11-07,AUTHORS.txt
ant-design,53136e42b96d67ccc7f858869bb8330987c16982,2018-11-03,CHANGELOG.en-US.md
ant-design,53136e42b96d67ccc7f858869bb8330987c16982,2018-11-03,CHANGELOG.zh-CN.md
ant-design,62bf204442ccdb9ab833f43596599924257638be,2018-11-02,README.md
ant-design,a0e693ebb896658044f77fe349121ba82dc5ab37,2018-10-28,CHANGELOG.en-US.md
ant-design,a0e693ebb896658044f77fe349121ba82dc5ab37,2018-10-28,CHANGELOG.zh-CN.md
ant-design,50d57cc79bb855a7ee5f4e82f7c7489b6c4fc8a1,2018-10-27,CHANGELOG.en-US.md
ant-design,50d57cc79bb855a7ee5f4e82f7c7489b6c4fc8a1,2018-10-27,CHANGELOG.zh-CN.md
ant-design,ea3e9233498558590978e0406fba642ce4d47bcd,2018-10-23,CHANGELOG.en-US.md
ant-design,ea3e9233498558590978e0406fba642ce4d47bcd,2018-10-23,CHANGELOG.zh-CN.md
ant-design,11d5825b5bbf0772a8677da96366261ad2beea2e,2018-10-23,CHANGELOG.en-US.md
ant-design,11d5825b5bbf0772a8677da96366261ad2beea2e,2018-10-23,CHANGELOG.zh-CN.md
ant-design,cde74cd39a83e948b34c1e042730678311d27c54,2018-10-19,AUTHORS.txt
ant-design,4f651cb1df7f65d3c5e0502e95ecded8b7367f07,2018-10-15,README.md
ant-design,139a3489944b6b8cc92c2a992072c4c23c5db4e4,2018-10-12,CHANGELOG.en-US.md
ant-design,139a3489944b6b8cc92c2a992072c4c23c5db4e4,2018-10-12,CHANGELOG.zh-CN.md
ant-design,eba9eaa1ffc9dda7040aceb80f62e9f727979ba6,2018-10-09,CHANGELOG.en-US.md
ant-design,eba9eaa1ffc9dda7040aceb80f62e9f727979ba6,2018-10-09,CHANGELOG.zh-CN.md
ant-design,4d2422cb32c6a588d366049be4552e7da099b655,2018-10-09,CHANGELOG.zh-CN.md
ant-design,54581779a87535507decb99ee5365a8f8bbfc707,2018-10-06,CHANGELOG.zh-CN.md
ant-design,6d76d20081c951dace8963c9c600bfb5c8d3bd69,2018-10-02,CHANGELOG.en-US.md
ant-design,6d76d20081c951dace8963c9c600bfb5c8d3bd69,2018-10-02,CHANGELOG.zh-CN.md
ant-design,dd5cc9ab7038865efdae88c33e457831f8219d10,2018-10-01,CHANGELOG.en-US.md
ant-design,dd5cc9ab7038865efdae88c33e457831f8219d10,2018-10-01,CHANGELOG.zh-CN.md
ant-design,05e4c56ca33719bb79e43e2a36f5cdd25456777a,2018-09-25,CHANGELOG.zh-CN.md
ant-design,164fce25d80f1dba329990bc08c3d5fc5a306562,2018-09-22,CHANGELOG.zh-CN.md
ant-design,c04cca00a4679dc4b470c35ab3a63cf62334360b,2018-09-22,CHANGELOG.zh-CN.md
ant-design,ae025a25db055e375519dff8d39b22dd00c25497,2018-09-22,CHANGELOG.en-US.md
ant-design,ae025a25db055e375519dff8d39b22dd00c25497,2018-09-22,CHANGELOG.zh-CN.md
ant-design,2477d1beb29fec97567f8ff06e70416b23991277,2018-09-22,CHANGELOG.en-US.md
ant-design,2477d1beb29fec97567f8ff06e70416b23991277,2018-09-22,CHANGELOG.zh-CN.md
ant-design,a1decb11ecd7a5e310030d1d634ac7fa3613f2e1,2018-09-22,CHANGELOG.en-US.md
ant-design,a1decb11ecd7a5e310030d1d634ac7fa3613f2e1,2018-09-22,CHANGELOG.zh-CN.md
ant-design,7f83d8415c39716c66d2ebc4a66972fb85e613de,2018-09-22,CHANGELOG.en-US.md
ant-design,7f83d8415c39716c66d2ebc4a66972fb85e613de,2018-09-22,CHANGELOG.zh-CN.md
ant-design,28ac612dd1c09d20526e9a55220512e268554485,2018-09-22,CHANGELOG.en-US.md
ant-design,3347eed2a570f3405a05e673ff8da0889fff0a56,2018-09-22,CHANGELOG.en-US.md
ant-design,3347eed2a570f3405a05e673ff8da0889fff0a56,2018-09-22,CHANGELOG.zh-CN.md
ant-design,022d2dd0b5a714a2f33a559ff1d6ec0e3b13a9d8,2018-09-20,CHANGELOG.en-US.md
ant-design,022d2dd0b5a714a2f33a559ff1d6ec0e3b13a9d8,2018-09-20,CHANGELOG.zh-CN.md
ant-design,58de6edc5fe9360b7809ca4eeaa49ba85d5ea055,2018-09-17,README.md
ant-design,d030121ce2622eaeeeb538ecfcb443ecf2350578,2018-09-16,README.md
ant-design,66601454d6f0c8e423363c4911585b7db422e7b3,2018-09-13,README.md
ant-design,197d1392f500c6dc9c85715e261efbb65f65ad5e,2018-09-12,CHANGELOG.en-US.md
ant-design,197d1392f500c6dc9c85715e261efbb65f65ad5e,2018-09-12,CHANGELOG.zh-CN.md
ant-design,eedea07aba36014b00f048ac44593e772542ad99,2018-09-11,AUTHORS.txt
ant-design,010757831ced7706442cb0088e7676f6dc7e89bd,2018-09-10,README.md
ant-design,2029e3ef65ff5d5fca56d9f90a984e194b54cd87,2018-09-10,README.md
ant-design,d03c59f0def2ee256e40ee862fc713a4033b6c08,2018-09-08,CHANGELOG.en-US.md
ant-design,d03c59f0def2ee256e40ee862fc713a4033b6c08,2018-09-08,CHANGELOG.zh-CN.md
ant-design,d95fbad0b2446db6e4860e00bf2998a4f6209a7e,2018-09-08,README.md
ant-design,9e7d3641a98849478ad8587c2f3030259b24ef6c,2018-09-05,.github/PULL_REQUEST_TEMPLATE.md
ant-design,32c9d6b06e442a88ab834322cdb1714b797e12c7,2018-09-03,CHANGELOG.en-US.md
ant-design,32c9d6b06e442a88ab834322cdb1714b797e12c7,2018-09-03,CHANGELOG.zh-CN.md
ant-design,be4b642e716df50e39a6750a30a8597feb8f0578,2018-09-03,CHANGELOG.zh-CN.md
ant-design,c293dd4d777848c02d8bb9244dd89a2be4daa52d,2018-09-03,CHANGELOG.zh-CN.md
ant-design,193fb2dd98005d7dee7ad3cebdf124cce00e5450,2018-09-02,CHANGELOG.en-US.md
ant-design,193fb2dd98005d7dee7ad3cebdf124cce00e5450,2018-09-02,CHANGELOG.zh-CN.md
ant-design,a6907795d84083bb5e85072e6fd16aa247dd48e1,2018-09-02,CHANGELOG.zh-CN.md
ant-design,25a44ddc83ef2fd9a73d8f261cc72628c8abeb68,2018-09-02,CHANGELOG.en-US.md
ant-design,25a44ddc83ef2fd9a73d8f261cc72628c8abeb68,2018-09-02,CHANGELOG.zh-CN.md
ant-design,77005aa84e930129238f1229dd9d177f78d5c93c,2018-09-02,CHANGELOG.en-US.md
ant-design,77005aa84e930129238f1229dd9d177f78d5c93c,2018-09-02,CHANGELOG.zh-CN.md
ant-design,296d0c7daec65b05f6c5c4534583088c041733a5,2018-09-02,CHANGELOG.en-US.md
ant-design,296d0c7daec65b05f6c5c4534583088c041733a5,2018-09-02,CHANGELOG.zh-CN.md
ant-design,cdf6c9107f69a74adf1ec12bc10a3d82b64fcbcb,2018-09-02,CHANGELOG.en-US.md
ant-design,d5b01591220f1e5593a85991ff75f7544dd859be,2018-09-02,CHANGELOG.en-US.md
ant-design,d5b01591220f1e5593a85991ff75f7544dd859be,2018-09-02,CHANGELOG.zh-CN.md
ant-design,93d7d224deb32f0845a4ea6e1d28ea59b008242c,2018-09-02,CHANGELOG.en-US.md
ant-design,93d7d224deb32f0845a4ea6e1d28ea59b008242c,2018-09-02,CHANGELOG.zh-CN.md
ant-design,9ff5d799e83eddaf80d0c8ca7af0323cc8283d39,2018-09-02,CHANGELOG.en-US.md
ant-design,9ff5d799e83eddaf80d0c8ca7af0323cc8283d39,2018-09-02,CHANGELOG.zh-CN.md
ant-design,4f4713748edd1736037c4394afe85898d866ef3b,2018-09-02,CHANGELOG.en-US.md
ant-design,4f4713748edd1736037c4394afe85898d866ef3b,2018-09-02,CHANGELOG.zh-CN.md
ant-design,2e4c882febd0f89660970261569fe774b9456c9b,2018-09-02,CHANGELOG.en-US.md
ant-design,2e4c882febd0f89660970261569fe774b9456c9b,2018-09-02,CHANGELOG.zh-CN.md
ant-design,c9debf6f12527278c4bb7c8f2fd3d45852634d57,2018-09-02,CHANGELOG.en-US.md
ant-design,c9debf6f12527278c4bb7c8f2fd3d45852634d57,2018-09-02,CHANGELOG.zh-CN.md
ant-design,74cdfa0e425aa20851fe5f85ff7949c4d661deb0,2018-09-02,CHANGELOG.en-US.md
ant-design,74cdfa0e425aa20851fe5f85ff7949c4d661deb0,2018-09-02,CHANGELOG.zh-CN.md
ant-design,43c1bb646d1febea07e238eec859b47bf7f1dc21,2018-09-02,README.md
ant-design,8faa6d5df50d03f372f26acb7316abc51852b801,2018-09-02,README.md
ant-design,c0ecd050e8961e4b51b06d03ac078952f3989ac9,2018-09-02,README.md
ant-design,a7953a1648e06d845cf5a74022f196a114004e85,2018-09-02,README.md
ant-design,249e3d213ab9e01756988fe0a9460cf4fdd9787c,2018-08-27,CHANGELOG.en-US.md
ant-design,249e3d213ab9e01756988fe0a9460cf4fdd9787c,2018-08-27,CHANGELOG.zh-CN.md
ant-design,657859fea31ee4f1e8c750cdbff9b330ff30a00c,2018-08-27,CHANGELOG.en-US.md
ant-design,657859fea31ee4f1e8c750cdbff9b330ff30a00c,2018-08-27,CHANGELOG.zh-CN.md
ant-design,6e301e820bd51bde611f35d564164cc7bec2042b,2018-08-26,CHANGELOG.en-US.md
ant-design,6e301e820bd51bde611f35d564164cc7bec2042b,2018-08-26,CHANGELOG.zh-CN.md
ant-design,0ab7096a2d871d36b54f6b82efa15fa6a5af6e46,2018-08-18,CHANGELOG.en-US.md
ant-design,0ab7096a2d871d36b54f6b82efa15fa6a5af6e46,2018-08-18,CHANGELOG.zh-CN.md
ant-design,bf2490c45f1c79d57657cd1fed73e6e9c5ec81cd,2018-08-12,CHANGELOG.en-US.md
ant-design,bf2490c45f1c79d57657cd1fed73e6e9c5ec81cd,2018-08-12,CHANGELOG.zh-CN.md
ant-design,859c18f7ddebc42dd301929143ab4ae5787dfc24,2018-08-09,README.md
ant-design,cda29f231e082a8a06846cad8f32a0582edf36ed,2018-08-05,CHANGELOG.zh-CN.md
ant-design,928b747d6c6824dc4d20e20a914e75cdb5d7646c,2018-08-05,CHANGELOG.en-US.md
ant-design,928b747d6c6824dc4d20e20a914e75cdb5d7646c,2018-08-05,CHANGELOG.zh-CN.md
ant-design,a130bcf4db911a9ca25ad619c9e7025ba52b16ca,2018-08-05,CHANGELOG.en-US.md
ant-design,a130bcf4db911a9ca25ad619c9e7025ba52b16ca,2018-08-05,CHANGELOG.zh-CN.md
ant-design,2226a40c74234038494b3ea22e0b17429b15ba03,2018-08-05,CHANGELOG.zh-CN.md
ant-design,3fbcb73a2ac960e1495693df4c61e502126ff6ed,2018-08-05,CHANGELOG.zh-CN.md
ant-design,0f9da43522aa5433f25fb9cfbbb347529aaa86f4,2018-08-02,AUTHORS.txt
ant-design,d1ba62e50b8956b2a94f97c2aa1e9fc45acd3f11,2018-07-28,CHANGELOG.en-US.md
ant-design,d1ba62e50b8956b2a94f97c2aa1e9fc45acd3f11,2018-07-28,CHANGELOG.zh-CN.md
ant-design,548c694c404b08ff0d04148fad9bd9242dc8207b,2018-07-25,CHANGELOG.en-US.md
ant-design,548c694c404b08ff0d04148fad9bd9242dc8207b,2018-07-25,CHANGELOG.zh-CN.md
ant-design,6503bace427325f24abe9e7678b8538f7eda0a78,2018-07-23,CHANGELOG.en-US.md
ant-design,6503bace427325f24abe9e7678b8538f7eda0a78,2018-07-23,CHANGELOG.zh-CN.md
ant-design,827da01e05c7b7cdef440f10dbb9926dbd0f9a03,2018-07-23,README.md
ant-design,0337b698932e0d3e55578e9a2ce7727277befa0a,2018-07-23,CHANGELOG.en-US.md
ant-design,0337b698932e0d3e55578e9a2ce7727277befa0a,2018-07-23,CHANGELOG.zh-CN.md
ant-design,007c7d0ef7cd4bd7fbaa638271ba2969e1c85b9a,2018-07-23,CHANGELOG.en-US.md
ant-design,007c7d0ef7cd4bd7fbaa638271ba2969e1c85b9a,2018-07-23,CHANGELOG.zh-CN.md
ant-design,8c7dfe45c6f71b33a3cf698d8e48746cb7db9f37,2018-07-21,CHANGELOG.en-US.md
ant-design,8c7dfe45c6f71b33a3cf698d8e48746cb7db9f37,2018-07-21,CHANGELOG.zh-CN.md
ant-design,361b94fb0f02a100773a370fb59da8553883c475,2018-07-20,README.md
ant-design,f7db1788dfa2ca3edd94f6476a4e59c4fc1aa1b9,2018-07-18,CHANGELOG.en-US.md
ant-design,f7db1788dfa2ca3edd94f6476a4e59c4fc1aa1b9,2018-07-18,CHANGELOG.zh-CN.md
ant-design,f337d2f4e443be040af694261db9ddc9a78fb616,2018-07-15,CHANGELOG.zh-CN.md
ant-design,68721313211abea276148293e417437c564605ef,2018-07-15,CHANGELOG.en-US.md
ant-design,68721313211abea276148293e417437c564605ef,2018-07-15,CHANGELOG.zh-CN.md
ant-design,6a405463d11ac4d1b707cea937a75302352ff105,2018-07-10,CHANGELOG.en-US.md
ant-design,6a405463d11ac4d1b707cea937a75302352ff105,2018-07-10,CHANGELOG.zh-CN.md
ant-design,8607c58abc2dd9f1a999035af97065e5e8c4587e,2018-07-02,README.md
ant-design,915a64feae3548be5c9fa931a4c374f05cb51b3c,2018-07-02,CHANGELOG.en-US.md
ant-design,915a64feae3548be5c9fa931a4c374f05cb51b3c,2018-07-02,CHANGELOG.zh-CN.md
ant-design,7123a6da593c0a6fd396abd3ed419de1c53af2e8,2018-07-02,CHANGELOG.en-US.md
ant-design,7123a6da593c0a6fd396abd3ed419de1c53af2e8,2018-07-02,CHANGELOG.zh-CN.md
ant-design,d11d44e413902b3ede06e1af1e99e62c118cf15b,2018-06-23,CHANGELOG.en-US.md
ant-design,d11d44e413902b3ede06e1af1e99e62c118cf15b,2018-06-23,CHANGELOG.zh-CN.md
ant-design,919e25d6d9aaa0bad0faf3c811da81ab327d1253,2018-06-19,CHANGELOG.en-US.md
ant-design,919e25d6d9aaa0bad0faf3c811da81ab327d1253,2018-06-19,CHANGELOG.zh-CN.md
ant-design,39b4ff438f16fe1b3ff02bbd68214ab7bc1c9ba9,2018-06-19,CHANGELOG.zh-CN.md
ant-design,be8520de3c581c3b85ca4e984a7280e8c7a5a462,2018-06-19,CHANGELOG.zh-CN.md
ant-design,f597c32aa6fbea0f0c2f15295adecd70bb4e993e,2018-06-10,CHANGELOG.en-US.md
ant-design,f597c32aa6fbea0f0c2f15295adecd70bb4e993e,2018-06-10,CHANGELOG.zh-CN.md
ant-design,8610eb054fac17c14e7c29ac3b196963230dbd24,2018-06-08,CHANGELOG.en-US.md
ant-design,8610eb054fac17c14e7c29ac3b196963230dbd24,2018-06-08,CHANGELOG.zh-CN.md
ant-design,d69610a17fdb5fdd7e2f5a41158d6996a1b23c82,2018-06-03,CHANGELOG.en-US.md
ant-design,d69610a17fdb5fdd7e2f5a41158d6996a1b23c82,2018-06-03,CHANGELOG.zh-CN.md
ant-design,37d5f895d208ed28437961b26c10a1fcb50243cf,2018-06-02,CHANGELOG.en-US.md
ant-design,37d5f895d208ed28437961b26c10a1fcb50243cf,2018-06-02,CHANGELOG.zh-CN.md
ant-design,f8314a6b1e555b7695041ec94c9d3c08ef72e253,2018-06-02,CHANGELOG.en-US.md
ant-design,f8314a6b1e555b7695041ec94c9d3c08ef72e253,2018-06-02,CHANGELOG.zh-CN.md
ant-design,0ea890a0a481a0b717e808dd9ce88812e31e61c9,2018-06-02,CHANGELOG.en-US.md
ant-design,0ea890a0a481a0b717e808dd9ce88812e31e61c9,2018-06-02,CHANGELOG.zh-CN.md
ant-design,0fdd13e5d602fc47bf8abf5f0760dc84ca32c168,2018-06-02,CHANGELOG.en-US.md
ant-design,0fdd13e5d602fc47bf8abf5f0760dc84ca32c168,2018-06-02,CHANGELOG.zh-CN.md
ant-design,ca7ed4c07d6775751ab6bb087520508eee30ff89,2018-05-30,CHANGELOG.en-US.md
ant-design,ca7ed4c07d6775751ab6bb087520508eee30ff89,2018-05-30,CHANGELOG.zh-CN.md
ant-design,e14928b4f989a0dee4b5694c6f33b37e6f221513,2018-05-28,CHANGELOG.en-US.md
ant-design,e14928b4f989a0dee4b5694c6f33b37e6f221513,2018-05-28,CHANGELOG.zh-CN.md
ant-design,19a04e52f4c0d64f6328f4bed4fb34f2f02e82c8,2018-05-28,CHANGELOG.en-US.md
ant-design,19a04e52f4c0d64f6328f4bed4fb34f2f02e82c8,2018-05-28,CHANGELOG.zh-CN.md
ant-design,9552f80cde05e0d0026597053e1b60741cc1b697,2018-05-27,CHANGELOG.en-US.md
ant-design,9552f80cde05e0d0026597053e1b60741cc1b697,2018-05-27,CHANGELOG.zh-CN.md
ant-design,ad0108dfd53b79a5c0bc41a4c590ea76b30c2536,2018-05-26,CHANGELOG.en-US.md
ant-design,ad0108dfd53b79a5c0bc41a4c590ea76b30c2536,2018-05-26,CHANGELOG.zh-CN.md
ant-design,12d0aedecafd802f6cb194574d888149b01650c2,2018-05-26,CHANGELOG.en-US.md
ant-design,12d0aedecafd802f6cb194574d888149b01650c2,2018-05-26,CHANGELOG.zh-CN.md
ant-design,a148bc7b797b98d7767622870a20227e3e07f889,2018-05-22,README.md
ant-design,07b24f4edd2c9b9429b1e5b62d7e98fb89666f45,2018-05-20,CHANGELOG.en-US.md
ant-design,07b24f4edd2c9b9429b1e5b62d7e98fb89666f45,2018-05-20,CHANGELOG.zh-CN.md
ant-design,dbd2bd18665a57ec34b9a6ce6109bc24843ce8f9,2018-05-20,CHANGELOG.en-US.md
ant-design,dbd2bd18665a57ec34b9a6ce6109bc24843ce8f9,2018-05-20,CHANGELOG.zh-CN.md
ant-design,e1ad91119aff4a7909717270eb9f7fff49dad608,2018-05-18,README.md
ant-design,3413774ae5e764e5ca9d67bc07e46264e7914673,2018-05-13,CHANGELOG.en-US.md
ant-design,3413774ae5e764e5ca9d67bc07e46264e7914673,2018-05-13,CHANGELOG.zh-CN.md
ant-design,41b9a79edb27c78efb89266a09657e2a737d42ea,2018-05-13,CHANGELOG.en-US.md
ant-design,41b9a79edb27c78efb89266a09657e2a737d42ea,2018-05-13,CHANGELOG.zh-CN.md
ant-design,ffc182f4ebe04fa23c2a16399a76a490e524782b,2018-05-09,CHANGELOG.en-US.md
ant-design,ffc182f4ebe04fa23c2a16399a76a490e524782b,2018-05-09,CHANGELOG.zh-CN.md
ant-design,9368e2df87721caeee149fcf0e317033a81b234c,2018-05-04,CHANGELOG.en-US.md
ant-design,9368e2df87721caeee149fcf0e317033a81b234c,2018-05-04,CHANGELOG.zh-CN.md
ant-design,c9017b6c6cbe77bb8402e6cb49acc7a1b7ba15c5,2018-05-03,CHANGELOG.en-US.md
ant-design,c9017b6c6cbe77bb8402e6cb49acc7a1b7ba15c5,2018-05-03,CHANGELOG.zh-CN.md
ant-design,4956dd804278b6498c7e3fe2487002472aa96f58,2018-04-28,CHANGELOG.en-US.md
ant-design,4956dd804278b6498c7e3fe2487002472aa96f58,2018-04-28,CHANGELOG.zh-CN.md
ant-design,4101d182e035dd10c0acc444976f4caa670c8741,2018-04-23,CHANGELOG.en-US.md
ant-design,4101d182e035dd10c0acc444976f4caa670c8741,2018-04-23,CHANGELOG.zh-CN.md
ant-design,631596022e6d8b16241316348d4757671da607f7,2018-04-22,CHANGELOG.en-US.md
ant-design,631596022e6d8b16241316348d4757671da607f7,2018-04-22,CHANGELOG.zh-CN.md
ant-design,9578083b920aa92d91a3ca14d16ee0e5540f4ac5,2018-04-08,CHANGELOG.en-US.md
ant-design,9578083b920aa92d91a3ca14d16ee0e5540f4ac5,2018-04-08,CHANGELOG.zh-CN.md
ant-design,0f01459d774c44aa5be9229354266382d3181489,2018-04-08,CHANGELOG.en-US.md
ant-design,0f01459d774c44aa5be9229354266382d3181489,2018-04-08,CHANGELOG.zh-CN.md
ant-design,ef3f10ab8e99e9801f3d0f98ad6fe22e742c4d59,2018-04-01,CHANGELOG.en-US.md
ant-design,266c8ad17c1bebbe75d5649b30ad36a9e02ae994,2018-04-01,CHANGELOG.en-US.md
ant-design,266c8ad17c1bebbe75d5649b30ad36a9e02ae994,2018-04-01,CHANGELOG.zh-CN.md
ant-design,5e52247083ab4345b167cb4f3a32c7fcf4607e88,2018-04-01,CHANGELOG.en-US.md
ant-design,5e52247083ab4345b167cb4f3a32c7fcf4607e88,2018-04-01,CHANGELOG.zh-CN.md
ant-design,7fa8364caf88e6e4b36afa4b8c82c39c7819dd55,2018-04-01,CHANGELOG.en-US.md
ant-design,7fa8364caf88e6e4b36afa4b8c82c39c7819dd55,2018-04-01,CHANGELOG.zh-CN.md
ant-design,0d2a6c4ed962d590bf257ec415ecb101b29ed239,2018-03-28,.github/ISSUE_TEMPLATE.md
ant-design,d5d348d2d1845e4c1f791bf2afbadb9f96103e68,2018-03-27,CHANGELOG.en-US.md
ant-design,d5d348d2d1845e4c1f791bf2afbadb9f96103e68,2018-03-27,CHANGELOG.zh-CN.md
ant-design,c3f70f57aca725624112358b0218adead8fef036,2018-03-26,AUTHORS.txt
ant-design,f6be27fd4e88966207743dfc26d262d9f508c16e,2018-03-25,CHANGELOG.zh-CN.md
ant-design,738eb285056757c8f420ae56db9cc0a3a7bd8d30,2018-03-25,CHANGELOG.en-US.md
ant-design,738eb285056757c8f420ae56db9cc0a3a7bd8d30,2018-03-25,CHANGELOG.zh-CN.md
ant-design,c74ef5d40a8636a3d8f69017f001fcf055a2681a,2018-03-24,CHANGELOG.en-US.md
ant-design,c74ef5d40a8636a3d8f69017f001fcf055a2681a,2018-03-24,CHANGELOG.zh-CN.md
ant-design,a915a29a0dffddd7bf23856001470ccc6d4947bc,2018-03-19,CHANGELOG.en-US.md
ant-design,a915a29a0dffddd7bf23856001470ccc6d4947bc,2018-03-19,CHANGELOG.zh-CN.md
ant-design,29cb526cd7e16fcb1210ff08689c3fe94db8da39,2018-03-18,README.md
ant-design,540b31fd0295783ab73a5454dafda4ae162ab186,2018-03-16,README.md
ant-design,fef1ba1ff3de5102fd3004fd28ef669d7c6fca3e,2018-03-15,README.md
ant-design,aa9731042108fc2fc761d73aa23cb13495977ade,2018-03-14,.github/ISSUE_TEMPLATE.md
ant-design,a0f9150b209305c167ad2fbb8beb56b36444c7bb,2018-03-12,.github/ISSUE_TEMPLATE.md
ant-design,5766c5e15bfd2a5ca9f4bca97eb3547b3ddf5247,2018-03-12,CHANGELOG.en-US.md
ant-design,5766c5e15bfd2a5ca9f4bca97eb3547b3ddf5247,2018-03-12,CHANGELOG.zh-CN.md
ant-design,d0c58946ee09d97607b4b5c65245d94061b5e772,2018-03-03,README.md
ant-design,cdfbb6a3bdfbe047b37be078b1bc33069bf4691f,2018-03-02,CHANGELOG.en-US.md
ant-design,cdfbb6a3bdfbe047b37be078b1bc33069bf4691f,2018-03-02,CHANGELOG.zh-CN.md
ant-design,c51f041ebcba0787599414316086f1373f2fd94f,2018-03-02,README.md
ant-design,07a0a1f33665a9d69bdc2d24dfab9de50fdda57a,2018-02-25,CHANGELOG.en-US.md
ant-design,07a0a1f33665a9d69bdc2d24dfab9de50fdda57a,2018-02-25,CHANGELOG.zh-CN.md
ant-design,0e9743e78a69ce476e8beb34bb27db08b1345cc9,2018-02-12,CHANGELOG.en-US.md
ant-design,0e9743e78a69ce476e8beb34bb27db08b1345cc9,2018-02-12,CHANGELOG.zh-CN.md
ant-design,d72a6dd7b935498d7985f4a4b1db23affd77b0f0,2018-02-11,README.md
ant-design,fff5680743d7abd9371aef55f962fbf32ea6b44f,2018-02-09,CHANGELOG.zh-CN.md
ant-design,7c062bb118d4e1e3c6e9160c456d969a1658f34a,2018-02-07,CHANGELOG.en-US.md
ant-design,c725cbe7914e746f0ec9fc533e64b21f2dc48831,2018-02-04,CHANGELOG.en-US.md
ant-design,39cd1606416c8e6f314708c2cbb9ab0561c589e2,2018-02-04,CHANGELOG.en-US.md
ant-design,39cd1606416c8e6f314708c2cbb9ab0561c589e2,2018-02-04,CHANGELOG.zh-CN.md
ant-design,f3b7e3df67e10995624df8545947c1283ae1e8e2,2018-01-28,CHANGELOG.en-US.md
ant-design,f3b7e3df67e10995624df8545947c1283ae1e8e2,2018-01-28,CHANGELOG.zh-CN.md
ant-design,be11a6d8b1042e61341b1fc836ec1430320f0978,2018-01-27,CHANGELOG.en-US.md
ant-design,be11a6d8b1042e61341b1fc836ec1430320f0978,2018-01-27,CHANGELOG.zh-CN.md
ant-design,d54dfdfac214b30715f1cd797c754f5718d5fd70,2018-01-24,.github/CONTRIBUTING.md
ant-design,c29cb15594a56e97d7caf9e151f26d0fe105391f,2018-01-24,.github/CONTRIBUTING.md
ant-design,cad2b280e240fa27590e4caea8c8faf2f13002c2,2018-01-24,.github/CONTRIBUTING.md
ant-design,cad2b280e240fa27590e4caea8c8faf2f13002c2,2018-01-24,README.md
ant-design,2978644ccda1b0822069fa1273e49d311246a3e4,2018-01-21,CHANGELOG.en-US.md
ant-design,2978644ccda1b0822069fa1273e49d311246a3e4,2018-01-21,CHANGELOG.zh-CN.md
ant-design,28c589da1874f4e3f97597f98be3393dda1e1208,2018-01-18,CHANGELOG.en-US.md
ant-design,65a3982f3fbd6701229708017bcb317815623e51,2018-01-18,CHANGELOG.zh-CN.md
ant-design,0f0deff479d8ee9090c276f5cdea8b3296422c5c,2018-01-13,CHANGELOG.en-US.md
ant-design,0f0deff479d8ee9090c276f5cdea8b3296422c5c,2018-01-13,CHANGELOG.zh-CN.md
ant-design,404543e919bb8ee76af52d5f6a3964ec5db32e5a,2018-01-13,CHANGELOG.en-US.md
ant-design,404543e919bb8ee76af52d5f6a3964ec5db32e5a,2018-01-13,CHANGELOG.zh-CN.md
ant-design,e0b8aa2d81a2a61cac2b01b2b328861aa557db61,2018-01-08,CHANGELOG.en-US.md
ant-design,e0b8aa2d81a2a61cac2b01b2b328861aa557db61,2018-01-08,CHANGELOG.zh-CN.md
ant-design,792cabf9223adffb7497d79100e20293df19a0cb,2017-12-30,CHANGELOG.en-US.md
ant-design,792cabf9223adffb7497d79100e20293df19a0cb,2017-12-30,CHANGELOG.zh-CN.md
ant-design,c979cd19874f7eb598d2f28af18bf332fa75320d,2017-12-30,CHANGELOG.en-US.md
ant-design,c979cd19874f7eb598d2f28af18bf332fa75320d,2017-12-30,CHANGELOG.zh-CN.md
ant-design,1eff817b9ada2169f0ddeb5e2e9fd2df88270134,2017-12-29,CHANGELOG.en-US.md
ant-design,1eff817b9ada2169f0ddeb5e2e9fd2df88270134,2017-12-29,CHANGELOG.zh-CN.md
ant-design,d20b4c910c09003f76fb71d00c53a8b99f78425b,2017-12-27,CHANGELOG.zh-CN.md
ant-design,cae5eab13d8318c535ca070679c3102485b65ff8,2017-12-27,CHANGELOG.en-US.md
ant-design,cae5eab13d8318c535ca070679c3102485b65ff8,2017-12-27,CHANGELOG.zh-CN.md
ant-design,5a15b243ae4427c5fa9c65f3b904562cdffc4732,2017-12-27,CHANGELOG.en-US.md
ant-design,2be5d3be175dc2f3f2d15c283cbee39df36219ac,2017-12-22,CHANGELOG.en-US.md
ant-design,2be5d3be175dc2f3f2d15c283cbee39df36219ac,2017-12-22,CHANGELOG.zh-CN.md
ant-design,926f07a609ef60c4e7943260d65432f1d5128882,2017-12-22,CHANGELOG.en-US.md
ant-design,926f07a609ef60c4e7943260d65432f1d5128882,2017-12-22,CHANGELOG.zh-CN.md
ant-design,191f0c41fc9b668d645887390d794d839e7a3d9e,2017-12-21,.github/CONTRIBUTING.zh-CN.md
ant-design,18d78f18b2525e23386459c43e70177d55969ba0,2017-12-21,.github/CONTRIBUTING.zh-CN.md
ant-design,b809003befbc9620c79a6caaa42cf6ab70ba3cdf,2017-12-21,.github/CONTRIBUTING.zh-CN.md
ant-design,f0234375d972a90d09de6e5f25da886152ad3c8a,2017-12-18,CHANGELOG.en-US.md
ant-design,f0234375d972a90d09de6e5f25da886152ad3c8a,2017-12-18,CHANGELOG.zh-CN.md
ant-design,6b38d2b6e930cc2947e938394db9a091751fadc1,2017-12-16,.github/CONTRIBUTING.md
ant-design,f688e732f5e48e5a0abf5b60969e3b3804d11e01,2017-12-16,.github/CONTRIBUTING.zh-CN.md
ant-design,7d58589cf56a8e6b7c342ecc7f33d53c97a05c89,2017-12-15,.github/CONTRIBUTING.md
ant-design,7d58589cf56a8e6b7c342ecc7f33d53c97a05c89,2017-12-15,README.md
ant-design,3cb0e2e7e12cc62787179c82ba418940ff31e27e,2017-12-15,CHANGELOG.en-US.md
ant-design,e71b68dd1d2ff91200fea6dd9d56e6aa5653edbc,2017-12-15,CHANGELOG.en-US.md
ant-design,e71b68dd1d2ff91200fea6dd9d56e6aa5653edbc,2017-12-15,CHANGELOG.zh-CN.md
ant-design,107949be01a45bda7b3eb9c2f1f332b820abba6b,2017-12-11,CHANGELOG.en-US.md
ant-design,107949be01a45bda7b3eb9c2f1f332b820abba6b,2017-12-11,CHANGELOG.zh-CN.md
ant-design,1ec68e7ba65316d27eb1d5535535662b15e69226,2017-12-10,CHANGELOG.en-US.md
ant-design,1ec68e7ba65316d27eb1d5535535662b15e69226,2017-12-10,CHANGELOG.zh-CN.md
ant-design,b84cb4ba45de63e60fb825a650bcc333bf09af20,2017-12-06,CHANGELOG.en-US.md
ant-design,b84cb4ba45de63e60fb825a650bcc333bf09af20,2017-12-06,CHANGELOG.zh-CN.md
ant-design,693d3cec9cc8242d5f643d28a3909de20db9fb51,2017-12-05,README.md
ant-design,28f8e03ecf8c12209fe0b92ea5d8f6e65c8ed7df,2017-12-05,README.md
ant-design,ed44dfaeb8e386eaec5b88f546450510a8848c6a,2017-12-05,CHANGELOG.en-US.md
ant-design,ed44dfaeb8e386eaec5b88f546450510a8848c6a,2017-12-05,CHANGELOG.zh-CN.md
ant-design,12b6fceb37a4d53e5658dd242877269175feab2b,2017-12-05,CHANGELOG.en-US.md
ant-design,12b6fceb37a4d53e5658dd242877269175feab2b,2017-12-05,CHANGELOG.zh-CN.md
ant-design,3162dd3b51c67ec9b24c2b95f2adecf71e20969c,2017-12-04,CHANGELOG.en-US.md
ant-design,3162dd3b51c67ec9b24c2b95f2adecf71e20969c,2017-12-04,CHANGELOG.zh-CN.md
ant-design,b541fad3129088430163811ede6b5e56f8f09796,2017-12-04,CHANGELOG.en-US.md
ant-design,cc5fb7bf2d63762eb2b0a1f7f914fc77b32eef31,2017-12-04,CHANGELOG.zh-CN.md
ant-design,58b018a06eb95480b03475939d31895ed05b092c,2017-12-04,CHANGELOG.en-US.md
ant-design,58b018a06eb95480b03475939d31895ed05b092c,2017-12-04,CHANGELOG.zh-CN.md
ant-design,99cf727c0181fc493c51b2bb250909079588af37,2017-12-04,CHANGELOG.en-US.md
ant-design,99cf727c0181fc493c51b2bb250909079588af37,2017-12-04,CHANGELOG.zh-CN.md
ant-design,4bd06af00269ea1e7dbd7b616688b2871734478b,2017-12-04,CHANGELOG.en-US.md
ant-design,e022eac7174673623976edb64c7f8c4f43244b0a,2017-12-04,CHANGELOG.en-US.md
ant-design,e022eac7174673623976edb64c7f8c4f43244b0a,2017-12-04,CHANGELOG.zh-CN.md
ant-design,6b3daed3699265d7e08c306cf70ef02c4f49727e,2017-12-04,CHANGELOG.en-US.md
ant-design,6ed30ada37c3f69f3f9fe72ad78aacb38e9dddc2,2017-12-04,CHANGELOG.en-US.md
ant-design,6ed30ada37c3f69f3f9fe72ad78aacb38e9dddc2,2017-12-04,CHANGELOG.zh-CN.md
ant-design,6836487e18a564a70082d777bcdca25bee620e0d,2017-12-04,CHANGELOG.zh-CN.md
ant-design,9d7fec97c1610ff1d48a85aff78f3878d23d850d,2017-12-04,CHANGELOG.en-US.md
ant-design,9d7fec97c1610ff1d48a85aff78f3878d23d850d,2017-12-04,CHANGELOG.zh-CN.md
ant-design,342f7c4a6390c1947a0753455bad0f4800df8928,2017-12-04,CHANGELOG.en-US.md
ant-design,342f7c4a6390c1947a0753455bad0f4800df8928,2017-12-04,CHANGELOG.zh-CN.md
ant-design,6172f773acbd769b72e48798ce3bf3d9068b6c98,2017-12-04,README.md
ant-design,16b69312db88342fcf35a2251bb6fa1595920b6a,2017-11-29,README.md
ant-design,04a00e6e142c686452fa77c0f1d4e18ea49182e4,2017-11-28,README.md
ant-design,669b3c5b2e8509e49814eefe339fb723dd3cffb7,2017-11-22,CHANGELOG.en-US.md
ant-design,669b3c5b2e8509e49814eefe339fb723dd3cffb7,2017-11-22,CHANGELOG.zh-CN.md
ant-design,669b3c5b2e8509e49814eefe339fb723dd3cffb7,2017-11-22,README.md
ant-design,f78d33ed596e97006b1d2652d239e7cd382c8e6e,2017-11-17,CHANGELOG.zh-CN.md
ant-design,479a5cb743f50f0e9136a083df47d5d4a0384281,2017-11-17,README.md
ant-design,5402dfe66ef89276153801b54ecc80185e6ad61c,2017-11-12,CHANGELOG.en-US.md
ant-design,65b5769abd26e0a2bc60f0e4d62316aa62a82b53,2017-11-12,CHANGELOG.en-US.md
ant-design,65b5769abd26e0a2bc60f0e4d62316aa62a82b53,2017-11-12,CHANGELOG.zh-CN.md
ant-design,2ecb52cd7c65d579e6275672cf18aa54a9374789,2017-11-12,CHANGELOG.en-US.md
ant-design,2ecb52cd7c65d579e6275672cf18aa54a9374789,2017-11-12,CHANGELOG.zh-CN.md
ant-design,55c85f77a1cdf5664348eac1d665d10489bc9f80,2017-11-10,CHANGELOG.zh-CN.md
ant-design,be38298f8e725265b7a820e3bd8c146ca0f30757,2017-11-06,CHANGELOG.en-US.md
ant-design,be38298f8e725265b7a820e3bd8c146ca0f30757,2017-11-06,CHANGELOG.zh-CN.md
ant-design,9583bb4c8522f42b0f94d201b7f9afbc5cea22aa,2017-11-01,README.md
ant-design,a617a9593ae0b56e2bad3befae21a977c5b1c10b,2017-10-31,CHANGELOG.en-US.md
ant-design,a617a9593ae0b56e2bad3befae21a977c5b1c10b,2017-10-31,CHANGELOG.zh-CN.md
ant-design,9bb216ea193c8487822d9f71ffa671b7c2b16504,2017-10-28,CHANGELOG.en-US.md
ant-design,9bb216ea193c8487822d9f71ffa671b7c2b16504,2017-10-28,CHANGELOG.zh-CN.md
ant-design,1f57cf4e51662c4d4c964b103191100f0b066d6f,2017-10-22,CHANGELOG.en-US.md
ant-design,1f57cf4e51662c4d4c964b103191100f0b066d6f,2017-10-22,CHANGELOG.zh-CN.md
ant-design,73c9be2f40e919f17e4bb1ef3cd47afe1b931451,2017-10-12,CHANGELOG.en-US.md
ant-design,73c9be2f40e919f17e4bb1ef3cd47afe1b931451,2017-10-12,CHANGELOG.zh-CN.md
ant-design,2799b73d215bf828537d6a59c72e76f20dd81b2b,2017-10-12,CHANGELOG.en-US.md
ant-design,09b1d4ffa0152595bd98e459140ac897bcff3173,2017-10-11,CHANGELOG.en-US.md
ant-design,09b1d4ffa0152595bd98e459140ac897bcff3173,2017-10-11,CHANGELOG.zh-CN.md
ant-design,44da4049f6f29abc90ac0cb69dbc5d8fcbeadb70,2017-09-29,CHANGELOG.en-US.md
ant-design,44da4049f6f29abc90ac0cb69dbc5d8fcbeadb70,2017-09-29,CHANGELOG.zh-CN.md
ant-design,6ded879619bea33da8ff433e973aa2382b470637,2017-09-23,CHANGELOG.en-US.md
ant-design,6ded879619bea33da8ff433e973aa2382b470637,2017-09-23,CHANGELOG.zh-CN.md
ant-design,9ec8f66c4d2ce8ed39b964b36d6c0fc1f6ceb201,2017-09-22,CHANGELOG.en-US.md
ant-design,9ec8f66c4d2ce8ed39b964b36d6c0fc1f6ceb201,2017-09-22,CHANGELOG.zh-CN.md
ant-design,8904b507208a716ef5717bbba3d15b6edfdc38d6,2017-09-19,CHANGELOG.en-US.md
ant-design,8904b507208a716ef5717bbba3d15b6edfdc38d6,2017-09-19,CHANGELOG.zh-CN.md
ant-design,95245c21a7eb26d0fe3568b5e081b96c5a46a1c2,2017-09-16,CHANGELOG.en-US.md
ant-design,95245c21a7eb26d0fe3568b5e081b96c5a46a1c2,2017-09-16,CHANGELOG.zh-CN.md
ant-design,f321596e044d1f19e1f5245cc98dd718d3ffc687,2017-09-13,CHANGELOG.en-US.md
ant-design,f321596e044d1f19e1f5245cc98dd718d3ffc687,2017-09-13,CHANGELOG.zh-CN.md
ant-design,e57cf5ff80c73e142b9554de18826b901f63ab81,2017-09-12,README.md
ant-design,1cdf0d91414c08829c823bcf158c9caea82eb6f1,2017-09-11,CHANGELOG.en-US.md
ant-design,1cdf0d91414c08829c823bcf158c9caea82eb6f1,2017-09-11,CHANGELOG.zh-CN.md
ant-design,a5b20dcb82d7b9d6f0ef01828c2b1db004ba6026,2017-09-11,CHANGELOG.en-US.md
ant-design,a5b20dcb82d7b9d6f0ef01828c2b1db004ba6026,2017-09-11,CHANGELOG.zh-CN.md
ant-design,d5b6cc70cd8257567524d75c3a4cb69df39bc1e2,2017-09-10,CHANGELOG.en-US.md
ant-design,d5b6cc70cd8257567524d75c3a4cb69df39bc1e2,2017-09-10,CHANGELOG.zh-CN.md
ant-design,c651c7a04faeb6186beadc37a2638512352475b1,2017-09-04,CHANGELOG.zh-CN.md
ant-design,156c933235b692562564d3aa275973d933c687c2,2017-09-03,CHANGELOG.en-US.md
ant-design,156c933235b692562564d3aa275973d933c687c2,2017-09-03,CHANGELOG.zh-CN.md
ant-design,bc3a285e643b92a8b5e762eb8ddd766ab390dc54,2017-08-27,CHANGELOG.en-US.md
ant-design,bc3a285e643b92a8b5e762eb8ddd766ab390dc54,2017-08-27,CHANGELOG.zh-CN.md
ant-design,eb21c93d3d2699056a1906adb776e92f833f9be6,2017-08-27,CHANGELOG.en-US.md
ant-design,62cbe9e0646b3f34e85ab6377a8eb359c14a7681,2017-08-27,CHANGELOG.en-US.md
ant-design,62cbe9e0646b3f34e85ab6377a8eb359c14a7681,2017-08-27,CHANGELOG.zh-CN.md
ant-design,156ce90a8e3af28bf209d2c753657279f8a8543f,2017-08-27,CHANGELOG.en-US.md
ant-design,156ce90a8e3af28bf209d2c753657279f8a8543f,2017-08-27,CHANGELOG.zh-CN.md
ant-design,789e45fd52f5e7da8142e3fe2036dc79e9f56542,2017-08-21,CHANGELOG.en-US.md
ant-design,789e45fd52f5e7da8142e3fe2036dc79e9f56542,2017-08-21,CHANGELOG.zh-CN.md
ant-design,4b38dbd6697d69681a343fb63d7891b060c9a2e2,2017-08-14,README.md
ant-design,f58b1075acdf7f266cb53d267d7a3ce86adcfedd,2017-08-12,README.md
ant-design,32497c35feb73fdf767992a8219c088f0d7c3407,2017-08-12,CHANGELOG.en-US.md
ant-design,32497c35feb73fdf767992a8219c088f0d7c3407,2017-08-12,CHANGELOG.zh-CN.md
ant-design,258b3d170c4df362408d4a5b9f5f8fd82e1efbdf,2017-08-11,CHANGELOG.en-US.md
ant-design,258b3d170c4df362408d4a5b9f5f8fd82e1efbdf,2017-08-11,CHANGELOG.zh-CN.md
ant-design,d5d69d4063066f5717d2a6962aaa3d46af093ec4,2017-08-11,CHANGELOG.en-US.md
ant-design,d5d69d4063066f5717d2a6962aaa3d46af093ec4,2017-08-11,CHANGELOG.zh-CN.md
ant-design,47aa36fb061b0e95400405ef897c01a19962f8b8,2017-08-11,CHANGELOG.en-US.md
ant-design,47aa36fb061b0e95400405ef897c01a19962f8b8,2017-08-11,CHANGELOG.zh-CN.md
ant-design,1fb7bd7205c0689aa4d6d3dd76694998deddb23c,2017-08-11,CHANGELOG.zh-CN.md
ant-design,e30116f4bdf2df18269e08acdbcdc687e3102b99,2017-08-11,CHANGELOG.zh-CN.md
ant-design,9a7c369af6be01e2134676b31def7998a6fea79a,2017-08-11,CHANGELOG.en-US.md
ant-design,9a7c369af6be01e2134676b31def7998a6fea79a,2017-08-11,CHANGELOG.zh-CN.md
ant-design,b69a6886d762288b819966723696ac3b51f6525f,2017-08-09,AUTHORS.txt
ant-design,acf58de8079713a05f3757acafcf65ed36f1dd2c,2017-08-07,CHANGELOG.en-US.md
ant-design,acf58de8079713a05f3757acafcf65ed36f1dd2c,2017-08-07,CHANGELOG.zh-CN.md
ant-design,c8eec8c56f4d827b167bf6e260603dbff6edc433,2017-08-06,CHANGELOG.en-US.md
ant-design,c8eec8c56f4d827b167bf6e260603dbff6edc433,2017-08-06,CHANGELOG.zh-CN.md
ant-design,3ae966f158268909a34af9d6f88aecc585c71584,2017-07-30,CHANGELOG.en-US.md
ant-design,3ae966f158268909a34af9d6f88aecc585c71584,2017-07-30,CHANGELOG.zh-CN.md
ant-design,31c93e2dcc4587fbaf2ac5097f0785c651cb0a63,2017-07-22,CHANGELOG.en-US.md
ant-design,31c93e2dcc4587fbaf2ac5097f0785c651cb0a63,2017-07-22,CHANGELOG.zh-CN.md
ant-design,a5f7dd7192e506823ba00705839157413746896e,2017-07-22,CHANGELOG.en-US.md
ant-design,a5f7dd7192e506823ba00705839157413746896e,2017-07-22,CHANGELOG.zh-CN.md
ant-design,02670cb17435348debb297527c30d9a8ac696fe6,2017-07-17,AUTHORS.txt
ant-design,c394145f41bbc11ef160aea1e9fd8fefc6981f53,2017-07-17,CHANGELOG.en-US.md
ant-design,c394145f41bbc11ef160aea1e9fd8fefc6981f53,2017-07-17,CHANGELOG.zh-CN.md
ant-design,5f27e465004bfc297185aea4836ba6f3d9fb2587,2017-07-14,CHANGELOG.zh-CN.md
ant-design,60f9ba5b330f03fef3456f8f442c30ebdda82067,2017-07-08,CHANGELOG.en-US.md
ant-design,60f9ba5b330f03fef3456f8f442c30ebdda82067,2017-07-08,CHANGELOG.zh-CN.md
ant-design,e1e0b97e5782f189be4647923d0641c1e76aa3f1,2017-07-04,README.md
ant-design,2e2d89164718a2ebe8c1a70d2eca9b14aed27b00,2017-07-04,CHANGELOG.en-US.md
ant-design,2e2d89164718a2ebe8c1a70d2eca9b14aed27b00,2017-07-04,CHANGELOG.zh-CN.md
ant-design,43bb22613b600bcd95daa6fb5411da85dfb02d14,2017-07-04,CHANGELOG.en-US.md
ant-design,c79557b810e64a9914eb70ebe689396ab66d9440,2017-06-28,CHANGELOG.en-US.md
ant-design,c79557b810e64a9914eb70ebe689396ab66d9440,2017-06-28,CHANGELOG.zh-CN.md
ant-design,76e848dc4bcf7152cb5d7b6b5aef20d8834b57aa,2017-06-28,CHANGELOG.en-US.md
ant-design,76e848dc4bcf7152cb5d7b6b5aef20d8834b57aa,2017-06-28,CHANGELOG.zh-CN.md
ant-design,890cca119bc9dc84d313bba5c08650c8e4fb8baf,2017-06-25,CHANGELOG.en-US.md
ant-design,890cca119bc9dc84d313bba5c08650c8e4fb8baf,2017-06-25,CHANGELOG.zh-CN.md
ant-design,e03670f55aa42757914927616061d65369592891,2017-06-24,CODE_OF_CONDUCT.md
ant-design,41b79d9c969da5848bb623a35b1b9b2faae97fc6,2017-06-23,CHANGELOG.en-US.md
ant-design,41b79d9c969da5848bb623a35b1b9b2faae97fc6,2017-06-23,CHANGELOG.zh-CN.md
ant-design,48709cd58340a6bbc4285dc9d232e98a4e4e2b4d,2017-06-19,CHANGELOG.en-US.md
ant-design,48709cd58340a6bbc4285dc9d232e98a4e4e2b4d,2017-06-19,CHANGELOG.zh-CN.md
ant-design,c40bdb9c77f78a36cdda37cd3a7cbd160c96fd06,2017-06-18,CHANGELOG.en-US.md
ant-design,c40bdb9c77f78a36cdda37cd3a7cbd160c96fd06,2017-06-18,CHANGELOG.zh-CN.md
ant-design,78898322806db8f05895425b89df3e145b14462d,2017-06-13,CHANGELOG.en-US.md
ant-design,78898322806db8f05895425b89df3e145b14462d,2017-06-13,CHANGELOG.zh-CN.md
ant-design,22b3a3979ae66115b012776776fb32573b6a392d,2017-06-13,CHANGELOG.en-US.md
ant-design,22b3a3979ae66115b012776776fb32573b6a392d,2017-06-13,CHANGELOG.zh-CN.md
ant-design,3512dff7584b251ba0c93d07dd730ae5d1aa051b,2017-06-13,.github/PULL_REQUEST_TEMPLATE.md
ant-design,2cfa7eb9785360be2d9a5baf65a8bec5acf82dbe,2017-06-13,.github/PULL_REQUEST_TEMPLATE.md
ant-design,cccd61114d6e308996aaae59e6950647b59440ff,2017-06-09,CHANGELOG.en-US.md
ant-design,cccd61114d6e308996aaae59e6950647b59440ff,2017-06-09,CHANGELOG.zh-CN.md
ant-design,4f5f12d81eb5ffc46f5e19821bca1faf7e35ec11,2017-06-09,CHANGELOG.en-US.md
ant-design,4f5f12d81eb5ffc46f5e19821bca1faf7e35ec11,2017-06-09,CHANGELOG.zh-CN.md
ant-design,25a6fe0287652c1d9fee52d7addd006ad8b05f42,2017-06-09,CHANGELOG.en-US.md
ant-design,25a6fe0287652c1d9fee52d7addd006ad8b05f42,2017-06-09,CHANGELOG.zh-CN.md
ant-design,97fb038dde437153ec5858fcd5f6e7b774fc2e5a,2017-06-09,CHANGELOG.en-US.md
ant-design,97fb038dde437153ec5858fcd5f6e7b774fc2e5a,2017-06-09,CHANGELOG.zh-CN.md
ant-design,dc314983b99f0f45b291849c7a69cdeda0416416,2017-06-02,CHANGELOG.en-US.md
ant-design,dc314983b99f0f45b291849c7a69cdeda0416416,2017-06-02,CHANGELOG.zh-CN.md
ant-design,bd2ad34300e6f8e37fc9cdd3d5ee0d99783ab464,2017-06-02,CHANGELOG.en-US.md
ant-design,bd2ad34300e6f8e37fc9cdd3d5ee0d99783ab464,2017-06-02,CHANGELOG.zh-CN.md
ant-design,af89c14e4ae2dee32b4ae28bf3d2fc361860ca62,2017-05-31,CHANGELOG.en-US.md
ant-design,af89c14e4ae2dee32b4ae28bf3d2fc361860ca62,2017-05-31,CHANGELOG.zh-CN.md
ant-design,f5247aba615fa87a4710b735abc437da5af19064,2017-05-27,README.md
ant-design,b83529daf2f43b732479960e907eefa151d16301,2017-05-23,CHANGELOG.en-US.md
ant-design,b83529daf2f43b732479960e907eefa151d16301,2017-05-23,CHANGELOG.zh-CN.md
ant-design,03fc4f57bec8e73fa8647bbd3d409dfa4bdd06ed,2017-05-23,CHANGELOG.en-US.md
ant-design,03fc4f57bec8e73fa8647bbd3d409dfa4bdd06ed,2017-05-23,CHANGELOG.zh-CN.md
ant-design,8395470ea8e6856776f4de8798aac9daee01a043,2017-05-23,CHANGELOG.en-US.md
ant-design,8395470ea8e6856776f4de8798aac9daee01a043,2017-05-23,CHANGELOG.zh-CN.md
ant-design,ffc6cb3c14f937ba66290c6b421d87d8efb8a352,2017-05-14,CHANGELOG.en-US.md
ant-design,673acb298d20c35eab5a732124846b9af6369bdf,2017-05-14,CHANGELOG.en-US.md
ant-design,673acb298d20c35eab5a732124846b9af6369bdf,2017-05-14,CHANGELOG.zh-CN.md
ant-design,7daf47b5b1cbb1367a8ca8d4b52781dca2ac8a90,2017-05-13,README.md
ant-design,6c94a5887e2be8db65682f030a7340e0c837c6c7,2017-05-11,CHANGELOG.en-US.md
ant-design,6c94a5887e2be8db65682f030a7340e0c837c6c7,2017-05-11,CHANGELOG.zh-CN.md
ant-design,175b16c190450afc9508089e54ed621ff68d41cc,2017-05-05,CHANGELOG.en-US.md
ant-design,175b16c190450afc9508089e54ed621ff68d41cc,2017-05-05,CHANGELOG.zh-CN.md
ant-design,df7652bd75bab7eba44d6c181e7cf9bb599b9d3f,2017-04-24,CHANGELOG.en-US.md
ant-design,df7652bd75bab7eba44d6c181e7cf9bb599b9d3f,2017-04-24,CHANGELOG.zh-CN.md
ant-design,7953938d40fa9ecb78af2d8eb788299f7c710a74,2017-04-22,CHANGELOG.en-US.md
ant-design,7953938d40fa9ecb78af2d8eb788299f7c710a74,2017-04-22,CHANGELOG.zh-CN.md
ant-design,b76c465df211dca0fb7cf18c303977e320133b0b,2017-04-13,CHANGELOG.zh-CN.md
ant-design,4067c1830c76a0e7fe1dc9aaf3dc5b0b0c77607a,2017-04-12,CHANGELOG.en-US.md
ant-design,4067c1830c76a0e7fe1dc9aaf3dc5b0b0c77607a,2017-04-12,CHANGELOG.zh-CN.md
ant-design,f311ff40ed258df76c790ded122ed0fe33d52a7b,2017-04-11,README.md
ant-design,9973e2635034aa5cfa4deca970fdd68c143b923c,2017-04-08,CHANGELOG.en-US.md
ant-design,9973e2635034aa5cfa4deca970fdd68c143b923c,2017-04-08,CHANGELOG.zh-CN.md
ant-design,6a76ae6d56246bf1e200c1ba2afcbb8e6ec4d931,2017-04-02,CHANGELOG.en-US.md
ant-design,6a76ae6d56246bf1e200c1ba2afcbb8e6ec4d931,2017-04-02,CHANGELOG.zh-CN.md
ant-design,32b9d1f231e5c708901d273437e8c48a6d147713,2017-04-02,CHANGELOG.en-US.md
ant-design,70cd87d624cb0a1832374dec052f3d6423adf0a2,2017-04-01,CHANGELOG.en-US.md
ant-design,70cd87d624cb0a1832374dec052f3d6423adf0a2,2017-04-01,CHANGELOG.zh-CN.md
ant-design,4e593c651e63d4758c051861573c19bf0fadf052,2017-04-01,CHANGELOG.en-US.md
ant-design,4e593c651e63d4758c051861573c19bf0fadf052,2017-04-01,CHANGELOG.zh-CN.md
ant-design,af313bed9aa10f6d2509170161f1c96fd3461c42,2017-04-01,CHANGELOG.en-US.md
ant-design,af313bed9aa10f6d2509170161f1c96fd3461c42,2017-04-01,CHANGELOG.zh-CN.md
ant-design,54f5d112060c98435f061f79776c55e4a9e305d8,2017-04-01,CHANGELOG.zh-CN.md
ant-design,03c06ae9a215afe267775636f8853592b8e4ec37,2017-03-29,.github/ISSUE_TEMPLATE.md
ant-design,d61b6651bb61568868fafa1159dc6cd7bb9deba6,2017-03-29,README.md
ant-design,8c1be9c6b64486e5d1b929a364374ad461112a01,2017-03-27,CHANGELOG.en-US.md
ant-design,8c1be9c6b64486e5d1b929a364374ad461112a01,2017-03-27,CHANGELOG.zh-CN.md
ant-design,218a51600060641a606cf85a79aba3670b225825,2017-03-27,README.md
ant-design,a4049aec9672d039498cc65fb1ea854b69cdbf3b,2017-03-27,CHANGELOG.en-US.md
ant-design,a4049aec9672d039498cc65fb1ea854b69cdbf3b,2017-03-27,CHANGELOG.zh-CN.md
ant-design,7471a59df65f8f4fc671dc6add605ed56d604028,2017-03-23,README.md
ant-design,35ab3fbf7572a9bdd7ca5913d47ebbd6b211bf80,2017-03-20,CHANGELOG.en-US.md
ant-design,35ab3fbf7572a9bdd7ca5913d47ebbd6b211bf80,2017-03-20,CHANGELOG.zh-CN.md
ant-design,cd6f74724342295623981418db751cd92da779f7,2017-03-19,CHANGELOG.en-US.md
ant-design,cd6f74724342295623981418db751cd92da779f7,2017-03-19,CHANGELOG.zh-CN.md
ant-design,24e7cd007f1a1c87b28175759b5dba5225dced03,2017-03-19,CHANGELOG.zh-CN.md
ant-design,9719def0edf301935a149cafd20776581bbaaf06,2017-03-19,CHANGELOG.en-US.md
ant-design,9719def0edf301935a149cafd20776581bbaaf06,2017-03-19,CHANGELOG.zh-CN.md
ant-design,1b8d5f56d0697b77adb4b1c3662fe759b6837b85,2017-03-19,CHANGELOG.en-US.md
ant-design,1b8d5f56d0697b77adb4b1c3662fe759b6837b85,2017-03-19,CHANGELOG.zh-CN.md
ant-design,5665444349b1c5834e57257e1783a6a47958d573,2017-03-13,README.md
ant-design,b29bec002ec9b6b7a92c52f34261c74c86a71d30,2017-03-12,README.md
ant-design,6b38163beccadff24b6be610fad4eef8824e51f3,2017-03-11,CHANGELOG.en-US.md
ant-design,6b38163beccadff24b6be610fad4eef8824e51f3,2017-03-11,CHANGELOG.zh-CN.md
ant-design,cb44be1db5cce64b982be07f703accd68a4a59d1,2017-03-11,CHANGELOG.en-US.md
ant-design,cb44be1db5cce64b982be07f703accd68a4a59d1,2017-03-11,CHANGELOG.zh-CN.md
ant-design,07c3faba76ed8e944cb02b3c44de2baa5f977530,2017-03-11,CHANGELOG.en-US.md
ant-design,07c3faba76ed8e944cb02b3c44de2baa5f977530,2017-03-11,CHANGELOG.zh-CN.md
ant-design,0ed709dfd06f74c917aeee5c9cf4b8863db1ab1e,2017-03-10,CHANGELOG.en-US.md
ant-design,0ed709dfd06f74c917aeee5c9cf4b8863db1ab1e,2017-03-10,CHANGELOG.zh-CN.md
ant-design,f5d701fd6ab712be4c6bd871d070552a0ef92932,2017-03-10,README.md
ant-design,f3b9b9f4afb90ef5d2d16c8429b130dfb4c9592c,2017-03-08,CHANGELOG.en-US.md
ant-design,f3b9b9f4afb90ef5d2d16c8429b130dfb4c9592c,2017-03-08,CHANGELOG.zh-CN.md
ant-design,56dc197c5b3a81e9425329143f73e27eeb6ee5b2,2017-03-08,CHANGELOG.en-US.md
ant-design,3e6f7b6ec5d6e86bb810bfbc7bbd5caa58070f84,2017-03-08,CHANGELOG.en-US.md
ant-design,3e6f7b6ec5d6e86bb810bfbc7bbd5caa58070f84,2017-03-08,CHANGELOG.zh-CN.md
ant-design,ff2e793fc710fc06c5070644d3b840409107ef3a,2017-03-08,README.md
ant-design,28722df29951950c66459f8eb4f704fb69571e19,2017-03-07,README.md
ant-design,1c38cadcd85c5035f7a9b2a817e6228dee02a071,2017-03-06,CHANGELOG.zh-CN.md
ant-design,bcf2d5d81c7d07159a5a9e6eb2747efeb3ddbcd4,2017-03-06,CHANGELOG.en-US.md
ant-design,bcf2d5d81c7d07159a5a9e6eb2747efeb3ddbcd4,2017-03-06,CHANGELOG.zh-CN.md
ant-design,1ee5c30c47d85a728834d090510ad4210fc5bbc0,2017-03-06,CHANGELOG.en-US.md
ant-design,1ee5c30c47d85a728834d090510ad4210fc5bbc0,2017-03-06,CHANGELOG.zh-CN.md
ant-design,535eedbb46808e72f4e3d2d3a73dda5664187f7f,2017-03-02,.github/PULL_REQUEST_TEMPLATE.md
ant-design,63c69778294ff8c38b76ee8471971e48e9fc1b2d,2017-03-02,README.md
ant-design,02773874a8e6debaf08b25ac172256b41ba64ade,2017-03-01,README.md
ant-design,4bcf7f41f32585ead101055257cb82557faf725d,2017-02-28,CHANGELOG.en-US.md
ant-design,4bcf7f41f32585ead101055257cb82557faf725d,2017-02-28,CHANGELOG.zh-CN.md
ant-design,dc12a4e3e574b45016d1a5c4dc443b7c78d367f8,2017-02-28,.github/ISSUE_TEMPLATE.md
ant-design,e09c22f61076db37ed6368c7b5afe4424eed63f2,2017-02-27,.github/ISSUE_TEMPLATE.md
ant-design,ede976965a096dcd093b5cd936c147fcf23808e9,2017-02-27,CHANGELOG.zh-CN.md
ant-design,a60eec0e35a5412233fca7c0012707e8dd52fee9,2017-02-27,CHANGELOG.en-US.md
ant-design,a60eec0e35a5412233fca7c0012707e8dd52fee9,2017-02-27,CHANGELOG.zh-CN.md
ant-design,1763fa168c099b0a19894c1aee6d8ed99ec13144,2017-02-27,CHANGELOG.zh-CN.md
ant-design,ec9fed3f0486fa94c89dbe57a00c567306b45dc4,2017-02-22,.github/ISSUE_TEMPLATE.md
ant-design,0caefc8137e3ed7f9236dfad8d86360ac5c3bfa3,2017-02-22,CHANGELOG.zh-CN.md
ant-design,ec34c2b3516ad0c450a374452fc35012aafb91e8,2017-02-20,README.md
ant-design,3d9d2e508ef85dd277923c69570fdc2f4e1c72d2,2017-02-17,CHANGELOG.en-US.md
ant-design,3d9d2e508ef85dd277923c69570fdc2f4e1c72d2,2017-02-17,CHANGELOG.zh-CN.md
ant-design,bace209d52a8fb256e25f519ce90d8e84a80d193,2017-02-16,CHANGELOG.zh-CN.md
ant-design,4ecceeca41c40fbcea855ddd598f1f94489395fb,2017-02-10,CHANGELOG.en-US.md
ant-design,4ecceeca41c40fbcea855ddd598f1f94489395fb,2017-02-10,CHANGELOG.zh-CN.md
ant-design,ff658c17f6f4dcdc8628c0ab0269b3ca68fd5a9c,2017-02-10,CHANGELOG.en-US.md
ant-design,ff658c17f6f4dcdc8628c0ab0269b3ca68fd5a9c,2017-02-10,CHANGELOG.zh-CN.md
ant-design,1306c4656d83045b2f19d2451845bec2d9dd9c96,2017-02-10,CHANGELOG.en-US.md
ant-design,1306c4656d83045b2f19d2451845bec2d9dd9c96,2017-02-10,CHANGELOG.zh-CN.md
ant-design,3bc202a721eb2834c54eb7b27f51ff931f0d4eea,2017-02-08,CHANGELOG.zh-CN.md
ant-design,50ccc3ad7dba8f3c8e364ca47de7b5ccfaddddae,2017-02-08,CHANGELOG.zh-CN.md
ant-design,1e55c145cc99611303ed7f2264cd495dadd15186,2017-02-07,README.md
ant-design,168cec0dd12b22976c929061cf42fe4fb5c0fada,2017-02-07,CHANGELOG.en-US.md
ant-design,168cec0dd12b22976c929061cf42fe4fb5c0fada,2017-02-07,CHANGELOG.zh-CN.md
ant-design,168cec0dd12b22976c929061cf42fe4fb5c0fada,2017-02-07,README.md
ant-design,a5d69b893b5929db3cd438b935f393095b09a93b,2017-02-04,CHANGELOG.en-US.md
ant-design,a67264d68cdc6bccd6aaeb74278fca613d4e621f,2017-02-04,CHANGELOG.en-US.md
ant-design,a67264d68cdc6bccd6aaeb74278fca613d4e621f,2017-02-04,CHANGELOG.zh-CN.md
ant-design,dbc289589947a99e7a4704bc689d699f5942fcbe,2017-02-04,CHANGELOG.en-US.md
ant-design,dbc289589947a99e7a4704bc689d699f5942fcbe,2017-02-04,CHANGELOG.zh-CN.md
ant-design,b0fede60f7aa53f7998514afffe012cd15cf91e8,2017-02-03,CHANGELOG.en-US.md
ant-design,b0fede60f7aa53f7998514afffe012cd15cf91e8,2017-02-03,CHANGELOG.zh-CN.md
ant-design,f786f607cf88f527afc932398e423f586255a2e8,2017-02-03,CHANGELOG.en-US.md
ant-design,f786f607cf88f527afc932398e423f586255a2e8,2017-02-03,CHANGELOG.zh-CN.md
ant-design,c17fc7c2ad62ce0ed5d5e179dceb1daf6eb07b9e,2017-01-31,CHANGELOG.en-US.md
ant-design,a53e0668e1f471d4843ac49f26b939c42050b2e7,2017-01-31,CHANGELOG.en-US.md
ant-design,a53e0668e1f471d4843ac49f26b939c42050b2e7,2017-01-31,CHANGELOG.zh-CN.md
ant-design,99317b46619fdf4a5da3b5fe246923e7586b494f,2017-01-31,CHANGELOG.en-US.md
ant-design,99317b46619fdf4a5da3b5fe246923e7586b494f,2017-01-31,CHANGELOG.zh-CN.md
ant-design,9f06925a7904539907fdec0ea53443f6d2a088a0,2017-01-31,CHANGELOG.en-US.md
ant-design,9f06925a7904539907fdec0ea53443f6d2a088a0,2017-01-31,CHANGELOG.zh-CN.md
ant-design,c9335c56ad57689a13ba8e2c47b1ab0ac2088654,2017-01-30,README.md
ant-design,2b41f098c7114423bb0d8423a0f0bfb6be90eec9,2017-01-30,CHANGELOG.en-US.md
ant-design,2b41f098c7114423bb0d8423a0f0bfb6be90eec9,2017-01-30,CHANGELOG.zh-CN.md
ant-design,ffcdbb66abce945b139e55b3da223e89b973a2b4,2017-01-30,CHANGELOG.en-US.md
ant-design,b6b507d6be356635a9ee81b1aea165dbb3ff551a,2017-01-30,CHANGELOG.en-US.md
ant-design,b6b507d6be356635a9ee81b1aea165dbb3ff551a,2017-01-30,CHANGELOG.zh-CN.md
ant-design,2e0bfe975a6e9107e4fb4d764d344a8cbab505a8,2017-01-30,CHANGELOG.en-US.md
ant-design,2e0bfe975a6e9107e4fb4d764d344a8cbab505a8,2017-01-30,CHANGELOG.zh-CN.md
ant-design,128d35b3910f0de7f74b5f69108d3468f65c3832,2017-01-23,CHANGELOG.en-US.md
ant-design,128d35b3910f0de7f74b5f69108d3468f65c3832,2017-01-23,CHANGELOG.zh-CN.md
ant-design,04a94a691e4d369b11d7fa95ef12347487f0f7bb,2017-01-22,CHANGELOG.en-US.md
ant-design,04a94a691e4d369b11d7fa95ef12347487f0f7bb,2017-01-22,CHANGELOG.zh-CN.md
ant-design,0b2342f9c277f3ae46b1039e03cc222ab90479eb,2017-01-21,README.md
ant-design,2292a8e6c5735accf1a5f5d9ea8680f3a241b7dc,2017-01-21,README.md
ant-design,703ccadb832243b031869df80706b4c82d446ee0,2017-01-20,CHANGELOG.en-US.md
ant-design,703ccadb832243b031869df80706b4c82d446ee0,2017-01-20,CHANGELOG.zh-CN.md
ant-design,2004c136536bb5cd8dd49b006b2ef4bbc21da27f,2017-01-20,README.md
ant-design,fd1ae531f47ba4a0bee9528c54a6740bf64a70b9,2017-01-19,README.md
ant-design,5ad748c1fd86f03d7372b6d27d6cbc5c368dcb76,2017-01-16,README.md
ant-design,1bf0bab2a7bc0a774119f501806e3e0e3a6ba283,2017-01-14,CHANGELOG.en-US.md
ant-design,1bf0bab2a7bc0a774119f501806e3e0e3a6ba283,2017-01-14,CHANGELOG.zh-CN.md
ant-design,a1a46ae57a2c92533be883f0685895075c88b5a1,2017-01-14,CHANGELOG.en-US.md
ant-design,a1a46ae57a2c92533be883f0685895075c88b5a1,2017-01-14,CHANGELOG.zh-CN.md
ant-design,a0d27426e8b1faa43aa6a2686d638745c7079659,2017-01-14,CHANGELOG.en-US.md
ant-design,a0d27426e8b1faa43aa6a2686d638745c7079659,2017-01-14,CHANGELOG.zh-CN.md
ant-design,ff67c6eee6f0935f14337ee2969b80289c4129c6,2017-01-12,CHANGELOG.en-US.md
ant-design,ff67c6eee6f0935f14337ee2969b80289c4129c6,2017-01-12,CHANGELOG.zh-CN.md
ant-design,a0f57a20948ec49b5a4448d5cc0f731051be83b1,2017-01-08,CHANGELOG.zh-CN.md
ant-design,5361ff73510032a051b058e5dc3377dd5a064035,2017-01-08,CHANGELOG.en-US.md
ant-design,5361ff73510032a051b058e5dc3377dd5a064035,2017-01-08,CHANGELOG.zh-CN.md
ant-design,b10fa928f1800bf9b976dbef165d0448d8b50ed1,2017-01-07,README.md
ant-design,3f20979fd7112e1f5cb7067b1e66b58c153b2167,2017-01-06,CHANGELOG.en-US.md
ant-design,3f20979fd7112e1f5cb7067b1e66b58c153b2167,2017-01-06,CHANGELOG.zh-CN.md
ant-design,343b3dfc0853510e943f14ae79551671f40d9398,2017-01-06,CHANGELOG.en-US.md
ant-design,343b3dfc0853510e943f14ae79551671f40d9398,2017-01-06,CHANGELOG.zh-CN.md
ant-design,fe706ebf0d12fde489304cf30518fbf39c7251e2,2017-01-03,.github/ISSUE_TEMPLATE.md
ant-design,ffa7f9b1bafa9bc1092308b1b543b1cd37d37b2b,2017-01-01,CHANGELOG.en-US.md
ant-design,ffa7f9b1bafa9bc1092308b1b543b1cd37d37b2b,2017-01-01,CHANGELOG.zh-CN.md
ant-design,45051aebac09b214c869eaa967310d0ba14e9e40,2016-12-30,CHANGELOG.en-US.md
ant-design,45051aebac09b214c869eaa967310d0ba14e9e40,2016-12-30,CHANGELOG.zh-CN.md
ant-design,fd469ea1a558a565f7d88f11c51599a64534d1f4,2016-12-30,README.md
ant-design,f81645542107202ad501c1dc015e2cb412dd7673,2016-12-30,CHANGELOG.en-US.md
ant-design,f81645542107202ad501c1dc015e2cb412dd7673,2016-12-30,CHANGELOG.zh-CN.md
ant-design,72e136405ed892f51c2962a4da72fd5886268cae,2016-12-24,CHANGELOG.en-US.md
ant-design,72e136405ed892f51c2962a4da72fd5886268cae,2016-12-24,CHANGELOG.zh-CN.md
ant-design,cd056e89231fb934d7d02e5318e78467cf4bc730,2016-12-23,README.md
ant-design,655533f9ffb9c74ffd7eb20b3afdaaf9b289e21e,2016-12-16,README.md
ant-design,60606d0e375ebb077458cdd6e5a39c1105e18349,2016-12-16,CHANGELOG.en-US.md
ant-design,60606d0e375ebb077458cdd6e5a39c1105e18349,2016-12-16,CHANGELOG.zh-CN.md
ant-design,9a9db2411b26d7502ba9ad4ec26eedbedca7a010,2016-12-15,README.md
ant-design,304ced31bb2228fce1993c6cccac68120636a5b8,2016-12-15,CHANGELOG.zh-CN.md
ant-design,c1c2e13b9d3c555acc7481e64dd5623ab4d6ed93,2016-12-10,CHANGELOG.en-US.md
ant-design,c1c2e13b9d3c555acc7481e64dd5623ab4d6ed93,2016-12-10,CHANGELOG.zh-CN.md
ant-design,49e952328312a60b6ed42b08f27092eca49cdea2,2016-12-06,.github/CONTRIBUTING.md
ant-design,49e952328312a60b6ed42b08f27092eca49cdea2,2016-12-06,README.md
ant-design,59f0e6254bb065f7d8829abe2bba7f42ef4aa861,2016-12-06,CHANGELOG.en-US.md
ant-design,59f0e6254bb065f7d8829abe2bba7f42ef4aa861,2016-12-06,CHANGELOG.zh-CN.md
ant-design,304ccf1ea5463c64e4bdcdb9fe72fa02429aeaa0,2016-12-04,CHANGELOG.en-US.md
ant-design,304ccf1ea5463c64e4bdcdb9fe72fa02429aeaa0,2016-12-04,CHANGELOG.zh-CN.md
ant-design,89fee0a98701494c138d80d2f4c6cbf5acaa1b81,2016-12-04,README.md
ant-design,c0e9f8c52e6f4aef139e3651eb85c26df9196179,2016-12-02,README.md
ant-design,7cb033c5456a438fddbcc4df5a991da4b14bbf1e,2016-11-29,CHANGELOG.en-US.md
ant-design,7cb033c5456a438fddbcc4df5a991da4b14bbf1e,2016-11-29,CHANGELOG.zh-CN.md
ant-design,7f4569cc027ab5d2a5dad4655421fd630c08708e,2016-11-29,README.md
ant-design,510f08cadc69adc41d1b8da8f1ba44ed5bd9e91f,2016-11-29,README.md
ant-design,32abe10b437667210a22109364cb9e67add5180f,2016-11-28,CHANGELOG.en-US.md
ant-design,32abe10b437667210a22109364cb9e67add5180f,2016-11-28,CHANGELOG.zh-CN.md
ant-design,2aeccd49556d2349486615c224fa86daaa503f0a,2016-11-26,README.md
ant-design,bc856e787c6c4abcde12c65dc9c05cd7b33c00f8,2016-11-26,CHANGELOG.en-US.md
ant-design,bc856e787c6c4abcde12c65dc9c05cd7b33c00f8,2016-11-26,CHANGELOG.zh-CN.md
ant-design,179f52607784ffafa7d2b7a5d447557a6f804711,2016-11-23,README.md
ant-design,e610314461313abcd66d2d22975576c4e7dd35c0,2016-11-23,README.md
ant-design,b34c4ed4239330d2b067eadf3b163597905652a0,2016-11-23,AUTHORS.txt
ant-design,7ce0598cc34a7cdfcc90812254547c67fa46b614,2016-11-22,README.md
ant-design,21a4b083921d71f1b633f6f32f411aff51482a78,2016-11-22,README.md
ant-design,9febc9e71e5e546173b3280c759c40943160da61,2016-11-21,CHANGELOG.en-US.md
ant-design,9febc9e71e5e546173b3280c759c40943160da61,2016-11-21,CHANGELOG.zh-CN.md
ant-design,89c9da81215e3275e0e309fc65cc89647e3aa52f,2016-11-21,README.md
ant-design,84d036bfefa3de50d2833b79e8d71995ab0603bb,2016-11-21,CHANGELOG.en-US.md
ant-design,84d036bfefa3de50d2833b79e8d71995ab0603bb,2016-11-21,CHANGELOG.zh-CN.md
ant-design,7af7e8382dfaf995f74c6bc4d8e74e272df70725,2016-11-18,CHANGELOG.en-US.md
ant-design,7af7e8382dfaf995f74c6bc4d8e74e272df70725,2016-11-18,CHANGELOG.zh-CN.md
ant-design,a1ee6bfa22e96f6ceb3e3f1a7c8c75fc01a22541,2016-11-15,.github/CONTRIBUTING.md
ant-design,a1ee6bfa22e96f6ceb3e3f1a7c8c75fc01a22541,2016-11-15,CHANGELOG.en-US.md
ant-design,a1ee6bfa22e96f6ceb3e3f1a7c8c75fc01a22541,2016-11-15,README.md
ant-design,a1fe873bd947dc0ca55f559de6b0b0c7c02c40bb,2016-11-14,README.md
ant-design,5400cacd132191b0c97004047522e421231db6e4,2016-11-13,CHANGELOG.en-US.md
ant-design,5400cacd132191b0c97004047522e421231db6e4,2016-11-13,CHANGELOG.zh-CN.md
ant-design,8457267dad5125f137fb71dd43eecda6f1795c1a,2016-11-13,CHANGELOG.en-US.md
ant-design,8457267dad5125f137fb71dd43eecda6f1795c1a,2016-11-13,CHANGELOG.zh-CN.md
ant-design,24bd14d843a675cc5e252e0cee681f3862434832,2016-11-11,CHANGELOG.en-US.md
ant-design,24bd14d843a675cc5e252e0cee681f3862434832,2016-11-11,CHANGELOG.zh-CN.md
ant-design,f93e2a8df0e8b6d1914eee4f7c79a6090b2f2de5,2016-11-11,CHANGELOG.en-US.md
ant-design,f93e2a8df0e8b6d1914eee4f7c79a6090b2f2de5,2016-11-11,CHANGELOG.zh-CN.md
ant-design,27232a856136339ddc624226dff7d3b418e63118,2016-11-11,CHANGELOG.en-US.md
ant-design,27232a856136339ddc624226dff7d3b418e63118,2016-11-11,CHANGELOG.zh-CN.md
ant-design,b75201485dbbf8d7ffaf009a9110fc552a2e46a8,2016-11-10,CHANGELOG.en-US.md
ant-design,b75201485dbbf8d7ffaf009a9110fc552a2e46a8,2016-11-10,CHANGELOG.zh-CN.md
ant-design,9afec1a638d20bcbc5487752858f429874a93458,2016-11-09,README.md
ant-design,446315faf4c271900766d9f070bd8e0398efc597,2016-11-07,CHANGELOG.en-US.md
ant-design,446315faf4c271900766d9f070bd8e0398efc597,2016-11-07,CHANGELOG.zh-CN.md
ant-design,b64ea0edcc8dc410c21b2700d956358b48054d20,2016-11-06,CHANGELOG.en-US.md
ant-design,b64ea0edcc8dc410c21b2700d956358b48054d20,2016-11-06,CHANGELOG.zh-CN.md
ant-design,caf09cd99e5c659088cbf36ce522fdbd7817ef8b,2016-11-06,CHANGELOG.en-US.md
ant-design,caf09cd99e5c659088cbf36ce522fdbd7817ef8b,2016-11-06,CHANGELOG.zh-CN.md
ant-design,952f8aabbc6d07aea5dd105ca2047da40cabf746,2016-11-05,README.md
ant-design,bd8482c893e08af866791ab40513c132d62405ca,2016-11-03,CHANGELOG.en-US.md
ant-design,bd8482c893e08af866791ab40513c132d62405ca,2016-11-03,CHANGELOG.zh-CN.md
ant-design,7fad45403eb4649d3d69236e9c201b56481dfc6d,2016-11-02,CHANGELOG.en-US.md
ant-design,7fad45403eb4649d3d69236e9c201b56481dfc6d,2016-11-02,CHANGELOG.zh-CN.md
ant-design,1e1a3e755c368e82b1be03c2215ca85a7e858772,2016-10-29,README.md
ant-design,0a962b19ad20ee239ef5afaeebbb68aa9d871457,2016-10-28,CHANGELOG.en-US.md
ant-design,0a962b19ad20ee239ef5afaeebbb68aa9d871457,2016-10-28,CHANGELOG.zh-CN.md
ant-design,836a058c57ee5ddc71220134ad6588df3323f0b9,2016-10-28,.github/ISSUE_TEMPLATE.md
ant-design,0e3d40e6d9b38594a2bb55edf98e0789bc0f1cc1,2016-10-27,.github/ISSUE_TEMPLATE.md
ant-design,f262f1ab991232b2fb967b34ba96a6fc3863ce94,2016-10-20,CHANGELOG.en-US.md
ant-design,f262f1ab991232b2fb967b34ba96a6fc3863ce94,2016-10-20,CHANGELOG.zh-CN.md
ant-design,71772260da3e4bdc6bf88321ab5a0c3112bd29b5,2016-10-17,README.md
ant-design,62d2687d6df07ee2a5e00ec34451a1ad13a903cd,2016-10-17,README.md
ant-design,2a1254569407fbcb5d136d962dafb6d650732561,2016-10-17,README.md
ant-design,0920efb87f4d0bf5efa7359c5121298a10595640,2016-10-16,CHANGELOG.zh-CN.md
ant-design,bf1241d7930792db8e6a921303c47c26f873f09f,2016-10-16,CHANGELOG.en-US.md
ant-design,bf1241d7930792db8e6a921303c47c26f873f09f,2016-10-16,CHANGELOG.zh-CN.md
ant-design,91f0923ee96ab311e0866164b36bc21c36e33434,2016-10-16,CHANGELOG.en-US.md
ant-design,0982e8999c67ecf983463392c8afe5ecde2bf728,2016-10-14,CHANGELOG.en-US.md
ant-design,0982e8999c67ecf983463392c8afe5ecde2bf728,2016-10-14,CHANGELOG.zh-CN.md
ant-design,80084478467068feed993a5981d8f5c2402bb8c1,2016-10-14,CHANGELOG.en-US.md
ant-design,80084478467068feed993a5981d8f5c2402bb8c1,2016-10-14,CHANGELOG.zh-CN.md
ant-design,98c15a5113cb382763f7700ffb6dcce376f9e988,2016-10-14,CHANGELOG.en-US.md
ant-design,98c15a5113cb382763f7700ffb6dcce376f9e988,2016-10-14,CHANGELOG.zh-CN.md
ant-design,8eb2eaf288db31e5330b4a14ba0eb5b90edc3ca5,2016-10-14,CHANGELOG.en-US.md
ant-design,c86a6d0f50221f639684efeaa4ea3175c482b4ad,2016-10-13,CHANGELOG.zh-CN.md
ant-design,e7e22602ef2a93976a929e049c4d72e21f05488d,2016-10-13,CHANGELOG.en-US.md
ant-design,e7e22602ef2a93976a929e049c4d72e21f05488d,2016-10-13,CHANGELOG.zh-CN.md
ant-design,d0d7a04b18ba317fa6bcd952fcb2a4a1840a5744,2016-10-13,CHANGELOG.en-US.md
ant-design,d0d7a04b18ba317fa6bcd952fcb2a4a1840a5744,2016-10-13,CHANGELOG.zh-CN.md
ant-design,7a33a66f50ea4795fc09f6b31a60a811b64104f8,2016-10-10,README.md
ant-design,1ef72deadb04143aac6a5ae5517aed96b1956b8c,2016-10-06,CHANGELOG.en-US.md
ant-design,1ef72deadb04143aac6a5ae5517aed96b1956b8c,2016-10-06,CHANGELOG.zh-CN.md
ant-design,cd84cee399dc9cef548a0ba83ed5ecf9e3251079,2016-10-01,CHANGELOG.en-US.md
ant-design,cd84cee399dc9cef548a0ba83ed5ecf9e3251079,2016-10-01,CHANGELOG.zh-CN.md
ant-design,2ddc2fc5830980fbf464e4f1117b2d51f0063df2,2016-09-30,CHANGELOG.en-US.md
ant-design,2ddc2fc5830980fbf464e4f1117b2d51f0063df2,2016-09-30,CHANGELOG.zh-CN.md
ant-design,b501a79d91b40d75069cc9fd78393518b9c26dbd,2016-09-30,README.md
ant-design,526c346fc02fa95a1c64c2fc9370508b233cbac1,2016-09-29,README.md
ant-design,ce894a60ae368e18e9cf4dc0ee44e8a0ae9ac7a5,2016-09-29,CHANGELOG.en-US.md
ant-design,ce894a60ae368e18e9cf4dc0ee44e8a0ae9ac7a5,2016-09-29,CHANGELOG.zh-CN.md
ant-design,b13a5b05078073c20f4170eeb79c933a5ec0b642,2016-09-29,CHANGELOG.zh-CN.md
ant-design,152ba8bcea50b50f8fef439451f6f7fcbd3a74b0,2016-09-29,README.md
ant-design,6088b48dca18fc7af5013f5a410c6e1f88366bd7,2016-09-28,README.md
ant-design,2a7444745b50711ba04377ba65d9c000862f37ae,2016-09-28,CHANGELOG.en-US.md
ant-design,2a7444745b50711ba04377ba65d9c000862f37ae,2016-09-28,CHANGELOG.zh-CN.md
ant-design,793bca755fb50a746e47d80d0bc7cfebfbb4d0c6,2016-09-28,CHANGELOG.en-US.md
ant-design,793bca755fb50a746e47d80d0bc7cfebfbb4d0c6,2016-09-28,CHANGELOG.zh-CN.md
ant-design,986c745177c09fe48724c5cb6ba755aaacfe99a6,2016-09-28,README.md
ant-design,630bf741d5e27af9cbd63aa583f07602ef430a83,2016-09-28,CHANGELOG.en-US.md
ant-design,630bf741d5e27af9cbd63aa583f07602ef430a83,2016-09-28,CHANGELOG.zh-CN.md
ant-design,178311a39315eb9b4694f7aa45a93fb650756063,2016-09-27,README.md
ant-design,9ec69e4a2bcbf6e3774dc71f0475e41a5899c724,2016-09-26,CHANGELOG.md
ant-design,9d9185127c24819c9a7712aaa044a99d0826c7fb,2016-09-20,README.md
ant-design,b983b5792f1ab83ac2618dda70462f18a44f2288,2016-09-14,CHANGELOG.md
ant-design,db3cbb7fd8d267c2166d87b8f94fc2d5531becb3,2016-09-14,CHANGELOG.md
ant-design,03b22e5e8c2585aa8c1cb68101c4862db166ce8a,2016-09-13,.github/ISSUE_TEMPLATE.md
ant-design,3bfe9f0dbdb7b90d3379a4bbdf01885c22e3642e,2016-09-08,AUTHORS.txt
ant-design,6a9bbd7b9aa8a3a777f70e7d78fea550dc62fd5b,2016-09-01,CHANGELOG.md
ant-design,a8d506ad7b40ed0ceb26a1f51c139f6ddba0e727,2016-09-01,CHANGELOG.md
ant-design,96543d53607921d8f24815af0eef7b4431986715,2016-08-31,.github/CONTRIBUTING.md
ant-design,96543d53607921d8f24815af0eef7b4431986715,2016-08-31,.github/ISSUE_TEMPLATE.md
ant-design,96543d53607921d8f24815af0eef7b4431986715,2016-08-31,README.md
ant-design,d60ea3c623f08b0ae1680bcfd550549801f6d6f5,2016-08-20,CHANGELOG.md
ant-design,07dd1d20891835f01b980888f2b74a877cf38c57,2016-08-20,CHANGELOG.md
ant-design,95846a767c8cc4ef89fbffd38c423f345307e172,2016-08-17,CHANGELOG.md
ant-design,cfba6aa60e20931475faec6040400427501e5903,2016-08-17,CHANGELOG.md
ant-design,180916386e17d896a7125aa0ded6f3752178176b,2016-08-15,CHANGELOG.md
ant-design,35d3c6a86ce3075ce17803919da40a87871fcb65,2016-08-11,README.md
ant-design,f2a6b5342dee4d5f213a66ffeff6043a5430b931,2016-08-10,CHANGELOG.md
ant-design,24d8016def72987fe8e97f4c4d957bbae62114ea,2016-08-10,CHANGELOG.md
ant-design,0c21102fa761030e538f00f7df366656aae7a477,2016-08-08,CHANGELOG.md
ant-design,7f5bc3813768dbfc70ed0a7b55c984f99efeabcf,2016-08-08,CHANGELOG.md
ant-design,47bdd8d45d189bbdc83410c69c47772082352db2,2016-08-01,CHANGELOG.md
ant-design,ac9253ed73028a3fb53160da336fe0e934c15d2a,2016-07-30,CHANGELOG.md
ant-design,c3d1803839da45d17ef8babe50a6f89cbee3ceb8,2016-07-30,CHANGELOG.md
ant-design,9f5d294c83dd51ec6a1f4506fe734c0b9688678f,2016-07-29,README.md
ant-design,7952215a48d3749f98af15385d3f456ad76be82c,2016-07-26,CHANGELOG.md
ant-design,31fd48ffb23565e25aa198f32c9577c4b207ae66,2016-07-26,CHANGELOG.md
ant-design,db00e94b4033cf18b33b868958f3dea7df4e855f,2016-07-21,CHANGELOG.md
ant-design,ae3d009ff6d311ef32b730bd69870e7e128537d0,2016-07-17,CHANGELOG.md
ant-design,9f008d884358c6513faba8c5db325437c535c80d,2016-07-16,CHANGELOG.md
ant-design,e6f274a5f948dbae60128f6870dd4236c0465fe9,2016-07-08,.github/ISSUE_TEMPLATE.md
ant-design,b4c76f4444014fa040b673b1082605ae4b0112d1,2016-07-08,CHANGELOG.md
ant-design,eb3853160de1e9fadd1680998130b4a53b64058a,2016-07-08,CHANGELOG.md
ant-design,47a10a2deb522b30529437e7ab5e39bdaa211533,2016-07-05,CHANGELOG.md
ant-design,b66c9e95e31008d4486e7b7e664e1270617c1976,2016-07-04,CHANGELOG.md
ant-design,f5e92db99917bf9d5a52fa82538ea942d54cb11f,2016-06-27,.github/ISSUE_TEMPLATE.md
ant-design,dfd6e1adce239d1e81d54d7b0f878b81917f5bde,2016-06-27,.github/ISSUE_TEMPLATE.md
ant-design,e258e6d84fb5ee1d36b5660d737918de1e68e937,2016-06-27,.github/ISSUE_TEMPLATE.md
ant-design,faa66459835b05d695dd135f4a62777aa87954be,2016-06-27,CHANGELOG.md
ant-design,6e7b5dbba4420f9643f096c6f94bf914ff93605c,2016-06-27,.github/ISSUE_TEMPLATE.md
ant-design,642237793fb393389374995827f6ed137a9f30b7,2016-06-27,.github/ISSUE_TEMPLATE.md
ant-design,dacc1e64fdc648a7eed8e91a989af88aaba28905,2016-06-24,CHANGELOG.md
ant-design,8a0a94721889c94974a247f719bd662d6efccbcd,2016-06-24,CHANGELOG.md
ant-design,3e787112534a5a5ab80afc530edd71c659c96798,2016-06-24,CHANGELOG.md
ant-design,2007b2173e849861851dcd5d3cbcf8ab710ec41e,2016-06-24,CHANGELOG.md
ant-design,143176bf4110490a9dd841a8cd33f2caf7b67b5b,2016-06-23,README.md
ant-design,8748ad0d7aeac1b2c7fb6073394d003defe31a09,2016-06-23,README.md
ant-design,9f39c7a6bb75992ac46e0c58afef3f0d2facfe29,2016-06-21,CHANGELOG.md
ant-design,7c34766ad0b8ca975aae5909f6db7b1cf6e24987,2016-06-17,CHANGELOG.md
ant-design,024cccdf97639868d6331d309fb358bb8cc4a365,2016-06-16,CHANGELOG.md
ant-design,6e0d841495889a805cbca72298f9d3367d5ca2eb,2016-06-13,CHANGELOG.md
ant-design,cce5a728f9165a78a8572934ab869adc79e32d1c,2016-06-13,CHANGELOG.md
ant-design,00d6f68f602428c4e64d92ca6d1d2be8fdf47c0f,2016-06-13,CHANGELOG.md
ant-design,ef571953e7afdfc7a2204512f337f957f6adacf4,2016-06-13,CHANGELOG.md
ant-design,b426906612d727e027d43b70b95abcb8c645d08f,2016-06-13,CHANGELOG.md
ant-design,dbce9fc66a9cdc3dc682210513ae87a6efa54dbb,2016-06-13,CHANGELOG.md
ant-design,250df0f4e338c30ebd052350bfa270be7ee0c6b8,2016-06-06,CHANGELOG.md
ant-design,d10639590b7c8ca9612620a5086d1a4b86bd0ca8,2016-06-06,CHANGELOG.md
ant-design,2e0c67f214df2c5b3ff70fbd92a3096c39594c3b,2016-06-03,CHANGELOG.md
ant-design,0a543b30f6d543cb3d7779cd8c6ff9f1a16b7b49,2016-06-03,CHANGELOG.md
ant-design,98ce55fcaba30366452d0a76b3f1ebc7ea8c2db1,2016-06-03,CHANGELOG.md
ant-design,70669371c0c2ca27b58d5ca51b8cb491f1517847,2016-06-03,CHANGELOG.md
ant-design,c8a1885b0d75d18c11aa326c235b5bd64045c043,2016-06-02,CHANGELOG.md
ant-design,f45a3ed1e91089fe9a6447eaa6b2faa1cb59b66d,2016-06-02,CHANGELOG.md
ant-design,7f909e750b754c880696f40be0791ca8eb2225af,2016-06-01,README.md
ant-design,fc55cf69194057cb452e13119697cdffd40f6793,2016-05-31,CHANGELOG.md
