repo,granularity,window_count,health_file_commits,mu,sigma,cv,phi_c,active_window_rate,label
2048,month,72,1,0.013888888888888888,0.11785113019775793,8.485281374238571,0.0,0.013888888888888888,sparse
