repo,commit_sha,commit_date,health_file
jekyll,08c22eefb327f4315aa0725532e6af5fa4bd265a,2026-04-14,History.markdown
jekyll,ff0d4dd78d939d8596f5ded57f3b2b321eb66b5a,2026-03-30,History.markdown
jekyll,baab7bf78537679af48d2d2bce1df87a3035c95f,2026-03-11,History.markdown
jekyll,d0cf1791f6a349519998750f4511822e43e516e4,2026-02-13,History.markdown
jekyll,26ec089058d59944b1e8f6ee9c07870ba88ab7b4,2026-02-13,History.markdown
jekyll,b49aa9b707fb8f276348bdd82c1ff0f3c0feaa88,2026-01-05,History.markdown
jekyll,ebe567c1d2efd94f2752acbe9cc2156671747aa1,2026-01-05,.github/SECURITY.markdown
jekyll,4d3db3a83d8eaa2a844bef3f6222fd30b987af05,2025-12-21,History.markdown
jekyll,161f654409cb6c731d332575f2ec1489a93a9471,2025-12-21,History.markdown
jekyll,e1b5fd6a159f362774e3505a5513e5d33a4dbc9c,2025-12-21,README.markdown
jekyll,2fe6977e8dcb25946153a33e3206c9b8f1cb530f,2025-11-07,History.markdown
jekyll,a1a42bdb5c0576a6f8b8aa10ba81999b9d34d1a8,2025-10-14,History.markdown
jekyll,07604206706e1240d597817dc7e8e8bcf68aacde,2025-08-27,History.markdown
jekyll,40ac06ed3e95325a07868dd2ac419e409af823b6,2025-07-11,History.markdown
jekyll,55024b37aee2afff8004cc01cd0d38b0ec2bf0e3,2025-06-05,History.markdown
jekyll,a2330bb3b3ee1c88e7ad434d47b851c07443be4b,2025-06-05,History.markdown
jekyll,e2e1ee8eaa6f60d4ba675e711c720dfba0de9b01,2025-06-02,History.markdown
jekyll,84437a5052cd9d5ea09f49cb26dc3e5f6ad5a84e,2025-04-24,History.markdown
jekyll,cc583c218cc27f269cb906c471ec31227832d990,2025-04-22,History.markdown
jekyll,dfbd86db50db26d344d9dde6c1734e7f307c2e16,2025-04-09,History.markdown
jekyll,148c1d395c53256d6bb43b047dbb18f3b354122c,2025-04-08,History.markdown
jekyll,82efcc4c5137c1e1f842d5d4ce28b85e616ea4fd,2025-04-08,History.markdown
jekyll,f320d0d5d7b00b9a408f678da1960601ab5896d6,2025-04-08,History.markdown
jekyll,0db8443b41c5bd5e38021e7d1aacdb75beb01bef,2025-04-08,History.markdown
jekyll,1f319fb273b6cdf876bc6edd38d7477935cdda8c,2025-01-29,History.markdown
jekyll,cda8c3a402841c6b442b24b191be1c7d6849003c,2025-01-27,History.markdown
jekyll,5431c0945b527a188dd592c99ffb1d6a85f6ce65,2025-01-27,History.markdown
jekyll,0cc09f93caa53bf42e01ade0e22307f05e798294,2025-01-24,History.markdown
jekyll,2cf2665d314407e2d1628539b331f46b2dc5a6fb,2025-01-24,History.markdown
jekyll,021f58506fe1c3d92c40de852a46996bc6b21e5c,2025-01-23,History.markdown
jekyll,6ea69cae2aff517d82ee62b29b8609c65fcfe271,2025-01-16,History.markdown
jekyll,8b759b9c71dca822a2fd209a1da6f83822574a3a,2025-01-16,History.markdown
jekyll,32c90c5eee638a42cce78a3782ed37c8541426ca,2025-01-16,History.markdown
jekyll,409034449bdea20a27a3e5054eff11cae8c3a3e5,2025-01-16,History.markdown
jekyll,d20aef3c1ce33cd31dc0ab1ff762c7c0e815449d,2025-01-01,History.markdown
jekyll,964a2689a1bf3c65a0fda5bc57fdf2e7b49a5831,2024-12-30,History.markdown
jekyll,74f0c4d079c200fc1fb89c591fd0285ca14eca5b,2024-12-30,History.markdown
jekyll,1ffce1ed6ba60ce1eae4eb46dc4ee22b3c7f6fc4,2024-12-27,History.markdown
jekyll,094fc89d70edf59e6a773995bcb4a2627a1dca53,2024-12-16,History.markdown
jekyll,0e4182aefad27c72c6b1c0f0e300e57edefaa0ba,2024-11-20,History.markdown
jekyll,8e378c0615ce8e84948e0b8c51814fe0ba37fc24,2024-10-20,History.markdown
jekyll,f93928ab2cbb8b56efa8be35417194b0b42a9d3c,2024-10-20,History.markdown
jekyll,44fc6803d2c96432da72279a53ee2f5f2e20cd5e,2024-10-17,History.markdown
jekyll,fce1966b3ad8ddd0a03381a960a59cb5b4b9e3ee,2024-10-10,History.markdown
jekyll,94192a3ab49a70ca740cb1fd6d57ebf2f65d6444,2024-09-22,History.markdown
jekyll,0f03b31b8582c67c87ae9b0efb7e75cd44b550f4,2024-09-22,History.markdown
jekyll,e223b9e1e376ff5fe82855cbff0520112ba13021,2024-09-22,History.markdown
jekyll,ca57a45b17dc7bacd0e56c31bd35a09da9c52f2f,2024-09-20,History.markdown
jekyll,ef6ae0305e6bac110456c2ff4561d9ff575f92f7,2024-09-16,History.markdown
jekyll,4ad5419d558acc021071eebf048bde139919c8c7,2024-09-16,History.markdown
jekyll,eba4dbcc7211e55172f76d996183bddb82e991e6,2024-09-16,History.markdown
jekyll,17d1d9422b954302518280eaf6dc65436d8eb517,2024-09-15,History.markdown
jekyll,0629bba297ec708471862d2b1a05f2f14897c38f,2024-09-15,History.markdown
jekyll,96a5c80b592d4ccf35f52217bca51e10f9eb3fca,2024-09-12,History.markdown
jekyll,bc443c2e667c2ebf7a305bf20f21c29fe4fa0462,2024-09-11,History.markdown
jekyll,a5cf2f9a422709f301e116cf21ed499db30e25ec,2024-09-08,History.markdown
jekyll,753b8aaa092b3e3c584f6862c7ebcb2baa2a94b5,2024-09-08,History.markdown
jekyll,f2980230e50b5e8d68a146415f11d079a4f88e80,2024-09-06,History.markdown
jekyll,760eaf02741b87b66bdd220d0df10c86646c2dcb,2024-09-06,History.markdown
jekyll,0913d6579314c7d4f79b81b159e6e262504b175d,2024-09-06,History.markdown
jekyll,05ce2b2ab27e6b5ec12f1a4bb14483cf45e2a232,2024-09-06,History.markdown
jekyll,cd5b71ec88aec92e1026ab65404c9e139659e90b,2024-09-06,History.markdown
jekyll,e300964879cda780ef27c27585ab2516bf6cc3d0,2024-09-06,README.markdown
jekyll,37b4a4bd89e09b47ae42492a1dd2cb74c8a1c95a,2024-09-05,History.markdown
jekyll,995c7c8d655fc1adbbd712b6262ba22f6a42fac4,2024-09-05,History.markdown
jekyll,425ad79ff2dd449d463227b107d05264da96bc7f,2024-08-29,History.markdown
jekyll,59472313376258874b7269b7c5f200b0545d0712,2024-08-29,History.markdown
jekyll,a5460320c5a37b8d883f8d8c89fa58349d893af0,2024-08-04,History.markdown
jekyll,3d5e86eb0894a4fc950939c631623c5ee2c617c8,2024-07-26,History.markdown
jekyll,60a9cd73569552b858e807cbd3c0e23455023cbc,2024-06-24,History.markdown
jekyll,822ac4fa474d6d6b225a1b113343969edf571ac8,2024-06-24,History.markdown
jekyll,e44b52d9f9387e932cab79b539f34e54934b94fb,2024-06-18,History.markdown
jekyll,ed79646d7d890344d4cc41b72f18412406d05088,2024-06-13,History.markdown
jekyll,1484c6d6a41196dcaa25daca9ed1f8c32083ff10,2024-05-23,History.markdown
jekyll,b6bbe1b469edf70a6913d371d3e22112feae77b3,2024-05-23,History.markdown
jekyll,1ad8c8dc0481b891e9d0dc14326b8337bd957a8c,2024-05-22,History.markdown
jekyll,c52149824da98963eb38ca5a40f19deb54054171,2024-05-22,History.markdown
jekyll,96a4198c27482f061e145953066af501d5e085e2,2024-04-23,History.markdown
jekyll,dbbfc5d48c81cf424f29c7b0eebf10886bc99904,2024-02-13,History.markdown
jekyll,c7e9061da3f0c60ead24ee887ae10db56c47c3df,2024-02-13,History.markdown
jekyll,12ab35011f6e86d49c7781514f9dd1d92e43ea11,2024-01-23,History.markdown
jekyll,860d730ff33d31a4e922da0e08b46f25434ba59a,2024-01-17,History.markdown
jekyll,b38b7a14798d7231db8ef77d29db1eedeed51f47,2024-01-13,History.markdown
jekyll,42dd477f8a449b16cacb94e4d966000106718430,2024-01-12,History.markdown
jekyll,839007fa158ccd8d78fc956f9f265c249865a91a,2024-01-12,History.markdown
jekyll,108c8419e31ec5adcff0611665fdda9410e796f9,2024-01-10,History.markdown
jekyll,5ae029f9cd565c77d97fcadada2d98d6cf24632b,2024-01-05,History.markdown
jekyll,3234c1a38a37e1f2b997defcd99f03462182156e,2023-12-29,History.markdown
jekyll,6c9611d90a5f62907e051ab53db2286ca0554a3a,2023-12-28,History.markdown
jekyll,6d2d29220c6d296f88f27a21241114b1b8fb66f3,2023-12-27,History.markdown
jekyll,f9c2395a867ed0643de21a8d3ded6fb494a381aa,2023-12-27,History.markdown
jekyll,646b4241669ac54247d8bf1ce3e4c616ac71d9fe,2023-12-01,History.markdown
jekyll,0753e56ec76aa49c297e3694bfca6f76c2338a35,2023-12-01,History.markdown
jekyll,3f3a283018a976da11a0bfcc13a20d43d37ee29f,2023-11-03,History.markdown
jekyll,7a79d0ba0c17618328cb1ba82c84c002b41a2599,2023-10-31,History.markdown
jekyll,644a704ad5b9c625da4ce743814622d4ec82cabf,2023-10-31,History.markdown
jekyll,2be8e6ce4fdcda72ee4652f7bfe2a07c71e0f49c,2023-10-31,History.markdown
jekyll,77bea6951b3980911ef113caab296aef76f5b251,2023-10-31,History.markdown
jekyll,e57890a2904676647475d5038c53c42b313722e5,2023-10-22,History.markdown
jekyll,e0c4640a7ad3292c363c3574ac9cad844337f95b,2023-10-22,History.markdown
jekyll,99f1a235ea0feaa973e44976ceefdd5a2a1c2048,2023-10-22,History.markdown
jekyll,8e4ccfc4ff3020633b378ca81e17b8e7adee1a39,2023-09-24,History.markdown
jekyll,1d7236f2c2e62cec0cf48d82ccb2985c31cb8594,2023-09-15,History.markdown
jekyll,65d7a09174fb7a9a61e971104d04096faf4def13,2023-09-15,History.markdown
jekyll,96a640a8c9ff64e3277f49ca2fa2be2aa9a716ca,2023-09-14,History.markdown
jekyll,d86ba153fe012fbf4c62dc4af9dd73df1f1cfd58,2023-08-14,History.markdown
jekyll,0b1aaf5dc14194ae2534181fe9da59d3dac4f6cc,2023-08-14,History.markdown
jekyll,1e18bef7c06be287700bd50192d436628ae36e81,2023-08-14,History.markdown
jekyll,f8a3f9bb6ae659ef4e51f4d2fde79192c4842309,2023-08-14,History.markdown
jekyll,3198f2e922567e5160c05e70a38fbdcbe5a29088,2023-08-14,History.markdown
jekyll,e90053e489225450f18d625496dbf8db011836c7,2023-08-14,History.markdown
jekyll,e5c4948de6344a4170988a34242163a04a074f9f,2023-08-14,History.markdown
jekyll,16fb63a32675b9ba25232846b46d7f9e4b26472e,2023-08-14,History.markdown
jekyll,21847cf7989b373f1e6cd0dc11b3d2bb11aa3800,2023-08-13,History.markdown
jekyll,6ee39423cd9f6a130dd53f82a7bcb39f68b8bb35,2023-08-12,History.markdown
jekyll,cb6676ba13b288d6b71b491ebf9137fae1e39090,2023-08-12,History.markdown
jekyll,a6b861cd9509002b8da7b4d3168d79a84a86c6ba,2023-07-10,History.markdown
jekyll,aef05280c80cd3995a3efb81ef9c377673ab19e1,2023-07-10,History.markdown
jekyll,e2527eb8728108d2e6517e7550d12756ad2c904f,2023-07-08,History.markdown
jekyll,0be06e5eb1f2abfa6fb4ede7ff9f3948fbc3cf85,2023-06-05,History.markdown
jekyll,07c8d98e88e2f49158c794a665c8fdbb2ae199c0,2023-06-05,History.markdown
jekyll,58a1f62b2349bb477fc9999c40331cecdca577d8,2023-05-08,History.markdown
jekyll,7785ef670f61e0d141207cbc1322f59c3cb20fce,2023-03-26,History.markdown
jekyll,8c8c88eec0c61206e3bfab4ead5bbfbc8df19b43,2023-03-24,History.markdown
jekyll,ee2d29937019bcda77af51194db5b09153765e3e,2023-02-21,History.markdown
jekyll,56bbf589110bd56a6087225cad05dc0655c88222,2023-02-16,History.markdown
jekyll,66e6b2f2d3fdc52b046ed5ee61f54fd725f80a72,2023-02-01,History.markdown
jekyll,7b6dc1f287dbbd9f67f2162e7df2dd2cae433492,2023-02-01,History.markdown
jekyll,80f799b0b6a9545fe175bc2c406a2276692284de,2023-02-01,History.markdown
jekyll,7047e7dfb47d8a094478e266ad27bad35ec9eb72,2023-02-01,.github/CONTRIBUTING.markdown
jekyll,c0ad3ac41e9ae09e48deaa971902191726a43bc2,2023-02-01,History.markdown
jekyll,c4af6efca93f349ece81c26200a9fab3776e125a,2023-01-30,History.markdown
jekyll,e90fa179d4bc9b5c7d4438b0cecd3d24e5978718,2023-01-30,History.markdown
jekyll,ac4abbd14d59ae1a120cc87a161acb5d9987f05b,2023-01-30,History.markdown
jekyll,87dd43e654e5c051ffe4cf92b19c5ab16504873a,2023-01-27,History.markdown
jekyll,583da3491feb486325acebaae3f44988bf24fa21,2023-01-26,History.markdown
jekyll,bf13d8dfbc5979dda9950770c47a3a88fd9a951f,2023-01-26,History.markdown
jekyll,67ab1be220c4b9fe13849911058d2335dc2f8c0a,2023-01-25,History.markdown
jekyll,ff60d51c9b59d3bb5cc89f6a4f493602b42c5cac,2023-01-20,History.markdown
jekyll,03db5267a31fd7b115ec0bd50116122fa8117a00,2023-01-20,History.markdown
jekyll,99a1b724931ce6db1c9ff126d86602898a937613,2023-01-19,History.markdown
jekyll,2aa2861a5d904d0ab80827ad859c8b643af4941b,2023-01-19,History.markdown
jekyll,a891118af45d6c96a2859dd6d914be78326e211d,2023-01-04,History.markdown
jekyll,39ee3317f4fa8a6b33ee650021f86697f210e3c0,2022-12-29,History.markdown
jekyll,0951a4653d3042745eaa50d4faaef28358343d71,2022-12-26,History.markdown
jekyll,dbaca2c107f2c6a28021c19029ede0a376f2fa9b,2022-12-23,History.markdown
jekyll,548b9e93721784cb1a3823855cdb57fec183bb82,2022-12-22,History.markdown
jekyll,4c1ab7f182a1eb4c581f6ed4e5cdbc703290c162,2022-12-18,History.markdown
jekyll,80fc7729ad8665f8dadb5e3e1a88adb544983075,2022-12-18,History.markdown
jekyll,d78c65f2c7edb6c9b864a0095f81c12d5e075ae6,2022-12-04,History.markdown
jekyll,bf67f086c4b23f2a35f1aff4244b26c81fef25c0,2022-11-27,History.markdown
jekyll,ee29b05e80279929a23262053de13d591d70952a,2022-11-27,History.markdown
jekyll,66fe8b5f2192ae2c285453cefc0d8ab09a9c5839,2022-11-07,History.markdown
jekyll,9301d53ca9fb1a6ba7adc5fb3b5eae4475668f2e,2022-11-07,History.markdown
jekyll,4c42559a518b5a80a565d95d50fc812b5181ff6b,2022-11-03,History.markdown
jekyll,48977ec304ee5963b08c2379b66f9faadbf2523d,2022-11-03,History.markdown
jekyll,91e00b20822842c80f2db06ab24dce63498845ae,2022-10-26,History.markdown
jekyll,8cc0640a6893dba7a21717bfe1e5df3bd216fb0a,2022-10-26,History.markdown
jekyll,eef8030950e3d98fd6ad29b528bb3395316f3243,2022-10-26,History.markdown
jekyll,04123c0caddfec9f108805119466624cef9b5212,2022-10-26,History.markdown
jekyll,2b56ad4f6de264d1fb60baa218d52dc51ebf095d,2022-10-20,History.markdown
jekyll,9c2c01bb7a6e6c2e6711dcdb14f968dee4aaac2a,2022-10-20,History.markdown
jekyll,a81cd4276825ddb1b37442c273e16296c0409b50,2022-10-20,History.markdown
jekyll,e27605e380a3ca431d0723a0914c709bb8175bba,2022-10-20,History.markdown
jekyll,35e08eb9dbe5dcbd2f62871ce607f664ab31755c,2022-10-16,History.markdown
jekyll,3554b73b7fcbafc21afe0e1771b0635d50d5f365,2022-10-16,History.markdown
jekyll,bb851e235dfbe1f197388aea3e7f0eeb1b50c4e3,2022-10-07,History.markdown
jekyll,fe45439b6c95bcf575af455a83d00c71c1fff54d,2022-10-02,History.markdown
jekyll,2cc51e6abab049621f49e3375a138c296a0494d5,2022-09-29,History.markdown
jekyll,d45fb9647761c8c208865f71cedb9f2f0dc26f1d,2022-09-29,History.markdown
jekyll,e05a25a66839a80fe084443b06634769fdc21be6,2022-09-29,History.markdown
jekyll,1baded9acd089bd116ac42e8d622d91bc3f3d26d,2022-09-28,History.markdown
jekyll,6633fd23356418d2402653caa3be24198841fa16,2022-09-24,History.markdown
jekyll,5b64b27b2c0908c3003bd2dfcce45a2861062ffc,2022-09-23,History.markdown
jekyll,7d9b6403c0d2182391d90bd57f1d02023d4b00f0,2022-09-21,History.markdown
jekyll,d2c7c43c3fd3e67bf22c67d633f311194523ead8,2022-08-01,History.markdown
jekyll,a03e972378ebec1b836d0d7fe1658131d16a9a79,2022-07-13,History.markdown
jekyll,3d23171d2257b5db520bacc1ada5095efa9a8cb0,2022-06-21,History.markdown
jekyll,a0c6b4c59521c40122c33e5b544a386c89c18bd8,2022-06-21,README.markdown
jekyll,66dd82064874a77eb0ba93518090cb59979948c3,2022-06-20,History.markdown
jekyll,4537ccac41933e649b3471669fd42103e2693a6f,2022-05-16,History.markdown
jekyll,2c0e51330b26bb4327882843e27093e3e5f3b686,2022-04-28,History.markdown
jekyll,124ce72be849a6f2c2994d66a2bb3c33de5cc42e,2022-04-28,History.markdown
jekyll,c254533c3b38e78846fef44c6df3ba46fff3bafd,2022-04-08,History.markdown
jekyll,b02b070d8629aedecf9f93a67102703620838787,2022-04-08,History.markdown
jekyll,0d0fd3f41bb9cf0da1ecd301a23602599851a639,2022-04-07,History.markdown
jekyll,d1ecbcbff43feb0dc9f6b2d0f1c6ccd977c82809,2022-04-07,History.markdown
jekyll,354110d393b64245170b975f44b244c0f3a52292,2022-04-03,History.markdown
jekyll,19868d5602120fe4257be1a01791be0b0686f1a5,2022-04-02,History.markdown
jekyll,e7cc390d2b0c35a35d9fb4c4b5e6dbf0e7d15bd2,2022-04-02,History.markdown
jekyll,e7ce73d593d26d215f3722eb9c9bd964a6fbffab,2022-04-01,History.markdown
jekyll,d4e10d5954bc1a16f2e178c54ae1dc4cb016d78e,2022-04-01,History.markdown
jekyll,3c46d844cf78bd5688dea86efee7dda86119ac1d,2022-04-01,History.markdown
jekyll,310459370ad8bb9c0b574735dcca4868a5f05803,2022-03-29,History.markdown
jekyll,e695c1e24b298994ecb84daa74fba3d20959cba9,2022-03-27,History.markdown
jekyll,c4387f69fc08bce6f0110601d8ee0c6fbfaefdfa,2022-03-27,History.markdown
jekyll,75df28c27a279005ea184521ff557ca2a95903e9,2022-03-24,History.markdown
jekyll,79869e7225d62cab739fe55381fb0137f9ec7709,2022-03-24,History.markdown
jekyll,4194f62dd72fa8f6edc311e48893ba5a9e7cf315,2022-03-23,History.markdown
jekyll,10966484732c0a79505ad437c655f6c5ff179f08,2022-03-23,README.markdown
jekyll,dd0c5fc3bcb7c1c6da5352c7e08813a28021c54c,2022-03-21,History.markdown
jekyll,e6d3d90b524de02533ba7021e02417d85245f29a,2022-03-17,History.markdown
jekyll,62ef1580ec93d0766664c8366aa09b1647f13da9,2022-03-14,History.markdown
jekyll,de7da5f6c370a2f160ba207cf3a2997102ba814e,2022-03-11,History.markdown
jekyll,62d9c8c30c150afb2fe5afc635b837dfd7f31fdd,2022-03-09,History.markdown
jekyll,b7056373afc65935a073bddadfe70606b622ffa6,2022-03-04,History.markdown
jekyll,0faa2a4c122347d423313a9665f755359a854a71,2022-03-03,History.markdown
jekyll,3d5bed24e2e45acaafb3d14ad68b8d322635e319,2022-03-03,History.markdown
jekyll,e27088555d30ab1a4bd7af9364ffad0acbf63bde,2022-02-25,History.markdown
jekyll,86907653ca56337df16193107913cada40e28c5f,2022-02-10,History.markdown
jekyll,d46bef774a8f91e7f58d982cccdface7a3d5d26b,2022-01-31,History.markdown
jekyll,c644d9a5686ff86358d6a6fccdcee6ed2740ffc1,2022-01-31,README.markdown
jekyll,92c6dc6578d1b67a3cc7b13bd5a691f9201ae518,2022-01-31,History.markdown
jekyll,5dcfc22cbad97465997e1f030a4cfc24b6837249,2022-01-28,History.markdown
jekyll,1306cd7be936333332618e7c2be9a2b8f89efad6,2022-01-21,History.markdown
jekyll,9fac4c6ec71626bd9bb595c53d6ce674fefa0a83,2022-01-14,History.markdown
jekyll,e3cbe584f2a78141bf7f53cfef8cf237b3f4c201,2022-01-08,History.markdown
jekyll,ba07bb3648f3d237503363ef8594f63688f79a51,2022-01-06,History.markdown
jekyll,1008f1b4e32ed7f82d5d8a0d610b670b2a3b4454,2022-01-03,History.markdown
jekyll,df765950babd6ed4fe46aad3fc25c05c5249b0c6,2021-12-30,History.markdown
jekyll,c34fa6181ee2a8acafd09e5b33b4dd2a191463bb,2021-12-30,History.markdown
jekyll,0967c710978efab0f41e511490bdb15805b99237,2021-12-27,History.markdown
jekyll,1ac53868207b08a3dff5037e0d78a2629f81a131,2021-12-17,History.markdown
jekyll,e6928dab2e3d4d78785334c34205d3667e6ddee7,2021-12-17,.github/CODE_OF_CONDUCT.markdown
jekyll,e6928dab2e3d4d78785334c34205d3667e6ddee7,2021-12-17,.github/SECURITY.markdown
jekyll,e6928dab2e3d4d78785334c34205d3667e6ddee7,2021-12-17,README.markdown
jekyll,30f795f5a7e0740379fe9354c3a2554427b703ed,2021-12-16,History.markdown
jekyll,5aeb2bfe4eecbcf5b5e59730a8f780ce5dee65a6,2021-12-16,SECURITY.md
jekyll,2abf1787ca4dc7f5048f5ca89a8d67816638acc3,2021-12-16,History.markdown
jekyll,23284eb6db81bf33069a2d8082216f29c9d95e0a,2021-12-16,History.markdown
jekyll,fafcc2ce4eaea23df4fd5e803d624f53951d997b,2021-12-08,History.markdown
jekyll,956701f96cb173ff54a65c4860b8252325548b33,2021-12-08,History.markdown
jekyll,7fdae26c25c41c0b7cedea744ed718df743a663d,2021-12-08,README.markdown
jekyll,b8947f95b315f791cdeade8decf09c643868ccbb,2021-11-22,History.markdown
jekyll,44926fd14d2c7769036b2a5004abf0fcfdcf6c71,2021-11-17,History.markdown
jekyll,d81cc40c9f35a4809c4acc4c98ad8b4b9ba6ea01,2021-11-12,History.markdown
jekyll,c90d083ef527df817b4be9ae79cb577865c97659,2021-11-05,History.markdown
jekyll,7c619a7e2f3b94a96e6098da37d5c34d12d623b9,2021-10-28,History.markdown
jekyll,75b27ec328a2fe9ab2cf8286d3fc0936e90d3ec9,2021-10-23,History.markdown
jekyll,d8b38f78b644836403524e8e46c530237b9eb020,2021-10-01,History.markdown
jekyll,ec8212ad74ff4fe38b10f1dd4e5957a765dc2aeb,2021-09-30,History.markdown
jekyll,8d324d9241d0fa034c2207474672ebf281b142bc,2021-09-30,History.markdown
jekyll,5687bf97d8242feb8bb8f03cdc93991fb20847b7,2021-09-27,History.markdown
jekyll,0db36cec4b63b19cd6e776ab8bbca1d6585ef303,2021-09-27,History.markdown
jekyll,1968e998a5838eee5bba97d37b915cbb4da5eaa5,2021-09-23,History.markdown
jekyll,86d6b04a971458486acf39c67c04cf284bebbcba,2021-09-16,History.markdown
jekyll,925442d91f081f4e022b31b0533321f740d8e24a,2021-09-16,History.markdown
jekyll,0ada71db18eb686e6c1262a7936e9aae7966377a,2021-09-16,History.markdown
jekyll,f0314eec56aceb2a2ab953c89d38fe8c624e1365,2021-09-16,History.markdown
jekyll,91c0e46a7bd628fcb96413821448df4a7ef5ebb9,2021-09-16,History.markdown
jekyll,7fbd29496e86321eab19bb54253dbfb80a8db01d,2021-09-16,History.markdown
jekyll,60cb817c1601097da0b62addf780bcc34cdcc85b,2021-09-15,History.markdown
jekyll,c238346ca28829830b692b4c726bcb71f765adbd,2021-09-14,History.markdown
jekyll,e482574b84ccf0dc93c8bbd8092e5247b87d06c3,2021-08-29,History.markdown
jekyll,0b12fd26aed1038f69169b665818f5245e4f4b6d,2021-08-29,History.markdown
jekyll,dc5e39fad9bc21310c3cfe33eae0113c617e3aaf,2021-08-09,History.markdown
jekyll,ca2f106c8f26f28604b2e2feb580812a5d1013ec,2021-08-05,History.markdown
jekyll,55b6972ea73e683bee69c8f72aa69bc4425f4519,2021-07-23,History.markdown
jekyll,9587a73c53d652699d2441458205d4423b888641,2021-07-23,History.markdown
jekyll,fcd56a56806e231b505d8c92660162fb9f2393e2,2021-07-23,History.markdown
jekyll,0ce9a7c179602a61b87a47516f3da4ed46bea81c,2021-07-22,History.markdown
jekyll,beca094841e4e1468bc6d90f0911f0da2ccf642d,2021-07-22,History.markdown
jekyll,5a441c24e2c5827373b39f039cbc7a8b3d95caa3,2021-07-22,History.markdown
jekyll,a0ed9550cd58411295a1e6718cd61ba46f65c941,2021-07-22,History.markdown
jekyll,8926ae1aace71babba70b95053f76b6b7dc682be,2021-07-22,History.markdown
jekyll,915248ff1831ec811fe6c7c7e8637accceeed33a,2021-07-22,History.markdown
jekyll,ea535a9ab73b34b5655c3afa25c140ecbba3305f,2021-07-22,History.markdown
jekyll,76517175e700d80706c9139989053f1c53d9b956,2021-05-18,History.markdown
jekyll,6ff7d680e046e12a35300297a63206e115dc1d16,2021-05-18,History.markdown
jekyll,7605b0a474f2906e36f394a174171e9ba2cefed1,2021-05-16,History.markdown
jekyll,e724b587e30598cb72f5618b481f22a9b8fd924b,2021-05-16,History.markdown
jekyll,f267dafc0c32c38b0eec4c5e5bd99a67b09a0321,2021-05-16,History.markdown
jekyll,30b397c0467ec6b73bca9c1ddf1a5220b1e8ca4a,2021-05-16,History.markdown
jekyll,6a6d735db27cf9cb3975ad58edad62b1e82e7b2e,2021-05-16,History.markdown
jekyll,0274943bcd561639c69b2e24cc8463e48380dedc,2021-05-16,History.markdown
jekyll,02b12e5dfc63f41aeaebfdbacee6593f87394299,2021-05-16,History.markdown
jekyll,f027b6e54725f5c254a29dc7e7eff39a6c69ab56,2021-05-16,History.markdown
jekyll,8a0f7f29080831ddb0d8bcfa004810acf0130f89,2021-05-16,History.markdown
jekyll,fa0e0eba3e46d7932558256aeaa564975cef294e,2021-05-14,History.markdown
jekyll,2a4d9dfedf2c920f124c89077112aabbf888ee26,2021-05-14,History.markdown
jekyll,f32b8bedff81bbb050ecba6729186812b9a82d5c,2021-05-14,History.markdown
jekyll,e91e9a3576ded191379c45c239a79058718cb71f,2021-05-14,History.markdown
jekyll,e2b1bc678ef254cdde3b14d3eedf2df4adccf6ef,2021-05-14,History.markdown
jekyll,b9b4d85fb1e4a405c84e9c8236d9ceae7986484f,2021-05-14,History.markdown
jekyll,f9e14a57048244ae3bc405e1419b1c7baa0ce895,2021-05-14,History.markdown
jekyll,60e01d3671d49cad20d6af7d7e13e2c22e2c88d2,2021-05-14,History.markdown
jekyll,4fbbefeb7eecff17d877f14ee15cbf8b87a52a6e,2021-05-14,History.markdown
jekyll,eb88a791e13985e2298630d51e3ad26b2a907943,2021-04-08,History.markdown
jekyll,c7ccec20c42eb0dcfeb44a9d29d8f8ce7ae00323,2021-03-29,History.markdown
jekyll,f5a137d3c66a216920b4046967237f7fc5c6add8,2021-03-27,History.markdown
jekyll,dfc65090ea16785c2d70c448a717fea5b643b9c6,2021-03-27,History.markdown
jekyll,fdbb03b2584546a8d9a593b8eef89c4dd0303a93,2021-03-27,History.markdown
jekyll,69e97055122e4d657c7f411c1030a48a61ff7d91,2021-03-26,History.markdown
jekyll,a988f9da145262efeb79e285c0bbce62b82ea002,2021-02-05,History.markdown
jekyll,f1bfbf7d199b308a24ffc497724d97edec6abc80,2021-02-01,History.markdown
jekyll,5a64aefcea1e8ce14dff41a0f721b4aa7382e61e,2021-01-31,History.markdown
jekyll,872132e7257e2f02f41ec572648ff4ba7c66c3c6,2021-01-19,History.markdown
jekyll,4f0dbdb9e8d1e9553e4036ea55540c75925b7fc7,2021-01-13,History.markdown
jekyll,2313c4d74897e8421e4e6a22d63c1a81cfbc6bd6,2021-01-13,History.markdown
jekyll,50a47e34c29f93567b72a668a6b14096b5c65288,2021-01-12,History.markdown
jekyll,a80b131819419d5db4615942e4de86d0c4fc3fd3,2021-01-12,History.markdown
jekyll,e9d7934156846bb61deca4e786d49bd27c45cfc9,2021-01-12,History.markdown
jekyll,1e34cbaee61800d07538be209afc63ad5ac8240a,2021-01-10,History.markdown
jekyll,03712b01884b33dc57220a1cf084ab15dfc62dc6,2021-01-03,History.markdown
jekyll,5e141b1e5ed025d63091b5e5ba8b89e592fc9b48,2021-01-03,History.markdown
jekyll,ed952e1ca055e1902339da62928b0532a99494ba,2021-01-01,History.markdown
jekyll,fc76919c695a500d7f0a2921cf1fd4336090963c,2021-01-01,History.markdown
jekyll,17a9efa37650d7c7ac1945926ef472b6ba74aeac,2020-12-31,History.markdown
jekyll,deb1a712b41344eafbec71171aa490875d339465,2020-12-31,History.markdown
jekyll,98d06862ee577d4c5b107c1f4be0a9a1efa2a4e5,2020-12-14,History.markdown
jekyll,3ca9d6e8918ef68641ca5170a197a0bbc006d731,2020-12-10,History.markdown
jekyll,c571b3bd5a1c882baf2194fa30db8696276a81d4,2020-12-10,History.markdown
jekyll,d268e356f8e5b4ec68325cff09686f372d77f245,2020-12-06,History.markdown
jekyll,716fc3627c1c583b558f9683875eed3580655af7,2020-12-04,History.markdown
jekyll,91aed9ff8b3a649ec90e6af046e9d56662580235,2020-12-04,README.markdown
jekyll,9a6d3ea51e6723e1203633ed4b58f60ff45504fa,2020-12-02,History.markdown
jekyll,df09c414d89364181015287deaaa35cf8215cf62,2020-12-02,History.markdown
jekyll,1ebde7c4cb5e42085279783c184e6dc7a2d5e11c,2020-11-29,History.markdown
jekyll,74c305595281b42b67ddadfb49ada9fc36796116,2020-11-26,History.markdown
jekyll,3e3d9bce64d576b8d59271548fb4c2e280b93658,2020-11-18,History.markdown
jekyll,8a01e6aed95b7ae2e8bc8823a1e1bef25d5a8629,2020-11-18,History.markdown
jekyll,ed7a4857a5c85e79520060e89e9d0addb47eb024,2020-11-12,History.markdown
jekyll,6f8ca8c76419c1ba42ab106e782f65bc717e3242,2020-11-11,History.markdown
jekyll,8ae4bf3f4abd7f771e371eabec19ce8833db9554,2020-11-11,History.markdown
jekyll,4d31a8c51b5e537d68094b10eed866ae4142f925,2020-11-11,History.markdown
jekyll,6dd5bf21b904db9abf07c53a40ae312dd3570067,2020-11-11,.github/CONTRIBUTING.markdown
jekyll,ec3c0115c71782977ef1b4c278b7d1ef66036347,2020-11-11,History.markdown
jekyll,9fbb7b57c9ad57045ca840b26cac34902b5d2be5,2020-11-11,History.markdown
jekyll,661f0fa1b19f6bdbfad106de23874c035a3b0734,2020-11-11,History.markdown
jekyll,83a2b30b76e4074617e26f2b1856900b33cda5cc,2020-11-11,History.markdown
jekyll,d3299a8e026943a94219100eb0cb8fd96d872a78,2020-11-11,History.markdown
jekyll,9de60bbf48b7344d86d469a80348e91af7cfce5a,2020-11-11,History.markdown
jekyll,11ff8aa0dd610fa26689dc8d2d42decd3bba79ee,2020-11-09,History.markdown
jekyll,ddae19bbb48e984846495787ddfd12e7097290fb,2020-11-08,History.markdown
jekyll,bcbc451a26405678c9d2d2a077e71cc92069dfc6,2020-11-06,History.markdown
jekyll,56d59a17826a0001922a558853fe9717e18193fe,2020-11-05,History.markdown
jekyll,9b96cdfa7dda09b65b03ad14b2de1657f54ff7e2,2020-11-05,History.markdown
jekyll,80fce9fcc3ccc04ff9104035d242711924f7ea9b,2020-11-04,History.markdown
jekyll,3de3e7be8e7a218d249dd71933cad313007f0404,2020-11-02,History.markdown
jekyll,95a7b2078711ea01f78f74f4f1f9b3d603f49047,2020-11-02,History.markdown
jekyll,2c18ddcd8049cee1d6f958ca069fa49b18597221,2020-10-29,History.markdown
jekyll,25ccfd5b495373126af68438fb74a9ee7e4f5775,2020-10-26,History.markdown
jekyll,8948277363a4dec5a27a1eb844d30b0ba657c17b,2020-10-16,History.markdown
jekyll,e4db593814c049b143423c44257ac6c0e8e74023,2020-10-11,History.markdown
jekyll,e0221ed3a8bd6a1e6cc29862808db683c16b8dd8,2020-10-11,History.markdown
jekyll,9f8ac4eb7afc8e5cc47deced4cbe2c56df9d4266,2020-10-08,History.markdown
jekyll,01d0b78abb557d67c66c2be65d30fcfa07c89974,2020-10-08,History.markdown
jekyll,e739c777fc8fb63b9890c0738983af6f1d525966,2020-10-07,History.markdown
jekyll,c9b84e2b354067e61cf9878f27665c5c1c02481c,2020-10-01,History.markdown
jekyll,f0e342d3901c1fc52aa522e878f2437215013dbf,2020-10-01,History.markdown
jekyll,b17cb5fe2ace36390de751b6954a6cb3efeb656f,2020-09-30,History.markdown
jekyll,166796c4480c4dd42eeb500f59836d33cebea299,2020-09-30,History.markdown
jekyll,b71a26d11dff99f8daa23e6d6ecf7c3da400ba19,2020-09-28,History.markdown
jekyll,c7c7be9b3a4b613f8b3085832ca7d130ec371de7,2020-09-28,History.markdown
jekyll,fe898af92fadecbec6b4b2ec69c1cb2d85eb46e2,2020-09-26,History.markdown
jekyll,2518dd16ffb5532fbb37454881b7ad3696746861,2020-09-25,History.markdown
jekyll,993960ba8c7489a800b6659393bb4a2d2a607b43,2020-09-25,History.markdown
jekyll,6326b1f9d42f133c29131b7b35fcb6acbdff64c0,2020-09-25,History.markdown
jekyll,fd8a7e7e3b92f87a247dcc51bbd99c977a1e5d83,2020-09-24,History.markdown
jekyll,715fe0c572dd63e30703268698915da75bc58dcc,2020-09-23,History.markdown
jekyll,609fa612be457bbec6fe0e844aec02a70290968c,2020-09-18,History.markdown
jekyll,49c11725b38ce8c50ec55e2699a50b1bc622da1b,2020-09-17,History.markdown
jekyll,7e0f907c6452da3e1364be9c0c873c03067e4db0,2020-09-16,History.markdown
jekyll,0d337c8a93a6c344b0418da37f9378fe8933518f,2020-09-14,History.markdown
jekyll,c9ab616ace8be7e864e8e59a8c7ea7a2e0e62183,2020-09-14,History.markdown
jekyll,3fb307dc25afab3c917dd84fd4572f6a4bc9c44b,2020-09-11,History.markdown
jekyll,959fc18db5864f94b4c15c1540a223d5e72b43bb,2020-09-09,History.markdown
jekyll,ae2ec98262ff80cca843d0725bd29f39efe6cb3e,2020-09-09,History.markdown
jekyll,1fbc4c28ea164b2d854000bf7549673f58defc8a,2020-09-08,History.markdown
jekyll,e9b62b89a421004f282989719faf5401b6c6fdfd,2020-09-07,History.markdown
jekyll,ae7115638aafda9e6970dc54c02b38065549fd63,2020-09-07,History.markdown
jekyll,abdbb58d8a10466983b8da8e40eb6a84c628f46b,2020-09-06,History.markdown
jekyll,6847a6cfcb3182835e4c14bcfdf885d540be30a6,2020-09-05,History.markdown
jekyll,a0d7900bbe2661a7aa6f8c2acebb855ba40fbeed,2020-09-04,History.markdown
jekyll,5aaa69da3eb02b830f4ce71e5a87245922c4998e,2020-09-04,History.markdown
jekyll,0de0f7ec35947041c34af3a09a7cf23ff27f9ced,2020-09-04,History.markdown
jekyll,bed94b8ee7ac385790e1d21feb6e2073e695a41f,2020-09-04,History.markdown
jekyll,ae6911d38a0a0ebfe6ae9fd8f3fffaa82b22a4eb,2020-09-04,History.markdown
jekyll,badc9c2d30e6b34a97ccdb0f20b1635e1aea575d,2020-08-27,History.markdown
jekyll,b561413a81a0b108f239c17f6f90f9abab538db4,2020-08-24,History.markdown
jekyll,cac8d6ca5facf490c8c3e8843d8998b0645e3481,2020-08-23,History.markdown
jekyll,0a2315d3af1ed50776bd5678884c0c554dbd4a89,2020-08-19,History.markdown
jekyll,2afa51b9e14760dc611ba91b2a531ef01036b59a,2020-08-17,History.markdown
jekyll,9dc60e4088147df05de27a26e3c53d95734e8b2b,2020-08-16,History.markdown
jekyll,b5201c50ff819f315d823602eb1136a7f79ff14d,2020-08-16,History.markdown
jekyll,180673b5a5d47f407b2b55dcfed0fb5790f331b4,2020-08-05,History.markdown
jekyll,95f45a0a0421fdd352ca3655fe8a6ef0fe8d2f26,2020-08-05,History.markdown
jekyll,ef2736d9a6acfed7a3c5264ced36bef594b7a09a,2020-08-05,History.markdown
jekyll,f9aa4b921e5d32a7fef518130a3d33dc8dc0f4f7,2020-07-29,History.markdown
jekyll,319c0d214e485452ed083283b7b55929e4309e65,2020-07-29,History.markdown
jekyll,b728eda026f4ac768762ba0cb937f37fa632011e,2020-07-23,History.markdown
jekyll,df7589ae1853740b0f38fff66057578743c63b3c,2020-07-17,History.markdown
jekyll,581fcaddabf03428f5c1d7bb0a6ac881e7dc3140,2020-07-16,History.markdown
jekyll,1a03aafb81a50b755b6b906913858e5c06691de3,2020-07-10,History.markdown
jekyll,f11fc5c1d11e83ecdb7e82fbe3dea93d9c40da33,2020-07-10,.github/PULL_REQUEST_TEMPLATE.md
jekyll,1ab4dffe3cb3f9b7515675fcd3ffd0099c7aa108,2020-07-10,History.markdown
jekyll,43a8a4666d3013d40dcefca351c618de1a5b9e1f,2020-07-09,History.markdown
jekyll,119c490ad26cca06020384759dc947a1bcf0e19c,2020-07-08,History.markdown
jekyll,6c640012a27ba553896b323081043b093620a779,2020-07-08,History.markdown
jekyll,bbde471f531a323f86841cd15df5405a99731c7b,2020-07-06,History.markdown
jekyll,c94c9aab332daaa562bbc0cffebc50fdaaaa66e7,2020-07-05,History.markdown
jekyll,f693faf1b63150c0326986e8d21549d96d3225d3,2020-07-03,History.markdown
jekyll,690183baf5ba8895a0c8410827b78bfd42fb528b,2020-07-01,History.markdown
jekyll,d596ceb5c2a19abb5a95e5be05f777ae91d7886c,2020-07-01,History.markdown
jekyll,baf0274234b11766c5aefe92122972ed08559e6f,2020-06-24,History.markdown
jekyll,3ec61e6a68286a38ef0859317ec3bcfb74e2bf6c,2020-06-24,History.markdown
jekyll,3ebbb7994fffe2f2653c3112c6982f14a7f0c57d,2020-06-24,History.markdown
jekyll,5446e0ed546f177e46918a75273335868288f4de,2020-06-24,History.markdown
jekyll,c250b2abd3bf634686aaae61e5b1d891a24afb18,2020-06-22,History.markdown
jekyll,5481ba0f2207abd07b657c17884a302ab47db850,2020-06-20,History.markdown
jekyll,0975bd7990a96a9f88ffdf61fde783aa18210367,2020-06-17,History.markdown
jekyll,c78ecc8d827a1d5facda8c7c364473b260fc7365,2020-06-13,History.markdown
jekyll,35e2f7cc3e6b8462800e2280f495b44df392fb23,2020-06-13,History.markdown
jekyll,cddaa4de6fb95e4fd8c9a652f513c24cd9a33f7a,2020-06-12,History.markdown
jekyll,df75b3babfa6a8abe8acda2c5198ce9027af8f63,2020-06-09,History.markdown
jekyll,f4b7db18a5a5f8379041dbfad42d5b804c06674e,2020-06-08,History.markdown
jekyll,0bb04d45c7987d47c2eb502e4ba1d1cb371f651b,2020-06-08,History.markdown
jekyll,81c13507c8222a97f62ecad1c9804eb42a074b93,2020-06-05,History.markdown
jekyll,03256d7b8029beebe7bb8ff7119b8a2301b2e26f,2020-06-04,History.markdown
jekyll,1bfb12b210f8f3069e522f60b4de5a8606d1c41c,2020-06-04,History.markdown
jekyll,69154c2ef7de9556a577f8e0c21ee605c02de2cd,2020-06-04,History.markdown
jekyll,53c76b8a4b54e0e040cc8ebbae5b004433977e14,2020-06-04,History.markdown
jekyll,c7c645ed6ef00df4d53943ef9833f37babb2788c,2020-06-01,History.markdown
jekyll,627e3bbe53db16d292d15e3d594d429673813fc1,2020-05-27,History.markdown
jekyll,0a48b23695831e95a70a96954740e9ae4c2c40d0,2020-05-27,History.markdown
jekyll,84ea040d0db9aa67ca3dbe41735efa1c13c5d9d4,2020-05-25,History.markdown
jekyll,2f4c73f38c822ab24fb6a4156484467de91acd35,2020-05-25,History.markdown
jekyll,e761d0692c89304b067c02691f40fedfff525c71,2020-05-22,History.markdown
jekyll,2e80c557e33075736833fd14735ad9c7ae031d93,2020-05-21,History.markdown
jekyll,aecd9378642f5cf3ea34c4e16413a0327a1a510e,2020-05-21,History.markdown
jekyll,476ec0de9e5026bd63ba541f313e348e08b0bf6e,2020-05-21,History.markdown
jekyll,673f3d20ba840185f5a5720964f2121b7041d424,2020-05-20,History.markdown
jekyll,881fdc1c019aeb3b8277560adcaf62cfdba009cd,2020-05-20,History.markdown
jekyll,bc3b92c1512bf59b3860b7d38ac70d33e3db4ec5,2020-05-20,History.markdown
jekyll,d7bec8015f76ea37479880ef7ac55fc6289f5fdb,2020-05-19,History.markdown
jekyll,a4ef72631af667a1c423ea8ff15e20bf14102cb3,2020-05-18,History.markdown
jekyll,5679e4aa93a22e95fda9ab8fd95a0e0a45fb3469,2020-05-14,History.markdown
jekyll,838575421b13e2efd190c37e695f4e5992484284,2020-05-14,History.markdown
jekyll,3c8b6c92e7f437dfd61e4081513608f2c9b138a6,2020-05-14,History.markdown
jekyll,8403184b149ff1babcbfaaa575c3cfb6aa5b943b,2020-05-10,History.markdown
jekyll,dc8f57d4128fe2b6103f2492833201ccf4aba698,2020-05-10,History.markdown
jekyll,9f31fe1c3bab23c44091f4cc3c0941245d7f4bb6,2020-05-10,History.markdown
jekyll,80683dde4eeef5d54ef3ce149d641a9e726689af,2020-05-10,History.markdown
jekyll,b25d4374ee74db9fd49b4c002f5e3ff451e46596,2020-05-09,History.markdown
jekyll,0fbdefb7bba598581a8f45745aa94f63a9e50276,2020-05-09,History.markdown
jekyll,a5112f39641ace64808350d38dfa3254db719221,2020-05-07,History.markdown
jekyll,190219414a02552107f302d249da68fbb26d8070,2020-05-06,History.markdown
jekyll,1888fc1db63d297059e48fa8c967adfae661f3ba,2020-05-04,History.markdown
jekyll,42c0f5b89b810f0cdf794f6460ae69586fe4eb18,2020-04-30,History.markdown
jekyll,68fda59b07e9372953de4cac2bd37b8b6454782d,2020-04-30,History.markdown
jekyll,8de07629234315834a099e53b1fe2afd61496537,2020-04-30,History.markdown
jekyll,f451129e5ad53c48255a6a52b9bac23631f065ff,2020-04-30,History.markdown
jekyll,18f04c61adc8ebfa116361e527f7d167928b737f,2020-04-27,History.markdown
jekyll,82f1b32896ef3850c1d9331f3818d239f82c1f66,2020-04-27,History.markdown
jekyll,59f1b9a13143914598fb96a94501f119d199d173,2020-04-27,History.markdown
jekyll,c8c3891cab09564b9f9c4299dc1886d10da3159a,2020-04-27,History.markdown
jekyll,991652683550a8ad88161b66c640c3ea9de9062c,2020-04-25,History.markdown
jekyll,a489a6b3e5033e2bcdb57324993266e00b622a0d,2020-04-25,History.markdown
jekyll,6a5f52b3ef474f993b8b00770d89421f8c6e82de,2020-04-24,History.markdown
jekyll,38157eb9b3d8f8fb9afba70e582d46dec72093c8,2020-04-15,History.markdown
jekyll,2ed78413efad14d6680ce51246ff60ca61539f86,2020-04-15,History.markdown
jekyll,561531eca6c6dff07b0c862ad7c40af4f2f7d7b9,2020-04-13,History.markdown
jekyll,4e25c36d86caafd16c1db0ddd427a63b767dd3ab,2020-04-13,History.markdown
jekyll,47ed1762d70b92bdfd3791f1270f843db32a4f82,2020-04-13,History.markdown
jekyll,b1462571cb417acccd6c154619e52ca9163a0b4d,2020-04-13,History.markdown
jekyll,6db506651ac05fa1524aba6d07bdf0e4f5380708,2020-04-13,History.markdown
jekyll,1cf04b885785f4a4f6c9be0b3ddd9d6eb17f0305,2020-04-13,History.markdown
jekyll,2c605bfeb37cc8f414b21d45bf835784cfc174b4,2020-04-13,History.markdown
jekyll,f82458bb150c4f0ce5f3d4050fbaf34c46df6100,2020-04-13,History.markdown
jekyll,90f6d171d4a94420e80e3a63633a5bf7ed07149c,2020-04-09,History.markdown
jekyll,5c24527457ccccbc02441be6c3a0bd56d5f3207e,2020-04-05,History.markdown
jekyll,fa9c6d62a28e9fe17bd865c2baa5f45ac1864366,2020-04-05,History.markdown
jekyll,d4ee27ed7097c01ba9bb1907aa6eaa84f38554eb,2020-04-04,History.markdown
jekyll,9b29a86bbd33e3b3492c0b0dbcb35f96eef38279,2020-04-03,History.markdown
jekyll,8b17c0e3b3f1e2b21c73d2e6369a235366db23e8,2020-04-02,History.markdown
jekyll,2ef3281bad0b03dfa29ffd9498d5c8ce7df33203,2020-04-01,History.markdown
jekyll,46cffe89b8ff8ec429a27f28c288f7533b6fe21f,2020-04-01,History.markdown
jekyll,9614cb67d427bb89443ad0ada890a98702311411,2020-03-30,History.markdown
jekyll,539e712c414f93f1c12e10fb75511d51cb22760a,2020-03-30,History.markdown
jekyll,f7bff1c5c4c3f9300c6e434b7ad6919dcd5a0372,2020-03-29,History.markdown
jekyll,8d3c2f6a96d4324fb7d61218a225a3bc35ed6113,2020-03-29,History.markdown
jekyll,7860d1bac0dcf313371a4b25ae7edf5b5a928777,2020-03-26,History.markdown
jekyll,ef6b382a480294185df652445529ea9b5ad96a4a,2020-03-26,History.markdown
jekyll,a011579fe42ca76fbd531670ed4bc03286b49157,2020-03-22,History.markdown
jekyll,83decb42f6998b047c3310245b5a3fe59bfc7b91,2020-03-20,History.markdown
jekyll,0683ab143ea5e6a0ee8bc9fc1d8694666da43d6b,2020-03-19,History.markdown
jekyll,c193677dc52166f551a72ab4c1ec05890c46577f,2020-03-16,History.markdown
jekyll,e9174dfd3bd3c8470606bd5e17702e926c8c3625,2020-03-16,History.markdown
jekyll,190a35dc9a5d3ff5f2cea1837f55c2f38f272ee6,2020-03-15,History.markdown
jekyll,88360bd17d5824a5cff01321722a3f0e7418a620,2020-03-12,History.markdown
jekyll,a1c18b6e8712dfce12cece11d4f68245e8f18c62,2020-03-07,History.markdown
jekyll,27ca06326a00a6c783270027a35b4b59844cb45c,2020-03-06,History.markdown
jekyll,ab6ef0b257e4c7aafec0518d93bea3e9c4b75b75,2020-03-04,History.markdown
jekyll,e6d082488cf4805096b4dd5399a40b761771bfdf,2020-02-28,History.markdown
jekyll,53bb8bd7d38b13b41b7db4340054d0d544aedebe,2020-02-27,History.markdown
jekyll,70fc6b377d3f44197ae3f4b7c146e849f49f54b5,2020-02-27,History.markdown
jekyll,4a6f91810c2ee14ab13de9687275275f10f9a56a,2020-02-27,History.markdown
jekyll,aef8f11f6c5bc894f65a6b21aca495ff607b5e7c,2020-02-26,History.markdown
jekyll,b1573b62921c51d123bf433e64cf6ee2197473c7,2020-02-26,History.markdown
jekyll,4d131eb069b8de4a982e5b976352175aa882db27,2020-02-24,History.markdown
jekyll,002ed48fd8730fdb285f042bb7b31abb2f78e096,2020-02-24,History.markdown
jekyll,3e440a9cc10cf51a6b140ecdf4b4a70f1aed649e,2020-02-21,History.markdown
jekyll,1a0a4b709af88f24ac7d1e070fd6637b650afee4,2020-02-20,History.markdown
jekyll,3fb94fbca0af6d26722294cb0d5c28d4e9f0fbca,2020-02-20,History.markdown
jekyll,ba3e3002c4f15e77feff3aeca16d205edd0de546,2020-02-20,History.markdown
jekyll,4a1f00e940310f6c419a5ea7ecf1a23a49d19818,2020-02-19,History.markdown
jekyll,fc694fb496b0040987739a50270d5c4d68ff2400,2020-02-19,History.markdown
jekyll,99f91b551c692b403586d08133010ae33d2fb6f4,2020-02-17,History.markdown
jekyll,5ee36686a91c6a706558e8fea6eddc1227ce22e5,2020-02-13,History.markdown
jekyll,542d9ce79a96e0193962ef76730d47947e266214,2020-02-12,History.markdown
jekyll,529f0f7030919f97f4b8579da2193e6bff5b80f0,2020-02-06,History.markdown
jekyll,44062561f086ac327c98e532d31f46acee449e15,2020-02-06,History.markdown
jekyll,ac49cea8817a085ac37ae77e0dd4d9bd624f6c04,2020-02-06,History.markdown
jekyll,68e4e901c2acdbae05d953ce2e5fe042da6f5bc7,2020-02-05,History.markdown
jekyll,2c04ddcabda0f98accd05fc6dd99537cb05cd2aa,2020-02-04,History.markdown
jekyll,4eb7a408e459448eaf7122ca8139e8960fa4a79a,2020-02-03,History.markdown
jekyll,b98a91935166540e9e92153f3dffc56409f8cb46,2020-02-02,History.markdown
jekyll,05cbe06c26394929c5723f1b486e76c5bc1aa8a0,2020-01-31,History.markdown
jekyll,5be7faac3e1ada98ed13fbbe31837ce437cf042b,2020-01-31,History.markdown
jekyll,f3b4cad057a9632d4129d0f0529ec5bdbad8abce,2020-01-29,History.markdown
jekyll,48ee086361f25513f793f7c441c1103b4000f129,2020-01-20,History.markdown
jekyll,b2639ceb59c6861ba2f1c770f55b4147202e22d7,2020-01-17,History.markdown
jekyll,32a5bcda3d56321b976ca15c0f443f49e8e84d4a,2020-01-15,History.markdown
jekyll,9bc17cf40cb00702a6840f6755bebeea37b709f1,2020-01-15,History.markdown
jekyll,6cf0d7df395424d2db1d6b5e232005613b305375,2020-01-15,History.markdown
jekyll,5fa7fcc060ebd416ce7324e825c7dc0f16814962,2020-01-15,History.markdown
jekyll,654d3810395f2247a699b3aa3f828bc6d1ef30f6,2019-12-31,History.markdown
jekyll,b0cca4c1b4b3793f12c0939ed8f23be168960a15,2019-12-30,History.markdown
jekyll,ba47628fca0a24fb3b10a379a05cb7d7af6cae95,2019-12-25,History.markdown
jekyll,f5ce5eb23f62b1ca5335bc32a207997e0c96aafb,2019-12-22,History.markdown
jekyll,83238b449a158bf55d8f52cf06a95e1850991f2b,2019-12-18,History.markdown
jekyll,fc6c2eca8b7d33dd33c799dedd14dfc85a44c362,2019-12-10,History.markdown
jekyll,96e2ea1ad0526d4fe3d8be16affbcf02d0165f3b,2019-12-10,History.markdown
jekyll,a54d5526c573056b85efaf521fb1944ac0e71032,2019-12-05,History.markdown
jekyll,9557e68551ea80ad927ffa17c961729cdcddaa0d,2019-12-03,History.markdown
jekyll,9867669cb6dfb58d224b547c951c2553ae0d7dbb,2019-12-03,History.markdown
jekyll,9292b719bd3dedbfc0a853362454689d46792ed7,2019-12-02,History.markdown
jekyll,12b7d83664b82f73e9072905d3ee041c5f1ee3b7,2019-11-30,History.markdown
jekyll,1d7d11be61196b45b4645fd8cd73776e8fe8d184,2019-11-27,History.markdown
jekyll,d6d770f6b55ab1f7cf5c79b455078430b5e1dd21,2019-11-26,History.markdown
jekyll,c964be76283d31829b624854afcbfadf80a0329d,2019-11-20,History.markdown
jekyll,04527c5b8ee22ac57435b681795a389e005d9cf6,2019-11-12,History.markdown
jekyll,6cee92229c6f3cdd53ce7a08f682c0ffd49140c0,2019-11-08,History.markdown
jekyll,848759ca0285474d87f567bc2d1113b52070ab57,2019-11-02,History.markdown
jekyll,51a07aea53f39b0d985badc5de781ed56691c850,2019-10-30,History.markdown
jekyll,6a57842395740c56c71a662f80e3fad6573b0863,2019-10-30,History.markdown
jekyll,b0e15a5f16c1ec6dc0497835143b3e3e772fc2ee,2019-10-29,History.markdown
jekyll,2e3154e2888713aeacaec9e5506787170ab0a0a1,2019-10-22,History.markdown
jekyll,dd7d03eccdefd7bc4227e577dd409fde52fc7eb8,2019-10-16,History.markdown
jekyll,4d0457bab23f1fd4258728e8067236a85c4f2c15,2019-10-11,History.markdown
jekyll,3437135837aa39adca4c4ecf899cbda4d74e39c1,2019-10-11,History.markdown
jekyll,d9c6e2062a7852819bbdf7876ea045ab5a59ddf7,2019-10-09,History.markdown
jekyll,f0542b97f0b6f84b38b2d9151e33e46a4efc597a,2019-09-26,History.markdown
jekyll,388a37208e81fbe1eeda1750eebdc892e8c83949,2019-09-25,History.markdown
jekyll,2e11e1345579936e953366f249b3bfdc97714131,2019-09-23,History.markdown
jekyll,d8de658089204d200bd8074251fa39cbaabc6e20,2019-09-12,History.markdown
jekyll,9f389e0ada594f16d0d0522f542d2d99b3e7e7de,2019-09-05,History.markdown
jekyll,b8e673b149954180efd8178ea93be1efe144df56,2019-08-29,History.markdown
jekyll,b66dabac9d1c0bee88351a5924e4c41c4085325a,2019-08-22,History.markdown
jekyll,c55eaf7724533fc0b5129bc0094527d87890ebbc,2019-08-22,History.markdown
jekyll,45b2c9e4ed3a72a3291534827929c5edb3749fe5,2019-08-20,History.markdown
jekyll,26d80cc77106568c420ddcd0b0e0b334f446e0a1,2019-08-20,History.markdown
jekyll,5d40711eabe666145fed6ed228816936d550517a,2019-08-19,History.markdown
jekyll,8b44ee73ffb7574e1c9ea453ebeebc97591a1a3c,2019-08-19,History.markdown
jekyll,dce7d569824c43007d3382ca5a87cbdb91d7bd6b,2019-08-19,History.markdown
jekyll,84e3b929590dbfd42a2df8209cb98690fbfa3625,2019-08-18,History.markdown
jekyll,c842d55cec13e53844861022300872c35b4128d3,2019-08-18,History.markdown
jekyll,917f79a10e55319a484b3b979a94971c5923148a,2019-08-18,History.markdown
jekyll,26914126c77712637d3e7a53ce52b841e9afe229,2019-08-14,History.markdown
jekyll,326ab2dfb70f18c3f0e5d9bfafd4f48232ec68f5,2019-08-14,History.markdown
jekyll,fd476206d7d3690bec8df0f5d0a2407120b9e65d,2019-08-14,History.markdown
jekyll,65773e19a8aed4d7e7fd6ad7f8cbb33f2fcec6ff,2019-08-14,History.markdown
jekyll,272360a80b75a79333491ed4876ad7cb668ccee8,2019-08-04,History.markdown
jekyll,2736589ba19ab8390168be58480df4f359745464,2019-08-04,History.markdown
jekyll,93794d9239fefb8e496645bc214df00b82dc4b33,2019-08-04,History.markdown
jekyll,2c7cbddeba7f547834fe37273fc513fdee648f61,2019-08-04,History.markdown
jekyll,f8c66f02e11f10a0797e299ed918cd5833902175,2019-08-04,History.markdown
jekyll,21202589dea5aa4ca4fe7c5618f2f5269470e285,2019-08-04,History.markdown
jekyll,0e591f08dafe284d7326b7d951411b67d5b3eb42,2019-08-04,History.markdown
jekyll,9a10ff9b5abc1949083becb2d265abace2ec5215,2019-08-04,History.markdown
jekyll,a87ca206dad4e2c026a3141612a02c6bffc72519,2019-08-03,History.markdown
jekyll,532c499751f564512d4f7ae84721afb3a2523ba1,2019-08-01,History.markdown
jekyll,4eec5a55c350200b6b82832731ce4d8ac98d5d6b,2019-07-31,History.markdown
jekyll,0f4b7be88ddd39593c226486f056f7402e75299c,2019-07-25,History.markdown
jekyll,384a8748054cd0a4bd4ee748afd0a3ec121d06c8,2019-07-20,History.markdown
jekyll,7096885e98a72a3ed8cbe4c2c666d0f490211ea9,2019-07-15,History.markdown
jekyll,ffe8d168f250ed52f27657f4001e4500227b7c1f,2019-07-14,History.markdown
jekyll,4c9cbad6775749ccf4f16be8dab5eb054d182c55,2019-07-12,History.markdown
jekyll,fea0b69d398f6934ad67bbbac84281ddadfab4d7,2019-07-02,History.markdown
jekyll,7c34db39912bc9d7abb0f0c2e9a0dd0048dd6b88,2019-07-02,History.markdown
jekyll,b7e3f10a08d5701cd0d9f16eef38137bcaea809d,2019-07-02,History.markdown
jekyll,e318d1c836024a94234241cc910b5eb78e2fed23,2019-07-02,History.markdown
jekyll,03b500b7b7aebfe41afda7f51384758c61a94f74,2019-07-02,.github/CONTRIBUTING.markdown
jekyll,ed8681b1e735fe8983709ce482798eb4d6ea3e9d,2019-07-01,History.markdown
jekyll,6435bd616763738e9961abcd9dae41cf8106388e,2019-06-28,History.markdown
jekyll,2265e82181a1d96da9910cad233b479fda2d5967,2019-06-28,History.markdown
jekyll,7dbe470dce3393b95d9da8f6c17ed2cee385f741,2019-06-28,History.markdown
jekyll,c76996cd8efde8d624d09869be7b074f5bb2e5e3,2019-06-27,History.markdown
jekyll,52374cf8be512f47a5d166db35439b1621121cc3,2019-06-25,History.markdown
jekyll,7d340d933ac335bf4e25d95260873d0a89b99e1d,2019-06-24,History.markdown
jekyll,25b274621b38696f7e66ca7e6f44fce57a6f0379,2019-06-23,History.markdown
jekyll,9ccdae161b09e492a12353d23a5ad33fc64c3f65,2019-06-23,History.markdown
jekyll,f0b7c9b7834d0404c4f2c28c3a6ef859df1979e6,2019-06-14,History.markdown
jekyll,a4f24f54ad41cda23d3355b2bd3784f53bb81c95,2019-06-13,History.markdown
jekyll,2df56abf85ab0fa2c14aab1a4e1c4c8eb347ed3d,2019-06-12,History.markdown
jekyll,58bc6898298767c8c8bc1127d33252b638e30384,2019-06-09,History.markdown
jekyll,13d31c4c8be13ab1536a0139a48952b142e81682,2019-06-05,History.markdown
jekyll,04ba0c3b109d54aa607a2d5ebd46e8bd494b5118,2019-06-05,History.markdown
jekyll,86fd200a688a4058955e3974e8ddf8221a8c77ce,2019-06-03,History.markdown
jekyll,2f791484ab98c88c40b9ae0a378e2dd6b1931be8,2019-05-31,History.markdown
jekyll,db3570e5827366cbc1d766e3f6e302619f4d91ca,2019-05-31,History.markdown
jekyll,08b04aa337cfe3134d3791fd6f63134ba37a7dba,2019-05-24,History.markdown
jekyll,b3770fd45d361c39a55e5079ac8fdecd14b08c14,2019-05-17,History.markdown
jekyll,617dc6987909951829b4bc440ce6a6ce655b4a8f,2019-05-17,History.markdown
jekyll,9957e21be7f45e791725a9e0a963b329f79c2615,2019-05-16,History.markdown
jekyll,2d3c030facd8c64a3ef75a187fa1ee375edfdfa8,2019-05-16,History.markdown
jekyll,db2de73a0d6ff93bec3acc53e93ed1270b647e0e,2019-05-16,History.markdown
jekyll,7cdbbaafa74b1bca344f74e0cd9e0e5b018a781a,2019-05-16,History.markdown
jekyll,1658a1596eecd94e716dfd4e059807a95b6e784f,2019-05-15,History.markdown
jekyll,a430c2200730de9c52a92a034feae6ecadcd84f3,2019-05-15,History.markdown
jekyll,8c5ee7366114ddf4a0db86b11dbb9ed9927645fc,2019-05-15,History.markdown
jekyll,d6a756ba27b2932b3601ca49499587a89967cfb1,2019-05-15,History.markdown
jekyll,f99f910e296a2fdcb6c7635045f0d0265f42b481,2019-05-15,History.markdown
jekyll,12c074303e8aae3762cd5f1beea035b1e1198a37,2019-05-15,History.markdown
jekyll,4dff839dbf4d288a805fdbe831b0ce82aa067b81,2019-05-07,History.markdown
jekyll,aa87361848f71b4cccd572c2d4d84f2eb082798f,2019-05-06,History.markdown
jekyll,fd74fe3e93a1fb506fa6621a2e271d7b9c5c3e3b,2019-05-04,History.markdown
jekyll,8673cdc4cf161fe21a693e26f608242372832a3c,2019-05-02,History.markdown
jekyll,1bba76b4f58e5cae7e576c649a6620ea837cb536,2019-05-01,History.markdown
jekyll,568e50b37a262160f37025388b72c4d6ddb38b91,2019-05-01,History.markdown
jekyll,17a5f815b5184c5ad9e64033c79a477f974281e5,2019-04-30,History.markdown
jekyll,1b2efb67c3057b3edfcd3c2847ed87e21f2a5839,2019-04-30,History.markdown
jekyll,ced4404a5e2f320b89c722fa1208dfaa48c2f30e,2019-04-19,History.markdown
jekyll,f4ee82650efebb2d37acf3493398f0e4e99b31b3,2019-04-19,History.markdown
jekyll,36d3aed1f246163a0ea3cd1ccc8da96398fbeb6c,2019-04-16,History.markdown
jekyll,a882608902f87407bca6f847b8dfc237a8846e42,2019-04-16,.github/CONTRIBUTING.markdown
jekyll,8e7b2ff7dadf54baac64dfbc8084cd2efa048225,2019-04-12,History.markdown
jekyll,ef588d6bc8e54d2c55ff313ecdf1db00a3a2d8bf,2019-04-12,History.markdown
jekyll,3cce93d9b8f46bbfc9e26d6bca0e0a85a3d415ff,2019-04-11,History.markdown
jekyll,983e5af66132011b56139db666cb5625c852f050,2019-04-10,History.markdown
jekyll,8907f395480d5f6227a17a6a038ee2874a2939c0,2019-04-07,History.markdown
jekyll,c68ccedc214134bd2f94ddcfef8b9e9aea71e1f0,2019-04-04,History.markdown
jekyll,3b675f5119454365ad155cfd7ba28093ef3e0d3e,2019-04-03,History.markdown
jekyll,4f8e1f3d3fbb53a844ce5647390cf9c6fa709271,2019-04-03,History.markdown
jekyll,41583c94059a6944c1ef95f7d4449e12f568f1ee,2019-03-29,History.markdown
jekyll,b09248ce2e69f7a76692991c28ccef476273cc32,2019-03-29,History.markdown
jekyll,c985dc5899684484b2908261212b351f4ea11dc1,2019-03-26,History.markdown
jekyll,9e42fad62fed89c1aa3662cac9a01f4488695d58,2019-03-22,History.markdown
jekyll,dea6bdbfafe1bd9cf3f65214885dbd28f3f26f28,2019-03-22,History.markdown
jekyll,16c24d91258a9a30788a59fde2ee2aaea4ff2721,2019-03-22,History.markdown
jekyll,6905c80470d403cb53a40d3e62798b72491903d3,2019-03-19,History.markdown
jekyll,6dcce995a6559659cb5e2f7501bd22665c5a01dc,2019-03-19,History.markdown
jekyll,378147d7615b5bc1e95591c9af8fbb12186f3295,2019-03-19,History.markdown
jekyll,f3cb41b65ad70371e4cc750719c0789590e0bdfc,2019-03-18,History.markdown
jekyll,9d0c73fce829fd119aed3a0c029b858610da78b3,2019-03-15,History.markdown
jekyll,1e970b598d441017eab504888d310de489b3b0da,2019-03-15,History.markdown
jekyll,5bc0ddd6d2f63ec25e7b5c0a8cdc353f1fdfe9d7,2019-03-15,History.markdown
jekyll,b71dffc3051844a0b28830fea9ce54e5811c548a,2019-03-15,History.markdown
jekyll,757f47b21c2a8e2b1ee1fac68c8cab456fd54d6d,2019-03-15,History.markdown
jekyll,226fa226521acc6dc45c09d71bfd835b4329d138,2019-03-15,History.markdown
jekyll,ec730657a785205be4102a596d55752e40f183e6,2019-03-15,History.markdown
jekyll,5b86a636b5ae3db5d8e2ac2138159ef56e976355,2019-03-15,History.markdown
jekyll,7f2412c145fba1937d7d5ab8ac683a157786c0c5,2019-03-15,History.markdown
jekyll,9ba6c7dd77d5f3bd0fdced9eefcaf3fda25926a3,2019-03-15,History.markdown
jekyll,4279bafff388ec415ef747f984776cca41eeeb3e,2019-03-15,History.markdown
jekyll,e451acca6ae042fec703c66bd4417c24028c525f,2019-03-15,History.markdown
jekyll,9b3e5f9fc06598682b8a375828aaa1396db21830,2019-03-15,History.markdown
jekyll,67107f0ec5cda1798e32964b11ac8090706b16bb,2019-03-15,History.markdown
jekyll,3c231a41d2d3cd9a178986252b261132f6e95ac1,2019-03-15,History.markdown
jekyll,d4b576000209439aaee20725fd65af2ab0028190,2019-03-15,History.markdown
jekyll,46be718ef60430b8d941dc227d8b8b1a9d686366,2019-03-15,History.markdown
jekyll,d807deb64745885cd4b35727d171b75a0ddfb3d3,2019-03-15,History.markdown
jekyll,475983537dda5326f4a16146321329912baeeb68,2019-03-15,History.markdown
jekyll,bdbf35136ebd7b9f193568bd2728721ef5d020d2,2019-03-11,History.markdown
jekyll,7889d7d215eb24fc40e3502dad820ae6e199eddb,2019-03-11,History.markdown
jekyll,12e7a35ea7634e227ec4221defd046fd27dbad05,2019-03-10,History.markdown
jekyll,5fa93015a6f195e6ca436de470270693e93529af,2019-03-10,History.markdown
jekyll,9f7078d582ca399f94c6da27429a774841b53e0c,2019-02-26,README.markdown
jekyll,7ee2e26d6c9eb9523195521e8bece7908cf83eac,2019-02-20,History.markdown
jekyll,4e24a460ae994beda96d09f85c554ad79a5f5032,2019-02-20,History.markdown
jekyll,25ad9375972d2a2a844ad22daf6e96f025961360,2019-02-20,History.markdown
jekyll,2f94540f89a3162def0baaadfc7e19e9bf6c2689,2019-02-20,History.markdown
jekyll,bbc2e1469e17b2b5ab7b6e249114ff06ef4e1b8f,2019-02-19,History.markdown
jekyll,fac57981d3365cd1d5367abe7c1a7cc6326bb8ad,2019-02-19,History.markdown
jekyll,8319501415936b4ab106f943d1a8847daa0b6130,2019-02-18,History.markdown
jekyll,d2adfb3cbbdcd28f4b972901042bea9b052bb493,2019-02-16,History.markdown
jekyll,996431ba60dd743deeec6ff2a27fa8de1359ad90,2019-02-16,History.markdown
jekyll,f6527cd7ef7b16ee59ec3c98911b03492185f0f9,2019-02-16,History.markdown
jekyll,925aa33ddc328ffeca46bf9eea115e44bf1c62ff,2019-02-15,History.markdown
jekyll,55f0980716a2f3a032bdb1c578518d5f21230e4a,2019-02-15,History.markdown
jekyll,9cb27144b03d8fc1bdd7d961501744038fa505be,2019-02-15,.github/PULL_REQUEST_TEMPLATE.md
jekyll,f6e7c46dd12e9a4ff027164c86d639c92e2fc035,2019-02-14,History.markdown
jekyll,623e306fd69bee5c7a5a0324d6dc005666101149,2019-02-14,History.markdown
jekyll,20d9cbe2313b88a17a66fb8ec77834d518c4ffe8,2019-02-12,History.markdown
jekyll,13b0832459af97cb54a788a7e221068fd988d3a5,2019-02-04,History.markdown
jekyll,1ceef6dcf755a06ae9af6fc20b99658d17b770f1,2019-02-02,History.markdown
jekyll,317ed856ff28ca7a6d60425767c9059e61b155ea,2019-01-30,History.markdown
jekyll,4550f02b58ed6429c5f8bfdbfca8182f312de059,2019-01-29,History.markdown
jekyll,e1ef5f9229f41785e48c2ee5344ced782f306c4d,2019-01-27,History.markdown
jekyll,922e4c01fe76bd1f21418207e90fd52f96d3fd63,2019-01-24,History.markdown
jekyll,2de291c2976c9d0f57cdd22197fc217d9ce6d20b,2019-01-23,History.markdown
jekyll,79b7b9ac026766a96f55815b5f5e37bb5e41933a,2019-01-14,History.markdown
jekyll,aef5626b4dcceb9880ccec9ea6dfa1cf4e29c7b5,2019-01-12,History.markdown
jekyll,ce0471fbece14032c934ccbc81c12e770ed19967,2019-01-11,History.markdown
jekyll,58076c4ff92bcea61e0b2ef2a57cec58258723ab,2019-01-11,History.markdown
jekyll,d87ee5af03a1cec0c6d992fb540babdbe392c739,2019-01-09,LICENSE
jekyll,ddbf7308650fced416d57660a7481af49655e445,2019-01-09,LICENSE
jekyll,80104c177a7be1eb16d061ecc1b2d13536f84d80,2019-01-06,History.markdown
jekyll,52aa62b0aebb5cef8b5ac129b23296a3a526f5ab,2019-01-06,History.markdown
jekyll,1a718e9b12ce271a3867bffea8d144f216be80a8,2019-01-04,History.markdown
jekyll,ea7d107b5cb48604b82c67dc3c9d82c3814f200d,2019-01-04,History.markdown
jekyll,831fba68beab125054c60c149d4f88f9d3d62385,2019-01-03,History.markdown
jekyll,be78b4246c4513738eb4c18b76569182dd4f8578,2019-01-03,History.markdown
jekyll,84c46eb6802f75fbf2c90ce1f6ad385153fccf6e,2019-01-02,History.markdown
jekyll,d13ad84aa7e3c5610ef0b3d747b816e2b493da4f,2019-01-02,History.markdown
jekyll,dee01f671a89d2a25880cb8b7f972571783af28a,2018-12-24,History.markdown
jekyll,57a05bf9485634f2fb483ac47c9de018c8b27c20,2018-12-18,History.markdown
jekyll,8c0a250da4fb7f3c90a9cf97186cfe4907b5669f,2018-12-17,History.markdown
jekyll,6f984b381c04f70c148107309f3cdb99ee260fc5,2018-12-16,History.markdown
jekyll,0f5697c4ea1603f45b43ecbae8d19bae463af8d9,2018-12-16,History.markdown
jekyll,9882ca238d215a5344910f5d38f5f35559db885e,2018-12-16,History.markdown
jekyll,9221e3429d8e4ce3f5d6b039b84302ed2eafb4f2,2018-12-14,History.markdown
jekyll,55bd0391da73c2ca42b56e9be28c394faad0468f,2018-12-13,History.markdown
jekyll,a93dd0fa640a187e0d0534cbd10d693ee7b92143,2018-12-10,History.markdown
jekyll,92be0c3fab0d3bfa951bf8c09affd5282f0394c1,2018-12-09,History.markdown
jekyll,fe97682e3b0948da80995e0976cd6487ab4b11c1,2018-12-08,History.markdown
jekyll,eac18f88f5fe04f2b7b1d9bb3be0044feda6f623,2018-12-06,History.markdown
jekyll,dc549a769fc727aec605a3304165e143f57c941a,2018-12-06,README.markdown
jekyll,d257398333ec0d1b6ff1088184b2bcceb50a9555,2018-12-05,History.markdown
jekyll,5b3eb43e08e038e80b5de29297ced9ae06423c98,2018-12-01,History.markdown
jekyll,cfa022db1dfea4f843ca85bcac51b734786a5062,2018-11-30,History.markdown
jekyll,2f36fd7fffb6b89d85d0e354306c82c83577bed1,2018-11-30,History.markdown
jekyll,24fa1045677399e8759e95fa4644fece63ecac26,2018-11-28,History.markdown
jekyll,a0f7d800d6faab28324afa19142858cb7b991f0d,2018-11-27,History.markdown
jekyll,78ea59f5a7d5346d447474e709d9ad0787f39f03,2018-11-26,History.markdown
jekyll,d80835918606d4e4ba52fcb0f087b5577e1ae6bf,2018-11-24,History.markdown
jekyll,c8bd59b69e7973f39b21adbdf8079ea5bc8c5305,2018-11-23,History.markdown
jekyll,cd200d380f08e4aa99da6a4e4323041eccd34013,2018-11-20,History.markdown
jekyll,c732da44d5cfaf377fd668d31bb665e69c0865fc,2018-11-19,CODE_OF_CONDUCT.markdown
jekyll,470ef47abc451765c3077d6184a9bb4d46896dd5,2018-11-19,History.markdown
jekyll,b26ad019c390c9f7906dc0d7beea56dddb6f21a6,2018-11-18,History.markdown
jekyll,41b8192b07e8a5f56c2d720637afe05e2efd4ef7,2018-11-18,History.markdown
jekyll,e397146acbc9efe4214c372ad1d1f9681db1a39b,2018-11-16,History.markdown
jekyll,26608929dcd12f2ca3463cd12a349bd6dd14dc3f,2018-11-16,History.markdown
jekyll,7c1f065a41d273f69bb7e4d4fd721aa2d1175f1b,2018-11-13,History.markdown
jekyll,c65b08aef31cf81373cdd80399797aa761162abc,2018-11-13,History.markdown
jekyll,39a240a8affc3abf4f3d23ac24cd6cb69e643c55,2018-11-13,History.markdown
jekyll,fb0f182a5db18014f55d81a7117859fd638e9a27,2018-11-13,History.markdown
jekyll,84cb2cb06da4fc3c86901a4d489d206ce4fcfde2,2018-11-12,History.markdown
jekyll,68b8565c947042ded9070c3782cb32a0508cccfd,2018-11-11,README.markdown
jekyll,1cc84d8d7b083ae1457083620f03c753d94dea51,2018-11-07,History.markdown
jekyll,9a66a1614e2f6352b19bb281722e6d2b161f7586,2018-11-07,History.markdown
jekyll,afd0a6ff69d3b7ae7f2a475338f4a189b1c98c8b,2018-11-07,History.markdown
jekyll,271e476e67ef1581194a944de30b909c184fa00a,2018-11-04,History.markdown
jekyll,d971e39b4feca9c8d2e8c7e954aa78713ce4eb90,2018-11-04,History.markdown
jekyll,1825813c939f2d8328fe047f48acbe14dd3470e9,2018-11-04,History.markdown
jekyll,b586bed0ee447a2f9e09fed7f752118c5a495a95,2018-10-31,History.markdown
jekyll,501d0253fad3d83e8c750a8cf894a95eab5a9390,2018-10-28,History.markdown
jekyll,7d9667f13f7b2c1a76c949a0f2ca4b88878f2716,2018-10-28,History.markdown
jekyll,56c35f1a7df7dbc5c3dc9d836341ff71d14876a8,2018-10-28,History.markdown
jekyll,d492766220402dcdc4d79eed5792f3be4a57c573,2018-10-28,History.markdown
jekyll,266a8bb7462b33f0bc8862dcb86b248e80a60589,2018-10-27,History.markdown
jekyll,587111ec9f3e5a2d6d2dc60ce8b0ec651ded27b7,2018-10-26,History.markdown
jekyll,4ac66931d0c9e42c732e70c7c1d42efec753c202,2018-10-24,History.markdown
jekyll,398725611973718651df91b1d53154d0adf3b393,2018-10-23,History.markdown
jekyll,ecaefdb991845bdb6437f571517d185455c81e6d,2018-10-19,History.markdown
jekyll,c7a99f276c580fda6a66499e46045a00b6bbae82,2018-10-19,History.markdown
jekyll,5925c1a5311f70c73a0459eb4fef2faaeb339ef6,2018-10-19,History.markdown
jekyll,b3a7ba5a26d4d4e48e4efc3257b100a866444d04,2018-10-19,History.markdown
jekyll,7a1254563ae71dd15ff554a1576b4d46084ee5d1,2018-10-18,README.markdown
jekyll,2d14125d53b4f82c8f335dff95b30bceaba851c6,2018-10-18,History.markdown
jekyll,885f76f84ee52866b3b2030f49caa5d27acf9a67,2018-10-18,README.markdown
jekyll,749415c47fc363f8f2802684dde5f92c8a76fe46,2018-10-12,History.markdown
jekyll,1bb7f03e445a16ae636e404cd7cd3a17e29f0db9,2018-10-10,History.markdown
jekyll,153f24c4e4e00574fce074d8cc261a5f754a0e58,2018-10-10,History.markdown
jekyll,5795bf08fb26ec40cb9cc0e9098aa233b1be6d04,2018-10-09,History.markdown
jekyll,148ac25190de17aa73154390ed3db87d819dcb42,2018-10-07,History.markdown
jekyll,7eca92adf80ba619c76d9f9ccdce9e9f2bf00475,2018-10-05,History.markdown
jekyll,fec13b3d05d7d2bd28bfa46825391a8813cfd895,2018-10-03,History.markdown
jekyll,440374aa4d74e8990179e9805e7d4e3917ad61ee,2018-10-02,History.markdown
jekyll,28cb55c4552030d994c51cefcd574a7e41834fb4,2018-10-02,History.markdown
jekyll,1eeb89460ec04bca261ecadba71cc38f6b6a6386,2018-10-02,History.markdown
jekyll,2cd15712c7feacaa888889073b75f64393a30da9,2018-10-02,History.markdown
jekyll,15128418beb811f0983842248925548517493049,2018-10-02,History.markdown
jekyll,0b90e536abfd0ec13b6977a3cd458443ee300bf9,2018-10-02,History.markdown
jekyll,93b5b57aea727abbff775dcf106b029cccc17c58,2018-10-02,History.markdown
jekyll,d667f129415899e4fca1bf5ea06620b1c3442d96,2018-10-01,History.markdown
jekyll,452c1c88d0cbea75d22dae128dc6ccd75210695c,2018-10-01,History.markdown
jekyll,a70ed3713f9189bd8497dddb5cc94434d206a017,2018-09-30,History.markdown
jekyll,8dcb14c5825a9cbbb45842220b8db151aee94756,2018-09-29,History.markdown
jekyll,688d0734b8e61d046e494a49f566a7a407df5fca,2018-09-29,.github/CONTRIBUTING.markdown
jekyll,688d0734b8e61d046e494a49f566a7a407df5fca,2018-09-29,History.markdown
jekyll,94baf0975337621de16d28e20bab57bfff50ef0a,2018-09-28,History.markdown
jekyll,3055992712ef9d919f095bb53bda929b06d78b05,2018-09-27,History.markdown
jekyll,353574307a986b3665c78d9480a0ca196093e2fe,2018-09-27,History.markdown
jekyll,deff194cbf1de675b3034a259a5f40f862da3ec1,2018-09-26,History.markdown
jekyll,0d2394bdcaf9e285c65c501344b926036fd0f17c,2018-09-26,History.markdown
jekyll,ec47c9dd9d85bb6b61fced0545e6331f62868c60,2018-09-24,History.markdown
jekyll,b8cf387b71350c56fd403b8449d0de4921472011,2018-09-24,README.markdown
jekyll,3fc1d5b54bce42e0bcc65f4af6619c294c4f3fe8,2018-09-24,History.markdown
jekyll,ce05f9cb150b7776ec6ddb1489d3478610b7d6ca,2018-09-24,History.markdown
jekyll,4d293d3376c637aea8da17fd5dfb7cba8c3740ab,2018-09-24,History.markdown
jekyll,d83d3e880ebb0da38dc117e1e3f308a40d607b36,2018-09-24,.github/ISSUE_TEMPLATE.md
jekyll,d83d3e880ebb0da38dc117e1e3f308a40d607b36,2018-09-24,.github/PULL_REQUEST_TEMPLATE.md
jekyll,1e81243ef8020c30bfd9f105dfc6f5da74431c2d,2018-09-24,History.markdown
jekyll,5267e0b215ae82fccd4074c902ab05f7bfd2746a,2018-09-24,History.markdown
jekyll,f043eeabc57e62cc2d2d24217d0d8b8532bb5644,2018-09-23,History.markdown
jekyll,05fdb6733f5e89e57dc8969e7622e4433856c49b,2018-09-22,History.markdown
jekyll,141a7b784b494885bedbdd98688e4265c663fa0f,2018-09-20,History.markdown
jekyll,88dbe5db8a14550fcd0748de6030a54559f1385e,2018-09-20,History.markdown
jekyll,f692f0999c00357e8275dc39faed27da5f321fd9,2018-09-20,History.markdown
jekyll,72dc3a56f399e5c249b2645391ebfd37d4d8a578,2018-09-19,History.markdown
jekyll,1987c36f27a49f21489950ae327a366762cbfb27,2018-09-19,History.markdown
jekyll,bd41ebb97bf059721afdc6904f5e2a3e1cc1ff85,2018-09-19,History.markdown
jekyll,573c7edbc199b18764752ac3d5ad749716829264,2018-09-18,History.markdown
jekyll,20d0326d30a44b3e0f4e9f953ee5cec7bccc29ca,2018-09-11,History.markdown
jekyll,5dedcd5fce128ff1ebebef4b5af86ddab01dbc0b,2018-09-10,History.markdown
jekyll,4271495fcaad4073b2375b76089041acd16ffb49,2018-09-09,History.markdown
jekyll,6d777a2a2111b403be27b80c36c4ad6aec38633a,2018-09-09,History.markdown
jekyll,874ec5c3e2d1c06abf3d73929c3077bf54f48db9,2018-09-07,History.markdown
jekyll,27cade4a286500f80f7554a078c0ddcfb0c3035b,2018-09-06,History.markdown
jekyll,28492e84013ccaabad8ee2829bcb5c8006173ecc,2018-09-03,History.markdown
jekyll,0b21d67507b23747161d28c083d4f273817f7d00,2018-09-03,History.markdown
jekyll,8e5c5a4e8a78f396150f56141712e609891fa71f,2018-09-03,History.markdown
jekyll,d626fc07c260c867e47ccc354ba9fb5a8696031d,2018-09-03,History.markdown
jekyll,5c61d69c94e6ca3469fadba51ae1c5c169a78d00,2018-09-02,History.markdown
jekyll,8c5ee833d463f007d43e082b5f9fa9a4ec1140c1,2018-09-02,History.markdown
jekyll,1e9cd27dc40c26624abb34ad947b314c9571ccc7,2018-09-01,History.markdown
jekyll,805f438f24466825685506350dc73af132b972a4,2018-09-01,History.markdown
jekyll,805f438f24466825685506350dc73af132b972a4,2018-09-01,README.markdown
jekyll,3aa41a6055e3f8952f069e6785d7319bf6d2834e,2018-08-29,History.markdown
jekyll,58f10f8e8a4496244c4cca3c491defe06bedc9ef,2018-08-26,History.markdown
jekyll,d3fba977f7a0a121ece44dff75111ef14ca2d6c1,2018-08-26,History.markdown
jekyll,5666e424744696752ec9d264fa8b251f069744c4,2018-08-26,History.markdown
jekyll,2913ab2891f184b7e6713db3108a7c946371f939,2018-08-25,History.markdown
jekyll,130292f15e5271bb52082d2919a262d94395ed10,2018-08-21,History.markdown
jekyll,3f62fd96d3db77a5f5fee739935cd72a923a2a86,2018-08-21,History.markdown
jekyll,30568ca7b8646ec38b5246f272d0f66782dbf86a,2018-08-16,History.markdown
jekyll,19a7c1f06a4e871fe63a740acee1755fef34353d,2018-08-14,History.markdown
jekyll,9a9c480831c6b491f59427abccead95c117eb9a9,2018-08-09,History.markdown
jekyll,4814b45847ab8ebe7b50cb8f088df748e0bad4c1,2018-08-06,History.markdown
jekyll,4d6edb3a269e37860aabd2d809d18edb947514f0,2018-08-04,README.markdown
jekyll,87cc3503132c3d1b218ce44d2f13d8548d14be00,2018-08-02,History.markdown
jekyll,aaa723373b68fadf0ad0b375d65e00f5d0029358,2018-08-02,README.markdown
jekyll,ce6173360d7f47ef38bef0e4f9dd5180d285e3d6,2018-08-02,README.markdown
jekyll,b4b90a989c8929d4234912cff20f134d7fd050db,2018-08-02,README.markdown
jekyll,edbd9f3028e03c42d57d6d9aa84dad49fd958fc2,2018-08-01,README.markdown
jekyll,51629865de3e8ebfe68e7e0649c9434689ac4abd,2018-07-31,History.markdown
jekyll,37c9347422052307ce943d00485b1bb2d195d2a3,2018-07-28,History.markdown
jekyll,d0f8c86d2f6e87359008302dd6f54cdb8a471c6f,2018-07-27,History.markdown
jekyll,fe0a6caa7fd7f0414fff6be5c470633fe789449d,2018-07-20,History.markdown
jekyll,02a2f9460ad654e4e098402d47fb81407a2223a2,2018-07-17,History.markdown
jekyll,5c41eb743fb323653a5e12af85e5abc548fff0dd,2018-07-16,README.markdown
jekyll,ad9fbeb4b1d64b267f19955f50b32da89b5c6ebd,2018-07-16,History.markdown
jekyll,707e48a41272796378f094d5e33612b023c45c9d,2018-07-16,History.markdown
jekyll,34a1b7aeefca27d0100437d84c9564433bfd5430,2018-07-15,History.markdown
jekyll,e49f507e4fcd5d71c8e79f70b931fb72c3416872,2018-07-15,History.markdown
jekyll,16e9820dac7c29b5ad835ec7ca1023301f7963d0,2018-07-13,History.markdown
jekyll,3be9e74942a5aab465d85aeb29bb035248e0d84b,2018-07-13,History.markdown
jekyll,b69196cad3449ccb4134dba8b42594dae563bdbc,2018-07-13,History.markdown
jekyll,e10444abf754116ce834e9b8e300342c394c7a9f,2018-07-12,History.markdown
jekyll,06125425820eadbc412faaea087161fd8ef75da9,2018-07-11,History.markdown
jekyll,dcbc4433878ac9496f19e838197f17d56c0d1221,2018-07-11,History.markdown
jekyll,0e0960e2c33d26e4da831c83fb082b93a9b09d53,2018-07-11,History.markdown
jekyll,5950a7c11370b5af3cea52a745053febf26bef0a,2018-07-10,History.markdown
jekyll,a1ea95d445b39e6887882422a96c1ae79acc262d,2018-07-09,History.markdown
jekyll,c124937e69b9dbd6a401a9ce650686bd14c70092,2018-07-09,History.markdown
jekyll,caa0846e7bef0e95312a0122041b7c41b7bd201c,2018-07-08,History.markdown
jekyll,565567ac08ac1c3db5129aa55e3c6996f2070c82,2018-07-08,History.markdown
jekyll,385bf36724e87a597feacf9c041292f005ededca,2018-07-08,CODE_OF_CONDUCT.markdown
jekyll,bfd58fa94932f71d32fc8593103e0b358cd6f968,2018-07-06,History.markdown
jekyll,4d96e4b7bde82c3d68510828152b81a5d679a2bf,2018-06-29,History.markdown
jekyll,caae9d2ecaa130eeab916e1df2daba45bcd8adf2,2018-06-26,History.markdown
jekyll,0728ccf08b08759d75b6bac40091151a80556565,2018-06-23,History.markdown
jekyll,3204445d6f2edce50fe9372684395be60e7b11a3,2018-06-23,History.markdown
jekyll,76919eea3b3da8fe8f23150bf62fdb5ac178b282,2018-06-21,History.markdown
jekyll,8b63fbed6b06f3b36b1a4e797f2b5410d117aac6,2018-06-20,History.markdown
jekyll,55ea4c840ba7f3d7279c679d677e16e62f0fd3eb,2018-06-17,History.markdown
jekyll,cd996387a50dfc3599bbe7365815513a3bbc7eac,2018-06-12,README.markdown
jekyll,baf70295f957a6b42542b260bf86168a2c955b33,2018-06-05,History.markdown
jekyll,e47dad9d205648c9b3a1523489948415e59d8bd1,2018-06-05,History.markdown
jekyll,5687a092554599e8c2cf1247764a7eaf87f3d05f,2018-06-05,History.markdown
jekyll,c6415ce08158698a43c14fcb56fc1875b4ced153,2018-06-02,History.markdown
jekyll,035ea729ff5668dfc96e7f56a86d214e5a633291,2018-06-02,History.markdown
jekyll,6805f1c342e9e3d0332ff3b46841af1d37779876,2018-05-31,History.markdown
jekyll,d64493806c55caa959ccdc5fe62ed27c71a10745,2018-05-24,History.markdown
jekyll,a96f846bdb7ca7086011e2d194884c163948ec77,2018-05-21,History.markdown
jekyll,03c252ba4d659c6758f39e96507e38820fba2189,2018-05-20,History.markdown
jekyll,e932a1e27f7f1fb103d94d07c470cc5d9f666295,2018-05-20,History.markdown
jekyll,9968df06b3fb61dc356c0f0488a604b03df6e6ec,2018-05-19,History.markdown
jekyll,d22b8ee3920c28a1a540462d931896eaf695f33c,2018-05-19,History.markdown
jekyll,b89efa5d5d6a5f7284bf91370a8e759b99d17b5c,2018-05-18,History.markdown
jekyll,b18872b658528b725825fd2911e84468bbd21908,2018-05-18,History.markdown
jekyll,aed72f6464f675c4426324123ee81e94dab3de43,2018-05-17,History.markdown
jekyll,3bf940b7eea7c025323237fd109ee91a9b9c346f,2018-05-15,History.markdown
jekyll,62d297d4a0bf231f22d2145ff7ee84ce2d9f4488,2018-05-14,History.markdown
jekyll,5a41149b7bc70f9b0ecc8f79af81b8c2afcfdeca,2018-05-10,History.markdown
jekyll,b63036989abe87830fd6cb4fdd9caf53c32a2e09,2018-05-10,History.markdown
jekyll,5d1823b604f1ae220ced957bf327afa4b70e65d6,2018-05-09,History.markdown
jekyll,c2211eec0c514cb6f1a0a595eb15dbbc2039951f,2018-05-09,History.markdown
jekyll,56593bf8973982ee474ffdf95854d324b4afb954,2018-05-09,History.markdown
jekyll,a59eaff78963483d41602f62e3d8f53e46d1e166,2018-05-09,History.markdown
jekyll,66f8e748fe5a1a8b3980ab4a445636a409228d84,2018-05-07,README.markdown
jekyll,0c5b74377bd59c5e8001643800ca8a812818b491,2018-05-07,History.markdown
jekyll,694800270ae0e1efa4926ed4492c8db6dc51560c,2018-05-07,History.markdown
jekyll,7612056bed8ce1a929508390b9bb3fe48ea3c503,2018-05-06,History.markdown
jekyll,be25b4748612d0fee4b9b79480d4505c914356bc,2018-05-03,History.markdown
jekyll,acdbf81476c489f5559c263e32bd9965aafdb38e,2018-05-03,History.markdown
jekyll,3eb73f2795878e39d188685d01a5c37b8efe3642,2018-05-02,History.markdown
jekyll,c0ae27f0682a56f3fe5e64d8c39c0c049132337f,2018-05-02,History.markdown
jekyll,3899bf52f8caeb552fd032d40bfc186104fb25c2,2018-05-02,History.markdown
jekyll,b6201db17f8f324c2bba2c2b0e61ca46ce8eada1,2018-05-02,History.markdown
jekyll,a499018dc819eaad757263f4d0803187b84dc182,2018-05-02,History.markdown
jekyll,3ed4dbd227221eea600d362297eefc15226d75b9,2018-05-01,History.markdown
jekyll,da6c4c488a5fb61102dda92938e360e454e10cb1,2018-05-01,History.markdown
jekyll,9b8f9bba4e068c03f18db8c97ddf4208a9e08a51,2018-05-01,History.markdown
jekyll,9ad78ebdeb10870690624e6d435042e2e62d6899,2018-05-01,History.markdown
jekyll,305342ffa48a8f0fa303d06f89baec899c2475b0,2018-05-01,History.markdown
jekyll,5b37555835efdaba120e42f2e6d0cc55a74fc607,2018-05-01,History.markdown
jekyll,12fa319ee4071976dd5b765db44de3f408cde41b,2018-05-01,History.markdown
jekyll,43de0b694f0213604c02510a9fd9cbdd3a4562b3,2018-05-01,History.markdown
jekyll,e00c8c72e921b7af005800f25f4f20f22454e18d,2018-05-01,History.markdown
jekyll,3e8196fc7ed82aa2a5de1f3ab8836af3c5279075,2018-05-01,History.markdown
jekyll,eea203c77e32f7ce1ab70d4773b1dbe5f3bee030,2018-05-01,History.markdown
jekyll,ebce53dd08dcdfab32da1e676912c302eda37c79,2018-04-30,History.markdown
jekyll,f686b244cf12cf64da90b04b72ec04074a0aa8c7,2018-04-30,History.markdown
jekyll,c8eb0c19504cc4f3f26b0acb3eb8dd85f7c923b1,2018-04-30,History.markdown
jekyll,b22915fe22204088907cf7bebad84b040c478c3a,2018-04-30,History.markdown
jekyll,c60dd66db5ae46fc7f4050e588b3de40aecb0c26,2018-04-30,History.markdown
jekyll,c27533c75d040e52647a0babbbd5bfb0c064340c,2018-04-30,History.markdown
jekyll,99da7cd9404deb3a78f9c51a903d53b5be27e288,2018-04-30,History.markdown
jekyll,3af8553c7c1fcbf938187f4525b37ad060c50a93,2018-04-26,History.markdown
jekyll,4dd00fd3548d391f41dbaf9cf63dcb9f9752cfb0,2018-04-23,History.markdown
jekyll,77fe78eaf759fec8a1bdab86546aef560dc689b7,2018-04-22,History.markdown
jekyll,f9f5d5fa57441e4985a5f0a292017ace770a0525,2018-04-22,History.markdown
jekyll,f691121d2bb4e502b85a218f69449e188e8c63e2,2018-04-20,History.markdown
jekyll,83d950a4b704eafeb40dded26e591b2147bba10a,2018-04-20,History.markdown
jekyll,66a8a03124d2f01984fc473d193031f9c18a58d5,2018-04-19,History.markdown
jekyll,d0b907c2e6154672336847dd2ce0f578309cecfb,2018-04-19,History.markdown
jekyll,a7b1cbe3f834e34c5583da82afd89c9e9d54f61f,2018-04-19,History.markdown
jekyll,89412658370691defb83df5aa7f79c67f920b5ac,2018-04-18,History.markdown
jekyll,3a5cd964af52d340d3f8593b74c88446f9c8c7b5,2018-04-16,History.markdown
jekyll,822d020086e7aa4b167613d17cafb7b01d6a312e,2018-04-16,History.markdown
jekyll,7a6d0ccca35de73f6b4aea2c8c4e4c8350c10779,2018-04-16,README.markdown
jekyll,d14f9aba99175f567644daa142942efe9697104a,2018-04-16,History.markdown
jekyll,2a86c000118baf4caf8927fe8a7a6a9bfe10f04b,2018-04-12,History.markdown
jekyll,ba52e9e7c1035c0eeab444fc0168db68cf1af6a8,2018-04-12,History.markdown
jekyll,c9346ef522230e02520e75a53c226c5a75b342b6,2018-04-12,History.markdown
jekyll,5da2b316eb410176dc948e43b6a5418bf8c78d76,2018-04-12,History.markdown
jekyll,449a874bf7986305ae2311e9cd2b08dd83abba27,2018-04-12,History.markdown
jekyll,d1aa1cfd5b4fcc8495a5aae4a1fe3983ef6d9fa6,2018-04-12,History.markdown
jekyll,5ba6a36b1f861f6e16215fe40d2a6dbac453fd4f,2018-04-12,History.markdown
jekyll,beada92da8e967e9bfd023d6abe471a80e7bf727,2018-04-12,History.markdown
jekyll,bfdd26fdccf95af1339c36de95d1ee9343d98779,2018-04-12,History.markdown
jekyll,8fab14275051c4d734404409e681fd8b3bcfb68d,2018-04-11,History.markdown
jekyll,2765f0fcb998b26241ec0f512f789586ee98b679,2018-04-10,History.markdown
jekyll,ef027be97ed9b7b9326adec9949e91f46849a87b,2018-04-10,History.markdown
jekyll,a27d8faa3484d6e2ca53290834ecc0df6a0a0387,2018-04-09,History.markdown
jekyll,925fb6da45cbfeefa2accb7fa3faf99803c48a2d,2018-04-09,History.markdown
jekyll,7c12ebb28adb4743f35c2010d89ea0d909c8d6ca,2018-04-08,History.markdown
jekyll,b6e3e739d925a63922d8ecadf7ae1f72efd5c144,2018-04-05,History.markdown
jekyll,568257a1920a1886c593b02f627c09094ed152a5,2018-04-04,History.markdown
jekyll,744563c18847903c92380e3ad9549759ad15f9a8,2018-04-03,History.markdown
jekyll,d3418738ad71e979a2ac136ccc27524b1f20c314,2018-04-03,History.markdown
jekyll,bdbad983277698e1e198ae4bec7cdc102e1de0db,2018-03-30,History.markdown
jekyll,688a63e6719a7efacbb21b8173410a6ca3538dc6,2018-03-30,History.markdown
jekyll,70df9c55e5b452aaf94661bb6299e6b056c5f4f8,2018-03-28,History.markdown
jekyll,31bdcdbc764ddc63dee6a1a6290f00a46167fe8e,2018-03-21,History.markdown
jekyll,7d759f0ff0199a73be60a9cd7dd8af2a318f541e,2018-03-21,History.markdown
jekyll,f7b5e313c12e45326bd7e9c47a9ac0eccbdb5d76,2018-03-21,History.markdown
jekyll,603d513643b2273a2c4843adfb6f9b0709f48111,2018-03-21,History.markdown
jekyll,e45997fb5b0454c129211a24f8b4428b1f16fc5d,2018-03-19,History.markdown
jekyll,f6a43568d3e526d65c5e737f9e71124bdc760f52,2018-03-16,History.markdown
jekyll,af102baecdd8103caf293038cd8d0b4cbda4fd7a,2018-03-14,History.markdown
jekyll,6f2a2915f1529ef18334c47392614da08dd1c9d3,2018-03-14,History.markdown
jekyll,6a7a393df5ac978d9f1b6ee31a146c836dcdbe18,2018-03-14,History.markdown
jekyll,13761dbf673e7603c03ac72a6fe9f124e44c888c,2018-03-11,History.markdown
jekyll,83dc61a54c1413542adf88426a855c9db9a3acc9,2018-03-11,History.markdown
jekyll,a944dd940a51db6b9a8db3f7f2dd15de8e04e764,2018-03-10,History.markdown
jekyll,7508da11c174ca4ada21ee1e3f4ea3a04cd8406f,2018-03-10,History.markdown
jekyll,1aae0bcc3a601a4f0e71596d8d7b77719d7c8d5f,2018-03-08,History.markdown
jekyll,c7f007686a4cf3cd228bcf5220237a325ba5c5c2,2018-03-05,History.markdown
jekyll,5b77850dc986d3fda6e172cfb607a722b29d74e6,2018-03-05,History.markdown
jekyll,93e16428d8a27f20b16f77e466e0873692a9cb7f,2018-03-01,History.markdown
jekyll,7b2908809c1d768e1145372a83507a6169fea431,2018-02-28,History.markdown
jekyll,a9c7ca91fd71acd990512c1a85558b2fd49c7e93,2018-02-28,History.markdown
jekyll,5748d6ac306d71f1067c96e4f3f270711c52cde8,2018-02-28,History.markdown
jekyll,767db9417b226c734285d6877f5783f4e18bb75a,2018-02-28,History.markdown
jekyll,d2a21fe776630b8974f070fdf421f33b558b805e,2018-02-27,History.markdown
jekyll,92d491ea13de245f0704b72e952a2fed1ebb5b04,2018-02-26,History.markdown
jekyll,82d495aa0cdbdcd7e199b640c9bc6ee0724cf2eb,2018-02-26,History.markdown
jekyll,08b222bdba6863b967ba54e6aeebbd7068990aed,2018-02-25,History.markdown
jekyll,01bc01cb9d5a2bac4afdb3d16613d681eff084b4,2018-02-25,History.markdown
jekyll,ce8f11175840cfaf224be0a03fd09edd4851d683,2018-02-25,History.markdown
jekyll,bc2c0c4f80e34b78ed1d83b05710e770ffccf728,2018-02-20,History.markdown
jekyll,9262ff7ec4a7d47b732f0e59319eb53e31ec3d33,2018-02-20,History.markdown
jekyll,88a3daa978a32f2935c0bd12da34c09b96df226e,2018-02-20,History.markdown
jekyll,2b77ee80e08bce00d32d10a83738b2310492eedf,2018-02-20,History.markdown
jekyll,3a0d9bbc57c83ae02920ff3f1e91d62fd187694f,2018-02-20,History.markdown
jekyll,3dd76a194174f1c4e5dbe8c1492c2dc4fa234994,2018-02-20,History.markdown
jekyll,a3aea47459a4c841a4570c32f9e5b4a28219b588,2018-02-19,History.markdown
jekyll,fc28a3d8d19080ca37249428eae335fc44a923cf,2018-02-18,History.markdown
jekyll,31bd301b28c8bf03df0b0e74681b9463455570d4,2018-02-18,History.markdown
jekyll,63046dbbf597be855c8d0d7c9b5bde2561b4b587,2018-02-17,History.markdown
jekyll,c5a2c40694338872221d8a49fa08a214fd841b17,2018-02-17,History.markdown
jekyll,e83645d702c2d0afe0b125969512ea769df6d300,2018-02-17,History.markdown
jekyll,28ff8adcc601efe912d467bfefa28b5888ad9be9,2018-02-16,History.markdown
jekyll,c038d83fc7be5b5820018b966892c92fcd9d78d9,2018-02-15,History.markdown
jekyll,2da9eaf91412c92bc8a0bbf2d1874f195b72f759,2018-02-15,History.markdown
jekyll,93ac88b70fb28173a9a2856d5255b88c194a20aa,2018-02-15,History.markdown
jekyll,5928eeee5b33c85ba31965ae54acd42ce540076b,2018-02-14,History.markdown
jekyll,039591039116b177dfb781bf1635c34e76d4b804,2018-02-11,History.markdown
jekyll,073ac1c406e0f7137ce710d6cc1d25dcafab8db9,2018-02-11,History.markdown
jekyll,8fae0052c8e0888953da159045909ea2c1336b3d,2018-02-11,.github/ISSUE_TEMPLATE.md
jekyll,8fae0052c8e0888953da159045909ea2c1336b3d,2018-02-11,History.markdown
jekyll,33017b702d44f6446f353620daf1f12dda29f331,2018-02-10,History.markdown
jekyll,0b09c4ad8d790f9ed0fa923b370d907fedd029e1,2018-02-08,History.markdown
jekyll,e6876b288a3680e58717bcdcb70f9dbd54009a4c,2018-02-07,History.markdown
jekyll,8077019fc1ba961312ecff4add6654bd22b4806e,2018-02-07,History.markdown
jekyll,d343b0345e78f176816343e4bd92ef5f9c7ab2ad,2018-02-07,History.markdown
jekyll,68dee159c57baea40a3e936e91082a62d56c69bf,2018-02-07,History.markdown
jekyll,1727db8ee59f7c9f5500909d857adeefd585c4ed,2018-02-06,History.markdown
jekyll,17065444e9738a44166401096507299b76421d3b,2018-02-06,History.markdown
jekyll,19cd07f059350ecb891918148a4a91af00e4a4d6,2018-02-01,History.markdown
jekyll,3fb325998d1bfa55642841d71f73ffa01c925138,2018-01-31,History.markdown
jekyll,23491541f630b1e4857fc9eb0a5f2ce5e067bed2,2018-01-31,History.markdown
jekyll,138a12c481a98645ebd6287c1623d12e8be8e46b,2018-01-29,History.markdown
jekyll,c04f4e901a6ed5f76986104bc022144f68fd4067,2018-01-25,History.markdown
jekyll,0c4eff0653f04217c180337107870e5b670e2576,2018-01-25,History.markdown
jekyll,b2086eb1d4ac4574eba81e626a4bf11da4275fbe,2018-01-25,History.markdown
jekyll,641545821da2c86908fbcc73f7e8d0eb58f8f5ca,2018-01-25,History.markdown
jekyll,c8d729830c4f0a9de8176d5e61de9546a8e63bfc,2018-01-25,History.markdown
jekyll,c9d2da8722f431d454fb68b1fa4ca199837e14c3,2018-01-25,History.markdown
jekyll,2ab15486a6187fc3ed0fa85f20fe35d089bce109,2018-01-25,History.markdown
jekyll,00cb17d3c4c1ead1be6edecd428c06c382224422,2018-01-24,History.markdown
jekyll,85cd6105dfc285067c906643d6201dd4584e8819,2018-01-24,History.markdown
jekyll,8ee052d4548c8582f570fb33ec8d68342345099d,2018-01-20,History.markdown
jekyll,707dd03fb0ea50948c187501624c15e02a7e6947,2018-01-20,History.markdown
jekyll,53c00c0a18a78ee005423f56170e38dededf4170,2018-01-20,History.markdown
jekyll,6b98a5c9cf38bf94b288bbefc19b9482f425bea5,2018-01-19,History.markdown
jekyll,578ad7695ff6b8755fe98ba6558be7b0b4bd733b,2018-01-19,History.markdown
jekyll,59231607569337c0ce6e180624c00649f320ea31,2018-01-19,History.markdown
jekyll,603f2ea52f52cd3a64e37371349d8292f3a83655,2018-01-14,History.markdown
jekyll,1dc0702e29f34af1a3eaf9c8657fe9da191698cf,2018-01-14,History.markdown
jekyll,8e62993fc814ba4dbdfb621c33032a08c34bceff,2018-01-14,History.markdown
jekyll,9cc6e2a1d1e34f0cac974c8ec28ed0baee4cdcbd,2018-01-14,History.markdown
jekyll,f77d704a1b97ac43684df85e92a8738412d1725a,2018-01-07,History.markdown
jekyll,7895168cff9719f20ea9932c934ef4f199d130dd,2018-01-06,History.markdown
jekyll,a84e9e1f6df6f057d2825c594d157e52fdb46e44,2018-01-06,History.markdown
jekyll,7f39de67d6ecf22e4d313d282c2dc96c3670e138,2018-01-05,History.markdown
jekyll,abacae55ec45caa2b8b80704b73836f177b1841f,2018-01-02,History.markdown
jekyll,3d624cd290c752f2a7324ab512e7425bcbc58bc2,2018-01-02,History.markdown
jekyll,9b8db401e756ed2503447603121f539be3df497c,2018-01-02,History.markdown
jekyll,c07985eca8a0caf24572918fcd6af5a91a923578,2018-01-02,History.markdown
jekyll,34694ae6d10bb6d2f8341d3adeb88177d46eb0e6,2018-01-02,History.markdown
jekyll,b3286e7468964015d9fb611d81bede752230de01,2017-12-31,LICENSE
jekyll,53cfa642fb50379b8795f80622bf9a5b934f2729,2017-12-26,History.markdown
jekyll,47e9304342721772a8e5f422728169e2f9150de9,2017-12-21,History.markdown
jekyll,aef0e1c2527160c0a8f4f472811eacc5687c986f,2017-12-21,History.markdown
jekyll,76a0fc38887e684f65237dd35861a54dc4ab97e2,2017-12-17,History.markdown
jekyll,999151dcaad7209254a4513f256ef87612690eff,2017-12-15,History.markdown
jekyll,ff2795f98b0c08384e17065da8071051b370f1fc,2017-12-15,History.markdown
jekyll,72ccd29edc9ed4a3494b451c303117165ef9c044,2017-12-15,History.markdown
jekyll,d1440b9738eedb11208d3e66a128263e705b6fc9,2017-12-15,History.markdown
jekyll,c471f943470b1853648b136723a2a6383512c7b0,2017-12-15,History.markdown
jekyll,3b9ed96c3074b4ebc2dda3f910ff819929f54b52,2017-12-14,History.markdown
jekyll,71e3bce63d12ad1849507782db8e3a8d51a32770,2017-12-12,History.markdown
jekyll,977837fa3a524385609a33ffa47841b50a8f8a1a,2017-12-10,History.markdown
jekyll,0801caae8ec29eecd8fc5dce909b4cd0bf2a5fba,2017-12-10,History.markdown
jekyll,fc783cd13cf965823ffbb9e8e9e397bb7c5000a9,2017-12-10,History.markdown
jekyll,1691685c775f2721c1984f6632dee0fc971dfcf9,2017-12-08,History.markdown
jekyll,64ef79291f625c5df1e1323bb0541a403a74e297,2017-12-08,History.markdown
jekyll,28e20b933494edfe147645cd0dbbe3878e1e5659,2017-12-07,History.markdown
jekyll,760d586de21982cc7df62e61d259950da9e861e7,2017-12-07,History.markdown
jekyll,0c4b12e6aaffe3416b0bd066001e7cc3a8e8b804,2017-12-07,History.markdown
jekyll,e3b8ba33da2666dc28a77c3e14945f5c93859a72,2017-12-07,History.markdown
jekyll,664b20d3752a81f5073b238906300203733db3d2,2017-12-07,History.markdown
jekyll,ff4718d82438512e297f035a4ccc66c848e75e7a,2017-12-07,History.markdown
jekyll,05bca8128c5069fdac4735afb79e390265be6727,2017-12-07,History.markdown
jekyll,8060934f9689d77cc9ee4549057364a9a9d4c165,2017-12-07,History.markdown
jekyll,65fd99045926ed3331d59356dc765936b9bb0dff,2017-12-07,History.markdown
jekyll,f58d5988fa24e2770c38a47c72289101a363e6af,2017-12-07,History.markdown
jekyll,a25fd7233435010ea75dd66485a0217548e0663f,2017-12-07,History.markdown
jekyll,398e7d50894a2a20975342ed27ffc6bbd0a1ec12,2017-12-07,History.markdown
jekyll,c2195b01181fd54874bc2eb5877231af3b437075,2017-12-07,History.markdown
jekyll,f85a039633628b59baf01aede9940df51e4b1bf0,2017-12-07,History.markdown
jekyll,13911961b9b30792ceda92f48a0847ec8dabbce2,2017-12-07,History.markdown
jekyll,68935f1bda79875c3da1a62dbdee2a553e6d741f,2017-12-07,History.markdown
jekyll,e4888f2e5220b529147273338449feca20341b9f,2017-12-07,History.markdown
jekyll,977cfb0ac09b2beece3be73015a1a42e53a56481,2017-12-07,History.markdown
jekyll,c2ee73ef8df4704028e6419306f766e1eec02007,2017-12-07,History.markdown
jekyll,d8d6360107bbe9943709243ae7cd76a66e0f1b20,2017-12-07,History.markdown
jekyll,2774a1aeb6048094e718ed7addf929f49742b875,2017-12-07,History.markdown
jekyll,3efb1ad85794bdd4e58ac5f2774b83ea34ada18e,2017-12-06,History.markdown
jekyll,4c97f5ef222465916c499f5d7a1bace9d1a40650,2017-12-03,History.markdown
jekyll,5a10887f86e2425b882800868ded8e05a82b7a0d,2017-11-30,History.markdown
jekyll,f7b45c44403d18e6b21cb78abe74cd19e538ad97,2017-11-29,History.markdown
jekyll,64c87c92533bb42b4d8f7fb83d977c11861f3473,2017-11-29,History.markdown
jekyll,b77593ce74c67cdb06c1f7eae4ee17b0db381510,2017-11-29,History.markdown
jekyll,fce3cbfd8194ae9c3cb576cbb2ea6c0f25748250,2017-11-26,History.markdown
jekyll,110b4734876eae19b9de7b7f4acdd7adf3b5e10c,2017-11-24,History.markdown
jekyll,bd3c395cfcca50e18d930c1a1135ef917b079751,2017-11-24,History.markdown
jekyll,c7c31e014cc4b263aec62cfb38185d0580d3724e,2017-11-24,History.markdown
jekyll,cebcff14120f8365feaf4bbabfa5ebd50b5704c6,2017-11-22,History.markdown
jekyll,f6cf8b934a31a13c84b478d02d3c1eec62538182,2017-11-21,History.markdown
jekyll,28f64fb2b3aba2211b7e0aac79a39ef4e271719e,2017-11-20,History.markdown
jekyll,5d71314e1668249635ca3599f0bd2e5ac999ed38,2017-11-19,History.markdown
jekyll,73675070f59d5c1a17af96634649764b1e4c77c6,2017-11-17,History.markdown
jekyll,04f4e891f0fef3d8ae363cb988dfa11303ce6874,2017-11-16,History.markdown
jekyll,f421aa4070b5fc15822fdeabbe8ce11c50f02336,2017-11-15,History.markdown
jekyll,1a398c48b8d22f54083f9c220fa1808fd4808789,2017-11-15,History.markdown
jekyll,621df9db8e72cfa9706ccd52b86a590bcd5d7cc3,2017-11-13,History.markdown
jekyll,5cb8a0e84793d64d58fd4b839a7084c45d417ff5,2017-11-13,History.markdown
jekyll,169ecf91c9a71ace1dde467babd780b14ab8b4e3,2017-11-13,History.markdown
jekyll,525efbc2f89c4972e5defda74b268222c08fa1f4,2017-11-12,History.markdown
jekyll,f07c9daf3a9a491d968068dea56f1640a1ca46cb,2017-11-12,History.markdown
jekyll,174eb585a05d71fe22497678d873dfd903d9b078,2017-11-12,History.markdown
jekyll,9c7ef8f14ecab04611517651936ad0d9fab65c6f,2017-11-12,History.markdown
jekyll,8dcff01ad7bc37aef8d130f2d10adc4a43839065,2017-11-11,History.markdown
jekyll,d104cf02ef1093daa48a3a253ee1ca6dd4f1c377,2017-11-10,History.markdown
jekyll,9f2e57a99acc4cb29f03196fd79e6770413f1474,2017-11-10,History.markdown
jekyll,b26dbaddd295c84f34ef477d42c39815e5afcc3d,2017-11-10,History.markdown
jekyll,b05bb59a4ea2948b9ad94f700cc70ff74164c466,2017-11-09,History.markdown
jekyll,1f3ce72f6b950e16ad020d8a06c87bdfa70dd99a,2017-11-09,History.markdown
jekyll,47bdfc72ff25f353d62f1c469e9d3aa21ecf87b1,2017-11-08,History.markdown
jekyll,4b675aa1ea681f24558602e7a55ebf1948f6ec89,2017-11-07,History.markdown
jekyll,efd9864df6d248a1761d49f326d2219477c1816e,2017-11-06,History.markdown
jekyll,52482ce88a92bd23db0665c8d1554f8e1a35b219,2017-11-06,History.markdown
jekyll,17bd584319456058a1d639572a4aff8bec6ed5e2,2017-11-06,History.markdown
jekyll,db2fc380a00579c3d0f508c4685a3f3c6265e0de,2017-11-05,History.markdown
jekyll,beed5513e4450ef3bfa7c88a2b719de129fd6e82,2017-11-04,History.markdown
jekyll,42c21aba86feb1da021eb274f4cdea00488683a9,2017-11-03,History.markdown
jekyll,fc272d4dfb1b16ff2554ace7820e8a7290f83d8c,2017-11-03,History.markdown
jekyll,53d48d52e7db7aeecd801977a08db73715707f8a,2017-11-02,History.markdown
jekyll,7e31e274fbb1d1367908bf0203c68a396f855809,2017-11-01,History.markdown
jekyll,2023b44f2e884fae8df53888819fd6a1cf2fcfc4,2017-10-30,History.markdown
jekyll,cc89a838f59cd2159afaddea4d64a1a03141a06a,2017-10-29,History.markdown
jekyll,c52707bc66671ada1902ca902add1fe900fec03d,2017-10-29,History.markdown
jekyll,f535218a056a4e04769dc84d4682b20316ae466f,2017-10-28,History.markdown
jekyll,5f37f75d9e077469c355b62fdcff575b52400c09,2017-10-28,History.markdown
jekyll,afcffc78312cd49aa7f78418fd97b79fb3de77a4,2017-10-28,History.markdown
jekyll,b71d9b36b6e87e928572b8bab7931587e4d63572,2017-10-28,History.markdown
jekyll,df6608e11dca0e88ca6f6318e202902c85018e06,2017-10-28,History.markdown
jekyll,63255ae2c165268879ccfabc386120b6da26a18c,2017-10-28,History.markdown
jekyll,d628d438a84cc9a2c953beae7dad0df3dd0d7600,2017-10-27,History.markdown
jekyll,e635489c665aa2c883b03a8c77cb51f1dfae1adc,2017-10-27,History.markdown
jekyll,248bd59f5a387e4bf6a2180c190615a7a537e888,2017-10-27,History.markdown
jekyll,08644f1e82d0424ad6b26398af398f1cad15962b,2017-10-26,History.markdown
jekyll,e0eff967f34fb04b3159a8bb8e130d7c5f1fab8d,2017-10-26,History.markdown
jekyll,4865b902c1ee105b2e214399f95baa410f6c9e82,2017-10-23,History.markdown
jekyll,57ab42a8d018d5c3fb192629185bcb36601260a0,2017-10-23,History.markdown
jekyll,1c64f65f25a2c91d41da8dcb62f19309dbd9054b,2017-10-23,History.markdown
jekyll,c933ec5a57d2cc52fdeafe0f42ddaf74d2e47fa1,2017-10-23,History.markdown
jekyll,bfdbcc39843f45ecf815341f99d748f2d39efe6c,2017-10-22,History.markdown
jekyll,bdef1820002f3e91ff32021e6b078ab940e24eef,2017-10-21,History.markdown
jekyll,bb9b634a0cb498b9e83df96fdfbb873ddad77b75,2017-10-21,History.markdown
jekyll,a674620de616da4e3f22ce16437843fbd1d94f3b,2017-10-21,History.markdown
jekyll,4e561a84e4db0035e988593fbeff8e7a49c0d333,2017-10-20,History.markdown
jekyll,04e40d133f99e52ad3cdcafb6e62f0c6dba61cfd,2017-10-20,History.markdown
jekyll,28af8bd85f832ddea1a761f0d109ddcc2ea5f903,2017-10-19,History.markdown
jekyll,32d38e68efb9c5dc23b946de953d415e52b79fbe,2017-10-19,History.markdown
jekyll,c0478e290b4acbf6a3f42f25b26a5a71cb68f3b8,2017-10-19,History.markdown
jekyll,3715633aaecd15d87a1d3336d3390f41cb417226,2017-10-18,History.markdown
jekyll,e0a97b5f12956f314ea59d55f784c2c0ffe62100,2017-10-18,History.markdown
jekyll,640c5137c24af4de344def073cfd31412766eb5a,2017-10-17,History.markdown
jekyll,5ebfbe042dc1d9cfb26c9bdc87d9bee52d1ff852,2017-10-16,History.markdown
jekyll,a5f8cb74dceab80a0050777c5571cf8dc9bd0065,2017-10-16,README.markdown
jekyll,72debf854b57bf13d7bd3ec4a6dfe7147909be72,2017-10-12,History.markdown
jekyll,3f694695e1c419eebafd05cc3f5b644db023d27a,2017-10-11,History.markdown
jekyll,1bb36ebc9e9336c2b02c006f21b22bcb2a7bf38c,2017-10-09,History.markdown
jekyll,b13a6161edf8805e7b15a59a74964ded879941a8,2017-10-09,History.markdown
jekyll,2606e01d5b56d9d6600c643d9f5f7e398e6ebf6b,2017-10-08,History.markdown
jekyll,79194b5ad03235ce1cd5705d1d9ceff14bfbdd8b,2017-10-08,History.markdown
jekyll,ffc29618a176eba87d649b0e73ce6391c5f962dc,2017-10-08,.github/CONTRIBUTING.markdown
jekyll,ffc29618a176eba87d649b0e73ce6391c5f962dc,2017-10-08,.github/SUPPORT.markdown
jekyll,a7a7373281661ce7ae3b3c77b656114433a55a00,2017-10-07,History.markdown
jekyll,4a2ab9247c63ae05962f9b502eb22e3d9b7fec83,2017-10-04,History.markdown
jekyll,7fb10e12bfa7517d0f78bfdc967ab0afef8794a5,2017-10-04,History.markdown
jekyll,50de153c697c3eec6c335dacb99cedd74dd633ff,2017-10-03,History.markdown
jekyll,a20d13d6b5fa6167f8a87f5a7aecbe20214e6c15,2017-10-03,History.markdown
jekyll,85aebe9b9041b8dec2a1c3072d86af2091463e7e,2017-10-03,.github/CONTRIBUTING.markdown
jekyll,ac3e6b384f80c4726f0eac19a6f1a73ee7376d62,2017-10-02,History.markdown
jekyll,ac575a0c50bda8c32134848afa69bacf0cad1244,2017-10-02,History.markdown
jekyll,b11ad8ea774e1249ee1f78264ac4aa9ea46f8db2,2017-10-02,History.markdown
jekyll,4c0f26c8a1deaab81d9d981da2e28f54d633ff16,2017-09-29,History.markdown
jekyll,f8762bd5d5a628bec74391a84fb2e3b6683444c6,2017-09-29,History.markdown
jekyll,816d59129ddad0b6034166611645f32c94535591,2017-09-29,History.markdown
jekyll,5df6e3f8651e02879aca6c67edf35e5bf8081851,2017-09-27,History.markdown
jekyll,528c03c22f748e0cc5e516ea79c9fef4bb8e6df4,2017-09-27,History.markdown
jekyll,cfec06cdba69b8eaf728d4a4c52fb91fe8267adb,2017-09-25,History.markdown
jekyll,a9b95e58c6614a2c22a92b68dad5f2ace87a421f,2017-09-24,History.markdown
jekyll,6f3d7a0034c21b0deb794928a79014a0c3a333e9,2017-09-23,History.markdown
jekyll,9113e0aa050bae814320dcd99639ea6038f3dccc,2017-09-23,History.markdown
jekyll,023775e4eba5e942053bbb54e862cf6038d11a72,2017-09-22,History.markdown
jekyll,d9770bb2837d4c933998ebdcb80aab0fe15fbef8,2017-09-22,History.markdown
jekyll,c84aef0619a99df26f92db710ec2c6e882b8fafe,2017-09-22,History.markdown
jekyll,e083f93ed80ea45baa7a433e47dca4167cdc6fa1,2017-09-22,History.markdown
jekyll,7dccfcf2b5086c23ee84ee9bf72e836fd575a4fd,2017-09-22,History.markdown
jekyll,dc4acbc66c0c309bb7fd50b7d4041c6920f59dad,2017-09-22,History.markdown
jekyll,3feafed56c0f6e816500510ea7a83bfac962e188,2017-09-21,History.markdown
jekyll,738fc558963faf3c37fc397715d01baf798922d5,2017-09-21,History.markdown
jekyll,c9ac5fee94f440dcf4a7fd5c5d08ef562de9ad5c,2017-09-21,History.markdown
jekyll,97d4437179f087d2194ca77cdb88274eaf9c97c7,2017-09-21,History.markdown
jekyll,66e2d38d586d053f9733d59360d9b795712ad4ac,2017-09-20,History.markdown
jekyll,fa49c023358c3d587399b938e861f48d58e17ff4,2017-09-20,History.markdown
jekyll,e3ee9ba1132f9eaac272cdcf77fc1293a383bbb9,2017-09-20,.github/CONTRIBUTING.markdown
jekyll,e9f2d85767fed1beab07291faaa2dcdd532482eb,2017-09-15,History.markdown
jekyll,8b47fb1f7a85d518a21f5fcfd3b20df18c60bf7a,2017-09-06,History.markdown
jekyll,22f2724a1f117a94cc16d18c499a93d5915ede4f,2017-09-04,History.markdown
jekyll,b6853bf9389261d25b410d86a41d2b8f06f63a41,2017-09-02,History.markdown
jekyll,1a4f53de1478786151891fbfeaf4fda6eda2089e,2017-09-01,History.markdown
jekyll,fb27b2e296219943f3c6b563b21a2443b1337de1,2017-08-30,History.markdown
jekyll,68d0214c6c21bfd29b5e11fb1af2f4273bcd40d1,2017-08-30,History.markdown
jekyll,6a2a33d09d614377e62eba804496ad37ab63f427,2017-08-30,History.markdown
jekyll,e2b3ab85a030e1bf6f2853e330a2a44dd0070b8c,2017-08-30,History.markdown
jekyll,0aa55dbffb3aa3e15e57ff791aa9395335e9efb7,2017-08-28,History.markdown
jekyll,fe0c105ff066304f9b4698b977bf5fd049d2f96a,2017-08-22,History.markdown
jekyll,f808593fbf1e7b5f28c7338cbbdbcee26e6b8b2a,2017-08-19,History.markdown
jekyll,2989a9a81be6e374af08832cf1d7d2f24f73eac1,2017-08-19,History.markdown
jekyll,df25873ed4724df3cb78ba98fa46465a6157ca4d,2017-08-19,CODE_OF_CONDUCT.markdown
jekyll,df25873ed4724df3cb78ba98fa46465a6157ca4d,2017-08-19,README.markdown
jekyll,851c36d8283730d9972b55a9804199edec979675,2017-08-19,History.markdown
jekyll,5cc2b6affc821996e043e6661de4f6dd390e9c08,2017-08-18,History.markdown
jekyll,ee23d065072a574a7eec70ea7f8b37278621eafe,2017-08-18,.github/CONTRIBUTING.markdown
jekyll,ee23d065072a574a7eec70ea7f8b37278621eafe,2017-08-18,.github/SUPPORT.md
jekyll,d08256d1cec4218143de55ce5dfcb0c2deaffe3c,2017-08-18,History.markdown
jekyll,72877a9b078a044279fa6caf4f4e71f26dd5c637,2017-08-18,README.markdown
jekyll,22449496b834e39e87871e64b1cc20c4e4502cbc,2017-08-18,History.markdown
jekyll,02767d612e1aec4833515aa4db3aab1082863405,2017-08-18,History.markdown
jekyll,08840946f3a142ec04d41618234db067092cfce9,2017-08-18,History.markdown
jekyll,f2860047b7e012e20f6dbce3ae43b0d9c4acf9b6,2017-08-18,.github/ISSUE_TEMPLATE.md
jekyll,54c1e5515edee52d121122341b74d612be3d08ea,2017-08-18,History.markdown
jekyll,2ce17697d318a13fe6e6fdc28e22c1a6bfeba728,2017-08-18,History.markdown
jekyll,8e9605a32cba6bc4be3ebcc68f14670807a1e642,2017-08-17,History.markdown
jekyll,21fa0d7755d26d2cbce864c11c67b68206580751,2017-08-17,History.markdown
jekyll,48fafd9fc0bcc1d06ba6c3622478d31e6bad5ad6,2017-08-12,History.markdown
jekyll,c810d761f7981bc3144c37c42098a9eaf760e7f1,2017-08-12,History.markdown
jekyll,a761a7acbc1cfae35ef939df012caaa4642bb882,2017-08-10,History.markdown
jekyll,073d2f1e6a7519d91986ab3d5223ec93c94026d4,2017-08-10,History.markdown
jekyll,dfdefcf367599000e1841cb6c35eae33014fdc9e,2017-08-10,History.markdown
jekyll,29b96f440815419ad3c4fbdc9749537903c5b291,2017-08-09,History.markdown
jekyll,e39558f8370916b480471edfcc44f3a7625bf40e,2017-08-09,History.markdown
jekyll,fbabb1eb26d78e8fc6ea11c0d938f00ad2e44a59,2017-08-09,History.markdown
jekyll,3fab69e3c966076f3ccc92fd6abbc42a11867343,2017-08-07,History.markdown
jekyll,adde25120cce8444b7a97657dbb3187954c3500c,2017-08-06,History.markdown
jekyll,6b1aa4ce014b2c0801faf77f8eafaa5ac9107581,2017-08-05,History.markdown
jekyll,5c2e75823a394d0bb38b9fb004404bb5b11f6c95,2017-08-04,History.markdown
jekyll,305e293d46251cd6e12831290d7860680c43e07d,2017-08-04,History.markdown
jekyll,828ee760c23f5f03399e2bb65d213ee04f3a4695,2017-08-04,History.markdown
jekyll,73419cb374be1b8f45818a23116cf71db93549ce,2017-08-04,History.markdown
jekyll,f9f05e3f755b630041dad5ef460d790ff4e65820,2017-08-03,History.markdown
jekyll,56436f46fe7a0c77a066695e54ca72373e248de0,2017-07-30,History.markdown
jekyll,34967978c2e9005a410242c8d1aa84ac190cdefb,2017-07-30,History.markdown
jekyll,a6efa488836a31e35c6610167a4dcc3948b51afd,2017-07-30,History.markdown
jekyll,12832af98ea74591394f4bb8d3edfc1cc03bc530,2017-07-30,History.markdown
jekyll,f8d06f20aa187eddeb8b8f6ab874116294065dfe,2017-07-28,History.markdown
jekyll,592daf4ce2fd305f5c3c6aefc4c83e08731f9492,2017-07-27,History.markdown
jekyll,590dd6cf8090af943ca4d720d27a844cba8c0e5c,2017-07-25,History.markdown
jekyll,8a017b5a2a2373d125a2dd87da58b2bfd7384916,2017-07-25,History.markdown
jekyll,4493f2a58b9cf271c1278f17edb0baa09598e0b0,2017-07-25,History.markdown
jekyll,7b255baac2ba4acf64ae2a1e9bb4213fca44b12d,2017-07-25,History.markdown
jekyll,897cdbb4276ae931e87f9198eb3e050209408921,2017-07-25,History.markdown
jekyll,819491b99c5953453a025507279760bb91b00983,2017-07-25,History.markdown
jekyll,66c39d3bf91d9a6fedc639be9095a532ea8b8cb3,2017-07-24,History.markdown
jekyll,1a592c57575a8986ae8b106b9e4c3eaff16754e6,2017-07-24,History.markdown
jekyll,56546a28fda95098c44b31090050db0f415be574,2017-07-18,History.markdown
jekyll,c2b240e9b5a79c59c250c51a36596d47b406c363,2017-07-18,History.markdown
jekyll,2b28f9fd57f2624b1c618fc7699c773ecb8de8da,2017-07-18,History.markdown
jekyll,33cb629079aeb9d8849002a54cc1b847165fa5f4,2017-07-18,History.markdown
jekyll,848bd4edcc5152814a80a77c48cdf18fbd6d7bf0,2017-07-17,History.markdown
jekyll,c7d98cae2652b2df7ebd3c60b4f8c87950760e47,2017-07-10,History.markdown
jekyll,fa2aa394d6eea2809fc48e26482d50bcce45a44b,2017-07-09,History.markdown
jekyll,e946bbf331487cbe62d04104cd8a6ff16ea70d8c,2017-07-08,History.markdown
jekyll,74373baa550282a8630368e7b609ca9370f6d560,2017-07-01,History.markdown
jekyll,e059a18ef0c5b041fa9b484d95ea975e985432cd,2017-07-01,History.markdown
jekyll,409a36e6c0b441dc30555bee7c7a0f85c72d0df7,2017-07-01,History.markdown
jekyll,b0136fccfab51fd7885207fa79bc3dbf3f64c6f4,2017-07-01,History.markdown
jekyll,17370b5992c1d8b05b98e4b2b78c14dc0e1875f3,2017-07-01,History.markdown
jekyll,b089e440168ff4945cde0b1bcf63f814c5b7e016,2017-07-01,History.markdown
jekyll,5c95201c9828b4aa4c7c293def3867c7d875ea25,2017-07-01,History.markdown
jekyll,4f4d42444ac73174d857ad0a630e23d4ba8f41be,2017-06-26,History.markdown
jekyll,00cca72c7bc90b9c5c21b69ff556b80471a63f58,2017-06-26,History.markdown
jekyll,605a14412db2f80c7b5f9198ee0879b358556098,2017-06-25,History.markdown
jekyll,e836de3205888e6016e913a1b65d681000eb5eb7,2017-06-25,History.markdown
jekyll,374de56062eaacda135e4d28c79ebc83acf76bf3,2017-06-24,History.markdown
jekyll,f1410c7e239c0f2d1205e09968803b4b9db078b4,2017-06-24,.github/ISSUE_TEMPLATE.md
jekyll,19a84584c99bfaaea5c4b33a78a485bf979d9eba,2017-06-21,History.markdown
jekyll,ca39b1525571ffc044bd3a8b7ba7159f63cd5d40,2017-06-21,History.markdown
jekyll,e24fd073fe7acf1fba441c151ceb68c00ed97e5f,2017-06-21,History.markdown
jekyll,3a52866cced3abe4c379c1c30e4385b618d2d2cf,2017-06-19,History.markdown
jekyll,ffbccb63bacc5654e4db11c6b2f482edfce2e565,2017-06-19,History.markdown
jekyll,3a527bcecfba533bb0bf833cafb7d749c72bc1bc,2017-06-19,History.markdown
jekyll,056cebd16b0fb9c1e92ee5120a619df81d428d5b,2017-06-19,History.markdown
jekyll,0dcc7cb20e1440f4c40359bc936d868b65c330b7,2017-06-19,README.markdown
jekyll,9eba49cd61dec8e72157a129e9fe9bb38ab4054d,2017-06-18,History.markdown
jekyll,22072235598838311eb14d26f3aeebf39d435234,2017-06-18,History.markdown
jekyll,e3917b6fa28bec6b98eec9cb6380cc353d0dccf3,2017-06-18,History.markdown
jekyll,6c88e5c24128d613073dd2d1972a64f00ceed9c6,2017-06-18,History.markdown
jekyll,0d96ac4700f68c4fa0b61ef450ff4f8482e8ccbb,2017-06-18,History.markdown
jekyll,6384724a091d7982bea8b29cf2bceba84f8e6e4e,2017-06-16,History.markdown
jekyll,7236e514eafb17382725c7aeeebd96cac0e74f74,2017-06-15,History.markdown
jekyll,fbdfbbb28ddc37226d8210d2e799687321359a24,2017-06-15,History.markdown
jekyll,3439a0d947b592893bfde489c6a0f4362bf3be88,2017-06-15,History.markdown
jekyll,401e20cfa6a908c226b8bfcd5a536ebed670729e,2017-06-15,History.markdown
jekyll,2c0f5b30594da8f7b70b1517182599b3223666f8,2017-06-15,History.markdown
jekyll,ae8889ae2b3cc3b9257296e667f7442c4554c913,2017-06-14,History.markdown
jekyll,1dd3e3b593a96186f2c41cbdafc86463ed4ff6fb,2017-06-14,History.markdown
jekyll,36265128cd2233ad90c77b2de3e022f94670dcf2,2017-06-14,History.markdown
jekyll,82218557356e259f2c03bdbcb25ffaf4399cf27b,2017-06-14,History.markdown
jekyll,158ab6ce930e6feb690ef9a96397b285cf43c867,2017-06-14,History.markdown
jekyll,4e3b5ba5b4e5c55aefb8006930c19c4a78052376,2017-06-14,History.markdown
jekyll,b0afe5125c152f1a30543725447af79282952ff1,2017-06-14,History.markdown
jekyll,61cdebf272726b3706fc866ebb580d6cb62c4fa2,2017-06-14,History.markdown
jekyll,cee3cc506e22b13faca25dccb019d8eae2411d75,2017-06-14,History.markdown
jekyll,c71c27a397e9fe15c5fbb458e3c480110e9897a5,2017-06-14,History.markdown
jekyll,35684dd1b8fd319f31a4b48bb21326cd15cd1425,2017-06-14,History.markdown
jekyll,466a4a69eb3eda644f92b1e5d448e4c5ce04a721,2017-06-09,History.markdown
jekyll,307c0c933d31ded13d5564e51b8c8ce32d689044,2017-06-04,History.markdown
jekyll,729472bbdaf65efdd0b0a0af730ada0036ab4b45,2017-06-02,History.markdown
jekyll,b6bd2f79d67673ccab0ddf3b73906e5cf0207554,2017-06-02,History.markdown
jekyll,00d0b5de6bbfdea1902d0fe98eee5941b58dfcd9,2017-06-01,History.markdown
jekyll,18d8144dc19da0d9c7b8f207dcb2b9b91e80706e,2017-06-01,History.markdown
jekyll,22b18543ef42730bd8157b51e489ce82edf4a6ae,2017-06-01,History.markdown
jekyll,5790510bebffc242458539454d1fc2b5252b44cd,2017-05-31,History.markdown
jekyll,59db714d8bc5ba47c848ccfccafe8cb56232f10c,2017-05-31,History.markdown
jekyll,2561470039cd290b136b7ad78477c629ec2ba0c5,2017-05-25,History.markdown
jekyll,dcd54adbc0ac211c73ce7c2e0881fa0dc4972860,2017-05-23,History.markdown
jekyll,93c8b8556e0e649f92b6887488749e7431632490,2017-05-23,History.markdown
jekyll,bd104c4ee0ec921f5b681c098595260155cd0106,2017-05-15,History.markdown
jekyll,e0dfff01227fb978a634b39afa79819fd7c90813,2017-05-13,History.markdown
jekyll,771bae4ec5eb4714e011d69caf60f31be16c49ce,2017-05-13,History.markdown
jekyll,72564f179b232f931e76072cdfcc151e6923c629,2017-05-13,History.markdown
jekyll,13b6c502b7d943cd188eca5018a0a93704dfd148,2017-05-10,History.markdown
jekyll,86d2b77f3bded0832dbcb5a78578c89b206d47b4,2017-05-09,History.markdown
jekyll,c3c5745e4a4a632cdc00dd4790fead665d86f96a,2017-05-09,History.markdown
jekyll,be70e8edd736b2bd091bb2f11e843ab1ba0a0659,2017-04-27,History.markdown
jekyll,0126f4ab5ed9d66f56332d0083984c8fa12c3985,2017-04-25,History.markdown
jekyll,e3dae0065f3696ad29bf8e80c95bac3a20649cb2,2017-04-25,History.markdown
jekyll,46668744e4d14e17cbe05e0ce7d2904d29657551,2017-04-25,History.markdown
jekyll,fbd535278ecdc4ee0341b7fb3bebd0bad4a757ca,2017-04-24,History.markdown
jekyll,2e34bb816a4e257c7db7dc05d6089fdbd67b4cb2,2017-04-24,History.markdown
jekyll,4aa073279fd34d95d4fb2852aba80406cfb0a208,2017-04-22,History.markdown
jekyll,13976cfb33f19b9c8fb7c9e9b306f354c6ca500c,2017-04-19,History.markdown
jekyll,4c61e1809a26ad9d0c419bb98c0dec97ee3ce41d,2017-04-19,History.markdown
jekyll,76fb728f7207ca9cf3457660f593a2794abec6d8,2017-04-18,History.markdown
jekyll,4b8b3084cdd5a6c1a6d30002a725a6e8bac0ed8a,2017-04-17,History.markdown
jekyll,144d053226fbb69145501a946aaea160f96cbffd,2017-04-17,History.markdown
jekyll,b37d8b13dc212daab4ee52aed71993d11a5e9893,2017-04-17,History.markdown
jekyll,14f0db9dcc10bd3c80c4f1f9a69ef220a2bd9102,2017-04-17,History.markdown
jekyll,3df88b2e31d49a6eb8a782bb39f13d40a471c55a,2017-04-14,History.markdown
jekyll,be9b83dff6b3479a05ae787614c853cfbe0c5ba3,2017-04-14,History.markdown
jekyll,5f6abda2014776fe0ad9bd4c09eeefbc93eed34c,2017-04-13,History.markdown
jekyll,a6663fc66714632f3f77d45875da0766cdade56e,2017-04-13,History.markdown
jekyll,4e82518a019a931d5148f2cd9b5ff28bea145785,2017-04-11,History.markdown
jekyll,034f03ed50f83183593095d4178063d8f18564a3,2017-04-11,History.markdown
jekyll,8b8ad61097e449a2176bae031082830adf27590e,2017-04-09,History.markdown
jekyll,cce53abe3d64cfc4057fcfd75f3f16a3e829d886,2017-04-09,History.markdown
jekyll,a83b6684092ef3efebc7b7ac5d653b950f87ca04,2017-04-05,History.markdown
jekyll,84d1f2d408cf73988d2b2067ceb9fc6fc5dc945c,2017-04-05,History.markdown
jekyll,f46dffcc8e9285c4a7a76d84042e406079bb2bf2,2017-04-05,History.markdown
jekyll,b4926daf3a3419773c247bc33d471712f674f42f,2017-04-04,History.markdown
jekyll,4d689ec0518bd69e6d7682bf75f9e8e871a1fcee,2017-04-04,History.markdown
jekyll,fb2654f2938939c8f146a49b8a19484d68d7822d,2017-04-04,History.markdown
jekyll,370d28e290f9a7c01e00d81f9056734ab83d1289,2017-04-03,History.markdown
jekyll,55103132f953beed9a43434443994d65b568c392,2017-03-31,History.markdown
jekyll,5dee5a000ad9acb4ff3551a87328380c5b957dfd,2017-03-31,History.markdown
jekyll,57e93c463abb4ad73d2e879b65ede0b3dcabbfa8,2017-03-31,History.markdown
jekyll,e7a7215095b8abd8325b6e9646fe545c1bbaa974,2017-03-31,History.markdown
jekyll,7c49070a0ecb2753b98d34b226a922a37a9f5079,2017-03-31,History.markdown
jekyll,b7916f8a838e60658572d804e456e960633be225,2017-03-31,History.markdown
jekyll,367c4521053fc4838615b6bddc4a82c065447b68,2017-03-31,History.markdown
jekyll,a4d2ceb320628e9a35b6ca4dc25be25ed11836c3,2017-03-31,History.markdown
jekyll,bdcdfa694f16154346d9d998b5befdeb319cb275,2017-03-31,History.markdown
jekyll,20ed6d0a3ccdd760bbaab15a30f1e335bb079673,2017-03-31,History.markdown
jekyll,db06288448b65f7e4206fc05810f2603c0576e26,2017-03-31,History.markdown
jekyll,3921e523c5303583959fb9c04dcc62ca98e559a0,2017-03-31,History.markdown
jekyll,fe388a885e3883f16ff55bf64de5b5890aaab0a3,2017-03-30,History.markdown
jekyll,6edc546d36916c9cc521fd6e341ada1bb95c5fce,2017-03-28,History.markdown
jekyll,73e70da9e5d97c1b7e1bd85f93a2bda89811207d,2017-03-28,History.markdown
jekyll,f598b7e6804548c61e8a5bc0a4fd72075faf8aa4,2017-03-27,History.markdown
jekyll,7affec23478a25228929996f825f4f475151f7b5,2017-03-27,History.markdown
jekyll,a6518c1de3ac54df01dc06b45d687100124c20e3,2017-03-27,History.markdown
jekyll,a9830fadac277b709bb9212ad8b266d9faa50128,2017-03-25,History.markdown
jekyll,a3aed14d4107f85628ce03aeff6d80d5ce64c149,2017-03-24,History.markdown
jekyll,990809ba0793c09e0801ed87933c6de686025765,2017-03-24,History.markdown
jekyll,16e807a41dd9170b0c7b2b683372ebf463f284fe,2017-03-22,History.markdown
jekyll,c48f147192d417294aac72c559599a46ef0e3410,2017-03-22,History.markdown
jekyll,c55cc1d9ef72ecd4083b1911b8f70a821808203c,2017-03-21,History.markdown
jekyll,161902eda266167e0fc239e96e38190b6462b9aa,2017-03-21,History.markdown
jekyll,9d66fc2292080335db5adabbf507693d6c02cedb,2017-03-21,History.markdown
jekyll,df0d3f20c4075c3853b59be40c057a5b5145ba8e,2017-03-21,History.markdown
jekyll,d592f5781ab7ccba005a20e0d18286cd7410bf40,2017-03-21,History.markdown
jekyll,428ff04b7f8009dcf594d102a1c6d919bf8dc17c,2017-03-20,History.markdown
jekyll,0f0ac6f586d26be761f1147c345442be8556111f,2017-03-14,History.markdown
jekyll,b87a4358ee97b94f45bb51298d6016035f68839a,2017-03-12,History.markdown
jekyll,b3725e202eb7c5ff838da434384f166f34c62338,2017-03-09,.github/CONTRIBUTING.markdown
jekyll,511481e626db0beba1b0b847d2ab109f8e5edbf8,2017-03-09,History.markdown
jekyll,ea4a2fd57b3f0cc48823710b47cacef269b5104c,2017-03-07,History.markdown
jekyll,31a0aef59487893ad78bf50b203545682fec331a,2017-03-07,History.markdown
jekyll,bfb6341339dc62c228a1cccf6d080766c24f7624,2017-03-07,History.markdown
jekyll,085b5f56f302a22a90426b9f7ab69a07b69b62d0,2017-03-07,History.markdown
jekyll,3e2875f39c1cfb9162a01f4883739d8a95423451,2017-03-07,History.markdown
jekyll,ea91864af89662d33e14040c9f8cdd573481977d,2017-03-03,History.markdown
jekyll,9b91b248ab9ec1efac57c64db48cb357293ec344,2017-03-03,History.markdown
jekyll,56dfe18c5dd2ac769670480600e5e1c63ecdac8d,2017-03-02,History.markdown
jekyll,0300a7017b8e69d86d267d1e252d561b34906e77,2017-03-01,History.markdown
jekyll,05790460c1d2479334428e1eb42891232aba008f,2017-02-28,History.markdown
jekyll,31b8a2ba5c437f7ddb29e9c74ddbf789c4e9673e,2017-02-27,History.markdown
jekyll,21106b5431148a1fe536fd57315b2c541b4d5d86,2017-02-26,History.markdown
jekyll,e52fa8766548ace67a031f431e0db54459e3268b,2017-02-23,History.markdown
jekyll,2c75cb1ca7e540673ce21de30793f75eafc62b94,2017-02-19,History.markdown
jekyll,6137dccfc02998ea2936e67e9524bfbdecb948fe,2017-02-17,History.markdown
jekyll,c48b12ba9f293c6137a7b60bc3ab7bf240482989,2017-02-14,History.markdown
jekyll,2dde1800a285d6199eee38fd24bc0106b857bde8,2017-02-13,History.markdown
jekyll,04ae82b84913b11408b326d4c815200039e72bf3,2017-02-12,History.markdown
jekyll,7484c23ba42068bcaf36b3a2a5f4d6a031368287,2017-02-11,History.markdown
jekyll,98e19c3cf5122582a8d2b5ecaad805a7902f2e53,2017-02-11,History.markdown
jekyll,bcebf58cbd1181ca73b05dac797c59a5d80d6e40,2017-02-11,History.markdown
jekyll,7b58bcfc9e0822649f4ea26843856ef46e801dad,2017-02-11,History.markdown
jekyll,bdf594317b25899c4d9856e5d40e0c944363f48b,2017-02-10,History.markdown
jekyll,20d2eb2709b9fda243a955d365fbb911cd0b51f6,2017-02-04,History.markdown
jekyll,0c59ac3d299ab498ff535c4de83253d9034c0ffa,2017-01-31,History.markdown
jekyll,1457359ce500d734cd22349bc603077f9a76acff,2017-01-31,History.markdown
jekyll,e0109633ded51bc5cbd31c114e751418f33855d8,2017-01-31,History.markdown
jekyll,78a4f207449e323e77f67036eab504bea7b9d9cb,2017-01-31,History.markdown
jekyll,966800fb1f4371729eb0ed8b016efa0a084e7318,2017-01-27,History.markdown
jekyll,c01b7e4a4a70ee4df498398585bce4e6f59fb04a,2017-01-27,History.markdown
jekyll,5183bde7b88fa95b6816a9ca87a75b6d27ac6176,2017-01-27,History.markdown
jekyll,f0dcc9415b2a1a1a61143a6935ba616968e39475,2017-01-26,History.markdown
jekyll,4a781f23f3c0e3c02bbf6bdfffd726f6d01da453,2017-01-26,History.markdown
jekyll,e56d8092982982622653007d31a742542b32c85a,2017-01-25,History.markdown
jekyll,886de9f37d0e859a04ac9e9cc92e75ac255d3466,2017-01-24,History.markdown
jekyll,6b08c14ccccc2cf292bd141661bcd3294af056e2,2017-01-24,History.markdown
jekyll,770ef586f53b5efa9b3594586c2ce04ec365301b,2017-01-24,History.markdown
jekyll,b0a7c4df0abdb85bb01d03febfc81e6457105724,2017-01-24,History.markdown
jekyll,451fd8e15f84f813ab406ac06a505047c5a3232a,2017-01-24,History.markdown
jekyll,2a56e9ce0d5eaf3581bf0bf4e134241731785974,2017-01-23,History.markdown
jekyll,c1b542e066f656f81a3fc138b0b73871c4852d9b,2017-01-22,History.markdown
jekyll,9fe73be1013639b6721b4bffb787d8e62cbf12bd,2017-01-20,History.markdown
jekyll,4804806266e9fade7c3de6bf0d3064bc013e29fd,2017-01-20,History.markdown
jekyll,60ba3fc0c982f771c75f59d2f4d2061d0bc1ef8f,2017-01-19,History.markdown
jekyll,b7f44e6ecace7521614942d631345b504ad146bf,2017-01-18,History.markdown
jekyll,b2d93913d09740494d5bfedea9a9f459acdf9353,2017-01-18,History.markdown
jekyll,0599c2242570d82230f60b70ffa49d8f363f0e1c,2017-01-18,History.markdown
jekyll,402eb0dfa548ffbbd11a9b9a1fffa90a0ee40b04,2017-01-18,History.markdown
jekyll,0b4a097a40bafd278116a7833f87ae1b6cbdc81a,2017-01-18,History.markdown
jekyll,a9c7e14d6079e8cfee9adfd7e54e11954e9c0ba1,2017-01-17,History.markdown
jekyll,2052280ccd026b0c8711e026ed513a4783566308,2017-01-17,History.markdown
jekyll,39c4054cd1aa5346ff0e6f547bcdb15485998e3a,2017-01-17,History.markdown
jekyll,b9dedb34774382099b89eff7aa8bb85ed5e39ed5,2017-01-17,History.markdown
jekyll,9c729033959bf7ef74372a22eb19e67900881aa9,2017-01-17,History.markdown
jekyll,4ea770e99565f611359f4699e50fd7b9dcb2face,2017-01-17,History.markdown
jekyll,5460e711765c99a638a125b1cbaca698ea813297,2017-01-17,History.markdown
jekyll,67ab1596064eef6a2eb9c1dcc4367915c3efe1b7,2017-01-17,History.markdown
jekyll,e509cf2139d1a7ee11090b09721344608ecf48f6,2017-01-16,History.markdown
jekyll,448b6ba08ee419f4dd55b9a0ee0d036089077b48,2017-01-16,History.markdown
jekyll,9d70bbba44cc2c62ac96a579050f163b52dc1672,2017-01-16,History.markdown
jekyll,036dd3ccc96365ea97797dc61387aac167c54742,2017-01-16,History.markdown
jekyll,becdcb5164cbba419abbd0d2f3650ef798d2c393,2017-01-15,History.markdown
jekyll,7d5f961dbacac7af9d58cb4d900eadb84d26494d,2017-01-14,History.markdown
jekyll,b9ae94387f4b51ddb41dd543515fbfebef59f71f,2017-01-14,History.markdown
jekyll,a66fd1fa042752d421e248244ebeed27f7ea0459,2017-01-13,History.markdown
jekyll,27ed81547b12d28a60c51961b82a5723981feb7d,2017-01-13,History.markdown
jekyll,8ae2673ebae7c9d2a7c75e3e3e95729cde04cdfc,2017-01-11,History.markdown
jekyll,07d161c2ce8707d7320fbaf09af898e075f4a240,2017-01-11,History.markdown
jekyll,4f84b522b518d51864917fd1a70bbbc455039ac0,2017-01-10,History.markdown
jekyll,22368896fb6776766e82b746fb96bb55fcbbdd0d,2017-01-10,History.markdown
jekyll,0210022c757e6d931db508e160217c2088a39e64,2017-01-10,History.markdown
jekyll,f785d6f8d14ffb65588f4536a2ddc86bf8b3b6dc,2017-01-10,History.markdown
jekyll,47550935cb63d9432bb773fdd9e96ed926058e8d,2017-01-09,History.markdown
jekyll,fb83ebadf61326bb628d6baa72b8db7711db6e6d,2017-01-09,History.markdown
jekyll,86fc58491c494c6acfb25d5e6a8d9f4a4c6c754f,2017-01-09,History.markdown
jekyll,74fe613072d377c747ab37a4cc47f08f91a922b3,2017-01-09,History.markdown
jekyll,5ef6edb97770f9fc73c1a161d129a37daca499f1,2017-01-08,History.markdown
jekyll,dd397b6c4b24da613bce20c303151a9292cb4a78,2017-01-08,History.markdown
jekyll,0f9a4ac07292bd4db035fb1e250af3c20391e13c,2017-01-08,History.markdown
jekyll,61e5aa7728d95b41eccb06fd162b7f03bd799d97,2017-01-08,History.markdown
jekyll,e126d161352086fe80bfc4be1dc6db1ae754d38c,2017-01-07,History.markdown
jekyll,08cec6889abc6073a4ac47eea160d8e820bddcf0,2017-01-06,History.markdown
jekyll,91776d1dc7cc21019286d069f88457dc10ef125e,2017-01-06,History.markdown
jekyll,7cded91a7cf1c761a0059c7e589f2cfb1149f182,2017-01-03,History.markdown
jekyll,9fb63552644d2a4ba05e7f9d59be263ac2ca1377,2017-01-02,LICENSE
jekyll,fb75f4031c800224796e1d95c892488a9f83e027,2017-01-02,History.markdown
jekyll,7dce4e427036bc7f3a4c0d5d859adc85dfd68620,2017-01-02,History.markdown
jekyll,6ab6de7093e5319d164fed2ed068dd517583f185,2017-01-02,History.markdown
jekyll,b704df0245ef467017ac945d73f77dc278b1c3a4,2017-01-01,History.markdown
jekyll,0197b65e711fc8cab22170b43db06414d764a33e,2016-12-31,History.markdown
jekyll,0014b1d9f07bc802de4adbc7b462b958c66451eb,2016-12-30,History.markdown
jekyll,52c2645abb871dbde190651e8e2396dacb3b60dc,2016-12-20,History.markdown
jekyll,6eca7e101a378f669753197bc0ccf26240216954,2016-12-20,History.markdown
jekyll,79adb496764e29c31f5ead49f96e50f2629f3309,2016-12-19,History.markdown
jekyll,53db36c43a1ea8caffd77928a6abe30f8d2bfa9e,2016-12-18,History.markdown
jekyll,38a50e49dec1c0ff58061e853870c792724a867b,2016-12-18,History.markdown
jekyll,109dceee3dfe35ebba51e4706d9c19d926943f1e,2016-12-18,.github/CONTRIBUTING.markdown
jekyll,25f58fe8f843a4d6d3fd59583f57edbe2d8ac51b,2016-12-14,History.markdown
jekyll,2856fd3ac70bd4f566a40966c77c06f2a0389b96,2016-12-13,History.markdown
jekyll,4f0a7439aa7c1c16d3201b2e6bfda4a8bedb5779,2016-12-11,History.markdown
jekyll,c09221205a415a5bd324b9158173e57d21fdf346,2016-12-10,History.markdown
jekyll,b02f306f0a6329007ac5899b48f77ea3a2eba7cb,2016-12-10,History.markdown
jekyll,43af0aa21b7c19313c769ae61d47bb37f1bee9ba,2016-12-09,History.markdown
jekyll,81f6f1e40450bab83dc3ba8db8723e1846aa07fa,2016-12-08,History.markdown
jekyll,50bfdf181f39bcaeb8d8d3e409e778f5f2d13df3,2016-12-08,README.markdown
jekyll,4c6bbe7d0e25f6de68c8df68a09b224e90d97023,2016-12-08,History.markdown
jekyll,4382b2467baf6d3f35dd82fabec9a01b60b4f1d9,2016-12-05,History.markdown
jekyll,d219b9f6c54910f705b42d6ee00e22897f9a214b,2016-12-02,History.markdown
jekyll,e38ec839a80f9d100f79db46a06c21c134565c5c,2016-12-02,History.markdown
jekyll,24eff43795106ea6d39b335a0b52dccbfe15d3ec,2016-11-29,History.markdown
jekyll,0107341eed7c6b282e644392f59450741d13458c,2016-11-29,History.markdown
jekyll,35c5e073625100b0f8f8eab6f7da6cb6d5734930,2016-11-29,History.markdown
jekyll,4bd6240a1d3680a2aeb7ccf1249f450d8ca85edc,2016-11-29,History.markdown
jekyll,65b845470e6d0251bac050befc2db996cf3f4ca1,2016-11-29,History.markdown
jekyll,5c69924484d6e0e6c976a256fc2f65bfc6470d0c,2016-11-29,History.markdown
jekyll,bf3134f5cff219e2f820011c0585751c35ec3789,2016-11-29,History.markdown
jekyll,6bf1522de94cd7de6b43d268536d1636c5fd1d8c,2016-11-29,History.markdown
jekyll,4c634d1d6654dc625c2403c6ccfa4a9863c7a579,2016-11-28,History.markdown
jekyll,ce67da0f80058f579630e0adcec538facd8418a8,2016-11-23,History.markdown
jekyll,8a08bb417e4cb70a3cf77c958b55183c5706aaa3,2016-11-20,History.markdown
jekyll,8d4803eb6dea2f7c54ca5bad00f9b47e6cdf71e1,2016-11-20,History.markdown
jekyll,575c23e547991116e7059d4582fa7fd8071d7dd3,2016-11-15,History.markdown
jekyll,7c44c5a56d104181216a053355357dac4b1b093d,2016-11-14,History.markdown
jekyll,cd3831296a5cb1be176db4d97daf69d9ebd238d5,2016-11-14,History.markdown
jekyll,51d04cbd00deab11918cee382c393d56159736f2,2016-11-10,History.markdown
jekyll,07d4333579f0024f913c2dbb22c40145163d0a83,2016-11-10,History.markdown
jekyll,dbfe0cdf56eb933b973cd626f8e01dd69301a9cc,2016-11-10,History.markdown
jekyll,262ebbb9f0fb782a970c9d8dab9a355ca996b9c1,2016-11-10,History.markdown
jekyll,d050f6de10c7dcbe4b38c1bc1c1a39b0b19420cb,2016-11-10,History.markdown
jekyll,09ec7c81f2b6e085425a962c5f791de5f078e10b,2016-11-10,History.markdown
jekyll,fcbbc4d0bc37a5b89c154c2c2436a71cca8298a8,2016-11-10,History.markdown
jekyll,6110002d1e3cfb44a8ee3178300d360cc7be2531,2016-11-10,History.markdown
jekyll,bafe37cc9d70fa7a2d6708510e0c1c7860e8d07e,2016-11-10,History.markdown
jekyll,fc66991243ec66ed7a7de53d37bff2080bb6859d,2016-11-10,History.markdown
jekyll,426830107116edb91a8c14e56ae390ba9ae7e3a2,2016-11-10,History.markdown
jekyll,2d1a50c21214659a89c2e6f36e68cd7c257dd23a,2016-11-10,History.markdown
jekyll,0de653d18647e4d15b5dd5d66674daf3a3b84809,2016-11-09,History.markdown
jekyll,ca3aaec7b5a47af7b6b7bce1d1ce4f1801d4b9f5,2016-11-08,History.markdown
jekyll,e1eff52cd2eb9e7508269a2f25d9761653a0360e,2016-11-03,History.markdown
jekyll,b30c499196571db81c02e031d9b664084f59ef90,2016-11-03,History.markdown
jekyll,7298da6de44df2ce8c65da40bcd19ab3fa8dde55,2016-11-03,History.markdown
jekyll,5237040b44fbd02745c8b7876634fa6b6e9a205f,2016-11-03,History.markdown
jekyll,0a17b0ab0ad0f47e759d814e5a7ef8746a83eed3,2016-11-03,.github/CONTRIBUTING.markdown
jekyll,e523b2251073cf0a85e546c60bab655f47d588c9,2016-11-03,History.markdown
jekyll,2adac58b41a788eef41a6db1d4588a667de611da,2016-11-02,History.markdown
jekyll,16217b2ed76dc76af1f54e3a6e28bb592b988363,2016-11-02,History.markdown
jekyll,a1bdd312496d6822a2155050025b24a8f7524ab2,2016-10-30,History.markdown
jekyll,803c8827e35ca9b9973427c4d7bf05f96ddf4348,2016-10-25,History.markdown
jekyll,81535dc18830877b0ffd8580120b80da27a74f49,2016-10-24,History.markdown
jekyll,ce6f20f187af0facb4ccf420f6d0694fb15e034d,2016-10-24,History.markdown
jekyll,a87cfec587a6e6b6988d680d7e35ecd1b7913e11,2016-10-24,History.markdown
jekyll,12a86c1298f31f2e210c48c5fa433eae2e18a74a,2016-10-21,History.markdown
jekyll,4d597643ecb7f318b45048649b17cfaba9b9173e,2016-10-20,History.markdown
jekyll,3431c9f7b8093c9f4fb90d87d909c982541a5a95,2016-10-20,History.markdown
jekyll,821a84516677966a1f3b527d9d9daa5623a3452f,2016-10-19,History.markdown
jekyll,124c63fd59d9b16b741613787200421dca36ed7a,2016-10-19,History.markdown
jekyll,344d07cb559076069c0cb689a06156315ce6f8d5,2016-10-19,History.markdown
jekyll,0f5c34d16d957247bbb396b093320a9fc777f912,2016-10-19,History.markdown
jekyll,53d20bc77ef3a64bd6045268416c93e1e6e4df5d,2016-10-18,History.markdown
jekyll,0a1c837755a437ce1683139bc784e90fc172af23,2016-10-18,History.markdown
jekyll,1f9c2b138040512d6385fc4f3252038dfde58e64,2016-10-18,History.markdown
jekyll,c9d24b7d188f4547d3ab386cbd483a4628998fd6,2016-10-13,History.markdown
jekyll,aa97be3ab5f66fde36e2019f0167ef9d02e9e736,2016-10-12,History.markdown
jekyll,d4b7b4432874aedd15039d862258227a12654425,2016-10-11,History.markdown
jekyll,53d472b7e297f2e5267aebbd3e160cd9e88c82bd,2016-10-06,History.markdown
jekyll,5e93ca63538c2bb98d35c9e3f3996b6e8fe079b7,2016-10-06,History.markdown
jekyll,8bac0559d12796e1372c0414b17c03156d14512e,2016-10-06,History.markdown
jekyll,dc554c2cd58547fb6f5ed745fc7c6dcd5f78cfbb,2016-10-06,History.markdown
jekyll,b37d18234a1d60af5ce76b4af2ca631dfc701ca0,2016-10-06,History.markdown
jekyll,7133bddfb2d7de422f0c86c89ac293a6354b626a,2016-10-06,History.markdown
jekyll,f67dfb71fe27d5f70726babaad795455cf0ade29,2016-10-05,History.markdown
jekyll,38f9e93a10283b2ff4dab91d1eeab21c5d3efeb6,2016-10-05,History.markdown
jekyll,55257d2a142b55d42ae3ebf24b05da1ab2e57af4,2016-10-05,History.markdown
jekyll,7ea610f8c0ea1449a5071d524c12c53c46e11171,2016-10-05,History.markdown
jekyll,274d350d614cba4a024c93f7bfcc37a37b462dc6,2016-10-03,History.markdown
jekyll,aa901cdaba54efcd430cd09e1aec09a9bedb3b9d,2016-09-29,History.markdown
jekyll,d716d9b7be8ab67014d8c8048718ef7324793a4a,2016-09-29,History.markdown
jekyll,7118999958dc5a334e523941cfb06762e7622e99,2016-09-29,History.markdown
jekyll,459bc17019c7384a31470b23b4f310f2370c44b1,2016-09-29,History.markdown
jekyll,b38ac5d9381febebff77a171ffc9c7e989cf7a6f,2016-09-29,History.markdown
jekyll,1c7aa4729efce24dd0757c0ac4da800a530a0c3d,2016-09-29,History.markdown
jekyll,69172bcc4a5377365d05b4afa83fa4376ba9c6d3,2016-09-29,History.markdown
jekyll,682c0fc98fc6dda8397d6f072accaa6af6568c70,2016-09-28,History.markdown
jekyll,b6d4ba56b7bffcbd23c36a7f67bf314846e6d119,2016-09-28,History.markdown
jekyll,79b0f27bf6f23fe8e2d1ea51d9ec4a4bc4c2c165,2016-09-28,History.markdown
jekyll,d57b04782d055206db8069a7afca4af2a49efb66,2016-09-28,History.markdown
jekyll,2f5b7dc1dc2a5250a351fc26d56ca61652384faa,2016-09-28,History.markdown
jekyll,719c0938a51bec8331c411b5fc96f5f749eb8fae,2016-09-28,History.markdown
jekyll,a920cf040b3ebbbca1b3ee4b6868dd6642b2ee85,2016-09-27,History.markdown
jekyll,157c8e888e63b6f0564b9a2e226266de20a68d26,2016-09-27,History.markdown
jekyll,d79ca534e40d4d6ae4deb998b9f418f8ba5e3db4,2016-09-24,History.markdown
jekyll,93c5f71fafb7dd9cc20cadb4f5adce08e63a6d9d,2016-09-24,History.markdown
jekyll,956478205415b735a078370140bf263aaf66681e,2016-09-23,History.markdown
jekyll,f277baa9758217c55179a3ba125678343e398d8c,2016-09-23,History.markdown
jekyll,6571ea0c1a6c7fef40516ce6445b3d07060b636f,2016-09-23,History.markdown
jekyll,081d7c016a647b17d39221a2027a621e2ec5be26,2016-09-22,History.markdown
jekyll,87c745573fde23d5b7416e57774f95484752e288,2016-09-21,History.markdown
jekyll,846ab94f43be5d4e11883cb5f611d296d8e97754,2016-09-21,History.markdown
jekyll,f3859384c09dfd219eed3b3371ed2982a800e6d1,2016-09-21,History.markdown
jekyll,9ae0a7023bb79240b3a9620b9c3ec32314a85cc5,2016-09-21,History.markdown
jekyll,1ac87eaae2c794cdecbd602c815032868540c71f,2016-09-20,History.markdown
jekyll,262be85c49239fcfe0c9c71f0d876881791de1e9,2016-09-20,History.markdown
jekyll,650a3c7932d8ec23e073feef85ab68d67dd577a5,2016-09-20,History.markdown
jekyll,152fa877f6775dc6502e8020e4384cd24f0a0c8c,2016-09-20,History.markdown
jekyll,950a37395fad8ef7de830ca1260afc0d27141e23,2016-09-20,History.markdown
jekyll,92dbe313e997af6287c78433a8e6188dbee9dfda,2016-09-20,History.markdown
jekyll,7a9427ccec81eb210bb818fc66523c7d57ddb890,2016-09-18,History.markdown
jekyll,562ffe7a3f4e691323a492c243dfaaf5677d2bcb,2016-09-16,History.markdown
jekyll,57fd5f887da1189a16bdfbb982d75f725c38d725,2016-09-13,History.markdown
jekyll,55de780520d06eccc5ed2d629dba3dd11e5e9545,2016-09-12,History.markdown
jekyll,a2e911c1b53c2a977a6c9dfba8322a4d1f106ab1,2016-09-09,History.markdown
jekyll,aa2cfc81b7d13bc87b090da4c7fa7f28fe3cefeb,2016-09-08,History.markdown
jekyll,6ebdcdb198356b4ef78c4d5bd08277826b787a30,2016-09-08,History.markdown
jekyll,eefcbf5ddee6a09dfdf5aa1b0df75f7d0fc20668,2016-09-08,History.markdown
jekyll,f53a3b627239e87d7e85555982eeba1e038f8e68,2016-09-07,History.markdown
jekyll,8c979ec565c736af6275b3598120002462c53240,2016-09-07,History.markdown
jekyll,d632cdda6841a06c7f905bdb8cd6a36168b5a01b,2016-09-07,History.markdown
jekyll,f69671c46c76a97d7d664b3c780348b2b191ec61,2016-09-03,History.markdown
jekyll,45aac995d81dc2ac9f2d301e7c0819b7b55a4e79,2016-09-02,History.markdown
jekyll,4f80dde8c42c3ac37559cd3433c8225d9fce7d76,2016-08-31,History.markdown
jekyll,d905a0475a0bcbcbce856189a81ef02cc23e81dc,2016-08-30,History.markdown
jekyll,17883b77c6c6dcbf8fce1a5141ecaeed526de736,2016-08-30,History.markdown
jekyll,40cc44c2ea265efd8f054d3189fd913726f4f094,2016-08-30,History.markdown
jekyll,b5ee87b4ca91fefe86c42526fee230a3c0294eca,2016-08-30,History.markdown
jekyll,f3d0a9760430b33ab11c5a18ff2fbed155831079,2016-08-30,History.markdown
jekyll,20f9c260881d45decbeb116f6254177c98b075b3,2016-08-30,History.markdown
jekyll,809ceea1075c320ec3696ef3bd7ab758c80d912d,2016-08-29,History.markdown
jekyll,02602bebd7dcbbfdb7caadc7fd77409b8384b53f,2016-08-27,History.markdown
jekyll,488496a3a65965b53f4ee7bc67f9123c480e8429,2016-08-27,History.markdown
jekyll,35846b8406e3687ebd8855b815f9a2a29f90fff3,2016-08-26,History.markdown
jekyll,b0425d83088a6f2ca662e88566c1c3b5a7a34671,2016-08-26,History.markdown
jekyll,f56f252b28162682d39c17ee47ccb4fdcba084fc,2016-08-25,History.markdown
jekyll,e0580c89091747fa6b587b8602caf2b66665cbfd,2016-08-24,History.markdown
jekyll,13330caa19fd3b89694ee20d4012cd3ed9ebf8ab,2016-08-24,History.markdown
jekyll,a5470a32f1b12ac2fc5129746dd357edfb2ffbf1,2016-08-24,.github/ISSUE_TEMPLATE.md
jekyll,7c6fde1ac24f91d61b1a63bd41fc4f660f725514,2016-08-24,History.markdown
jekyll,8aa54ad8014dafe64688cbe771eb4cfed88fa2f0,2016-08-23,History.markdown
jekyll,276404c3f8a8e01f59de6ccedc0715f424e72f19,2016-08-23,History.markdown
jekyll,b908c3de1d9b813c891c980e0c7aa7095b0dcdc2,2016-08-23,History.markdown
jekyll,478ea05c2e1ab0cf004397ff2fdc84327f4dda04,2016-08-22,.github/ISSUE_TEMPLATE.md
jekyll,ade752b1c3c37486163efafacc52bc79b34186d4,2016-08-22,.github/ISSUE_TEMPLATE.md
jekyll,4319a752b1ea15f5ec60faba5848bd51c813c625,2016-08-22,History.markdown
jekyll,594a6bf193c3ee6367a3f327bb6d82930f2c5e1a,2016-08-19,History.markdown
jekyll,9061f0b1f35541f6d000910484df9f35d2ddd16f,2016-08-18,History.markdown
jekyll,1e97ae014f9bb2faba7d59155e41bdc701ce1224,2016-08-18,History.markdown
jekyll,06b3d72aa384203c49fd2028e19e324631647c60,2016-08-17,History.markdown
jekyll,dadf43798e6045f137e7cda9af86049472a23115,2016-08-16,History.markdown
jekyll,9f8876a33278e956279e4dad978abc131a0d901c,2016-08-12,History.markdown
jekyll,30399528e49db23431721957fc94d87e7c2c2351,2016-08-11,History.markdown
jekyll,dca8047f77095cb21b13e93acbf2dc254c8d5794,2016-08-11,History.markdown
jekyll,088e9319018423cea0ab8e9bcaa92533f946f4a5,2016-08-09,History.markdown
jekyll,4bff65be909b812d0a2d336b052857eab0cb9d13,2016-08-07,History.markdown
jekyll,de6476812f341afdf904b0c7629e5bafba668893,2016-08-07,History.markdown
jekyll,06126af5cc51adbc289320f4632129e0acd5e79c,2016-08-07,History.markdown
jekyll,bc7aaf52740d0b301beab59e6fd9352d62150754,2016-08-06,History.markdown
jekyll,c9bf8d0726ea32f3b3d1ca0f2415ce96df492d86,2016-08-06,History.markdown
jekyll,bc7eb7038556c47c9d7f64d8f0f62364000d51a6,2016-08-03,History.markdown
jekyll,9e4f46946950bdb55db809794da100286e08b991,2016-08-03,History.markdown
jekyll,01c59004e96d5496616351ff019f7bd95ba7702c,2016-08-03,History.markdown
jekyll,d3ae8403ea580dfadcf227455c05e758af6d3258,2016-08-03,History.markdown
jekyll,15dc18343cc8ed4e606f7cb5054e8db587977b55,2016-08-02,History.markdown
jekyll,d4a68eb64251d18f3d09ebfd779875044cf87099,2016-08-02,History.markdown
jekyll,6d2b344c0e24aba4b0d3e537faebc2a06b16b957,2016-08-02,History.markdown
jekyll,c4483a3a29f51b51861acf4d207886cb70cef8e7,2016-08-02,History.markdown
jekyll,8408449551d3b33b474c8730b272b7803a3fb837,2016-08-02,History.markdown
jekyll,c6417e8c8264f75f9499b4c37acffcf29ea6eec0,2016-08-02,History.markdown
jekyll,c6f2459b4ef86035d677c53bac2921e8ac10f385,2016-08-02,History.markdown
jekyll,854048799799b98812540c4b093805f1b673a272,2016-08-02,History.markdown
jekyll,e735e451563c50bfb94beb55847cd45882e624e7,2016-08-02,History.markdown
jekyll,26b827a53660e9703733d38305650957cb673e46,2016-08-01,History.markdown
jekyll,3b2bbcb70f13e4c0cef20228a2acdbec51a96526,2016-07-28,History.markdown
jekyll,27cfa00a439d9cae4111f85ea26914b09e716950,2016-07-28,History.markdown
jekyll,94af8ca75a97449af5f2dcf4b78aab64fb528c8c,2016-07-28,History.markdown
jekyll,16ff4c12bbc7d9021a45e82bcbded15ba5be9f9c,2016-07-28,History.markdown
jekyll,edec81ef9617e4bc22d66d456439602685e65c60,2016-07-26,History.markdown
jekyll,55317817d19dab37cb0c6999468ad0bb7d95a631,2016-07-26,.github/CONTRIBUTING.markdown
jekyll,dbf312eec0a0f12f7572f48b9016ec5103d70736,2016-07-26,History.markdown
jekyll,2c224b099070a144cdef5a18f0e19876fb77cadd,2016-07-26,History.markdown
jekyll,9b0532a3c44278e145806647277f5eca3d16cc4b,2016-07-26,History.markdown
jekyll,5805ea78ec7bcb1964fcd21c8a6c1f1a5821facc,2016-07-25,History.markdown
jekyll,3580e4fe82d16bc0f69fed2967dbb7c20fa3f17e,2016-07-25,History.markdown
jekyll,28548f985eda066cdafdc0b8591220fd6903d4e7,2016-07-25,History.markdown
jekyll,da72c0974c21ee79483e6662811c15e70f8b273d,2016-07-25,History.markdown
jekyll,d0fbae2294da46ad9cbb8a303136a38a2a8de2d3,2016-07-25,History.markdown
jekyll,1be51f963bce21e967606d918ce5207978eba09a,2016-07-21,History.markdown
jekyll,9da15b62b12171b891fdf235f2bcedeace26d3ce,2016-07-21,History.markdown
jekyll,f4a9a2622ceb745b2eb3588dec588bd7bf66e884,2016-07-21,.github/CONTRIBUTING.markdown
jekyll,04cfd9f7250dfa2c08e4fe377bc1a566b9cad1b0,2016-07-21,History.markdown
jekyll,acbdc3a4a55a61c78762852709e5a09e2fa92912,2016-07-21,History.markdown
jekyll,a3b179373c9cbd9e5d1ce83629da15b2f66ecd83,2016-07-20,History.markdown
jekyll,990d38573620ce5be0a1a7347e2079bd14f75723,2016-07-19,History.markdown
jekyll,c22d9e69df0565d65c708e8a041ffd820c7e70d6,2016-07-19,History.markdown
jekyll,5fb48430caf1c6e320cd97ce6ab0c28954483d41,2016-07-19,History.markdown
jekyll,cca211af98b401dbedcec4f4e9ad633d1da6f62b,2016-07-19,README.markdown
jekyll,0bd29bd63232270610cd5a093893b587bad0ac8c,2016-07-19,History.markdown
jekyll,ff25e4e2cf62be3253ea8aca4d91c05f2a5edb81,2016-07-19,History.markdown
jekyll,f8a4f58fffb06496bd9e400c6d97e52d40d5baae,2016-07-19,History.markdown
jekyll,5ca080ac6f526e0d70b5c27b24cb4a2fd7ab8b49,2016-07-18,.github/ISSUE_TEMPLATE.md
jekyll,5ca080ac6f526e0d70b5c27b24cb4a2fd7ab8b49,2016-07-18,History.markdown
jekyll,5e74610755e9faeacadf647b2373d7b68ab8b3fd,2016-07-16,History.markdown
jekyll,10cfaa2a75e6ee81335d598eb155754fdee89654,2016-07-16,History.markdown
jekyll,196275f5b4e885a5489fcdda1898694af2e4ebc8,2016-07-16,History.markdown
jekyll,0db1ec339d39cd06f2f91746fcd4b45c827bf655,2016-07-15,History.markdown
jekyll,3b6561a57c7b2fa35675d514ffd1523d6d6f85c4,2016-07-15,History.markdown
jekyll,8a3ea59141d721b09a762d7ae26e677b173bfcfa,2016-07-13,History.markdown
jekyll,cc994105ededbb91e185de3e855bbf518cb1046c,2016-07-13,History.markdown
jekyll,f42fac60b01904b5b79fca82ec0b957c45d94644,2016-07-13,History.markdown
jekyll,a29498eaaebbccd415cc3b811d050137f456cd9a,2016-07-13,History.markdown
jekyll,506ba8af1e95e9fa27633e99483fecdcd7407fc5,2016-07-13,History.markdown
jekyll,4b5126dda7f1e00d2701404b4f1ec2d155f40857,2016-07-11,History.markdown
jekyll,5b51b8bdf3385930b7eca85b9d421133c3a4e4ea,2016-07-11,History.markdown
jekyll,d4a7fbee28323576c88bbc4b4d689d267389dc47,2016-07-09,History.markdown
jekyll,f6dc74933253ae72c2f12389a60fe4e686418823,2016-07-07,History.markdown
jekyll,5a339cc735ea64ff3320e962aba278872671923e,2016-07-07,History.markdown
jekyll,25bff0075c858cfdda8dcf8db2ed119325cfd638,2016-07-07,History.markdown
jekyll,a25e97b5fb3efd0bab0c8c72caecdb0a09cf50b8,2016-07-07,History.markdown
jekyll,51a80b8225df64c17be4e596571a69a6712b4f8f,2016-07-05,History.markdown
jekyll,2f8c0ffc5d7cf3225d082f79bd735082d530ce8a,2016-06-30,History.markdown
jekyll,70aa8a4e37cdbb935d8aacda3d6c6b598c2c91bb,2016-06-29,History.markdown
jekyll,18a8b4dcc7925208135685b601d59b2b6128481a,2016-06-27,History.markdown
jekyll,390c98045c1c93a21cd026173605bae5c00d7203,2016-06-25,History.markdown
jekyll,6ddd64d4c4469ed6a056a13a5d5e7c41233dd59f,2016-06-25,History.markdown
jekyll,6dd3cc21c40b98054851846425af06c64f9fb466,2016-06-24,History.markdown
jekyll,5312e85478c1051eac5734b1136918171b5f7d78,2016-06-23,History.markdown
jekyll,357e3621e2f3aaa0d31c0407f6d4886983561754,2016-06-22,History.markdown
jekyll,1779aa681acbd43d19237506bd391c4968968c66,2016-06-21,History.markdown
jekyll,902f344a50c19485c5b47b82791838bf731d215c,2016-06-18,History.markdown
jekyll,b06cfb9c500eccd3ae681130c9752ad8bd303ad1,2016-06-17,History.markdown
jekyll,e9fed13392b4c160daf52ad31a0e0a9d30bfbf4b,2016-06-15,History.markdown
jekyll,7c381c931b36fd34b77d8a13cd33bd1a5cdf1bf5,2016-06-15,History.markdown
jekyll,a9666bf1c777aad0eab89b0b039f3ea46a486942,2016-06-15,.github/ISSUE_TEMPLATE.md
jekyll,499b83236c0289471118991bd5fe743effe9b348,2016-06-15,History.markdown
jekyll,4a2b96293b85898d7e6b6b8bbccfb4badd44c10c,2016-06-15,History.markdown
jekyll,8d748ce45f11c9ed4d21868a2c33c7e42fb0e67b,2016-06-14,History.markdown
jekyll,492cfcd962834df6a4d5cd36d21a2f5ede1fb6a2,2016-06-14,History.markdown
jekyll,902ff4c1320908a3a4d79458e2b81b2e69ab25bd,2016-06-14,History.markdown
jekyll,15477d2417f334463c1646c216f4b14808caefba,2016-06-14,History.markdown
jekyll,b5466196eaa37b6e76c3611c0cf3fc1b3a300f03,2016-06-13,History.markdown
jekyll,c2441ffbb4b94148049baa0d35b495299d41b118,2016-06-13,History.markdown
jekyll,176b347737102cda8460f7c2f6942f60497a95fd,2016-06-13,History.markdown
jekyll,8b1c3bbf33cd88b03d5fe06dfaf03076f1bed2ae,2016-06-13,History.markdown
jekyll,dfc7d617655cb8243a061eccc721d0c807615fea,2016-06-09,.github/ISSUE_TEMPLATE.md
jekyll,2f95517bfd0bcf007676ec234f5d8c77038b9b28,2016-06-06,History.markdown
jekyll,43fe09a07bcb5a4cc0cd89dfc09d4ec3bef8770d,2016-06-06,History.markdown
jekyll,915b80b6b3a81ae66ac4d38c33a0a88c8d3d2a89,2016-06-06,History.markdown
jekyll,688c7b192560c9301500fd06e43767e111fcc3bd,2016-06-04,History.markdown
jekyll,652f1bad0b88e6561d8e1db9298920dd5c78d3c3,2016-06-04,History.markdown
jekyll,ea0b43f56d29eeabb0c79327de2124ec3bdb6872,2016-06-03,History.markdown
jekyll,b15423b6a99c1855a899453ceddbcdc138b72de9,2016-06-03,History.markdown
jekyll,1c6916f2378e8c40e7aaff627d430294c3085ee5,2016-06-03,History.markdown
jekyll,6e504a0d2ea9803419c0ee16287072e8efcc1f39,2016-06-03,History.markdown
jekyll,d725991237b75eca7ff5bf95f5b4d25739381c8f,2016-06-03,History.markdown
jekyll,74d363f0808347f38320ddf30a114aa80f4a3a1d,2016-06-03,History.markdown
jekyll,52fcd6981ff3904e97419dff077d1417f8df75de,2016-06-03,History.markdown
jekyll,7cd20261ab3016d4000cc73cd7ee351cdfe91450,2016-06-02,History.markdown
jekyll,0212c838145e153ea2cab71616eddb3c0bb8c687,2016-06-02,History.markdown
jekyll,675c105e8551e0c86bf9f268dc4b5e12614dde62,2016-06-02,History.markdown
jekyll,97e196cb19cf11e0f79e7badf1345c783fae434c,2016-06-02,History.markdown
jekyll,c642b84e8009a88bfa26236a436d5ae0255bb353,2016-06-02,History.markdown
jekyll,e97fd34479859f6c9e961700d93e57c8a4561d18,2016-05-31,History.markdown
