repo,commit_sha,commit_date,health_file
rust,4858a73fc6ee2d64cdc0371da80e2d9ff9fdfd3c,2026-05-29,CHANGELOG.md
rust,c792438ed6080f1b4877e14105f09ac5096f0765,2026-05-28,RELEASES.md
rust,b8953cbd7399e7012689db37bd6a3074a8801d74,2026-05-28,CHANGELOG.md
rust,e8fdfcc086ca51330b35ce8f8124884c2755ce13,2026-05-28,CHANGELOG.md
rust,e8fdfcc086ca51330b35ce8f8124884c2755ce13,2026-05-28,CONTRIBUTING.md
rust,1fdb667ce599767f6d60060af1917f6d843e0976,2026-05-28,CHANGELOG.md
rust,63d96cbcc78dc191db6bc5388de75ef15bbb1628,2026-05-28,RELEASES.md
rust,dd6f520f7ec5c1cd4e86c646cc8cc45c67f3a947,2026-05-28,RELEASES.md
rust,fd3b569601ad8c889c709fb943a384aa0aab65c8,2026-05-28,RELEASES.md
rust,8d3b3fe571a8b1af105cd6b7eae5448b2054979a,2026-05-27,CHANGELOG.md
rust,a7cdee19d8223eaa401712150962fac237d9c655,2026-05-25,RELEASES.md
rust,76de222d0d0baf554128717a9c8bbcc85114b21b,2026-05-25,RELEASES.md
rust,a8aa7843270371b8a5d043b4b90a6269a7555385,2026-05-25,CONTRIBUTING.md
rust,0e60608bd7e35f34d51141d429ef47ffb4083055,2026-05-23,CHANGELOG.md
rust,2ac87a326884a598ea13857588ba9ffc2092b915,2026-05-13,CHANGELOG.md
rust,a453e8cfcf3ab595cd9e0530563e6e6d2df3d632,2026-05-11,CHANGELOG.md
rust,7a5e25abc44d6d212c31bcc3914fc18e1653a912,2026-05-05,CHANGELOG.md
rust,0a73f89e0a5f781900814598695c78ac10f475a5,2026-04-30,CHANGELOG.md
rust,fbb403696e9b5c25e545bdfdf3cbb4e13e076cab,2026-04-29,CHANGELOG.md
rust,436aad4e0fa745a686c33852520e9799850e68e7,2026-04-27,CHANGELOG.md
rust,6f8aee0157bb00448eb1858a38ef5bffe1dd8ede,2026-04-20,CHANGELOG.md
rust,aaa5bd244ee09a39fe90ffbfd36f152aa1975581,2026-04-17,CHANGELOG.md
rust,f9c23c1fcb96fb42e8706fa9c61043dc70423ba9,2026-04-16,CHANGELOG.md
rust,e27f84a68cbd466c29863c64939167801e3c2ad4,2026-04-16,RELEASES.md
rust,d87a2e7ddd74e80a7d1358fa7dc70553eb4e58c6,2026-04-15,RELEASES.md
rust,4095bbdd2d99a217f6b60ffbece3d72ba6204d4f,2026-04-15,RELEASES.md
rust,fba9ef8702763b1149866247b673a8de42c59e26,2026-04-15,RELEASES.md
rust,e910c38861f5bd75946b96040e2611084e6501cb,2026-04-15,RELEASES.md
rust,edee654e0807d5a7d5c6fc6162ccfd28c50e0d9e,2026-04-13,RELEASES.md
rust,84f4b803f784ebb7aee759d0facc1f341768acd7,2026-04-12,RELEASES.md
rust,a52ff55f3888ea0bb15155b318a9ff99b3d436c5,2026-04-11,.github/PULL_REQUEST_TEMPLATE.md
rust,787dd491fada405bdeaca67c28fedf21cf638ac7,2026-04-11,CHANGELOG.md
rust,dc57fd7f5379e2e790761662430a1690e9770fdb,2026-04-04,CHANGELOG.md
rust,6a16a8fe5bf586d617e237be1a0fa971712759fe,2026-04-04,CHANGELOG.md
rust,26740ea4ab721aec0847650a83ef03c831f816c1,2026-03-28,CHANGELOG.md
rust,3df450f5aeb6d5244ed658a6aa8f679019045b8c,2026-03-24,RELEASES.md
rust,86390a3c03438b660c5efc64d4e18ae65982f5c0,2026-03-21,CHANGELOG.md
rust,e0d5ea2cc52c3620b094d052beb894ae4b6b405e,2026-03-05,CHANGELOG.md
rust,25171f23aeec81bf7a6fcad429fcbd1c91d1bfc0,2026-03-05,CHANGELOG.md
rust,9a224202e434c2e16f92f9803c65e07dc8e06875,2026-03-05,CHANGELOG.md
rust,ff1a98aa0da1225fc7ec74a156ea24fa9642a388,2026-03-02,RELEASES.md
rust,65a91e6ead3c2804a16733ef3c4753eb1f565165,2026-02-26,CHANGELOG.md
rust,088022c7d49ab6b7df64e7c6fdc4e85cd5e8ecae,2026-02-24,CHANGELOG.md
rust,b84fc434130952242214081225550ce2cae4b8f4,2026-02-21,CHANGELOG.md
rust,a3e7a6400f99fdf692d8f08641ecd28d83578c52,2026-02-19,CHANGELOG.md
rust,f72e055625674d8fb2a7da4f6d484738db122ffd,2026-02-17,CHANGELOG.md
rust,f0f849d96ff7c1ea57eca1de63a966e8f832baf5,2026-02-15,README.md
rust,d8d041d5bf00d04d46841ce7dc6890b9acf9c1c5,2026-02-14,Readme.md
rust,dd1b72a0d8eacf5f774b0fcb34d86d772892a748,2026-02-11,Readme.md
rust,1cb71f9d2287c9b16737087accada69e5fbbd22f,2026-02-11,RELEASES.md
rust,af5171205fef878164b72b9372661fd1382cc737,2026-02-10,.github/PULL_REQUEST_TEMPLATE.md
rust,da80677d6a84c1a3ea3e22785392c91ccae6a69b,2026-02-10,CONTRIBUTING.md
rust,da80677d6a84c1a3ea3e22785392c91ccae6a69b,2026-02-10,RELEASES.md
rust,764ac2b84f240db58ecc2012739d6719e9db8cb2,2026-01-23,RELEASES.md
rust,977eddef3f3293008f4a734cdf3a61deabceb15f,2026-01-22,CHANGELOG.md
rust,6b8432bee3cd9956481d3f661bebcd3580e82bbf,2026-01-20,RELEASES.md
rust,7533a9aca918355a4ab4fe53cf0e7babcd5d30b8,2026-01-20,CHANGELOG.md
rust,279f8799e3559f52f84b710f171df3ea680b8634,2026-01-20,RELEASES.md
rust,aa20181087be5c653337aee1eed5655333b968e5,2026-01-19,RELEASES.md
rust,8a71deb28275b847492208a325db589f2c222a49,2026-01-11,CHANGELOG.md
rust,c87bb01b9e8bc2419f95bba7f06f1ccee0cabca5,2026-01-10,CHANGELOG.md
rust,0946c867a86cf3c830dbbd7073d8df7f71b3149b,2026-01-09,CHANGELOG.md
rust,6a9dae4f3e679c298c6d6ad83f65d2d9c51a02f0,2026-01-09,README.md
rust,85d7fb0755432cdd65f88c3d9cb372fbc49c29fb,2026-01-05,README.md
rust,48657cec85a38c0f1fade3eaf905b19bf23d356f,2026-01-01,README.md
rust,72ff51ac77cde436ae740a0b85ff313d1bdf5aae,2026-01-01,CHANGELOG.md
rust,54e9e8cd3872be7ccf9e3b04559ea61441f258a8,2025-12-25,CHANGELOG.md
rust,19f0c81b3f674c5cfd76e3491ad146b033ddfa96,2025-12-11,CHANGELOG.md
rust,19f0c81b3f674c5cfd76e3491ad146b033ddfa96,2025-12-11,README.md
rust,c47bc5d1a98d11b8f6c579b3cde5498ca369e02a,2025-12-10,CHANGELOG.md
rust,1232c81a3eb6403b04a1795fe5e4bdb678f236fe,2025-12-09,CHANGELOG.md
rust,1232c81a3eb6403b04a1795fe5e4bdb678f236fe,2025-12-09,README.md
rust,90d2477e4e35927b20237b27869200fb1d47e7bf,2025-12-08,RELEASES.md
rust,b1993dce20001b5a9a062ce9035bcee0eb711fd0,2025-12-08,CHANGELOG.md
rust,b1993dce20001b5a9a062ce9035bcee0eb711fd0,2025-12-08,README.md
rust,381dcdbebc818769fd03741a112835a03b9640ed,2025-12-06,Contributing.md
rust,701b9ba0fbaa79bb359a6e4e0377e671b2ffba92,2025-12-04,CONTRIBUTING.md
rust,1b76a346e826930d0b1e4901781da6a3038bac99,2025-12-01,CHANGELOG.md
rust,d706368b7006146cd43eb1774b79d481cddb0d30,2025-11-30,CHANGELOG.md
rust,a6162c3dd9e8b620c277f6b90df1ed3f669864f8,2025-11-30,CHANGELOG.md
rust,9cb6306a48f02d96ee839398e85b17e181fa3844,2025-11-29,CHANGELOG.md
rust,b87bfdc9fc10b372c3f13be4e8b8b14cb499e1de,2025-11-28,CONTRIBUTING.md
rust,099308af902a1d2bc6104192c276b7e946eb5aae,2025-11-28,CHANGELOG.md
rust,e6ad406d48956b2b3f159d116af2d05cda5da79a,2025-11-28,CHANGELOG.md
rust,e95bba142bf4fb859511bb6019293b405368d196,2025-11-23,Readme.md
rust,2da6c169a818b18d5b9dee2e08f625e067b5bdc6,2025-11-23,Readme.md
rust,2d8211a7047d436d2b9e45c78e23528aa0875bfd,2025-11-14,CHANGELOG.md
rust,c90a9d836ba72cd3ae6bb0d6ba09883025835d8b,2025-11-08,Readme.md
rust,eec36b390e26a73e03b6750acbd4458e4ba38df0,2025-11-06,RELEASES.md
rust,b3f16fde9c7bf426228ae3ab78664f280e6825b9,2025-11-04,Readme.md
rust,3ceedd79b1836a0445a60b6f417ddab535785bec,2025-11-04,CHANGELOG.md
rust,3ceedd79b1836a0445a60b6f417ddab535785bec,2025-11-04,Contributing.md
rust,eaaa7da5b87ab600a77983cfdc96fa2f0f41c31d,2025-11-02,Contributing.md
rust,c71f7b63f8fb3d7f0b2b0e26d0e029646f93fb9e,2025-10-31,CHANGELOG.md
rust,c71f7b63f8fb3d7f0b2b0e26d0e029646f93fb9e,2025-10-31,CODE_OF_CONDUCT.md
rust,97e681fb40aa71d98476b311b38fb6c432ce14e4,2025-10-28,CHANGELOG.md
rust,83cb889bc89e09308303ce0e42d7be7a66345db3,2025-10-27,RELEASES.md
rust,640e1188f0763e8349e1baa25c9bf8eba4bca727,2025-10-27,CHANGELOG.md
rust,f28ed4ca5040feddc65998e71d7c74066dd46d22,2025-10-25,RELEASES.md
rust,5578908f912803b8c5faf9886306552742958233,2025-10-20,CHANGELOG.md
rust,52aa4a5abe06cf4173fd83003b2f9f3b9d00374d,2025-10-19,CHANGELOG.md
rust,7fc38a76936950b4ce6aa10c21e544ea09688f54,2025-10-19,CHANGELOG.md
rust,269679e4351a0204be47760f7821bbd6fc7d7194,2025-10-17,CODE_OF_CONDUCT.md
rust,8f613057221a94b3573c635e3bb08fa293c83984,2025-10-16,CHANGELOG.md
rust,9be213666e538c083f400bd30fbe1b32c0b07d77,2025-10-12,CHANGELOG.md
rust,359b9bf8699e9b8e6faf567e2c2322ca18263fbd,2025-10-10,Contributing.md
rust,b71fe9254d75707234349a2f0f4f50fad51389cc,2025-10-09,CHANGELOG.md
rust,b70b3041712b9821395d5244900f4a52a70d3020,2025-10-09,Readme.md
rust,d7e37d98cc595fcddea93194332de512967d000c,2025-10-08,Readme.md
rust,87c59b812194140dfc16c554c6805c3a280038d5,2025-10-08,Readme.md
rust,a90977912c9881b571e08e24914a1dbb560abbf7,2025-10-08,Readme.md
rust,130a8e9ccf51a55f1cd84cd9750850800f0a8821,2025-10-08,Readme.md
rust,517ef604af21c2225ff32335f964cc806d6be8b5,2025-10-07,CHANGELOG.md
rust,843f4d848809e1e3593b2c743232bd0bfe7d5db8,2025-10-06,CHANGELOG.md
rust,fdaf80466eb04bf28486fee2eda02a7a2029b250,2025-10-01,Readme.md
rust,4c128d9ee0b2aa1131c90267be8368e23708c97f,2025-09-28,CHANGELOG.md
rust,1d7c1afde014291082f5e68f8134581f927482e1,2025-09-27,CHANGELOG.md
rust,f1ce0ecb4d0e281323627c14c7f0410b3cbf3f2c,2025-09-26,Readme.md
rust,8d7e637dc947e11fab4294ec032cfc1e252e421d,2025-09-22,CONTRIBUTING.md
rust,696add0d477a65d6a79d97c6b8e0f4ab9268bb89,2025-09-19,CONTRIBUTING.md
rust,63a55083aa03e94dc380af31d51e3ffd944cb2b4,2025-09-18,CHANGELOG.md
rust,47bcee4ee26cc03aa19df2331559686d6a719bd1,2025-09-18,.github/PULL_REQUEST_TEMPLATE.md
rust,47bcee4ee26cc03aa19df2331559686d6a719bd1,2025-09-18,CHANGELOG.md
rust,427774af0719cdf2214825cfa0a634e550839169,2025-09-18,CHANGELOG.md
rust,495d7ee587dc1b8d99fd9f0bce2f72b0072e3aca,2025-09-18,RELEASES.md
rust,72fb9b28a62e56d266e34764ef7330ca09266f48,2025-09-18,.github/PULL_REQUEST_TEMPLATE.md
rust,2972ae5e539162778f83529599040d5bbc4adca4,2025-09-17,CHANGELOG.md
rust,c92dee244dcca49c1eed99a768749e433f17e112,2025-09-15,RELEASES.md
rust,8af66386660b17ec85a34705f8a475fd0874ac70,2025-09-14,CHANGELOG.md
rust,9b0611ff7aeb28bd3fcd3117256a1d9d9c2f1921,2025-09-04,CHANGELOG.md
rust,fc3959044f628745e4c6899cb0fed6452e63905c,2025-08-31,CHANGELOG.md
rust,008b8a546a619da3333629b9418fbb4d5b44f6ae,2025-08-22,CHANGELOG.md
rust,71b79ab46603f542fce1bf125d9429920693abbb,2025-08-22,CONTRIBUTING.md
rust,555986d8ac187601970a7f439b73dad305cb2d81,2025-08-19,RELEASES.md
rust,aeec1539744c9f3f649111f6f74cee549f3faa42,2025-08-09,CONTRIBUTING.md
rust,eb15cf0a30eec3166088d6a0c5a8fc6854571371,2025-08-07,CHANGELOG.md
rust,eb15cf0a30eec3166088d6a0c5a8fc6854571371,2025-08-07,CONTRIBUTING.md
rust,607133bed26dabe3aac5a4f3886310da2d81780a,2025-08-06,RELEASES.md
rust,6b805102c0d91e0659c673986b5e75e6094665b3,2025-08-04,RELEASES.md
rust,7e3bb00fa7433ed00db0ca74c5174d8a87292556,2025-08-04,RELEASES.md
rust,68ef9c4ceed5f376f36e4b3e23094a115dd0d4c0,2025-08-03,CONTRIBUTING.md
rust,9f7a8f8f9efb57af1f46faf45086201c50e1afde,2025-07-31,CHANGELOG.md
rust,26a7a24405f4a71b491cf1e9dfa6246dd23d88b0,2025-07-26,RELEASES.md
rust,9e50049157eb783ad7bf40c3f4e0cff1f8f2d3bf,2025-07-20,CHANGELOG.md
rust,81e8c6797cc3c94134d6fce11ddb38e03be8c85a,2025-07-15,CHANGELOG.md
rust,c02a509168352da21fb065f8d8bc392350730c21,2025-06-30,Readme.md
rust,074ccaf3c0818c1c7162babe8e7874f1fa551e18,2025-06-27,.github/PULL_REQUEST_TEMPLATE.md
rust,074ccaf3c0818c1c7162babe8e7874f1fa551e18,2025-06-27,CHANGELOG.md
rust,0c1c648ea76be04b04b77aa367ffd61dad884242,2025-06-26,RELEASES.md
rust,fad27aa6674f33c7ae4a6ceec01fe8dd7a021edf,2025-06-26,RELEASES.md
rust,bf9a5d4db2e42b3eca09ad870396410d25f78703,2025-06-26,RELEASES.md
rust,1aa5e174b4b4c290d8baa99d0b0cc2d8d3f117a0,2025-06-26,RELEASES.md
rust,95f0991ad4b6e3390f19a30d42c810605fd448c8,2025-06-25,CHANGELOG.md
rust,c11bc75fb0037f293c94d88ecc772f37c4fe00cc,2025-06-24,CHANGELOG.md
rust,2e63c7c68447eaa6245255d15a109a2f8d4953ab,2025-06-23,CHANGELOG.md
rust,43084f8c05a2c1873974f28b631b603776f7f68f,2025-06-22,RELEASES.md
rust,0332da01486508710f2a542111e40513bfb215aa,2025-06-21,CHANGELOG.md
rust,46d46d13056a8b77334c7de3a87d6cd44802ff34,2025-06-21,CHANGELOG.md
rust,f7161a535e8750ae01159197ce72ab866f700417,2025-06-21,CHANGELOG.md
rust,fb1397b02640fd6b0be0224fe004f5b87770166f,2025-06-21,CHANGELOG.md
rust,a7346577ca76b7b3b45e0c8ef6a32000720e4e66,2025-06-21,CHANGELOG.md
rust,a9f0386251ce1d482fb6eab17b2aa605acb3961a,2025-06-21,CHANGELOG.md
rust,109b56525f7fcf9383537725979c9505c9aac32e,2025-06-21,CHANGELOG.md
rust,59690c5dc1d7355e39fcc6c0dfc06a5ce7e8aba3,2025-06-21,CHANGELOG.md
rust,cddf2589d9bde633a600aa5111c7f7317a2b0813,2025-06-21,RELEASES.md
rust,6ffff5f009d951098d4762af1ec449f296787fe4,2025-06-20,CHANGELOG.md
rust,efb79975f61712b619389999aa89c56f150371f1,2025-06-18,CONTRIBUTING.md
rust,cbd683fe31c6bd661426b750e59016a04a37b6fc,2025-06-13,CHANGELOG.md
rust,8964f6ed272d9dac4533fe1be97e5ff79de14532,2025-06-05,CHANGELOG.md
rust,8d8b3f16d75dd0841bba7d21b2356f86c099d006,2025-06-03,CHANGELOG.md
rust,fcfbcc81f23f82d869beba7988d0d25c4d8dc2b5,2025-06-02,CHANGELOG.md
rust,b51e73701d49b3f18cd2f2bdac3d0b72eba12f1e,2025-06-02,CHANGELOG.md
rust,e64dd8ed96c7593da92c3d3cf3603a1799064c39,2025-05-30,CHANGELOG.md
rust,d098c8a2beda9911a0274b8658e4362e8e185a32,2025-05-28,CONTRIBUTING.md
rust,8e581e31a2191392461210f3f7a168910da5bf49,2025-05-26,CHANGELOG.md
rust,4f24d142d960350f9cb585795c5cd58857782045,2025-05-25,Readme.md
rust,25c759127bc592e36ef17d4aa31649c520801f69,2025-05-23,CONTRIBUTING.md
rust,7debaf6b44f993c7aaf363ed394c4b4a840d9254,2025-05-21,CHANGELOG.md
rust,7debaf6b44f993c7aaf363ed394c4b4a840d9254,2025-05-21,CONTRIBUTING.md
rust,8e3d0b2b031ee49596e4ae6da3845928909baca8,2025-05-20,Readme.md
rust,7123f2acf7e1e85872f7c8dd15aebdd3f459ef12,2025-05-19,CONTRIBUTING.md
rust,93bd4d893122417b9265563c037f11a158a8e37c,2025-05-15,CHANGELOG.md
rust,93bd4d893122417b9265563c037f11a158a8e37c,2025-05-15,CONTRIBUTING.md
rust,d52b5e6df586ceb3bc10aef79940fa21f2ce1341,2025-05-14,CONTRIBUTING.md
rust,d52b5e6df586ceb3bc10aef79940fa21f2ce1341,2025-05-14,Readme.md
rust,488e4e53d25b01b01e09fbf8b2745fd32db2c6ab,2025-05-14,CHANGELOG.md
rust,40e1b0ed00878f3229f053398a8d7a49d8b68bcc,2025-05-13,CHANGELOG.md
rust,a8679816dc33567d811f743d52586b0aa29754a2,2025-05-12,CHANGELOG.md
rust,55b5c835c57ce88d8499b281ead008ff54908b00,2025-05-12,CHANGELOG.md
rust,2c5f64d55aef4a2e64350e73243ee5a92ec3a2ea,2025-05-09,RELEASES.md
rust,10980be12eb166a9f87f2ca241d78cf6d4f97bd7,2025-05-09,RELEASES.md
rust,3c8efb57bd04532c629909deef3ba6881f9b9e15,2025-05-09,RELEASES.md
rust,cb253490c3f18abb59b98c9f01c036b28e7deccc,2025-05-09,RELEASES.md
rust,3caca6dc4ec7a5fdd1a24dc3fa9ef676d8e3c34f,2025-05-09,RELEASES.md
rust,a278f8dcea893d3083222e5c168ecfab200e1f4c,2025-05-08,RELEASES.md
rust,06fa0452eb62f675a4e43bde3a4754195e942e23,2025-05-07,CHANGELOG.md
rust,be405344570f68138ecce86f19f3908d6f481ba9,2025-05-07,CHANGELOG.md
rust,b768fbe4bccbfd4c4ecbd4726805facb6769eb4f,2025-05-04,CONTRIBUTING.md
rust,c46855209755c737e919f69c2409782f1689b682,2025-05-03,CHANGELOG.md
rust,8b15bfbe8c43b6143acb67554573fc8637ce652a,2025-04-30,CONTRIBUTING.md
rust,8b15bfbe8c43b6143acb67554573fc8637ce652a,2025-04-30,Readme.md
rust,43747cecfbe9a7f3c60a712256cfd6131bad7a0c,2025-04-29,CONTRIBUTING.md
rust,2e9ec931dae240e4845c16c2f54153bf01b63fcd,2025-04-29,CONTRIBUTING.md
rust,62814f0995c855c4a2effc1cb318da9fc9810adb,2025-04-29,CONTRIBUTING.md
rust,d11bfe9c187e72147ce520a3d5f2c0ea28eb98ad,2025-04-29,CONTRIBUTING.md
rust,d11bfe9c187e72147ce520a3d5f2c0ea28eb98ad,2025-04-29,Readme.md
rust,f150171b6cc6b1e8393fd9b057accb6b5ea0f093,2025-04-29,CONTRIBUTING.md
rust,f150171b6cc6b1e8393fd9b057accb6b5ea0f093,2025-04-29,Readme.md
rust,a5b947ba1cba06bbd08f4d5c83aac1dba1dd37ca,2025-04-29,CONTRIBUTING.md
rust,a5b947ba1cba06bbd08f4d5c83aac1dba1dd37ca,2025-04-29,Readme.md
rust,ce5a198239ff3f656e0e5bb0035b6fac306a461a,2025-04-29,CONTRIBUTING.md
rust,ff428d91c2b690b8dbd8cc1e48274870c24fe1e2,2025-04-22,CHANGELOG.md
rust,8f9a32aaf844174b26d7a39839c19c8f1c8d8cd0,2025-04-18,Readme.md
rust,05448bd9c7c256d45d9965989397331d52e4fd0d,2025-04-17,CHANGELOG.md
rust,e2422a618d9d3a432f3c2b1873dd0b8278106d66,2025-04-15,CHANGELOG.md
rust,fd0ea742f849e2ff270b586f0a28b7c1e69aa8aa,2025-04-12,README.md
rust,27d00a53fc17de29511e501f07d5e491417fce05,2025-04-07,.github/PULL_REQUEST_TEMPLATE.md
rust,944dfc749fe3a33056e8ec0137c004ac616c64fb,2025-04-03,CHANGELOG.md
rust,52a3082056ddc00df7d264ec80b16a0ecfe366d1,2025-04-02,CHANGELOG.md
rust,8a3ee9755245eccae6327c3f4cc658fe12615b18,2025-03-30,RELEASES.md
rust,15dbafa81ee8dcf70ead827bb4991d5be8cd99de,2025-03-30,Readme.md
rust,d5d2189c715bba5b12585c52ac8e30ac52c484f9,2025-03-30,CHANGELOG.md
rust,fb32aaf9ac75b503e0f344dc32ad2bf0f50f6952,2025-03-30,CHANGELOG.md
rust,af7359ee4fd25ac5fd92fa20c8b37405ac0d0c05,2025-03-26,RELEASES.md
rust,de3aa1d9b1e0d780b999b2e4fd5ded8fa1072a41,2025-03-23,CHANGELOG.md
rust,88b590bf4626df68b73fdb03840c7ce616ac5929,2025-03-23,CHANGELOG.md
rust,f39478f8a538eba5c56229b4f2c4f686d504e71d,2025-03-22,RELEASES.md
rust,82381608c993262b562e56b8b52ff47b42650c8e,2025-03-22,CHANGELOG.md
rust,f71d14e10ca9d87230c4a845e69976451ae0227f,2025-03-21,.github/PULL_REQUEST_TEMPLATE.md
rust,aadda467525d6bb6ade388312cb71f20f8c0e2f4,2025-03-21,CHANGELOG.md
rust,c86216ebe708d88dec9772e1f84556f5f529c6c6,2025-03-20,CHANGELOG.md
rust,c86216ebe708d88dec9772e1f84556f5f529c6c6,2025-03-20,README.md
rust,1f64cb7e63943dd60df05f7ae06e0ae5a4724d43,2025-03-18,RELEASES.md
rust,1954494ec9aa84983f55646fb8f5cac433a3b7bc,2025-03-17,RELEASES.md
rust,04c9956c9a470ca6b809bb76620846641ac8c892,2025-03-17,README.md
rust,559f23e1f2b0b2b39e6ee2ab20764bddd622fb5d,2025-03-12,README.md
rust,5df68878bf741c2a126b3032c2c3a5f60ac7e1e0,2025-03-04,CHANGELOG.md
rust,4febd273e5a82a9c5aa648e8d843baa184c30929,2025-03-04,CONTRIBUTING.md
rust,7fe160a60d58456dff82fec397d330f22cb00242,2025-03-01,CHANGELOG.md
rust,2fd51b8d3472cbb3384b68f52cc07a573085ffe4,2025-03-01,CHANGELOG.md
rust,f94f64f5e84e5b55c39be795e4e2a8515bbca517,2025-03-01,CHANGELOG.md
rust,fe01c4499507fc6ba21e07ff9824c14443b308e9,2025-02-28,CHANGELOG.md
rust,baadee8fd36e951c258d3d8505aa292bc3165b31,2025-02-27,CHANGELOG.md
rust,c6c8159bbc0a34b921429a57bfaffa7202468625,2025-02-27,README.md
rust,6af901c51edbe2019e6aa18f7b33eb8581dc49af,2025-02-26,CHANGELOG.md
rust,e173b714aa4307d136871025b1ef6e2a409d06ca,2025-02-26,Readme.md
rust,325bfef88d03cb79c6369d22adb14d997d090573,2025-02-26,CHANGELOG.md
rust,efcf1f57302b9d865caea8e069aef826e060e0b2,2025-02-24,CHANGELOG.md
rust,6366cca43958bedcfcc1b980061793e1f6664c43,2025-02-21,CHANGELOG.md
rust,83f5cbad188a905ec5793002b36e5d27a7a20890,2025-02-19,CHANGELOG.md
rust,822e45b1862956eb51fd3624604cbc6abf89f49a,2025-02-17,CHANGELOG.md
rust,3e637202321834f41f5f1dcda6816dceb535da78,2025-02-16,CHANGELOG.md
rust,2a8fbb5f5678e3fa61e06430da957662030ad404,2025-02-16,RELEASES.md
rust,8aa2290b86627a7c996672d29e34b1e88f3c6673,2025-02-15,RELEASES.md
rust,fd17bfe57d615673f94e1c4a5686222ad03a1056,2025-02-15,CHANGELOG.md
rust,342ac8ee289abbc28da41daa6cbb3e60586fe42b,2025-02-12,CHANGELOG.md
rust,8b6de49ef74de5bc5485ccb507178fa72dff9c87,2025-02-12,CHANGELOG.md
rust,da6a05977dd0a9a8fd973b3d08937e9b81d7e2ab,2025-02-11,CHANGELOG.md
rust,4d4ef0000c16fa89a51e39e022e5a2ebb891906d,2025-02-09,CHANGELOG.md
rust,5aa9d7ae7f33a21842c532aa7dcbe98e1df91a15,2025-02-06,CHANGELOG.md
rust,4c932ff8379e70893d3cdc835c289547ba3bee26,2025-02-03,Readme.md
rust,e82b1f465338f3d951ec52633bca9250ce26ec05,2025-02-03,CHANGELOG.md
rust,045e36d6a7b797e2eef8ee92bce11a499c319a5b,2025-01-30,CHANGELOG.md
rust,8db9ecfd74732f4227421fd9bbf3c7704f594cbe,2025-01-30,CHANGELOG.md
rust,3899d14db6e882f097682819a55ba30e4bc5b7d9,2025-01-29,RELEASES.md
rust,84fb6b165176d4349377862a1587c522a3ac5ae8,2025-01-29,CHANGELOG.md
rust,e4db6d7825cc22991f2c73623c39c457e86a1600,2025-01-29,RELEASES.md
rust,9da9ddb7db5b3005b38386bed2bf77932e7d4b4c,2025-01-28,CHANGELOG.md
rust,9da9ddb7db5b3005b38386bed2bf77932e7d4b4c,2025-01-28,CONTRIBUTING.md
rust,9da9ddb7db5b3005b38386bed2bf77932e7d4b4c,2025-01-28,README.md
rust,4693d0a9ffceeabed36d2e82be3cfce5e1322b30,2025-01-28,CHANGELOG.md
rust,4693d0a9ffceeabed36d2e82be3cfce5e1322b30,2025-01-28,README.md
rust,13be95ab11d0ffc5bb98a08dc6d3bb18ef6e0a77,2025-01-26,CHANGELOG.md
rust,26a7b322a37c1eeefb324bd3d082eeb36654c6a2,2025-01-25,CHANGELOG.md
rust,307d85409b141eb60724147e5cc6d41ddad569d4,2025-01-25,CHANGELOG.md
rust,2ad20daa2a2e9c0be30806fc93b54bf1dcca2559,2025-01-25,CHANGELOG.md
rust,c214f5144e1f7638dc007b0a389bb769528e56a8,2025-01-25,CHANGELOG.md
rust,2671e4a5c19492dba76905cc1e27b5dfba5fb34f,2025-01-24,CHANGELOG.md
rust,9ce6741d78d86c7bfc4f487f8c9acf73bf28f944,2025-01-23,RELEASES.md
rust,e749a38886ab868669029cf564c34bf9cad0d1fc,2025-01-20,CONTRIBUTING.md
rust,51b0107d287bf1f0e8932c73df0deed1cecfe64c,2025-01-19,CHANGELOG.md
rust,aced46dcde90545c765d39684be8b184266760cc,2025-01-15,RELEASES.md
rust,544f71f48d0b73db7d5815519dc6fd6a4ce87390,2025-01-15,CHANGELOG.md
rust,35dbaf8a618403e4a9ae2da04eb479d6450c7c88,2025-01-13,CHANGELOG.md
rust,4a69d0d4d8cb2b524f486d69d7c0a06eda68fd2b,2025-01-10,CHANGELOG.md
rust,f3b1dd636d35b1b9debfdd52dc47a9960bb34948,2025-01-10,CONTRIBUTING.md
rust,d0a74af9794d077cea7ed8979071de122334e503,2025-01-09,CHANGELOG.md
rust,326fedf3097e1e2974491318c0266f9c11577b21,2025-01-09,RELEASES.md
rust,44d760fb919229a477f057674977f3d4c0b907fb,2025-01-08,RELEASES.md
rust,2ab8b0b4f9a4c42c6d289c6373752a6527f4d90d,2025-01-08,RELEASES.md
rust,70123283bef554507b17a0bdf9eea2f7471956b4,2025-01-07,.github/pull_request_template.md
rust,87ce94d56fba068dc1f1acea5fceb58d32efe697,2025-01-06,RELEASES.md
rust,622382b6c6b18bd36623ff0d2aa20b134c37a941,2025-01-04,CHANGELOG.md
rust,4e4a2d022bfbb6740d78d82c37d1b6363948a18a,2025-01-03,CHANGELOG.md
rust,575cdf7492f0390d355113a823897a7c7d02357b,2025-01-03,RELEASES.md
rust,5a2e2a954bb4b74de5d99f6ddbc9ab41b141d0e7,2025-01-02,RELEASES.md
rust,707653f268a2e8911751b738671bae8da9eb7225,2025-01-01,CHANGELOG.md
rust,8a38bcc39083a2c73c2b7f27870d6bef85756f52,2024-12-27,CHANGELOG.md
rust,1cc50519d103c84ec68f466af17c728e4584087e,2024-12-26,CHANGELOG.md
rust,6f6ddd299c5ab87a8df5404d9ccbd16a5f358aa8,2024-12-19,CHANGELOG.md
rust,7a80f7b790333aed3b456db01d6c3dd26c69d487,2024-12-15,CHANGELOG.md
rust,52abb8f9f0009ac951cee312fb97592bd18ab258,2024-12-15,CHANGELOG.md
rust,2d71dd5a0f56bed87231ab223b80b64a99339371,2024-12-09,README.md
rust,149671192dcbdab92772a37f23cf9166c51be124,2024-12-06,CHANGELOG.md
rust,61fd92e28411c2594c9f46cac9d96b96ef894d90,2024-12-06,RELEASES.md
rust,d58b911e0170c6a06859dd70619b4d991a32e4d4,2024-11-28,CHANGELOG.md
rust,dae1bf3911173edd0af476c8bcf117719267e59a,2024-11-28,RELEASES.md
rust,44feca7f3fcefb7dc014001a0f1d6fb1135e51f8,2024-11-27,CHANGELOG.md
rust,46cd0c526691f485365e57228c99db8f7c16c324,2024-11-23,RELEASES.md
rust,c7195c4447549f8b9b4d0ac035d2e5ec2f55b8a7,2024-11-22,RELEASES.md
rust,d3d334294a944266784b96f5ed2859a848979675,2024-11-22,RELEASES.md
rust,3b8c0cccaaacbd3a2ceb78ccd16fbbca9156d9da,2024-11-22,RELEASES.md
rust,c14f0a1d5173aefebee20f4c007a54070ac1f049,2024-11-22,RELEASES.md
rust,45e1a3a6f413801519ccd0f1829ce51ecc836a44,2024-11-22,CHANGELOG.md
rust,607a3f6c08b489f9bd71ce11a00b112c3e5c612d,2024-11-22,CHANGELOG.md
rust,70d53bb364ced275c2e893763a1d6f8772ea1cdb,2024-11-22,CHANGELOG.md
rust,7426066bbc5083d64f6f6f839245dd98c2a2a860,2024-11-22,RELEASES.md
rust,404e47aa84b16cab60008cb74eead08475e83960,2024-11-21,CHANGELOG.md
rust,404e47aa84b16cab60008cb74eead08475e83960,2024-11-21,README.md
rust,cd7cec9066f35e2fd661a69830fd57864b41ea44,2024-11-19,CHANGELOG.md
rust,d20a310582ee57d0e1c2936dfc23c1b8b43e3ac2,2024-11-18,RELEASES.md
rust,1ceaa9041331c277c143078942ba5683d888a98c,2024-11-14,CHANGELOG.md
rust,89210d7c5afb0e42b0b1e092b388c912761671e5,2024-11-12,CHANGELOG.md
rust,6ced8c33c058fa1df65a363abcdc5e2c5828fa66,2024-11-07,CHANGELOG.md
rust,6ced8c33c058fa1df65a363abcdc5e2c5828fa66,2024-11-07,CONTRIBUTING.md
rust,6ced8c33c058fa1df65a363abcdc5e2c5828fa66,2024-11-07,README.md
rust,b1166963aaa194bf9ca684b3070d36b3e252c45c,2024-11-07,README.md
rust,f7ab2c990889b5f0b539cadbb808763d992b790e,2024-10-30,CHANGELOG.md
rust,acc3842d438028bf5649e9715b74791ea4ec6c83,2024-10-29,CHANGELOG.md
rust,91a1d16a81a30d48b65ce4c63d6a1410e6c98447,2024-10-29,CHANGELOG.md
rust,f152bcb72e376ea7aaea9db477788c1b1c404373,2024-10-28,README.md
rust,62c4daf358b6fa3e14f955bb8a49420fab79cfa6,2024-10-28,CHANGELOG.md
rust,3338611c1bafa90622ca64b38cb74e2aa485f28e,2024-10-25,CONTRIBUTING.md
rust,96cc01b197f50eeb657128946d02b8f61da2d12d,2024-10-23,CHANGELOG.md
rust,1909668a88fdea755f82d143fca00e6ab5394cbe,2024-10-22,RELEASES.md
rust,fea5e77da1dedea3a64711cb1b75c141e72ba248,2024-10-18,CHANGELOG.md
rust,e0e2c4534a55713520d6cd00e19d585852bc432d,2024-10-16,RELEASES.md
rust,42511a3ffae64af066a12032ca8b6d3e422c4838,2024-10-15,CHANGELOG.md
rust,512ad86d682092aabcd4f395b6a3be7eebad03db,2024-10-15,CHANGELOG.md
rust,5b2985f8df7cfd6497cd7ea60e3ea4b129cb0f2f,2024-10-12,RELEASES.md
rust,276d112d664ec7b584ce3768accb91c702552513,2024-10-12,RELEASES.md
rust,cae29b2fc3a1d3563ebfd3c9649b90902e3a3fa1,2024-10-12,RELEASES.md
rust,731c473fd9f1eb3005b554872e457f3d676c20e8,2024-10-09,CHANGELOG.md
rust,005a6298f75b309cb0ab07f36d2888961ffa602f,2024-10-07,RELEASES.md
rust,277c4e4baff50ff0df4b63e86404b8eea70e61ec,2024-10-03,CHANGELOG.md
rust,aa3251dd3b3d4550bdfd740ba8b4855a6c83d3be,2024-10-02,.github/pull_request_template.md
rust,5fef4621c3fd3a2b460dbacd35fbef52537d8889,2024-10-02,RELEASES.md
rust,d1dec199eea9678b0b3d728100ff356b0cd6f216,2024-10-01,CHANGELOG.md
rust,73a16c10dba19efbd5b3363be5f1d37a60d6436c,2024-09-28,CHANGELOG.md
rust,b61fcbee76f8e862c1de7523058e7e8a8b4ed4ef,2024-09-24,CHANGELOG.md
rust,9f5bfe24eb254fbe3f745062a4c9ce1c76ff800f,2024-09-21,CHANGELOG.md
rust,05ebce8e1a973907db7d3e89e4738a095c250371,2024-09-20,CHANGELOG.md
rust,28beb81318eea17fab77594139c65906e7ae3218,2024-09-20,CHANGELOG.md
rust,28beb81318eea17fab77594139c65906e7ae3218,2024-09-20,Contributing.md
rust,b23b69900eab1260be510b2bd8922f4b6de6cf1e,2024-09-20,CHANGELOG.md
rust,290a01e448e9e17710e03fc28c73de19f5889e5a,2024-09-19,CHANGELOG.md
rust,31e799f17f9d6d0dc0cb11500633ec42a97ef3af,2024-09-18,CHANGELOG.md
rust,46f8d360de99afe38dacc1dd6e29133d856e9fd3,2024-09-07,CHANGELOG.md
rust,d7996da9dae165c7d6e700f8b734392db30f9697,2024-09-06,CHANGELOG.md
rust,9415e6e6eb9a570acecebd3dda0ed2b5db9fb910,2024-09-05,CHANGELOG.md
rust,a551cccb623e0c7c52f7db9bcc424c837f848ede,2024-09-05,RELEASES.md
rust,f3efe3de1597b530735fd81fd776870cbfc952f0,2024-09-03,RELEASES.md
rust,273b561609de64131af3d59a38e38eceb76e4a29,2024-09-03,CHANGELOG.md
rust,17f3f92e8b6619f73a92fac95a324bb59b0390bf,2024-09-03,RELEASES.md
rust,99e14e3c809e933f68ad5b1363dc46e78a1d6570,2024-08-31,RELEASES.md
rust,27873f8052625069c20263862eb7aa92293c3eea,2024-08-31,RELEASES.md
rust,dd9fcffb20982b053d8b628663d7ceb690878eed,2024-08-31,RELEASES.md
rust,8c19c14c3f0ad2828fa6fcaf9c5402b2d87fa08f,2024-08-31,RELEASES.md
rust,cbc6910c35ddb682275c9ea83d94037cacc47a77,2024-08-29,CHANGELOG.md
rust,9aa23b8317de0fe68415f120b1cbf589fcf3d052,2024-08-29,CHANGELOG.md
rust,d20fc38f0a17561166fb57c83ff5660b3cd41392,2024-08-29,CHANGELOG.md
rust,e8ac4ea4187498052849531b86114a1eec5314a1,2024-08-27,CHANGELOG.md
rust,173d5a6af0f2352b3efa0b3a2faad87207706936,2024-08-24,CHANGELOG.md
rust,87e4b6789c43c44f07211defbd8c036bc0245562,2024-08-22,RELEASES.md
rust,b615c821809ff3092f021fc669eb63cb47de9912,2024-08-21,CHANGELOG.md
rust,7613eee55ea9fc0bdaff6bb482cc0650a5bf3e9a,2024-08-19,RELEASES.md
rust,cd7cc3f071a5b4bf7b621db3160bc960b5faeaa7,2024-08-19,RELEASES.md
rust,6a8ec81e1c894287bfee2a6263c8044a5ffc98a9,2024-08-19,RELEASES.md
rust,060811a6028e7889762ef2140c228df899f0e90e,2024-08-10,Readme.md
rust,3ea9313de3be4d19371e64c2a58b19bc8ff86983,2024-08-09,Readme.md
rust,1ac76a2062b94b72c36650d21ac1af40b4aea0e3,2024-08-08,CHANGELOG.md
rust,2c34d58159b67a73db66af81bdbe32f1ce48dd5e,2024-08-05,CHANGELOG.md
rust,182c26891e3c64931686e21758613f45a2f83463,2024-07-29,CHANGELOG.md
rust,7a5a936e79a479592561db63a9de9fa30aed47d5,2024-07-29,Contributing.md
rust,855a9d1377a2da3e4566de9adb8b783295a771dd,2024-07-26,CHANGELOG.md
rust,4e6851e50bde42cef280076aa48035871bfe9520,2024-07-25,CHANGELOG.md
rust,f0ba8c4ffb092469fe603f16074fcc5a60dc8eb6,2024-07-25,RELEASES.md
rust,cb77f126006fc427ce0e50f8bb06ee58dcb6fb52,2024-07-21,CHANGELOG.md
rust,b929b68a5ba4570e15637b12d9e687a2ba6673d8,2024-07-20,Readme.md
rust,642ab11a489968591d922106dca63ead419e7c8a,2024-07-18,CHANGELOG.md
rust,47d8d3d1dd4404c6626cb97f9da38a6df7403976,2024-07-16,RELEASES.md
rust,8f73091166546dd3641d046979d608643b64cbea,2024-07-14,RELEASES.md
rust,c1fd25d0aa56c27f1e8dd6fe00981eefba0d2e11,2024-07-11,CHANGELOG.md
rust,c92f054085a44393329f19cd9cf7dd12d03d80e8,2024-07-10,Readme.md
rust,add045979b30baa978b613ab849c2645c6a698b8,2024-07-09,CHANGELOG.md
rust,23d96f65e42c3451dae2b70abfe0a0f709225021,2024-07-07,CHANGELOG.md
rust,fe054be06ed9cea3f8b6efc723de20feb418cb4d,2024-07-05,Readme.md
rust,bc8520d98eb59563be09ca8772501b26a2a58ed9,2024-07-05,Readme.md
rust,2d123d08c98419261bddec8f3ad8b80cadb82515,2024-07-05,Readme.md
rust,6621e6cbfaddd39a7abeab92a30c7c6175184a6f,2024-07-05,CHANGELOG.md
rust,2c09ac3d39c272469b4f9a581f4a5507bcc09ca1,2024-07-05,CHANGELOG.md
rust,88c4a224807144b535854b53fbd46e6dc18555a1,2024-07-04,CHANGELOG.md
rust,6661e83e7bf2adcc9a68d59aee6e281f7c051b82,2024-07-03,CHANGELOG.md
rust,0f915f6f30c2fb267e25b0bf14bc4674ba7accca,2024-07-03,CHANGELOG.md
rust,f65d04a1092527db2396d517bd7f20987b025170,2024-07-02,CHANGELOG.md
rust,c9b0075563bc43181469ec34a60f5f05b31a2d2c,2024-06-30,Readme.md
rust,5adaed06a0326a567ce0571ba1cdbf503f99bf86,2024-06-30,Readme.md
rust,b08b8b8a75a37db53bdc7756914a8a37c36a79c3,2024-06-29,CHANGELOG.md
rust,abdd057163e638da1ba8e0cae316348579fab9e9,2024-06-27,CHANGELOG.md
rust,1b4c281fe7c37218fe6444dd667d79651adf337c,2024-06-25,CHANGELOG.md
rust,ebce05434703268c292520cc385568019c5ec353,2024-06-22,CHANGELOG.md
rust,ebce05434703268c292520cc385568019c5ec353,2024-06-22,Contributing.md
rust,6c3c4308bb2bb24032490be8085c57074dcc22b6,2024-06-21,CHANGELOG.md
rust,6daf3c17788256d26e27004a03c86faff08703ba,2024-06-21,CHANGELOG.md
rust,e2feea47bc568748af4bf58ba3f7d317708cd93b,2024-06-21,CHANGELOG.md
rust,9748af80c60a03deb79d430ebe6e6fea037ecb03,2024-06-21,CHANGELOG.md
rust,0737d553edb57744a12ba0deabafbeed21c6d6b2,2024-06-21,CHANGELOG.md
rust,5cab54ff1e465d6821471cf4a2aed65a7979e802,2024-06-21,CHANGELOG.md
rust,51ae60ca33e89ed62336418487eee349b0893e20,2024-06-21,CHANGELOG.md
rust,591df0823c6f57ede39c5870c82a01cca1b61d41,2024-06-21,CHANGELOG.md
rust,eca7a94033a2d84de15b8c97c2ec1922461f5473,2024-06-21,CHANGELOG.md
rust,4b3498b1889e10b9331a226ddab4a526a66b9a0b,2024-06-21,CHANGELOG.md
rust,aa5d7a0d8ae4654c8739db1d7ac75dc0e6e24434,2024-06-21,Readme.md
rust,2f9f204123b857606e7b65d217a3b71920fccf20,2024-06-20,CHANGELOG.md
rust,22710f33a8ad99be51bb69f91339f8d815bd9e92,2024-06-16,CHANGELOG.md
rust,3405ce3bcaeb445bc780a5ad863524dea151a385,2024-06-16,CHANGELOG.md
rust,c006748f6272c19cedb67d25b4444bb07cc5ce12,2024-06-14,.github/pull_request_template.md
rust,3bff119f63b804c3cacb3cd0217ac9e37660c732,2024-06-13,CHANGELOG.md
rust,3bff119f63b804c3cacb3cd0217ac9e37660c732,2024-06-13,README.md
rust,8e80f8aa3a2395d2bab4c4f62957fedf97da35b2,2024-06-13,CHANGELOG.md
rust,acc687735a48b4a1158e621b1bf5a2bcd2c437ea,2024-06-13,CHANGELOG.md
rust,bbc55091bb05c11d6770de3e396d81b6221de8d0,2024-06-12,RELEASES.md
rust,c86b19f1ef262eeb1992a91879b38ffbed07a1a7,2024-06-11,CHANGELOG.md
rust,9bcc133bb7f818958c2882d54400ddafd8aea8f3,2024-06-11,RELEASES.md
rust,4977608f72e97f498d6be312860753d0d131314b,2024-06-09,RELEASES.md
rust,a0e407c7c2454a869cf1eb5870fae13dcb823c54,2024-06-05,CHANGELOG.md
rust,466acfa6505f54386320036c204d7179b853516a,2024-06-05,CHANGELOG.md
rust,9173c58e68e49defe25aa09c1614400c0ab139ca,2024-06-03,README.md
rust,e7eeeb92dad5369fa26a553fc08acb2949ebdb3d,2024-05-28,Readme.md
rust,b13943ed4227ac0b51aeb117aae1fa4793c11916,2024-05-27,Readme.md
rust,566dfd90082d709aa2d42b354349bfd2b4b895b2,2024-05-27,CHANGELOG.md
rust,4363278c73cf506f71215e9e21af90e31c4d74ea,2024-05-21,CHANGELOG.md
rust,c342a61564ee2632a2896cc4a3b7bbecb5720bea,2024-05-16,CHANGELOG.md
rust,9747c80644fc9f705029c254ca1d14668a72f904,2024-05-12,CHANGELOG.md
rust,46659acdbde160324bae653e704203221df3b980,2024-05-12,CHANGELOG.md
rust,939a71162d29576157c77e438f97dcdee506bd1e,2024-05-09,.github/pull_request_template.md
rust,28d5115067c35a858af5248f0e7b4bc92380798d,2024-05-07,CHANGELOG.md
rust,f3dd31e21477c908daece71dc50bb7730b06a6ee,2024-05-06,CHANGELOG.md
rust,c9ea0ae502aa5afe84ae528b697824412ebabf77,2024-05-05,CHANGELOG.md
rust,27353d4cccc928ceb51a0f111634cb663566c633,2024-05-03,RELEASES.md
rust,80c6f8ff7bf3d16f3d05171c7fe770c9164f0140,2024-05-02,CHANGELOG.md
rust,5c23f138dd5217e9b7cef3717540f05d76d7ce3d,2024-05-02,CHANGELOG.md
rust,7ac1529ff630eeefb96888d734ae26bb6e84e335,2024-04-29,CHANGELOG.md
rust,87efce4fa22f51075e1fd25904f757f783eebfdc,2024-04-28,CHANGELOG.md
rust,7a69a4a5cf750c29ba53ef102dd8a9d148b5a620,2024-04-27,RELEASES.md
rust,a5aaf33422f110d7a4ca6ba53fc5f2995dd6b0ce,2024-04-18,CHANGELOG.md
rust,d12bad650b32940bff268787795e9a416b6c3b34,2024-04-18,CONTRIBUTING.md
rust,d12bad650b32940bff268787795e9a416b6c3b34,2024-04-18,README.md
rust,6e5395a4147f50c95b3f5952fcb62648a124cb88,2024-04-17,Readme.md
rust,cf0b55eb6232491a7c29ac0f47564b6ee7adb13e,2024-04-14,CHANGELOG.md
rust,86921925823fabe1f58f4c40350761043037eb97,2024-04-10,Readme.md
rust,3705073a71648cff81bdb3eadeeacacc8d65123c,2024-04-09,CHANGELOG.md
rust,10e7bfb92f6dd0e7bb55a7185b0e948676562b4e,2024-04-08,RELEASES.md
rust,2a991102977fd6f51d16612e10bd82d74b932e9a,2024-04-06,Readme.md
rust,f91bd7882f311a86cf8005af00f55dc55c744c73,2024-04-05,Readme.md
rust,0ae4a048c6fa9c84d169e1bba8747661099b2111,2024-04-04,CHANGELOG.md
rust,ce4cc9df960ec5c0a840d75e7e57284bfd80d25d,2024-04-03,README.md
rust,120c6b16845c4f70601a0ee1ffe2172f1b0c8c95,2024-04-03,README.md
rust,f6b51c10f3c23a1079d59e01c5a2c2b92955378f,2024-04-03,README.md
rust,7cdec718681936ff4a41ab8de712bfb415636983,2024-03-31,Readme.md
rust,5eb78c515c777c232c35b2e606bcec7cefe875af,2024-03-29,RELEASES.md
rust,0c392d918aae3dc8a2eedc9a26b1ca9d7ed2ea1d,2024-03-21,CHANGELOG.md
rust,0e62b184353c0c76b5e908746c0dc99dea05f7a5,2024-03-21,CHANGELOG.md
rust,87d45e5e2cc4e39f4bbb47632dfe64c82c3d24c5,2024-03-19,CHANGELOG.md
rust,4739948c89fde700275246990ae3436bd2ed967b,2024-03-18,RELEASES.md
rust,87c9349e1b0306279736c7d34bd967086b12296b,2024-03-17,RELEASES.md
rust,8953306016e5d42cd2882b94adf01cfd33d865b4,2024-03-17,RELEASES.md
rust,4a2f0f6c995827a64ab690a0074f4d61e13251a2,2024-03-17,RELEASES.md
rust,213e598fae81fee52327821bce83e544229f4006,2024-03-17,RELEASES.md
rust,0ac3d4df6d5b660e42ab829968f74bdfa7e3662b,2024-03-17,RELEASES.md
rust,01864e282a0d0e7f33d26220f23bde501186eb14,2024-03-17,RELEASES.md
rust,79766577f2206306e342c8adae1c95f8ab0b9413,2024-03-15,CHANGELOG.md
rust,edcf10e2f7243d4173d2a2c635ef923ba813a10f,2024-03-11,CHANGELOG.md
rust,100ab4993e33d9d228303ce86abbfbed9abd88f6,2024-03-11,CHANGELOG.md
rust,98ac5f1e8cf9aaf2690665bb87f4af4135084e65,2024-03-10,CHANGELOG.md
rust,1abf4418f80e21bd9cbc5bbdc6fe76df1eb5d494,2024-03-10,CHANGELOG.md
rust,0e59259add77fbe673eb14566a3bceac67735853,2024-03-09,CHANGELOG.md
rust,f34804d807a8ca576c3a9096064a8b95ff7d0c2e,2024-03-09,CHANGELOG.md
rust,5ec45d3d7a42234a03a1dc681e794ecb6f276725,2024-03-08,Readme.md
rust,da083a8fc2d93a2705d123bc64da4ecdbe04783f,2024-03-08,Readme.md
rust,7e83df40685907ea917813ec5b13fea360bdc070,2024-03-07,CHANGELOG.md
rust,faebf73983661ae2bd7abe2027b5491f4762cc6e,2024-03-05,Readme.md
rust,e3cda2a39957754b6f7d2c2c1f3e4ef00b4a68b2,2024-03-01,CHANGELOG.md
rust,7be6e2178e89dad8b619742c566fdee948414acc,2024-02-27,CHANGELOG.md
rust,9f4a58f6162c66c76ce16e2ecbe3e757d6fbb6db,2024-02-27,CHANGELOG.md
rust,d85642e6e80c448f8e3bf0797d381d434f472496,2024-02-26,CHANGELOG.md
rust,dbfbd0e77fd12a46ac81d0ec6fca4012aad0ea2d,2024-02-26,CHANGELOG.md
rust,3093b291f6ba37dd51d45d002e6863b44ee3af7d,2024-02-25,CHANGELOG.md
rust,ad319484f1505420586a68c9d77493898579d331,2024-02-24,CHANGELOG.md
rust,d654acd554b679a61d9bde0247aa3ac8e691b964,2024-02-23,CHANGELOG.md
rust,f35d87f21101b2310f9466f6a00253d05041107e,2024-02-22,CHANGELOG.md
rust,b5dcc6ff0e8187093f1ae30e1d210d68c9949397,2024-02-17,Contributing.md
rust,79316d4e8313951ace166dd0c96108c3d9b70dab,2024-02-17,Readme.md
rust,cb14f43de634d3f605559158b705e03e5537ba95,2024-02-17,Readme.md
rust,6bdcc3c4c71dd63a28a9920be011c20df3099f62,2024-02-17,Readme.md
rust,98c1efd5b69b64cabab6762d75687fc937d79599,2024-02-15,Readme.md
rust,f35eec867a1c64018e1b725094155ccccee73b27,2024-02-14,CHANGELOG.md
rust,2640b316e2e64dd1c4a79ba81bd2da809ad47d41,2024-02-11,Readme.md
rust,b860e238d71b86cdb9f7494790ce48f523cc4c31,2024-02-09,RELEASES.md
rust,f3b3d23416f1da77103bb74788f23b4f9c78ee7e,2024-02-08,CHANGELOG.md
rust,5cb9e318c81942ebb69f329f205f7a6ee82b6258,2024-02-08,RELEASES.md
rust,36f7248da0cbc5fd9ed1903ba7393ac80c3b1cd5,2024-02-06,CHANGELOG.md
rust,7f80b449f570613aea32f30f64ec5bb3189e1d26,2024-02-05,CHANGELOG.md
rust,a3baebcb3147773c9673e4ea166e3419201e8b9f,2024-02-04,CHANGELOG.md
rust,a3baebcb3147773c9673e4ea166e3419201e8b9f,2024-02-04,README.md
rust,aa1de4d5566afe00473e29083a84ad0a8fdf01b0,2024-02-04,CHANGELOG.md
rust,8f1573a5853898dbb8196b287c670e79d4c4705b,2024-02-03,RELEASES.md
rust,46dd8263a08a09e522d6990d11a3aa5e58702a50,2024-02-02,CHANGELOG.md
rust,6619e8c27da89c8fc7972eecc410b39ddc250bd7,2024-01-31,CHANGELOG.md
rust,ead0fc9529ef787bc0e3f7f1b92dccd00cf45915,2024-01-29,CHANGELOG.md
rust,6d76d145653bbe05e3ac49ea12626f52a1582970,2024-01-27,CHANGELOG.md
rust,0061bb7faf34f89f0227757a04566fe319455eed,2024-01-26,Readme.md
rust,14e15206ed1ce8b50c4d2038f10d2793faf87723,2024-01-26,CHANGELOG.md
rust,cedb7b505885f75b1e073f0a0e6c7f2ce6ce5f9b,2024-01-25,CHANGELOG.md
rust,798865c593b8ad255ed1e19ee2502c8d91f16c65,2024-01-25,CHANGELOG.md
rust,e456c28e11921174d50e8329ca78903e6e53b3cc,2024-01-25,CHANGELOG.md
rust,e86da9eca3ddd3abe3a96b0af2b9a0fb1cf0470c,2024-01-23,CHANGELOG.md
rust,95a084f2eb24465cc9bed7f3998ae7f7076f833a,2024-01-21,CHANGELOG.md
rust,7e64f29534c21bee76775d73f44c595965e97a3d,2024-01-15,README.md
rust,6c201db005c546bb16ce19c81d6b68f262b0203a,2024-01-15,CHANGELOG.md
rust,994d11ace9b325ad3d32271ca86983112df5868f,2024-01-13,README.md
rust,aa220c7ee7a51ab39bccd03ee90fa1c9365a589a,2024-01-11,CHANGELOG.md
rust,aa220c7ee7a51ab39bccd03ee90fa1c9365a589a,2024-01-11,README.md
rust,b10f5dd3b9f33093030bda58b470d727128fa3ea,2024-01-09,Readme.md
rust,6fea128f8c859a3f63e6ca684083419ca00d58d3,2024-01-04,Readme.md
rust,5960107415caf34a84fc8bb2f2fd303b7e358041,2024-01-03,CHANGELOG.md
rust,5960107415caf34a84fc8bb2f2fd303b7e358041,2024-01-03,README.md
rust,18e4632b2bc799dd767de90f1c231aa3f51c85a1,2024-01-03,README.md
rust,c427754b52415a1fb11c83aa278b5fec21146b27,2024-01-02,Readme.md
rust,70024e16c000edfb56324852414760cc82567217,2024-01-01,CHANGELOG.md
rust,fe35e08e9f96f9c829add20351b2fbf28faac324,2023-12-31,CHANGELOG.md
rust,1ee9993a962d9f2990bbdac91c792ca893f10b54,2023-12-29,CHANGELOG.md
rust,fa7dd1c4e0106ce0346236801653188689dbaa43,2023-12-29,CHANGELOG.md
rust,15b1edb2092efef167b375ac4a88429a90714210,2023-12-28,CHANGELOG.md
rust,08d8ca9edd7a83f15a27012391fc9760ed30e408,2023-12-27,CHANGELOG.md
rust,c4a80f2e3e8375ff54826840e2e2a5c53a20e2ce,2023-12-27,CHANGELOG.md
rust,ae4ab9e369a2c92e74b7535827979b067afec139,2023-12-26,CHANGELOG.md
rust,2087e24338c4efb1f752de7553a79739badf05bf,2023-12-26,CHANGELOG.md
rust,2e52b08800d5213e6cc7d75559f62584e8e0eede,2023-12-22,Readme.md
rust,73cd2df422c08e2d659e38b4b7494fffb05228c2,2023-12-21,RELEASES.md
rust,25b9ca3f64bd3f7fda96e50f340c9c3459fe2e0a,2023-12-20,CHANGELOG.md
rust,c274a350df499bb9f6e35240169a0c37c5b8d3e9,2023-12-19,RELEASES.md
rust,6ca466ed1d8288fa427fb2f981be0e38b2e7e4ec,2023-12-19,RELEASES.md
rust,35a1189ca7b49a7d3016110be1d00494c5588d9c,2023-12-19,RELEASES.md
rust,add2bde88787d904a6dbbec29cb44309930c4583,2023-12-19,RELEASES.md
rust,03d0ac62aa9bed564cdfb394da199f4479d84705,2023-12-18,RELEASES.md
rust,3596d4498808d44e0923a547fe2f1ec7774fffb9,2023-12-16,CHANGELOG.md
rust,8892420aa742e1f8e2ae80edd694aba59ac60e87,2023-12-15,CHANGELOG.md
rust,91fd01c31cbe8fd07583a056cae7397b69b32838,2023-12-12,CHANGELOG.md
rust,ded94ecf65e334a9c38a8938e817f2bb83f73d45,2023-12-12,CHANGELOG.md
rust,cdfa38a9d1262474216a5543c807a5dfc1b213fe,2023-12-08,CHANGELOG.md
rust,dc0f7a1208ad3e86b00cd8ee6aabffd8fd1d52b0,2023-12-06,RELEASES.md
rust,84ca4f59c21425b02ba2042297187953d9aa283e,2023-12-04,Readme.md
rust,bb4d0be014957067ea1386948fc1d691fff64918,2023-12-02,Readme.md
rust,c9a43b18f11219fa70fe632b29518581fcd589c8,2023-12-01,CHANGELOG.md
rust,504941591f77d818bac0c859043eb264ebc096fe,2023-12-01,CHANGELOG.md
rust,40b558af764a43e8d1c1a22ad34efc3dd3cf4208,2023-11-30,CHANGELOG.md
rust,605381ad4764f25aa208aa0a41bb71efbeb216f6,2023-11-30,README.md
rust,b80d0749f4b209ae812bac14b0ef70d2774f5d60,2023-11-30,README.md
rust,0ba9bf9f9ac8adfdcc1b9e033bb127f199397d2d,2023-11-28,CHANGELOG.md
rust,758d0e8661fd757ed12a07959eae142c695500ed,2023-11-28,CHANGELOG.md
rust,ef38969e06127a664ea532e0fd154638b3431ccb,2023-11-24,CHANGELOG.md
rust,a412e9c411ff13aaea0c88aeee0ad55690f2e2ce,2023-11-22,Readme.md
rust,abd9deb9f46942e6615187a4a6d515340ceb4cc6,2023-11-21,CHANGELOG.md
rust,34d9e88a4739a33d0d570947691c78d6980c48a9,2023-11-20,CHANGELOG.md
rust,3c1e0afa58dbe1287c1e9a9ea704f9b76b6845cc,2023-11-19,CHANGELOG.md
rust,19848d5db4b4f057a027f596a97cf8fcde8a5c75,2023-11-17,RELEASES.md
rust,2d9fc6dfc8160f47f13da9be3fb5fc48ef62880f,2023-11-17,CHANGELOG.md
rust,dfc669b74c214ad5afeb94211ebe1fd70ac8d43a,2023-11-16,Readme.md
rust,4e26f9c335e3ea5eb88d1d583df87e4ea89d77a6,2023-11-16,CONTRIBUTING.md
rust,6246f0446afbe9abff18e8cc1ebaae7505f7cd9e,2023-11-16,CHANGELOG.md
rust,6246f0446afbe9abff18e8cc1ebaae7505f7cd9e,2023-11-16,CONTRIBUTING.md
rust,563d9753649453321c477ecfb61ce86b84bdfa97,2023-11-15,RELEASES.md
rust,7f10299d9b521e429b02636bde905943f6869b2a,2023-11-14,RELEASES.md
rust,cab975c713c969d524b6b45b2e2f9b86ef346b25,2023-11-14,CHANGELOG.md
rust,c8330ba354928d4c67884a88b50df3e7dc02054f,2023-11-14,RELEASES.md
rust,64c0ec65315fe6023d0bc217703c16474d5f12a4,2023-11-13,RELEASES.md
rust,40e8a43a425e876c3b3590cf3a0362caa1410fbe,2023-11-13,RELEASES.md
rust,2aad0604dac0540c60d8b4ebba1d91c24bd1f514,2023-11-13,RELEASES.md
rust,cc7d451c36f3671196034afb2c921d19dbd5ad93,2023-11-13,RELEASES.md
rust,ff7c684ed05e90c9332a64da2f9a520ce44daf73,2023-11-12,RELEASES.md
rust,d8445b1cf2e9666d0f7f72ce95f29e0d5549b6c6,2023-11-11,Readme.md
rust,cb90674aed9ec7b6c7bb471d2ec8cc3b36745b79,2023-11-11,CHANGELOG.md
rust,f1979d48d7b8b90bc45b2c4fa1afe62c3c1066e8,2023-11-10,CONTRIBUTING.md
rust,d49fd9f8771c5e4de53e7f53431344c40b94ca55,2023-11-10,Readme.md
rust,77c1e3aaa10aa78e7841b03a674acdc22bb6f758,2023-11-02,CHANGELOG.md
rust,0b90f72064cba3ced487773679aba48ae78af007,2023-10-31,CHANGELOG.md
rust,69c3b9c2523290f07713efdbfb4dc4a0369416b1,2023-10-30,CHANGELOG.md
rust,9a33f82140c6da6e5808253309c674554b93e9fe,2023-10-30,Readme.md
rust,9f4f90b19a7d9e558f919e64f0cff226caa9339f,2023-10-26,Readme.md
rust,a6984f5961c6a211b64797ff0db595228d00abf5,2023-10-26,Readme.md
rust,0b6e1332b1c1258d24a52fdefd95e3fa2e88f69f,2023-10-24,Readme.md
rust,a302610016bd8299aff79c38f5a6b95ec1c112ba,2023-10-24,Readme.md
rust,f8790963d9dd9fd4fd22456eef1cbfe2fb8cb12a,2023-10-24,CHANGELOG.md
rust,04bd7201a9eeab502439da6c77c62092061e69cb,2023-10-23,CHANGELOG.md
rust,04bd7201a9eeab502439da6c77c62092061e69cb,2023-10-23,CODE_OF_CONDUCT.md
rust,04bd7201a9eeab502439da6c77c62092061e69cb,2023-10-23,Contributing.md
rust,04bd7201a9eeab502439da6c77c62092061e69cb,2023-10-23,README.md
rust,81fe905ca83cffe84322f27ca43950b617861ff7,2023-10-23,CHANGELOG.md
rust,ff3ce6b53cb55ad85ae5d9d563bebfc6cbf2f0d3,2023-10-23,CHANGELOG.md
rust,75c7d1daff782b015776dcaf3b6b063830c06e73,2023-10-23,CHANGELOG.md
rust,7c4fcd41653e04e6b368830e84e234422c9c61ed,2023-10-22,Readme.md
rust,7425c560d3e53eb34fbdf8979981566ab8b344d1,2023-10-21,Readme.md
rust,8e7d1678c4cdadb7f2aef448cb7ccce637de6788,2023-10-21,CHANGELOG.md
rust,d7256a6a0d81a6c6cd182aab22e724f43e702a0c,2023-10-19,README.md
rust,8b02dac54244efc2968c164bff129f2a64bb845e,2023-10-18,CHANGELOG.md
rust,cf8c391fc174c3e3264d910d5bbb4107b0565715,2023-10-10,Readme.md
rust,242a482c88ea629b54a2d870e0d66738dd3900df,2023-10-09,Readme.md
rust,5d85a24442bb478745876b73ebbada623c1b629e,2023-10-09,Readme.md
rust,268716b85e8b970b1e4366ed488db9f20c285b0f,2023-10-08,CHANGELOG.md
rust,b3fecae7d736eeb9e4170563b1bc0f4511e58125,2023-10-07,Readme.md
rust,8c7d232568d80bd365ef1c17e919f7fc637962d1,2023-10-07,RELEASES.md
rust,8ebed4cc1a2e21844c58f3b0bfbad1a069bb09b6,2023-10-06,CHANGELOG.md
rust,6ff3c3a421c23490751685c6a8cc41bee53bdc55,2023-10-06,README.md
rust,eedf1b6cb458c6a474bf2e9ccc29cbe9059f7764,2023-10-04,Readme.md
rust,404217e631270d9a167cf63cbb3ea50cbe370ebc,2023-10-04,CHANGELOG.md
rust,948355586fe325acb97be312e9f3c7ef8f13bba7,2023-10-03,CHANGELOG.md
rust,8d920a8b0336a59dcb91dda88a309b244bc5fb02,2023-10-03,CHANGELOG.md
rust,9501ff00b9b2786ba43d11a104fe6f52f4d60ed2,2023-10-03,RELEASES.md
rust,0eb8973fa9637925b9d46843971ad03a3ccb0e82,2023-10-02,RELEASES.md
rust,c6bb73101e3de8b5f15d9763a468f0e93770d7f2,2023-10-02,RELEASES.md
rust,d7669b4ffb7f694db6a8a7b75246a5a4245114ac,2023-10-02,CODE_OF_CONDUCT.md
rust,8eb586d1549236be3ba55b205c9dc19e9bfe7f3d,2023-09-30,CHANGELOG.md
rust,330ebbb9f9ee3c4bab37e330726ccc3ac1c26e4a,2023-09-28,CHANGELOG.md
rust,ec2f62677f5e7e6a1ed7e02fd61100c78c896d86,2023-09-26,CHANGELOG.md
rust,772296c50e28920ac2611587d21b543df73e0e83,2023-09-25,CHANGELOG.md
rust,d128b8ba10a1949bbac7794c77a2738db76e2229,2023-09-23,RELEASES.md
rust,31e8981fa998a339fe091ec303a8a1414c5d1936,2023-09-20,RELEASES.md
rust,ed3c63cbec0cec2f787597ec1ca36137b1ba6e08,2023-09-19,RELEASES.md
rust,1c9f3bef8bb80dc8706e4595a262fe8825ccf74a,2023-09-17,CHANGELOG.md
rust,79247d95f7ec00019cc26db20a07d4f1c1f335aa,2023-09-17,CHANGELOG.md
rust,981e96008b58d34e9c52b0aa3b318974c75b9d1d,2023-09-15,CHANGELOG.md
rust,f3b82df8f8f59238bf9ba9aafa4896e8a72c888e,2023-09-15,Readme.md
rust,45c501cdf9e711c8d7c8d06250fdc2a84caf69bd,2023-09-14,Readme.md
rust,471469d30facd25ed3072524694e369aeb72082c,2023-09-12,CHANGELOG.md
rust,f136e1634a8d834d32deb89273717227eedaf153,2023-09-12,CHANGELOG.md
rust,b99921a5e8e7d31332e1de9e5c2d78a044f6d8cb,2023-09-08,CHANGELOG.md
rust,d72f7109ede688200c4ffdc0453457a66552f47b,2023-09-07,Readme.md
rust,d9af418223e26df77923a2fbe82a6c2c7d5fa5a7,2023-09-03,RELEASES.md
rust,b54bac9f1420423503cb2408d57ab0fd44adc243,2023-08-31,CHANGELOG.md
rust,62867dc29f8772db166139d954dbe606ab28c34b,2023-08-31,Readme.md
rust,55bd0fe296d897ab45e16522f21a0eb847b9e741,2023-08-30,CHANGELOG.md
rust,1da87ee4b31fd1238fe73a42179e5460120d5e2e,2023-08-29,README.md
rust,3f1ad47b88f973a660dfc99d6f51e77e4e4e4d5e,2023-08-29,README.md
rust,4429ccfa9ff6f0d540ea5ccfb51b548d71c46125,2023-08-28,RELEASES.md
rust,0439486ff7d931c81dca904c7e1fd687415c814d,2023-08-26,CHANGELOG.md
rust,cc61aeea54138d3d037452754456539cf4ae6192,2023-08-24,CHANGELOG.md
rust,cc61aeea54138d3d037452754456539cf4ae6192,2023-08-24,CONTRIBUTING.md
rust,fe38aaad66a26fd5835d561ec1a50e77185c58f3,2023-08-24,CHANGELOG.md
rust,86b66443797bfa89dbc099722c20c9c2c5943217,2023-08-24,CHANGELOG.md
rust,09506f49c13630765f636cf8a1ac58f95658dd68,2023-08-23,CHANGELOG.md
rust,42bd6d7af3b12366b6d063c2f5220323aee62efc,2023-08-23,CHANGELOG.md
rust,42f993fd0239acc898d4a37af1beeff51d29940b,2023-08-22,RELEASES.md
rust,7fbf808a5056f63da5d2ae86ebeb32fb21f45b50,2023-08-21,CHANGELOG.md
rust,6b588cc0077d9bdee81c8896d238c9107830b752,2023-08-19,Readme.md
rust,e52bd6f8505bd3e3ce120104e4c6ee4f17dc1d10,2023-08-18,CHANGELOG.md
rust,8f06b19b457e87fde9505c9777808dbc126afa5e,2023-08-18,CHANGELOG.md
rust,7bd5aa5c14be38c5f750ed5baadbeb78d4ec13d5,2023-08-18,RELEASES.md
rust,ede43069cc927d0e2380de93aa37c4b30c1d15e0,2023-08-17,CONTRIBUTING.md
rust,4cbf1c76ff0d8b35c08a841aadee52f26be564d1,2023-08-16,Readme.md
rust,f730a2655a0ea22da4cf104d3e97f9fa17c0658f,2023-08-11,CHANGELOG.md
rust,1ec0501bcabc0fd6aafabda6ac6c75e0bf8f0bfd,2023-08-10,CHANGELOG.md
rust,1d61fc1b0a02bb8f4a597279f03e897de0e521d1,2023-08-05,CHANGELOG.md
rust,046d3df35eccafd73f84c47bb3b45a3cec33bcf4,2023-08-05,CHANGELOG.md
rust,b0e64a9c09773e5ac908d89bff3db95d35491308,2023-07-31,CHANGELOG.md
rust,f9a6dfa60d4f55ec9a98bc517dea4e4fb9c0f61a,2023-07-31,CHANGELOG.md
rust,52716d237cf00dab0d51b253bc080810570f47ef,2023-07-27,Readme.md
rust,136339f2d307cb819b61573c37e4bb5d155a6d9c,2023-07-27,CHANGELOG.md
rust,978b1daf99d8326718684381704902fdaaf71b18,2023-07-25,CHANGELOG.md
rust,14964ed2f6c8f19a444afe886d0c2ac68a831e45,2023-07-24,Readme.md
rust,e8168ce8a3fde85460481dfba2296eb7e6bc5060,2023-07-22,Readme.md
rust,cd57c6ea1c13db57a6ebd4423ddbf2ca8e28e765,2023-07-22,Readme.md
rust,51b57723d18aec1b9dd26bbb1482d1f29f6d18cf,2023-07-22,CHANGELOG.md
rust,008ba2b8bb711b8ee725a808f3d9ee65c2a1dce3,2023-07-22,CHANGELOG.md
rust,9cf1509b25889fad9743777602d472ffc8bd3ec2,2023-07-21,CHANGELOG.md
rust,e27977b84776b641ec48482f18c1dac7420a5830,2023-07-20,CHANGELOG.md
rust,c6d39a22590d7ad3a77a0332c039a498cbda1312,2023-07-19,Contributing.md
rust,4c79d8ace5bf19d6f839b52138af014da570284f,2023-07-19,CHANGELOG.md
rust,19b0e84187fd0c7ada499adc256d671e2d6ad78c,2023-07-19,CHANGELOG.md
rust,9d08502496f8a61bdc1f8d20ba075b6d0a5a8b87,2023-07-19,CHANGELOG.md
rust,f4b3bb19c18cbce910875d6fc97de70005b8dcdb,2023-07-18,CHANGELOG.md
rust,75e1329aac850a15f29a86ac685b3cb4794b8b4f,2023-07-18,CHANGELOG.md
rust,0d59d1d617531c1fe73cc94a4eaac7db5f23aa72,2023-07-18,CHANGELOG.md
rust,c13cb54e25140afe2845eee3130b2b369d130d48,2023-07-18,CHANGELOG.md
rust,2779d1531717e97020a444ed04a957d074a91013,2023-07-18,RELEASES.md
rust,e9dfb6f2179db598cb20052a945550919f401aec,2023-07-17,CHANGELOG.md
rust,c3881569afd049d391d6943bff9ee7317fe98211,2023-07-17,CHANGELOG.md
rust,d6d530fd0b92ccec4a22e69cdebe6c4c942c8166,2023-07-17,CHANGELOG.md
rust,d6d530fd0b92ccec4a22e69cdebe6c4c942c8166,2023-07-17,README.md
rust,e87c15c8e4dbe98d72bd1b18b9f5c70cacd44672,2023-07-16,RELEASES.md
rust,885ce610fe2b257d2263e28954ab11a92e0372cf,2023-07-13,CHANGELOG.md
rust,7a3756add539d7a7a35ea17d7b2f2a4b762e6910,2023-07-12,CHANGELOG.md
rust,5ea622c8b237a7322fcd9630f2939f91aeed478f,2023-07-11,CHANGELOG.md
rust,e1092eb4d123f568f2f51c8ff4da54d7be89dc0c,2023-07-09,Readme.md
rust,41438c2b90f0324494c6ca22d205bf0acec4c03c,2023-07-08,README.md
rust,844afbfebad063d335e30f01e7eab287535f6470,2023-07-08,CHANGELOG.md
rust,004e89d4cfde749e9cb33d5ac26bdbe3001a1f3d,2023-07-08,CHANGELOG.md
rust,2a1fd22f81fd1222a5ceaa554e41095dec34f785,2023-07-08,CHANGELOG.md
rust,28655266b5797292a23dc10027d37b4a598662d8,2023-07-07,CHANGELOG.md
rust,f12edfdb53b13008dcff9eba2a3fd9a19370d2ee,2023-07-07,CHANGELOG.md
rust,d0762f032b4a5ed636a1ebae0b82647f2cce2998,2023-07-06,CHANGELOG.md
rust,d0762f032b4a5ed636a1ebae0b82647f2cce2998,2023-07-06,CODE_OF_CONDUCT.md
rust,d0762f032b4a5ed636a1ebae0b82647f2cce2998,2023-07-06,Contributing.md
rust,d0762f032b4a5ed636a1ebae0b82647f2cce2998,2023-07-06,README.md
rust,91e04000eab437a791d0b7e1fe19c2a2b2234281,2023-07-05,Readme.md
rust,8fad54e8f942e545458c7f339f0444513c5fcb1e,2023-07-03,CHANGELOG.md
rust,b41fc6784fc723ea52da0e0668fc5205b740f81a,2023-07-03,CHANGELOG.md
rust,9a86da98c05a3fff9f52202c2c4de79928c240df,2023-07-03,CHANGELOG.md
rust,9a86da98c05a3fff9f52202c2c4de79928c240df,2023-07-03,README.md
rust,cb3ecf7b792fdc4b00e61935b9e40ca836752492,2023-07-02,CHANGELOG.md
rust,7bb9de87f669affafb7aa4c2e4c18b36f0b2238d,2023-07-02,README.md
rust,354172a18efcf104db76fd7dba884b329e9bac7d,2023-07-01,CHANGELOG.md
rust,78331eefafbbb59fa8987347b9867c4f94872b5a,2023-07-01,CHANGELOG.md
rust,dca1cf90ad6b8e45afbed2061803befbb2d159e9,2023-07-01,CHANGELOG.md
rust,a30f797437eefb9322d8ea87b70d8714f4761332,2023-06-29,RELEASES.md
rust,43f4fa4bf12b05e07001b1a80fa136845d49ec6c,2023-06-29,RELEASES.md
rust,281e072d8026ddc36f8bac8f138eb6544fdb845a,2023-06-29,RELEASES.md
rust,bfcc8ba444180dfc12bb113d1d500b81c9e87956,2023-06-29,CHANGELOG.md
rust,13fcd8dd58cd51de9303c0f27ee35a59b12d5755,2023-06-28,RELEASES.md
rust,8296a338dba7af1db8a6aff862c4ad46402dc111,2023-06-28,CHANGELOG.md
rust,b592d39968210a94d393e2eafa3a11af3011a5a0,2023-06-27,CHANGELOG.md
rust,1d4afc5d8201e591e0019883c0c2c6a0ae93f13b,2023-06-27,CHANGELOG.md
rust,e9ced12512f0a63667884c0eac10c99d437f31f7,2023-06-27,CHANGELOG.md
rust,9a8347ded53a14fb381f404abd32302e59ef20a9,2023-06-27,CHANGELOG.md
rust,8cb6c86996a8ea9e35a4e1c0c38a5a4da00b95dc,2023-06-27,CHANGELOG.md
rust,cb52d19ce106f2ba2c4e1cca860757170c1db2ed,2023-06-27,CHANGELOG.md
rust,bc744eb82bdf9c4ecb21ade5d7b3516f14da29ad,2023-06-27,CHANGELOG.md
rust,1bf74fc303d77be3ceef5b030d9fd73ca6031298,2023-06-27,CHANGELOG.md
rust,aea731ebdb90cdb734e2ecb8405de7b5c60b3898,2023-06-26,CHANGELOG.md
rust,b556e28496209611c6ee7fef6f6ac6109af5c199,2023-06-24,README.md
rust,cc2e49f6956bba3131f7c695042fdc4a1aefb179,2023-06-20,CHANGELOG.md
rust,ed3e96e3d1a2040b8843a99b62d0244212235e1a,2023-06-20,CHANGELOG.md
rust,ed3e96e3d1a2040b8843a99b62d0244212235e1a,2023-06-20,Contributing.md
rust,ed3e96e3d1a2040b8843a99b62d0244212235e1a,2023-06-20,README.md
rust,3f7c366fc0464e01ddcaefbd70647cb3da4202be,2023-06-20,CHANGELOG.md
rust,38c16e9862951e3f7235c960abe0539338606e48,2023-06-19,Readme.md
rust,8b23094ade47139ed8e49d7f7799dddd00a8229c,2023-06-19,Readme.md
rust,c9ebd6ce262ec37c46ff50ac3c56ba19a99254df,2023-06-19,Contributing.md
rust,c9ebd6ce262ec37c46ff50ac3c56ba19a99254df,2023-06-19,README.md
rust,0441cc21e3b0ce457d030aedd2cc7776fef047c1,2023-06-19,CHANGELOG.md
rust,c5a9adc2bef3afcaf8bcdb260e218a82911a034e,2023-06-18,CHANGELOG.md
rust,07dbcbda12cacb924c2d95719ad598ee9de8738d,2023-06-18,CHANGELOG.md
rust,d6102018bf35786922996068e705bcdd463ab158,2023-06-17,CHANGELOG.md
rust,2748ab9565100dedfe170c899fe1f7f0791677d2,2023-06-15,CHANGELOG.md
rust,81ea0b29ea3a8d426e8cf8362fefaa61906c1b91,2023-06-15,Readme.md
rust,10cc1684ceca90f84a42099f09cf0737a7aca35b,2023-06-15,CHANGELOG.md
rust,67d5e6ec39a38cd4f2976b7a201d142ad6a0d09e,2023-06-15,CHANGELOG.md
rust,d0b8896189f5b2fb472d54ed389681dff97d907b,2023-06-13,Readme.md
rust,d5b2f113403313a3f79e30832cd029bebfd93958,2023-06-13,CHANGELOG.md
rust,6702c7a7a6b47b3aed254e6b2f1575de234511c3,2023-06-12,CHANGELOG.md
rust,7ed7283e0f9de697f8d5c8c2118c4b0b8bc7d6b0,2023-06-12,CHANGELOG.md
rust,c8c7a3c79ccee50a852ea94386d0ed630f0d8540,2023-06-12,CHANGELOG.md
rust,760f91f895fb1da89a4999c7de35564a18f903aa,2023-06-12,CHANGELOG.md
rust,7312a93a069f93b8d82cee08100444540e51ffcb,2023-06-12,CHANGELOG.md
rust,7cdd87ca4afe3ab7a1a8eb1544db132678335f87,2023-06-12,CHANGELOG.md
rust,e2ecb132a5ccf238129acdbaff89bed6023a593e,2023-06-12,CHANGELOG.md
rust,52cfc997afbaff3b0e98f82a06b90c8230c9225b,2023-06-12,CHANGELOG.md
rust,984b9c52ccc0d493d2215167ecb03d76e9cb30ec,2023-06-11,Readme.md
rust,c8376e4c78cfdc4d55b6c818fc888a6d62dc08fe,2023-06-11,Readme.md
rust,26f50395ba95a4da42b2b1b0d9532a2b9e99cdea,2023-06-10,CHANGELOG.md
rust,339cd14f27e9db4f7b040068abad8a20a0034fa8,2023-06-08,CHANGELOG.md
rust,e68dbc3308397e68d672f9f70742af41897b06be,2023-06-07,CHANGELOG.md
rust,97c10075eca950c34958f2f32bf9956b3945ff42,2023-06-07,CHANGELOG.md
rust,01b105725888cab56ef240331b7c32e88ce24121,2023-06-05,CHANGELOG.md
rust,e6dc0efc0076690c0dcae05541fec771795ca84c,2023-06-02,CHANGELOG.md
rust,ad76687b2f2cf041190ca44f7a53d89f84ac552b,2023-06-02,CHANGELOG.md
rust,a28eb5995f57e63af09a4b55bf3f17d1db00fb39,2023-06-01,CHANGELOG.md
rust,3ab6aeefb15dd82d21c41265cd441e0cea21c6b0,2023-05-31,CHANGELOG.md
rust,f74ec6b1b858c13449dc4cfd9231a3a0d82e50df,2023-05-31,CHANGELOG.md
rust,de1f410018b6ec176a5584896ce017ab3f3edf91,2023-05-30,CHANGELOG.md
rust,7dd0ae0262319e850870b5564ffdf53255a47ada,2023-05-29,CHANGELOG.md
rust,4d9303df18802457661e40325e8ae3b24db5073c,2023-05-29,CHANGELOG.md
rust,89b9b25cfab50a34612c5156309e8682fb65517e,2023-05-27,RELEASES.md
rust,8aa3eba564275448a7f443646fefbe6558a6e34c,2023-05-25,Readme.md
rust,516f4f6aef224137a84f4033935f5e9cb359b273,2023-05-24,CHANGELOG.md
rust,e6646eb5fd180d94606f7e5a31f1168db6511dc3,2023-05-22,CHANGELOG.md
rust,b76b0aeb63948fecca6d6f603f47c6648059048a,2023-05-20,CHANGELOG.md
rust,b76b0aeb63948fecca6d6f603f47c6648059048a,2023-05-20,README.md
rust,5328852ad7d6801acd03eefc8bc88c3ee70929b5,2023-05-19,CHANGELOG.md
rust,eeeb70e31efccb9fce62cde81c992a0d02759fe2,2023-05-15,RELEASES.md
rust,8c191add8788cb13ac988021617f673709babb16,2023-05-15,CHANGELOG.md
rust,a8834bc46ab948c8978b5fcbe0a7aa4760783338,2023-05-11,CHANGELOG.md
rust,a978408be9ec1800bee8eebaba736510e6d40255,2023-05-11,README.md
rust,0a4cfbf1f85b283586a446234b72662d32602fea,2023-05-11,CHANGELOG.md
rust,56e8e1a27da1a204a5ed6ace2132c09abe49178b,2023-05-08,CHANGELOG.md
rust,7e9abb311df2ecc61ea294f98a6eda03612178ef,2023-05-05,CHANGELOG.md
rust,7e9abb311df2ecc61ea294f98a6eda03612178ef,2023-05-05,README.md
rust,4e049036313759df55c4c68ad87e1cd7ad5cf214,2023-05-03,CHANGELOG.md
rust,477c8b3eb07142f477ddf5d3e7d4761f3c92ba9d,2023-05-03,README.md
rust,8d8178f93184d09cf1e3f813257d6aeb19d08c57,2023-04-29,CHANGELOG.md
rust,bb58083ce59b44c54866a4d8305f59c7e7742593,2023-04-29,CHANGELOG.md
rust,215dd7aa0d70cf7396100715326a37c81b06f056,2023-04-29,Readme.md
rust,8bf550e616acdf226df60a7d4ae8ed1bb53f09a6,2023-04-29,Readme.md
rust,9428138562bad89fc2d7d011fe276cd198e6155a,2023-04-26,CHANGELOG.md
rust,637d10b292bad1417c6661c22ddb7c9b7ca8afac,2023-04-25,CHANGELOG.md
rust,4a76b6f04f9731ab1c106f33a1023658e7d06107,2023-04-25,README.md
rust,69da902f417547831009a4957037cd21b5aab678,2023-04-23,CHANGELOG.md
rust,a1b75c5108514504c8382ac70d56f9a2a9aee7c4,2023-04-23,CHANGELOG.md
rust,0354cee1372ac80028588f9a2f2772c868b0a21c,2023-04-22,CHANGELOG.md
rust,6ecdd0377c0db8e1d0446abf7cff5d15f53b0c8f,2023-04-22,RELEASES.md
rust,a3aeec4f75dd0049f6632e26df5aa174b55e730f,2023-04-20,CHANGELOG.md
rust,8a9668d8e8e0f6a6c5657c3c4ec86367816395cf,2023-04-19,README.md
rust,6ce346c942ceba67d1b609dc297f061cff5f1041,2023-04-19,CHANGELOG.md
rust,010067818848e57506a712e4d5595c9f8330a313,2023-04-17,RELEASES.md
rust,0a81f8257e2317b019406c42575d10bbd33c7268,2023-04-17,CHANGELOG.md
rust,617648c43fb204213fefdbd903e3ed1452264b2a,2023-04-13,RELEASES.md
rust,ae60b362d949848ee1e7adc85a5973717af24fe8,2023-04-12,RELEASES.md
rust,c9358e9a0051286fc5f33ed4d2f9aa013cafdd57,2023-04-12,RELEASES.md
rust,f9f25162bf62ef6325443168e4200236729c2234,2023-04-12,RELEASES.md
rust,6b95029f176e5cdaa88de8ca7f5f59fd15a6d850,2023-04-11,CHANGELOG.md
rust,6b95029f176e5cdaa88de8ca7f5f59fd15a6d850,2023-04-11,README.md
rust,02b3165310ed3cfdb9ac0c654a04eda7ee2052d8,2023-04-07,RELEASES.md
rust,361b453e33744e45583a352a25ab3f03dfcc3429,2023-04-07,RELEASES.md
rust,c21b1044256bdda63375e64137e1f4ebdde1fccf,2023-04-07,RELEASES.md
rust,f6a47f304e7524f66c4c1c7b7ec19d2f521fea2b,2023-04-07,RELEASES.md
rust,6b33156d3444db2baf043834f71f5c4d01daafaf,2023-04-07,RELEASES.md
rust,5d01e6e96cc72694529a32c42459b20ddf665507,2023-04-07,CHANGELOG.md
rust,21f10dd1b9f30199d0553d581399d6bb9dac5be8,2023-04-07,RELEASES.md
rust,af3bf85311023f8cbee6a8268a917aec1b090218,2023-04-07,RELEASES.md
rust,b66aa09b951dace249fad3376c2d97c95d11b6a9,2023-04-06,CHANGELOG.md
rust,b2856a763e2dcb4ffeaf918a7c0d54f6e950cc21,2023-04-01,CHANGELOG.md
rust,6601d85c22a0e5b632e3332991c45058ed420ba2,2023-03-31,CHANGELOG.md
rust,41b367fa5f0127ed7d245f517aaed9b8f4855974,2023-03-30,README.md
rust,e6989d2959ee8ecc81c2e6fb3622d91108772a99,2023-03-30,CONTRIBUTING.md
rust,712bff2422ec6c88358e3b163f29e9f0a9b53fc1,2023-03-29,RELEASES.md
rust,32189d3d1a499262f5e2af2f9f3cd34f2907dcbd,2023-03-27,RELEASES.md
rust,022f76d432f3e3289af68845d9169c1866c14d70,2023-03-26,CHANGELOG.md
rust,cc570ae05c2ce6fc5d890953344394f65d102f93,2023-03-24,Readme.md
rust,8df896c076fd993bad58878ee8a6ed29d8e586ba,2023-03-24,CHANGELOG.md
rust,8df896c076fd993bad58878ee8a6ed29d8e586ba,2023-03-24,CONTRIBUTING.md
rust,d7d3dbf06022c3ec020c3906afa0090ad5ae239c,2023-03-23,CHANGELOG.md
rust,7f44530f54002401ba771bcc19f56f4950b22bb1,2023-03-21,CHANGELOG.md
rust,4fdae81c70bfa1481eebc7ebec09f121c6eaf53c,2023-03-20,CHANGELOG.md
rust,dec6ef8a74db38ff80669255911ce7fc541d4c44,2023-03-19,CONTRIBUTING.md
rust,ffabdab8cf1499e1857d9ebcac2c410220137025,2023-03-16,CHANGELOG.md
rust,4b9cb857f9b6da4e3b274601a6c439aac8a2c425,2023-03-15,CHANGELOG.md
rust,3f250a9241a365b606b930d3fcc6b30017243503,2023-03-15,RELEASES.md
rust,fcb2a3665f691f567dbb359899687d6344c72944,2023-03-11,README.md
rust,0f1474ea270fb3b5f7c0db295b2817028acdb97a,2023-03-10,CHANGELOG.md
rust,c34d04a3ddce97a32c2024eb7cd1136e9d7fec95,2023-03-10,CHANGELOG.md
rust,cf8a67d9ad81547895ec986f8bcb17e912037c38,2023-03-10,CHANGELOG.md
rust,7ce9ca05085312809b5421dc27e39904909334e8,2023-03-09,CHANGELOG.md
rust,ca3bf94c431efa5355f3928e3bfd587ae125bd38,2023-03-09,CHANGELOG.md
rust,3d229d535c416787a9541bb26cb5f928d4a38a0d,2023-03-09,README.md
rust,d5429eab8aee46fd2148f99b8f9ba394addb5ba7,2023-03-08,CHANGELOG.md
rust,ea2547b8c63ce4e410c53e7fa55b127c81721454,2023-03-08,CHANGELOG.md
rust,d725cfb6abd04691a3e5c91e4f2c0e3860561deb,2023-03-05,Readme.md
rust,bfefd11bddc10f732045f61b188c5e567412dcf2,2023-03-05,RELEASES.md
rust,d8870a75cd55e71c264a704be2592063d470d1a0,2023-03-04,RELEASES.md
rust,32a2e378f4cc509718cba147b0d6588528cdd6e5,2023-02-28,Readme.md
rust,1fcf4373062d4648bfe0fb66ecff619544f36ae8,2023-02-28,Readme.md
rust,917ebc3af65abc067262b3e987d12603c9002841,2023-02-28,CHANGELOG.md
rust,2a9c254e23989df2faaaeb102e5fea8ce948f45e,2023-02-27,CHANGELOG.md
rust,56d7b9ce1b74103bc0dfbf9ddd46a86e0f900429,2023-02-27,README.md
rust,0413fb35babdfe8fe2456e7b3d520f1ffb5de231,2023-02-26,CHANGELOG.md
rust,0413fb35babdfe8fe2456e7b3d520f1ffb5de231,2023-02-26,README.md
rust,00c294ad0599968ce81bdb8763aefb88a2d2faa0,2023-02-23,CHANGELOG.md
rust,bf7c20962051098150967d2c0616723f4abafa26,2023-02-22,README.md
rust,6d0df84f6f879feb2211f8f61351a4669d2397e0,2023-02-16,CHANGELOG.md
rust,2d4d39de53ccbada5012e8289625b2a5c2d683b9,2023-02-16,CHANGELOG.md
rust,6c9983b936645629d8bf66d2aac9ba5e588f5fb7,2023-02-15,CHANGELOG.md
rust,ade4c9b2b6e99e0663408318e41139d65a9d0630,2023-02-15,CHANGELOG.md
rust,8ec9543f13ba0fe6af76816441b7c7d54653b854,2023-02-15,CHANGELOG.md
rust,89314a08054cea924c807032ebdb62e031453bb3,2023-02-13,CHANGELOG.md
rust,078f149aa46c198200f54de556a7ba978a619564,2023-02-10,CHANGELOG.md
rust,8f56767c94a9ccadcd5cb6c495fe7f646e5221a7,2023-02-10,CHANGELOG.md
rust,e7fe1f9c1446344c9b542f666ac58b116eb58bd6,2023-02-10,CHANGELOG.md
rust,e7fe1f9c1446344c9b542f666ac58b116eb58bd6,2023-02-10,README.md
rust,6e1a28b55093ec03ad15da1e80f3205d0b2223f6,2023-02-09,RELEASES.md
rust,fba16e2e3a6f743cb23c7793851a4f0201b21722,2023-02-03,CHANGELOG.md
rust,fba16e2e3a6f743cb23c7793851a4f0201b21722,2023-02-03,README.md
rust,9cc0af54070f023fb52961160157313a09c55fb8,2023-01-29,README.md
rust,5c7a65251a178d878995b5a9cb1e6eeac7506af2,2023-01-27,CHANGELOG.md
rust,5c7a65251a178d878995b5a9cb1e6eeac7506af2,2023-01-27,README.md
rust,fa6ae3c8bbf8ae2351e548c09fb39745207e1e43,2023-01-26,Readme.md
rust,4441753127733dae478d6d25dc95798eef1f1a71,2023-01-26,CHANGELOG.md
rust,094b7f599cb1e3420021e496c72d9e1dd36043a0,2023-01-24,CHANGELOG.md
rust,1d8491b120223272b13451fc81265aa64f7f4d5b,2023-01-24,CHANGELOG.md
rust,b67610f98a53aec3bbd772a5e9efd058bacc2891,2023-01-24,Readme.md
rust,b9be9e5fd1d2b7aace3875a77d1715bd9daa7e54,2023-01-21,RELEASES.md
rust,ddcb02d10a575f88a0599893525ded7337ed648e,2023-01-21,RELEASES.md
rust,43c18e92ea974ad11b10f8da46d9261f56170803,2023-01-21,RELEASES.md
rust,568d6c1ac78df9fb4a8cc988198f6af9371a53d0,2023-01-21,RELEASES.md
rust,edd647e141d76152e00c133766b4cf239533856e,2023-01-21,RELEASES.md
rust,a7ae84bc84fbe35d3f07c4fb5c325e130b0b9d19,2023-01-20,CHANGELOG.md
rust,f64efd4d318f92cb6b7d0836826fcfe66d920727,2023-01-19,CHANGELOG.md
rust,875e36f7e459776d3e51b7c089ab89b0821b6122,2023-01-18,CHANGELOG.md
rust,7d1609dce356b9b603702f1ba0011f2fee949787,2023-01-13,README.md
rust,2e2ae68d5a3ef0b8c0c968fd6ec4e859c77ed2f1,2023-01-13,README.md
rust,bdcbf47df3b2f4e7dc12930a861c689b75a66c3f,2023-01-13,Readme.md
rust,d43dce14d5eb7af1656d730bfbb5918c84addbca,2023-01-13,README.md
rust,d21616737b56681fdf19cdf9a9f8db16d0e87961,2023-01-12,CHANGELOG.md
rust,cfe8849a622c6308eaee333e8adba6c5bc3f457e,2023-01-12,README.md
rust,e491b080b322324d9310b1af2b3a700b69b010f5,2023-01-10,RELEASES.md
rust,8ca900b01ce5ff90511fd9d02c29e50a89fcccf0,2023-01-10,CHANGELOG.md
rust,70659f7591b9ecc4a92df9d45c1d18e750a5339b,2023-01-08,Readme.md
rust,71d7e561bdc2e58cef7fedcec1970dafc852bb61,2023-01-03,Readme.md
rust,889a33a500982cfc2c79ceff1b2caf86c0adbeaa,2023-01-02,Readme.md
rust,4ccafea92d00fe35c71fb1ab419df7b4f264d25f,2022-12-29,CHANGELOG.md
rust,8915ba7b1b6433032400ace217e765bd96686763,2022-12-29,README.md
rust,9bf4036d17eccc9d39d1ef64f7f3f0b68fb3dfdc,2022-12-25,README.md
rust,d7b9e195c2df9e576abd2eba54f3fe6516619054,2022-12-24,CHANGELOG.md
rust,93ebf465269f46c4fc6a825b4830e0a2ca1b0f6c,2022-12-24,README.md
rust,d403d1af6dbc43e19a63374613329ec0063bb689,2022-12-24,README.md
rust,a3cf58533fbfe03f770579a30acbcda3d30e2567,2022-12-24,README.md
rust,70a0e0a2779f04999d0f0e40f93e1697c37ec042,2022-12-24,README.md
rust,1bd1b25be8b4cc20358028108f8a35b8760b5cd3,2022-12-24,README.md
rust,7dae1b0b07b73d34989cf6ee8795b7437372eb28,2022-12-24,README.md
rust,a06e5decaf8a79db0bd9a0078f37a777e095584e,2022-12-24,CONTRIBUTING.md
rust,a06e5decaf8a79db0bd9a0078f37a777e095584e,2022-12-24,README.md
rust,faebca37e94465042e5f657ea25ebf668a1d73a1,2022-12-23,CHANGELOG.md
rust,30e6e855088207a3fca8f1efb516f5b5dd43d1dd,2022-12-19,CHANGELOG.md
rust,42106e04951f409c88131a42a0514af479ecb932,2022-12-18,CHANGELOG.md
rust,6afe5471cf3cc78b5ce85d1bbb13a010516c500e,2022-12-18,CHANGELOG.md
rust,1c422524c70ef710033014edce8cf53f55c39e49,2022-12-17,CHANGELOG.md
rust,e2a273934183becd362ec7ce6a86ec944db04636,2022-12-15,Readme.md
rust,71019aa07613724f1421edc4ead49b04728a7959,2022-12-14,CHANGELOG.md
rust,98a276b5895697a862b48bcaf07b423de0b0deef,2022-12-14,Readme.md
rust,2855a0f117c86d89b5ee4ec5eba50cd1700c6e08,2022-12-13,CHANGELOG.md
rust,b037c4447f15faa1d6bcb17279558292e3cd82e8,2022-12-13,RELEASES.md
rust,4264f0850db130c35ee0fa2c6d0117d293648b4f,2022-12-12,RELEASES.md
rust,4c80f210c38b78ddce983c2db16132a37bffd829,2022-12-09,CHANGELOG.md
rust,d05e2865a05e86de9cfd283d4a6f88340346f48b,2022-12-01,CHANGELOG.md
rust,d05e2865a05e86de9cfd283d4a6f88340346f48b,2022-12-01,README.md
rust,26d48c9a378f20f817e779328affc6c2643a3505,2022-11-28,Readme.md
rust,461e219d1d4167139a842b290cd1c019ff2d52a2,2022-11-27,README.md
rust,28976ce9c3e1358624c3fe1bd5fed80baa44bb6a,2022-11-27,README.md
rust,93b5c893e6394104b5ae80cf42d7220ad3d18779,2022-11-25,CHANGELOG.md
rust,a116b9bdba6c3c00f4544a937af690bd462ca428,2022-11-25,CHANGELOG.md
rust,46c5a5d234f13dcf4bb4cf4241b2addedbf0be14,2022-11-21,CHANGELOG.md
rust,46c5a5d234f13dcf4bb4cf4241b2addedbf0be14,2022-11-21,CODE_OF_CONDUCT.md
rust,46c5a5d234f13dcf4bb4cf4241b2addedbf0be14,2022-11-21,CONTRIBUTING.md
rust,46c5a5d234f13dcf4bb4cf4241b2addedbf0be14,2022-11-21,README.md
rust,3428da6e00c025b3b3141a9fe7c65ee5008e07f3,2022-11-20,CHANGELOG.md
rust,31b83d0895d37dc8a37e195f75bb9fe7de2c5e37,2022-11-20,CHANGELOG.md
rust,708c2d95c14829e0acbe7f40d9bea39e7bb03450,2022-11-10,CHANGELOG.md
rust,146bd1e13d910bc90c5316f11ddecd35f2673d65,2022-11-10,CHANGELOG.md
rust,e4540ad65fa14ceebd5145ab771fe4918d170bf1,2022-11-07,CHANGELOG.md
rust,fa694ec809da94ba5a26b6c2c8f60b306ab63600,2022-11-05,CODE_OF_CONDUCT.md
rust,9c79a27e23f87d60736207f06f9c030396a444b4,2022-11-03,RELEASES.md
rust,30e662d686057da69d7083de85dcc14b66ba726c,2022-11-01,CHANGELOG.md
rust,a0c21e4e7ea3a2143af9e65a98a19e6b1942ff53,2022-11-01,RELEASES.md
rust,1f930452b9483612bc7dabbc38281170f0c9e747,2022-10-31,CHANGELOG.md
rust,bde33a399dea18d63dd36a9f08b0e1de479ec1c1,2022-10-30,CONTRIBUTING.md
rust,de30820035cb42d05f49575811a9f33661985e67,2022-10-30,README.md
rust,3f56a823f29e89014524ac268a30476e88a27d48,2022-10-29,RELEASES.md
rust,1bfbd3dd60e0016c046db6bfb4be8ae5136cb3cc,2022-10-28,README.md
rust,32ded577797fe4a3691e751ecf59b74c6160c47c,2022-10-25,CHANGELOG.md
rust,d80b1842cf287a04f51df028e5735018b51aac78,2022-10-25,README.md
rust,6efb3a2b9ac9e0477b6b222c051c15c98233b424,2022-10-25,CHANGELOG.md
rust,f827be92fcdb225738a73051f75cb5e1243fe615,2022-10-24,CHANGELOG.md
rust,b9b9d6a751ca3a9ccdd64f50390361e339f5124f,2022-10-24,CHANGELOG.md
rust,1a2c8b01cbc53322845607af8cc041133d37f36a,2022-10-24,Readme.md
rust,8d6ce3177bd5d4d05723dec1cdd869effc926fc3,2022-10-24,CHANGELOG.md
rust,b083a39190721829a72779021011da8483dc0df8,2022-10-23,CHANGELOG.md
rust,cd0bb7de01d6f516c2e69c03f3bed26aaf167bc8,2022-10-23,CHANGELOG.md
rust,cd0bb7de01d6f516c2e69c03f3bed26aaf167bc8,2022-10-23,CONTRIBUTING.md
rust,b6a860e0ed7a76b1834c9618842d299e4501d2ff,2022-10-20,CHANGELOG.md
rust,ea52df463b8d826fcc2086485ed71d3d5eb1430e,2022-10-19,Readme.md
rust,c89e3e9b0c9e1566b88465b738dcc699993551e5,2022-10-19,Readme.md
rust,25d482856e3042b862d6741cfdac56f244fac04a,2022-10-17,Readme.md
rust,136c2cdb910938103a762cdde177b1633bdbf99a,2022-10-17,CHANGELOG.md
rust,f236f5745a0058bd85e044fe3252b87676843018,2022-10-16,README.md
rust,ee9a23facb7871218f5f0bf596f77e27586187a9,2022-10-16,README.md
rust,7ac97b69fc81fcd5cbd2a7c862187f6a6c6ea354,2022-10-16,CHANGELOG.md
rust,950f5fa945beaa5ce08d1b7682c533b7fa57c417,2022-10-14,CONTRIBUTING.md
rust,e4c80f2bba2e365968c529af2c622c09ee01e26a,2022-10-12,CHANGELOG.md
rust,2c5ebfb6a26d384bc21db6796095890c1f13f19c,2022-10-09,README.md
rust,d75b25faabdcf0a22fe37928917c4ab1761fa265,2022-10-06,CHANGELOG.md
rust,d75b25faabdcf0a22fe37928917c4ab1761fa265,2022-10-06,README.md
rust,86c86c37429e95aee45846262bb50239a69be546,2022-10-05,CHANGELOG.md
rust,f1c831ad176b853d074563acda9c58566233e123,2022-10-03,CHANGELOG.md
rust,b22118457245cdd074daaaaea950ec49397f8712,2022-10-01,CHANGELOG.md
rust,b91dc035106f4c203d67d2a0db0077c7a887224b,2022-10-01,CHANGELOG.md
rust,47a7d68c0772840e4436290a3303af2eeb1b9c76,2022-09-30,README.md
rust,63f441ec855f0de342ccc2b9ff90776c633ca9e6,2022-09-27,CHANGELOG.md
rust,5a71bbdf3faeedfe5227aecc2a97e566cbbbaf70,2022-09-25,CHANGELOG.md
rust,4d015293d1cb7ebdd0972e620c3e0f1763ad2ec8,2022-09-21,CHANGELOG.md
rust,4d015293d1cb7ebdd0972e620c3e0f1763ad2ec8,2022-09-21,CONTRIBUTING.md
rust,4f357956b868cd5d6c1a9ff0608dfcd7d5bbe2a3,2022-09-21,README.md
rust,e279f22a91ea633d88da154631a494eb09812829,2022-09-20,CHANGELOG.md
rust,bacf131accaf47759d4dfac41549d2c96af196a5,2022-09-20,README.md
rust,d19079b067f054ac47ad9df8d62065682f26a9fa,2022-09-19,RELEASES.md
rust,1a955567d00ae8a1f4e64c2c155c400e7c73cd40,2022-09-19,README.md
rust,ad671849b9695fe572d47b4462f103dcf37032fc,2022-09-19,RELEASES.md
rust,b4937c3c7bc37baf3e603c9434972b9a5251abb8,2022-09-18,RELEASES.md
rust,24b0f99109903728973853f872b2d8f1682edb8c,2022-09-18,RELEASES.md
rust,f062d5a99dc8e571b69dbc204f95760ccb0bb042,2022-09-18,RELEASES.md
rust,8cad20de55bdff675314a691f469790c307a2efe,2022-09-18,RELEASES.md
rust,68f6c4f4eb6077fb70022a912075af8b76429603,2022-09-18,RELEASES.md
rust,a924b8a8fbb59d704082437d2aa2e445ec6da14b,2022-09-17,RELEASES.md
rust,5afc261c66896ed3d14f9d9eccbc7a1090d379d3,2022-09-15,CHANGELOG.md
rust,ba717aa36e3de12a966f1b6a0f1ec063b76d18bf,2022-09-14,CONTRIBUTING.md
rust,e82922f8ea1ed3ffa53e3fd854c6d7710c0370d0,2022-09-12,README.md
rust,a91e6188e4bd55ed1a2c39efcebc64d9225f90ef,2022-09-11,README.md
rust,5b758f0d9af200e5b81907bcd840b67f809fa50a,2022-09-11,README.md
rust,d61d4c6af76e10a45cd743048d56f7c35d0b22ea,2022-09-11,README.md
rust,0958f9486ba0cb8ecd0093ff3100af45d19529f3,2022-09-10,CHANGELOG.md
rust,98bf99e2f8cf8b357d63a67ce67d5fc5ceef8b3c,2022-09-09,CHANGELOG.md
rust,51d8b6c6643abb048987bd0befdeb6f46db0f6b5,2022-09-08,CHANGELOG.md
rust,ce3d526027669a3a6accaa34a789301dc4dc64e4,2022-09-05,RELEASES.md
rust,2ecd620acb56c1f834bc4b7c50b2ac4fe8fac0c5,2022-09-04,Readme.md
rust,9560cb13fe99f47b091e15bc03ae48a96044d833,2022-09-04,Readme.md
rust,2f348abafc697b65919073c6a36510a5b4fe0add,2022-09-02,README.md
rust,b1f86a49ea0119e66ee7dced613c91824d56c6d0,2022-09-01,CHANGELOG.md
rust,5f3545e773f930c3345e7166b98bf9d2a76adff6,2022-09-01,README.md
rust,fb41bfa77405233da5ddd324091380e018e3d956,2022-08-31,CHANGELOG.md
rust,17706937710756ccc9504caf121f09326446523b,2022-08-31,RELEASES.md
rust,b1430fb7ca499d517d9f4b3b6c5a81442129c88b,2022-08-31,RELEASES.md
rust,66a97055b2721700b472e4460a560c8ded70b3c2,2022-08-30,CHANGELOG.md
rust,30979bfe8314372051b3a62e88eb0695eedb512d,2022-08-29,CHANGELOG.md
rust,ddda7bbe5dfc3884857a90efe9dfd4dfc3eb85e1,2022-08-28,README.md
rust,de028e2fb9d81d58d62dfc7bc8fd2335a9885641,2022-08-27,CHANGELOG.md
rust,fb7dffeac9df2f15c70c84c5defa5918af63b6af,2022-08-26,CHANGELOG.md
rust,88a78826154870f9778af49d48974fd180e31df8,2022-08-26,README.md
rust,cfef0a4f8df6085a81f130674e9c2f67b042fd02,2022-08-24,Readme.md
rust,9397b6c38dbdf075f2fcf5c81b0faf6762c4a0e9,2022-08-23,README.md
rust,2cb5318e97f7083f397c45664f3808e2601fbe78,2022-08-23,CHANGELOG.md
rust,0c3ad68a5a973642c6789a5c57d10e84fdb66520,2022-08-20,CONTRIBUTING.md
rust,a4413f75bf829549fdc0f01a834988d1128d6ba9,2022-08-19,CHANGELOG.md
rust,2666c38acb8352b7fd5903f50ee5fd76e2441cff,2022-08-19,CHANGELOG.md
rust,b4bdd5ca10d8887b32b0f2010f4c16e5f0285b26,2022-08-17,CONTRIBUTING.md
rust,80826c3944df4233fd532ee8cf465851dfe1b0fc,2022-08-14,CHANGELOG.md
rust,29398d7d339c6f8391b3e1f41e57fc3b14ac7628,2022-08-13,RELEASES.md
rust,35486cb6610ec3423911db4a546a77472eac0e72,2022-08-12,CHANGELOG.md
rust,f76ca2247998bff4e10b73fcb464a0a83edbfeb0,2022-08-12,Readme.md
rust,dc29cfb8d5338af23e6b06aaff6cc0229e688da0,2022-08-11,CHANGELOG.md
rust,dc29cfb8d5338af23e6b06aaff6cc0229e688da0,2022-08-11,CONTRIBUTING.md
rust,dc29cfb8d5338af23e6b06aaff6cc0229e688da0,2022-08-11,README.md
rust,9ffddf563c0380abbfc7b77274d89a1cb71573ae,2022-08-09,CHANGELOG.md
rust,22c8c9c4014c63309524f218d92554ebfdf9621e,2022-08-09,README.md
rust,af4885c0cde76bf1faace76dc8fb53d3d4791422,2022-08-08,CHANGELOG.md
rust,73cd95465e85f878fc5c30a79ce76a9fb59d690c,2022-08-08,CHANGELOG.md
rust,657b0da912f0281aa11fe61df7fa273bf9be1d5b,2022-08-08,CHANGELOG.md
rust,f6cab94bd073c9b5103605c67006808d874ee5c1,2022-08-08,CHANGELOG.md
rust,662702eb54b12f16729d6559ce0478b00ef153a8,2022-08-06,CHANGELOG.md
rust,f8449c2c78366d9ce016bb0b8be788d76ed9528e,2022-08-06,README.md
rust,99793d97e1e0c90e8094488e8470a11f85811191,2022-08-05,RELEASES.md
rust,5247a33f8367d0a9e944a37d444790c2760a4b9c,2022-08-05,RELEASES.md
rust,c2822ed52db96ad0a97a8fd12f9e8538bb49b009,2022-08-04,RELEASES.md
rust,3aed918dbebd77243a17e0b733b5375dc9e79a3a,2022-08-04,RELEASES.md
rust,ce51e13b0584253575c3aa8259fa13057d8a09fc,2022-08-04,RELEASES.md
rust,7d8051379432804b5c7e21b8562573e0210d627e,2022-08-04,RELEASES.md
rust,919dece4cbe7b614930dbf3d9da858f60a82bfc7,2022-08-04,RELEASES.md
rust,d0142ce27a31fd1da9f2bf4b295840e3a969d295,2022-08-04,README.md
rust,0696624ba789acbe84a2d9e5e76e929fd2511381,2022-08-01,CHANGELOG.md
rust,bd7dfac5ebbd8ba3bd63384000759fb4bb49b329,2022-08-01,README.md
rust,72e7064b011d66e46cad74e8c7b219d624d237b8,2022-08-01,CONTRIBUTING.md
rust,66b46749e68bc4d8c3ed754722631746a2331518,2022-07-29,CHANGELOG.md
rust,2f48257cfb1732f6824fed7da10c559b01e9554e,2022-07-29,CHANGELOG.md
rust,2f48257cfb1732f6824fed7da10c559b01e9554e,2022-07-29,README.md
rust,67c405cc1d6cc898cf26586dfe68390cc05a8e40,2022-07-28,CHANGELOG.md
rust,8454602cef2d4ce1271425c0924303955ee47e82,2022-07-25,CHANGELOG.md
rust,0b1d5a495718027ed28d20491223adc16f29cfc5,2022-07-24,README.md
rust,d905901d65a2725992fba6a634147b3ddaafaa1d,2022-07-24,README.md
rust,649b2164824c47419ffeffa7266f18a9cc84824e,2022-07-23,README.md
rust,83cbbd7bce12684f044b3c9d6c321723b0a737e7,2022-07-22,README.md
rust,9e7f3cdc36fdef06647f5c35a91dc4631f0b92d7,2022-07-21,README.md
rust,bfa2ff646c5830de1662576658f4ae69e207ffca,2022-07-21,CONTRIBUTING.md
rust,392342fcaf4c08c060d7ea7db2c03f3b5830def9,2022-07-21,CONTRIBUTING.md
rust,517e1d78b8a2daf7285ddf24f8642a922df02f89,2022-07-21,CONTRIBUTING.md
rust,31e5465f8a0e35b8f9e8e28d359e4098e9f44e4f,2022-07-18,CHANGELOG.md
rust,7d4daaa8fa71337fc78b1b7799d048d51a3b3fcd,2022-07-18,.github/PULL_REQUEST_TEMPLATE.md
rust,7d4daaa8fa71337fc78b1b7799d048d51a3b3fcd,2022-07-18,CHANGELOG.md
rust,7d4daaa8fa71337fc78b1b7799d048d51a3b3fcd,2022-07-18,CONTRIBUTING.md
rust,9ff7c911008fc74c8d6c76afe12d7e30e67f8d25,2022-07-18,CHANGELOG.md
rust,b707a238148a144217b211d25d643cb596a4753b,2022-07-15,CONTRIBUTING.md
rust,8c13a9ccd376a82c695f32123c407fe16d6663e5,2022-07-15,CONTRIBUTING.md
rust,2f825db5789678965861e5109aa30b9b9e2a7b4c,2022-07-14,CHANGELOG.md
rust,0930ac91b9109e9ebc31ebe70620a2ec0fe08b57,2022-07-13,CHANGELOG.md
rust,7f4e5d8cc4afb4b911d11a0cdb0ab8bcb0404653,2022-07-12,.github/PULL_REQUEST_TEMPLATE.md
rust,49a6c230cb6ebfbafa282d59d119500c4064215e,2022-07-12,README.md
rust,57a8f6dd9de0ef7af5ad0cc160c20fda46a8caa9,2022-07-11,CONTRIBUTING.md
rust,bf5af84640f5494e6e915c00adadf83ce1d62637,2022-07-10,README.md
rust,58b6e592a218f28383b40beb7d78b750173ab67d,2022-07-04,README.md
rust,d7a9989f52a392425359b81ca094c6e1986d1533,2022-07-04,CONTRIBUTING.md
rust,0ce1e14c8956a86e2099cf6d1a9b4e2135f52a6f,2022-07-04,CONTRIBUTING.md
rust,de646e10db2141fc9fffddf103611fe7d1fd9d68,2022-07-03,CHANGELOG.md
rust,1b9e19a39b8f884e4a85011d25641e8bc3480288,2022-07-03,README.md
rust,e71f8b06304b639133b119829d4cb20b99536d89,2022-07-03,README.md
rust,c6f44c1639e6c7ce5f84213649967d8542b51b3b,2022-07-03,README.md
rust,672d721544f4793a20f8c9565bb0808e9991694d,2022-07-03,README.md
rust,dcdf4fb6f62245200031fa8f84c19e188e8363df,2022-07-02,README.md
rust,ee3e5182912829ce3f447244161a28dd74f29491,2022-07-02,RELEASES.md
rust,1988375a25e8e8f61429cd40fa21c22a421b1df8,2022-07-01,CHANGELOG.md
rust,4ea18ccf7e4e4afe213c2b3a74c558135c423fde,2022-07-01,RELEASES.md
rust,aef78d3a9f2e71d4e7cbd635ea7eb4baa9918e46,2022-06-30,README.md
rust,a9f9d48b1a071dd067bdd17bd83d0a06ad2ab923,2022-06-30,CONTRIBUTING.md
rust,a9f9d48b1a071dd067bdd17bd83d0a06ad2ab923,2022-06-30,README.md
rust,09f5df5087c1d045db3bbf1b886702ec343a2f61,2022-06-30,CHANGELOG.md
rust,09f5df5087c1d045db3bbf1b886702ec343a2f61,2022-06-30,README.md
rust,debee1e581c91a0af78f9b43d9f7d4a4b5aae210,2022-06-30,RELEASES.md
rust,c4e86e103ec7e7c70376d178369eff084db8d237,2022-06-29,README.md
rust,ad549194f9cb66a884e5a374e1bc491dcdd7f21c,2022-06-29,CONTRIBUTING.md
rust,8a74d3357079e5edf2454f6523a9c93081e7348e,2022-06-28,CHANGELOG.md
rust,c5820022d5a6e0c4d84f9ead8c8fcd6241f49dae,2022-06-28,CHANGELOG.md
rust,83511d1d9a98b9506df710fb5bba3c20f57e8c85,2022-06-28,README.md
rust,65497649602ca5b56bed9418eda7d2e2be72487d,2022-06-28,README.md
rust,f5a38d1b307971b5d7b03e7ace623b0a9936ddc5,2022-06-27,RELEASES.md
rust,4120425108855824356019cc3e7f6c2bfff157c1,2022-06-27,README.md
rust,13d425daebe539b1a48731faecf1d1ba5287aa72,2022-06-27,README.md
rust,676af4530f08aeb2aaf561b4cc64e046e5f3e80f,2022-06-26,README.md
rust,dd3d0fdad30249505688eada4481b1d78190e971,2022-06-26,CHANGELOG.md
rust,5f2b8e67b3ab5f700e9076c3a0bba8bc2ed4a7f1,2022-06-26,CHANGELOG.md
rust,60570a39c7b0e3a8ed55e934eb7a18792f436bbe,2022-06-26,README.md
rust,34be937d5f67d789969b1b731967fa26cc490a9c,2022-06-26,README.md
rust,54fbd313a6f08681a02d51fdafa321cb6a14d87e,2022-06-25,README.md
rust,8d6fdaa024138de464a74ebd5307c706c68a3eef,2022-06-24,README.md
rust,ac595dd57a151a16a168e6596404ada8f079b778,2022-06-23,CHANGELOG.md
rust,c4416f20dcaec5d93077f72470e83e150fb923b1,2022-06-23,CHANGELOG.md
rust,c9340ec71b4ba0833b9899256d4615fab00a0db6,2022-06-21,README.md
rust,e5ebd3edabc17436de086a7ce147983c2238939a,2022-06-21,CHANGELOG.md
rust,3f9414565d4e0c54edc20123168d70741454913b,2022-06-19,README.md
rust,44364dcdcb596fc5c6f2c77707b02a351d08feec,2022-06-18,RELEASES.md
rust,2bb8c45026f0bfc244390f2d6cecc05cfa1f1171,2022-06-17,CHANGELOG.md
rust,f8f9d01c2ad0dff565bdd60feeb4cbd09dada8cd,2022-06-16,CHANGELOG.md
rust,f8f9d01c2ad0dff565bdd60feeb4cbd09dada8cd,2022-06-16,CONTRIBUTING.md
rust,14478bb94b340c34d1ddc33cc0088119c9715358,2022-06-14,CHANGELOG.md
rust,d03a547cad3ce8a3dc3b424156e0eec38475da1b,2022-06-13,CHANGELOG.md
rust,7b73b60faca71d01d900e49831fcb84553e93019,2022-06-13,CHANGELOG.md
rust,286a30fb1d512b19ea4e614d378682c066a4c97f,2022-06-12,CONTRIBUTING.md
rust,4ccd3f860a7828c49da9ada9c819cfa0079c32d6,2022-06-12,CONTRIBUTING.md
rust,681cb888044601c0c00a02a4302b108758ca7712,2022-06-11,CONTRIBUTING.md
rust,8ac2af17cafa34cef317b20fa075e15e84bc96e1,2022-06-10,Readme.md
rust,ee4755afdbd8123333513931747d295021561b97,2022-06-10,Readme.md
rust,295e18df0dd13440f568d691366d55829f36e748,2022-06-08,CONTRIBUTING.md
rust,b64c9a0a830c664bf31958a082cf7ad1f0742df9,2022-06-07,README.md
rust,14913e993b9415c3f12159aaa387ed3931a30e73,2022-06-06,README.md
rust,5ddd4eff0382ba454e8123c663f9e11c14597f79,2022-06-06,README.md
rust,62b514e23571beb0f051b4927e08a31460d324ac,2022-06-06,README.md
rust,bf7fe68fba3a3bbfaef7fdbace268d0001e038cf,2022-06-06,README.md
rust,1f11cd17ac4a6d143ef36d4d82358283626afd08,2022-06-06,CONTRIBUTING.md
rust,b37d24f7ff281d8887aa253caf4a22b4512efd99,2022-06-06,CONTRIBUTING.md
rust,206ec6e2f694f1e8f0c3a9d37d5273ef0286e821,2022-06-06,CONTRIBUTING.md
rust,61d7dd2af08c995283eda6580cbbcad15897fa57,2022-06-05,CHANGELOG.md
rust,58a605f45301717219242c9bbd38764072092d01,2022-06-05,CHANGELOG.md
rust,5948959c7e050a403618b134ec831f6ef1265ddd,2022-06-05,CHANGELOG.md
rust,ba43f0aee9c32bad8a3d9fabfd0f442122403aaf,2022-06-05,CHANGELOG.md
rust,f067783461aff336e1273c9948d620d4009aedc4,2022-06-04,CHANGELOG.md
rust,625b4ed3412b259c3e2aa0c171b65d745de6af8c,2022-06-03,README.md
rust,64fe4e32db8c593d625a44063fca1755bba493ee,2022-06-03,CHANGELOG.md
rust,58cd01c2fcda07f97efcd908b50e5256cf084593,2022-06-03,CHANGELOG.md
rust,9abcb5c7b574cf316eb23d3f469187bb86ba3019,2022-06-02,README.md
rust,36f3c03421513d6b14a26538f2971f75d1e9f5bb,2022-06-02,README.md
rust,ca78e2428e25524831231263c579e390f7dbd1e3,2022-05-31,CHANGELOG.md
rust,eb2908b4ea8fd63623f994780d2928f32af84d71,2022-05-31,CHANGELOG.md
rust,c5410150eb5563ed1f0529bf16e0524846a8979d,2022-05-30,CHANGELOG.md
rust,12261474140d20f6b07613de7c3a3b4210fd5a2e,2022-05-28,README.md
rust,3e38399ed89da3b7ed68b062ad82bdc0f2068685,2022-05-27,CHANGELOG.md
rust,73be264f9f8be070bd2764323911f94f1529db4d,2022-05-27,CHANGELOG.md
rust,a5cfd4d14522ae064c55ac776731b069ae91bb9c,2022-05-27,CHANGELOG.md
rust,8c42ef1dee4143c3ba8a2c31558b75edb179b517,2022-05-25,README.md
rust,f1756c3ddd06f8d82fa20fb9d738708f84382a33,2022-05-25,CONTRIBUTING.md
rust,f1756c3ddd06f8d82fa20fb9d738708f84382a33,2022-05-25,README.md
rust,d9a3f5cfebd189044fe294ec8398a6cac6ee613d,2022-05-25,README.md
rust,d8a281ef735be327dceace003b36e14616023126,2022-05-25,CHANGELOG.md
rust,1dd026698d4f6c5848fb88d48b2d4248846bb41c,2022-05-25,CHANGELOG.md
rust,ea62347a5a4b952b416dddc8053a495c9238e7d7,2022-05-24,CHANGELOG.md
rust,4d9eafe19a1e63b76fc7f04c4194e05133e27668,2022-05-23,README.md
rust,a3a2a474cb85cebb487b148860bcbd88b4c7a735,2022-05-23,README.md
rust,f8f2255a91f316da6c25906c7f1f9edb353b66ba,2022-05-23,README.md
rust,4587b6628d1dff4a3c23ffcaadb7276d12f1e165,2022-05-21,CHANGELOG.md
rust,4587b6628d1dff4a3c23ffcaadb7276d12f1e165,2022-05-21,CONTRIBUTING.md
rust,aadbe8fd4583a61c83b785571a1c05dd978b0d56,2022-05-20,README.md
rust,3b73eb4456e97a13f139cd8045f19319503f6a0b,2022-05-20,README.md
rust,b787f4ce2bb9ff1c4b50c7a94a76c19b29d8d682,2022-05-19,CHANGELOG.md
rust,23a4614238b48984dbc8fbcdbb9062b11f24eedb,2022-05-17,RELEASES.md
rust,430575b61a95fc559f5021e246c04c3468acd1d6,2022-05-17,CHANGELOG.md
rust,4d523a8149ff697ffe1770358291e2b8d8b58fd7,2022-05-16,RELEASES.md
rust,f7378daf71d0b0cf52a2f1800433ba40314a09b7,2022-05-15,CHANGELOG.md
rust,50eada16f7c4ae711aa7e9233ce836c6618c0c4b,2022-05-15,CHANGELOG.md
rust,1f79a442e561521d0efae15da3da8acf17b580c2,2022-05-14,CHANGELOG.md
rust,80e2957c60b4d148575b0d2ab94cbfe3f7ebbef6,2022-05-13,RELEASES.md
rust,4632b2c6897ed8bfd4da39d45999a8b0a5b875f5,2022-05-10,CONTRIBUTING.md
rust,b25d7b0e34fd488558e1665da1b2aa2397bfaaeb,2022-05-10,CONTRIBUTING.md
rust,feb6d8cf30ffe4341d2bd41c35554a85951e4440,2022-05-10,CHANGELOG.md
rust,6dc6256413a242a3917b01ac28059024dc6bef45,2022-05-10,README.md
rust,c8b947a5edb209c55c2ec2d6c4c1075db5d4d4ce,2022-05-10,README.md
rust,fe84ff336055412f0df8a2e625eaf46c6701e574,2022-05-10,CHANGELOG.md
rust,84fd4cdd022c7a6234006100b7e547eb2b178634,2022-05-09,CHANGELOG.md
rust,c9d88ef962a5a9ae3ef6a9b111533e831dcd145c,2022-05-09,CONTRIBUTING.md
rust,41c7e4d3822c1a4d3d93fe64cb2d70d13d0687b5,2022-05-07,CHANGELOG.md
rust,677b38c9185feab059d8c3ef3dffe49e67c26aba,2022-05-06,CONTRIBUTING.md
rust,7cd86aa1be18d608d828239c11e887a762efc92a,2022-05-05,CHANGELOG.md
rust,9bb4410d3a3594e969dd6dfb9e601a9651699093,2022-05-05,README.md
rust,fea177fafe44c6ea950b71d812102167dfefd6b6,2022-05-04,CHANGELOG.md
rust,1e49078a54a31af65900d0a72ee6d695676eba84,2022-05-01,README.md
rust,0bdf91ddc73d80fcd5359bc9ba4882941529d928,2022-04-30,README.md
rust,0a07e55f221ce8bb7eb6bdac7e1df263aec9d84c,2022-04-29,RELEASES.md
rust,5e26cdaf3a574efa8e88b31b9df4d120e0805d7d,2022-04-26,README.md
rust,a85dc87c4cb0640915a3d5a5a318c2901ff839d3,2022-04-24,CHANGELOG.md
rust,bf17dbebc9ee9bbc2b5e38f92ccc1a8b51bfa167,2022-04-21,README.md
rust,8de3fb159dcf412d4692bd862b7b3d348810ecd0,2022-04-21,CHANGELOG.md
rust,df1ec91d952aa39646f38775a51834205fb75bef,2022-04-19,CHANGELOG.md
rust,efe871f20850b89f5ff18a7fa6a4fabdc6ae2887,2022-04-16,README.md
rust,af721036af4e0a0cadd58962a0826dac0880cf45,2022-04-16,CHANGELOG.md
rust,4844325faf392beb47c6e6d3231dfbba55f926c2,2022-04-15,CHANGELOG.md
rust,262b35ea2c4dd9a16c28bf40cb5c124f664ce96c,2022-04-14,CHANGELOG.md
rust,67badbeef6ce5452cc47f2463d7146048ce64625,2022-04-14,CHANGELOG.md
rust,66d253f0f219578264ac7cb4e1c10f01dcfe8ad7,2022-04-13,CHANGELOG.md
rust,62bf18cba22e6074721f3440235ca0cb6635c1ad,2022-04-13,README.md
rust,10201370a1509b806b9e2a83ded6b132466291b8,2022-04-11,CHANGELOG.md
rust,a4d1837f07f65e4c440646799a0730f1d9a5f798,2022-04-11,CHANGELOG.md
rust,71131351de6dae8b2baa39ab2a0b0fd20fa5e4a6,2022-04-08,CHANGELOG.md
rust,06cfeb90c156d70c2318774081b37db809f6d840,2022-04-07,CHANGELOG.md
rust,6ab4508350add2549b2f4b7b052057992a804128,2022-04-07,CHANGELOG.md
rust,a2fdbb5f53bd0999db59fc53e9f411170b6556f9,2022-04-07,CHANGELOG.md
rust,b0edbca0e6e4ce771bc5ecf54b9b35a824af07aa,2022-04-07,CHANGELOG.md
rust,5cd711b4f18f674dbdbd794d4ac32a0aeb0ef6f2,2022-04-04,CHANGELOG.md
rust,82eedae66bb20c211d99e6de769daf1f4c6f08d9,2022-04-04,RELEASES.md
rust,af8b6b6ef9fe823112c39c286cda301a25547088,2022-04-04,RELEASES.md
rust,9c0de7bb995a4e1067f5bf07e541337cb713172a,2022-04-04,RELEASES.md
rust,91beb3232821bac423e38af70afb41be926b66fa,2022-04-04,RELEASES.md
rust,e393ed72193869d96fce54c76e81c0b9c4169ebe,2022-04-04,RELEASES.md
rust,b81d430c6bf7adb8e19c8c0b03e6b6c2a9755cc7,2022-04-04,RELEASES.md
rust,1d79b60a1eed7fd1b176de1cbe2fa44ee158cc0d,2022-04-02,README.md
rust,9af03bf342708f591f5596916b08d5d5d784245e,2022-04-01,README.md
rust,2953cba1160cb4dd8fe4923a4e9166b3ca6867f1,2022-03-30,CHANGELOG.md
rust,528ada958bf51b6a48430f357f6ae77a9e81c650,2022-03-30,CHANGELOG.md
rust,74edcb8bd1e457cbfbbd8e101652301824a67255,2022-03-30,Readme.md
rust,8211d64c71bd3ab050ef5840c825fd762f33abb3,2022-03-30,CHANGELOG.md
rust,e5fa22e3505319aff3a39bb5dae10b171a791889,2022-03-28,CHANGELOG.md
rust,3888aafe3a4a030341fc21f9ac731e1a3bb108f0,2022-03-26,Readme.md
rust,55feb4c4aa1332a155bd56cba4956fcecd19d407,2022-03-25,CHANGELOG.md
rust,1fa3d66e6276755746e0b6e42fb0058ca4de963f,2022-03-24,CHANGELOG.md
rust,b60a7fb7b67566c611cfd0de94f76c5596a4915d,2022-03-24,CHANGELOG.md
rust,65a26692fd361b794f528ead645d880527ce3de0,2022-03-24,CHANGELOG.md
rust,e528403579256d920c998b2cec020ce41bba3f4a,2022-03-22,README.md
rust,fc3d57cd3d59a95d6672c76744d8027ead58f22b,2022-03-21,RELEASES.md
rust,d47fba71821fc54f42d1112820aa053a4ffbaa4e,2022-03-21,RELEASES.md
rust,7382f226b9b2ad86efc11fa70f93d6bd5d378ed6,2022-03-21,RELEASES.md
rust,1a496368effe5cd81862ef82dd3c922ba18af369,2022-03-21,RELEASES.md
rust,02dbf24f2536f146b1ddf6422be4f0bf067382f3,2022-03-21,RELEASES.md
rust,2c670b10dfcfd23ff95ce32ba9bbc9d3ead14f05,2022-03-20,README.md
rust,65125df1cd31b467dba2a71c03d6c4343e2a05b8,2022-03-18,README.md
rust,3c4192f3e9d2983c0fa2fc30fa76f63cb62b06fa,2022-03-18,CHANGELOG.md
rust,05e05eaed7f512bf2a1f7f236fc4b484d4a52aa5,2022-03-18,CHANGELOG.md
rust,39329d1d404d38437270acf3cb1337a231367efc,2022-03-17,CHANGELOG.md
rust,f49a2c345780abca24d4f5a5f9f821ea961c8fb6,2022-03-17,CHANGELOG.md
rust,d1b087fdee1024e11498e2d6c3e36d31e9371d3b,2022-03-14,CHANGELOG.md
rust,3c5cb89f638af28b8f645fb73a3210fb66bc725f,2022-03-12,README.md
rust,9a6450af95dd63c6e4f5ca43feff49313692885c,2022-03-12,README.md
rust,ec9116412ae48f28521d042cdf4244a28f0070a5,2022-03-10,CHANGELOG.md
rust,c03575275a56112edacd1c5cd26a8eb2d4763b74,2022-03-07,README.md
rust,3adc203c1cb9185ac546285c32e302a7f834bf11,2022-03-05,README.md
rust,f932c304bb2b7b4464eca89dde8cbbecec062366,2022-03-04,CHANGELOG.md
rust,ab6ffb6371b78d1777b90c25a44163562ae53036,2022-03-04,CHANGELOG.md
rust,0bd83245edb4a420bdf89edea5f6e50f70c78475,2022-03-03,README.md
rust,00fffdddd22cdd796cf4261cdbbf830bee7e4f7b,2022-03-03,RELEASES.md
rust,6cc2eeaa56b6f37f6c44a39e8b137fb22731aedc,2022-03-03,CHANGELOG.md
rust,9f1080cc6e46bb462fedb1869c4c0f04273b43f8,2022-03-02,CHANGELOG.md
rust,2a588d810fdce164c24b4de82a195da6709c47d0,2022-03-02,CHANGELOG.md
rust,35020280a05d82117c6796db8c63debbb8a76837,2022-02-26,CHANGELOG.md
rust,52f3d61a2a97a84c6aa96b7b4cb80aaff1c5f898,2022-02-25,CHANGELOG.md
rust,eb104bb8776d2c21d08a3f13b174ecf9d388e30b,2022-02-25,RELEASES.md
rust,30fb8229e13dadbe9f9968108dd46ebb8d43e56e,2022-02-25,CHANGELOG.md
rust,d9230a3c0fb9aef73972ac2e558ebdcf83d87c21,2022-02-23,RELEASES.md
rust,adc8a8a30a53c2ef1e6c89db2e9765dbf353ce8d,2022-02-23,RELEASES.md
rust,a20d1f1889dbefcfec00d7050eaed751bd6983b8,2022-02-23,README.md
rust,a21c98a896e7a748b361e2d615b0d098a3751939,2022-02-21,README.md
rust,4cdcf035a60c4adc8602cd61484c19846d621a25,2022-02-19,Readme.md
rust,adddfe75d99a59416de260d61aa66dfd98973883,2022-02-18,RELEASES.md
rust,90bb7a34764b460681dca1efb333ff378478dbd8,2022-02-18,CHANGELOG.md
rust,113ac6e15e16efb193985be9c5329a72d55df30b,2022-02-17,CHANGELOG.md
rust,b162b11abc4c5275b2bf2f2f4679f0b6d72be2cb,2022-02-14,CHANGELOG.md
rust,4f96ca353ec2f48e02efe592dc9d7ebaa1e66f60,2022-02-12,CHANGELOG.md
rust,56d43a28fe811ddeae1e48520101f07952abdbb6,2022-02-12,RELEASES.md
rust,813d127c824eb22e3fe1fc7a34bf12ad4c0fa2f6,2022-02-11,CHANGELOG.md
rust,ace7241087bedd2ea26d7b1dfcdd6133cbf77ce7,2022-02-11,CHANGELOG.md
rust,611d0398143acef24bc6029810828791a2475b9e,2022-02-10,CHANGELOG.md
rust,3403b3e7175936f694403767b93803df3e606fc0,2022-02-05,CHANGELOG.md
rust,cb29e3effbf72db2e1f5177336bfb3309ec8805e,2022-02-01,CHANGELOG.md
rust,41f20fa3a5c0cce3c9e56a1d05ed1c22ccfa8818,2022-01-31,Readme.md
rust,b36c83032bd36d8c02728279070712a1c0403292,2022-01-30,README.md
rust,b7000b2a5363430af917f7a4df17d1b7a10f5cc4,2022-01-29,CHANGELOG.md
rust,bf66aeda0a8410f2730584e24cc96b3a53449ea0,2022-01-27,CHANGELOG.md
rust,64f5b3611ec86ac16dd671c9acf73a17bcba5305,2022-01-25,CHANGELOG.md
rust,c61514086dd6727874a1046e7cd54f028283a270,2022-01-23,CHANGELOG.md
rust,9e9110e4f3fd8d982dbde873b0c5168b8a3968ed,2022-01-23,CHANGELOG.md
rust,91b9b6adfb6c585a7bf6cd4a47adbd1f20bd5c73,2022-01-22,RELEASES.md
rust,028a3e77f98e91fb8d9c8b0055a0317c011b1f8c,2022-01-20,RELEASES.md
rust,ddad101b8a5029e1ed1ee346dd91d7ebb4651bef,2022-01-17,CHANGELOG.md
rust,ddad101b8a5029e1ed1ee346dd91d7ebb4651bef,2022-01-17,README.md
rust,1c9b31d3503e3c324ffc12f1fbf9bab5e318decb,2022-01-16,CHANGELOG.md
rust,411980188459dc190e2af78a24f8133f84c7ca93,2022-01-15,README.md
rust,6b726a10ee5e233650c0eb401d6d9712d1c11202,2022-01-14,RELEASES.md
rust,c7926c7dd88a69118a80d5217ee46381f7b693db,2022-01-14,RELEASES.md
rust,12fa471984cc32101426aa0288b7635d2cc1f2fb,2022-01-14,RELEASES.md
rust,c1526c69f21ca30d08fe5536f20017fdd8fa256f,2022-01-14,RELEASES.md
rust,ddab0bf6bf381e444998004faff203917a224cad,2022-01-14,RELEASES.md
rust,9b9fc606a62d0280ec9c77aa2e06c5f12f284987,2022-01-14,RELEASES.md
rust,fb0142ae41a49a4dda6bc0c7487efa00818c8f49,2022-01-13,CHANGELOG.md
rust,fb0142ae41a49a4dda6bc0c7487efa00818c8f49,2022-01-13,README.md
rust,5b2d5da0d3c913e0b38ea432af34375e903752aa,2022-01-13,RELEASES.md
rust,166737f3cbbe2157454c759cb56662c941c6031c,2022-01-12,CHANGELOG.md
rust,3d4fdedd7ee52ad660ccc0f9f713aeac9b21b8d0,2022-01-11,README.md
rust,fd97d792f952618ee5f64e6e25cb8841742a9f4f,2022-01-11,README.md
rust,3298de7f661b1f91dec5faef8eb6d36a6b30ffa0,2022-01-11,CHANGELOG.md
rust,3298de7f661b1f91dec5faef8eb6d36a6b30ffa0,2022-01-11,README.md
rust,fc8af986fd9a102cb14b15ce22f8e58b52aaef52,2022-01-10,RELEASES.md
rust,680ebeaa792a6446b0096492b286a748f79dd933,2022-01-10,RELEASES.md
rust,2d19606d90b3b75e8c3c9d0fe9366308993e7adf,2022-01-09,RELEASES.md
rust,a6f80fccb19a52305ff88d960b4bb4e74df3d8b2,2022-01-09,CHANGELOG.md
rust,0e13d0c20e8f64605c13c7ed6a086789e4de25cd,2022-01-08,RELEASES.md
rust,81963b12c540bbe1053fc4b134715ba286185e73,2022-01-07,RELEASES.md
rust,dd9501f8d3e5e09e3e4d054f7e57d06a5b45e2f2,2022-01-07,RELEASES.md
rust,c3a99d8fd623f7b466289c2bbd6a35a0c93b03a0,2022-01-05,RELEASES.md
rust,3d2b8a29f937c7b7879b939cb3c59ae0e61dcfbb,2022-01-05,RELEASES.md
rust,54d2ec1a82d2a5fd0732264d5c91fc8e01f12832,2021-12-31,Readme.md
rust,97ab44ca974544fdf5ef598b04d3794af513e4bf,2021-12-30,CHANGELOG.md
rust,97ab44ca974544fdf5ef598b04d3794af513e4bf,2021-12-30,CONTRIBUTING.md
rust,97ab44ca974544fdf5ef598b04d3794af513e4bf,2021-12-30,README.md
rust,a5a14258e5c2ef32f05621595740595676d54177,2021-12-30,Readme.md
rust,0dd3d28cff91ed450e296efa4b9e7db9fb91373b,2021-12-30,Readme.md
rust,a11e5c210a456ddccbc080dabcbbd1cbf2124972,2021-12-28,README.md
rust,b59ff5861a1425abfc9fb05a9d7de9bc7f15260e,2021-12-27,CONTRIBUTING.md
rust,b59ff5861a1425abfc9fb05a9d7de9bc7f15260e,2021-12-27,README.md
rust,c749b2d393b6914e4e9610e6df0d82a7271cfea9,2021-12-27,README.md
rust,3ebd2bc2e4fac8f56e1399872ea449594a280daa,2021-12-26,CHANGELOG.md
rust,e51810df2c11e2a58de77d4b304f78d93851fca9,2021-12-23,CONTRIBUTING.md
rust,e51810df2c11e2a58de77d4b304f78d93851fca9,2021-12-23,README.md
rust,e2c659bed8f1cf50fbc9312b703753b3245e2d42,2021-12-23,RELEASES.md
rust,8fd6e8bb544736be1f35f9d799695692c139f40f,2021-12-23,RELEASES.md
rust,0928e5257132f76faa9d3d19c79eeba8f36b462a,2021-12-23,RELEASES.md
rust,9b588a6b69aae9b62291c3c11d423ba5b2145e74,2021-12-23,RELEASES.md
rust,db74c1c030ba913e15b0c8bb86c50dc794f647b2,2021-12-19,README.md
rust,adcd3ded13c022e273df9f2efa851b09a51ef4c1,2021-12-17,CHANGELOG.md
rust,69bd99f8e0d9c8a6ef06db0b99af1df42cc9c10b,2021-12-17,CHANGELOG.md
rust,8160ccd3ac8a3e9fbd5d6fa75a02c9a393029a85,2021-12-17,CHANGELOG.md
rust,80e986485cad892126fd5cbdc8c37fb7be691200,2021-12-17,CHANGELOG.md
rust,ece0946d7f60bdee8b9544753a3f1a3acddcb1f7,2021-12-17,CHANGELOG.md
rust,ece0946d7f60bdee8b9544753a3f1a3acddcb1f7,2021-12-17,README.md
rust,468c86e4a3fa31b8c670422ea63875428e899b7f,2021-12-13,CHANGELOG.md
rust,4520529a839f32d4101572e04edd598ad3109a2e,2021-12-09,README.md
rust,8dfb3ec8a45316365f6d950fe7d46e120cd42301,2021-12-08,CHANGELOG.md
rust,8fea1d94f3bbcc02c3822dd43da9a1133e90f715,2021-12-06,CHANGELOG.md
rust,0167c5303f681eacef0e15aa3315ab601438a3e5,2021-12-03,README.md
rust,af2bc4e3efd94e2a0e34f0f6de0cf36c37e239ab,2021-12-03,CONTRIBUTING.md
rust,af2bc4e3efd94e2a0e34f0f6de0cf36c37e239ab,2021-12-03,README.md
rust,243cec7a0b9cc0ba3fba6e5ed849b0635f3496db,2021-11-26,README.md
rust,4c3699f01a3d1cb51e5cd1c0e913a3739adc4fc9,2021-11-26,RELEASES.md
rust,3957244120444d2ff9a5e43a0a2df97d79168174,2021-11-23,CHANGELOG.md
rust,bb7ec7b7e94cfb719283b051d462daa2f707c077,2021-11-22,CONTRIBUTING.md
rust,bb7ec7b7e94cfb719283b051d462daa2f707c077,2021-11-22,README.md
rust,982124acfafce0c14ace9cf48ab946b4a5901dd3,2021-11-20,CHANGELOG.md
rust,9b38fb7b71d97e9ee04f210a34df4f99e51a20ef,2021-11-18,CHANGELOG.md
rust,b7f18916fa46c6ed25aed3b27e149850864b1f0e,2021-11-18,CHANGELOG.md
rust,c051656c836bf11335781afbabe1690ea7542f49,2021-11-17,CHANGELOG.md
rust,9129ae651f744328eb691016d59163832ef0c7e9,2021-11-15,README.md
rust,429e0b66a24399b5e6746cc8bff27921ecde7370,2021-11-14,CONTRIBUTING.md
rust,d8bee92aee3394d2fd9a0b83516651ee7141b032,2021-11-13,README.md
rust,e444cbe5d67b92e1c0989ec4d36758c2b036014b,2021-11-11,CHANGELOG.md
rust,1659ef42069c53595dc41a530839a5fc04c5988b,2021-11-10,README.md
rust,f99e3582bd9838a36883a73380b1d0315cda76e8,2021-11-08,Contributing.md
rust,f99e3582bd9838a36883a73380b1d0315cda76e8,2021-11-08,README.md
rust,e674d0a59924a5c36ce0ccb6e21d6e2419b08145,2021-11-04,CHANGELOG.md
rust,e674d0a59924a5c36ce0ccb6e21d6e2419b08145,2021-11-04,CONTRIBUTING.md
rust,e1225bf9a231ba69f491d0f40e119496d5433d0d,2021-11-03,CHANGELOG.md
rust,bb1cf729990e063a858bf31b54bd1d0e13dc4707,2021-11-01,CHANGELOG.md
rust,c1eab154c9139a281d17c5ae70151bac4fcbf60f,2021-11-01,Contributing.md
rust,a567c8a86f822f03403917232e872fed485bcb2a,2021-10-31,RELEASES.md
rust,a4d7011c18eeae7fbb11286822b9519dc9a9325f,2021-10-30,README.md
rust,a24ed3c322b9b9a6b7dc9f3f18e4142d3adabf46,2021-10-30,README.md
rust,54b1e0bb15934bedad7c3df4626b291bfe742522,2021-10-30,README.md
rust,022146d2c3c4e1baa65f19c45205152af1a8b997,2021-10-28,CHANGELOG.md
rust,36d4a4ea82b235e65d5ec32bf8f7a81438cf0e10,2021-10-27,CHANGELOG.md
rust,141bf38f23d2737bde70a38a23bbe90fa062c450,2021-10-26,CONTRIBUTING.md
rust,999b3004c499e96e62d677d79fab47c5c514636a,2021-10-26,CHANGELOG.md
rust,949fc44ccc96741b4b0b3430b21d4fc68553277a,2021-10-25,CHANGELOG.md
rust,1b2c57c2dd11df9c3c3cae51870be67ccfef65bc,2021-10-24,CONTRIBUTING.md
rust,7631fc5d822afc69d82e738ddf365d8e97f72c22,2021-10-21,CHANGELOG.md
rust,2b41b6d022fa90e44a89ed6d0aecb77de8fd5505,2021-10-20,CHANGELOG.md
rust,efa8f5521d3813cc897ba29ea0ef98c7aef66bb6,2021-10-20,CHANGELOG.md
rust,6b22bba902e873a9cceb3f5649d10a195699267d,2021-10-19,CHANGELOG.md
rust,0f9f591e30074bf5e31e4ca279280425685f33ff,2021-10-19,CHANGELOG.md
rust,3b53c8ef3d7ace3bb2060a6b58b159a17e215c79,2021-10-19,RELEASES.md
rust,7f84e3d791846fb462eb39d05bbec029b68d97af,2021-10-18,CHANGELOG.md
rust,797507c58390662098f0d20a9ee89d200f93f11c,2021-10-18,CHANGELOG.md
rust,c9599d79a3b741b7c42353dc45eab6f1c461891f,2021-10-15,CHANGELOG.md
rust,2284082ae8e9d422fdacfa7c229d2676d61470a5,2021-10-14,RELEASES.md
rust,58969807ab7a79caecf33ad8a03df8a9793a23ad,2021-10-13,CHANGELOG.md
rust,a0cc8725e95793891e21f4211492abb0da800d3e,2021-10-13,RELEASES.md
rust,cf905ed72f75918597fec46080e31dfca7eaddd4,2021-10-13,RELEASES.md
rust,782085adcd9d3434db20e59585ee20d86e703211,2021-10-12,README.md
rust,31ed3a7120d3d64389d9e0835ca25d6e1076db43,2021-10-12,README.md
rust,9e0ce14700070a5cf61ebdb542cefd70a1dd9b0c,2021-10-12,CHANGELOG.md
rust,7a7dfa8b67364be9a6fcd0d5876ed1c55b55843b,2021-10-11,RELEASES.md
rust,669359530ec3dcfa5c1cc8d9afd80813a246f09b,2021-10-11,Readme.md
rust,f44a904a56b92415c189be16e8d628e6c1473935,2021-10-11,CHANGELOG.md
rust,0309de73dca88009d67993d0f59f9c5c958ae823,2021-10-09,README.md
rust,452181c69d2a106d9d5a1262b69e68a765c4b3e3,2021-10-09,CHANGELOG.md
rust,412b862fba9df1219ab4fb5bd5a096bfbdaa37d2,2021-10-07,CHANGELOG.md
rust,fbd0fb9aedbee06d0eefeecd62bc710832e0c457,2021-10-07,CHANGELOG.md
rust,5cf4984872e1ac047b4e2df52fe0f6faa82716c3,2021-10-07,CHANGELOG.md
rust,388a3d098358edd1f7b83f1f47f1e1e157bad067,2021-10-04,CHANGELOG.md
rust,fb0353b28d746108932ffb0a9ce8535c115c0acf,2021-10-02,CHANGELOG.md
rust,e4c3000e5bf254ab19895b7a62413ff0d346d337,2021-10-01,CHANGELOG.md
rust,23d5457e6d8d4d1d943d8368af680545fb6222b2,2021-09-28,CHANGELOG.md
rust,23d5457e6d8d4d1d943d8368af680545fb6222b2,2021-09-28,README.md
rust,7f11e5a9147307d9ec4adb83b900ec346d83dca5,2021-09-28,CHANGELOG.md
rust,b6ffb2931553b4a2f0ccd9c6db51809cf9c13e7c,2021-09-28,CHANGELOG.md
rust,9a3ccd8547483ecc6353a8694ac1728964865994,2021-09-28,CHANGELOG.md
rust,b7d40bc10394107afc03a126e346b5522beb0703,2021-09-28,CHANGELOG.md
rust,46f8aa9c3178baed1833219d7205569df8f84070,2021-09-27,CHANGELOG.md
rust,0f4b616a08eda85247e6123120b8cba01dc4383b,2021-09-26,Readme.md
rust,b51897f604d8e0241e443bd0e6da99b8c13278b3,2021-09-25,RELEASES.md
rust,a307dcc9626b6493b83ca73c3ce35afcffc17e2f,2021-09-24,RELEASES.md
rust,543b638dbe4b559e660c76128eb326533f7ea370,2021-09-24,CHANGELOG.md
rust,956f87fb04f589ac2fbe262a043c9f3cad6b2ac0,2021-09-24,RELEASES.md
rust,bb971e0f58da2c670883826f4a4810b03882f0d1,2021-09-22,CHANGELOG.md
rust,27bb76b5f318d0e70ac19af283c5f70528e3c61b,2021-09-22,README.md
rust,63ed2f9eb4a787abdd8c50773f3ef9cc8a5cb724,2021-09-20,CHANGELOG.md
rust,8ec7976ced61c31dbcaeda3f52d7ecc197764f80,2021-09-17,Readme.md
rust,e2cdaec98437ea317eead6c90336d3462c779608,2021-09-14,CHANGELOG.md
rust,8f88acdbfa6073eefbfcd773619d460fdfec122a,2021-09-09,CHANGELOG.md
rust,091ed44b50a79a158cea77f44d12245a8ce6276a,2021-09-08,CHANGELOG.md
rust,091ed44b50a79a158cea77f44d12245a8ce6276a,2021-09-08,README.md
rust,daf6f9951e25561cc97ae8715807b880f496da90,2021-09-08,RELEASES.md
rust,78c031204d2602916fafd0012c240556cd0ee296,2021-09-05,CONTRIBUTING.md
rust,8221f9e7950120c940511ca914c9724cc89b56d5,2021-09-04,CHANGELOG.md
rust,4184cc369a8e08bc74560baf0f47bab14423e26e,2021-09-04,CHANGELOG.md
rust,c7c2036cb92dae475d7d6ef6b03919fead5bf052,2021-09-02,CHANGELOG.md
rust,6a9549c358369304f487a3d7a50b4c8275247e61,2021-09-01,README.md
rust,5dad13cc3bfbf69f470198860ea905d72fc9fbd3,2021-08-28,Readme.md
rust,2de6c14b25b63e30b37aa6124ac0c6beea131ed7,2021-08-28,RELEASES.md
rust,7a46ff5981bc6f27a1a325f564adf7cff161a8ec,2021-08-27,RELEASES.md
rust,f858c7c30062696c163d4ee341010b0b3c655665,2021-08-25,RELEASES.md
rust,31738b1da3e4033ff7898ffc869e96d7faba1775,2021-08-24,CHANGELOG.md
rust,0a021d5900a9ee55875fb247614a0671b71d3271,2021-08-23,CHANGELOG.md
rust,52a988344bce118347d6a6567e67e20b7e99dc25,2021-08-19,RELEASES.md
rust,a7f376fbd3f30b58ec2bde5538b446eb4c2d615e,2021-08-16,CHANGELOG.md
rust,634244e63ffb9acee22083611af3018404cef7c9,2021-08-15,RELEASES.md
rust,0455fe342f585eedb69075b4121ff0e285ebbced,2021-08-15,RELEASES.md
rust,afae271d5d3719eeb92c18bc004bb6d1965a5f3f,2021-08-13,Readme.md
rust,1ad54642008b185f5691e5cac1148147d29fc00f,2021-08-12,CHANGELOG.md
rust,11ef04728c90aa6105b20c681e3c12f231ba4f12,2021-08-10,CHANGELOG.md
rust,6d36d1a835370a01cbee58aba038ea0bd712c82b,2021-08-08,CHANGELOG.md
rust,2acf204b09740f06dfb5efe8d1f45ceeb4ca91df,2021-08-05,README.md
rust,35a74a1a6b03fb998b210a3644d7dfb4fc24878c,2021-07-29,CHANGELOG.md
rust,fdf29c04ae14128fdfc78b2f8645e5fef7baac6f,2021-07-29,CHANGELOG.md
rust,c0e01718809abcf98fd7e7a5e3afba1c11738721,2021-07-29,CHANGELOG.md
rust,dbb10b87f8e4365298ed33a6ed96bffe66a1951e,2021-07-29,CHANGELOG.md
rust,2b20f49841dbfb773d47c008b4278885435483ac,2021-07-29,CHANGELOG.md
rust,54e539121d7911933157519a80e8dd30219dc9e0,2021-07-29,CHANGELOG.md
rust,9fc2bfafb18018889ffc001a22f1acb14af2d05a,2021-07-26,RELEASES.md
rust,e4b8714c0986def4ac895f6e6df0c913f924dbb8,2021-07-26,Contributing.md
rust,e4b8714c0986def4ac895f6e6df0c913f924dbb8,2021-07-26,README.md
rust,0832137b9e72cf639d46f42d4801db8bc6d798e0,2021-07-26,Contributing.md
rust,e634a6f9a8ad9435f2d9f6bbfb6a8eb018ee8e3f,2021-07-26,Contributing.md
rust,e634a6f9a8ad9435f2d9f6bbfb6a8eb018ee8e3f,2021-07-26,README.md
rust,71efd950d17faabc4025acb460c4000bf97978f7,2021-07-25,README.md
rust,30b619771d41a9fb0914b5064050bb1aa202439a,2021-07-24,RELEASES.md
rust,09b5ce3e1b905e021a980bfa3bc85b923417a48c,2021-07-23,RELEASES.md
rust,6e59a9d112cdf0f33968a2d6d1865a6494e04b1b,2021-07-23,RELEASES.md
rust,af0b8553fef18213e7d8f090028712430643e291,2021-07-23,RELEASES.md
rust,884ef4c287480704e0176930347563410eb8907f,2021-07-19,CHANGELOG.md
rust,1d084b13a58efac06c478ae721b5666e76fe3214,2021-07-15,CHANGELOG.md
rust,10ac14194190b6ae6583cc7962c4382640aafcb1,2021-07-07,RELEASES.md
rust,17d60329d318d4a70c7820458cf0715d1f617520,2021-07-07,RELEASES.md
rust,fb92375755a00a39a900da50f581917519b5af6b,2021-07-07,Readme.md
rust,30c5c2ff03146213a02f2d27088db7765b798e7d,2021-07-06,CHANGELOG.md
rust,357a8f03445e9719039cb846ffb080303eba21f8,2021-07-05,CHANGELOG.md
rust,59a164e86c41b4ccfa1e41ec60d7bb8a0f2c87d2,2021-07-05,CHANGELOG.md
rust,ebe52869a344ca11263934c208dc18412acd794b,2021-07-01,CHANGELOG.md
rust,ebe52869a344ca11263934c208dc18412acd794b,2021-07-01,CONTRIBUTING.md
rust,ebe52869a344ca11263934c208dc18412acd794b,2021-07-01,README.md
rust,018be41deedd086191b8ce45895164e0aa7046b0,2021-06-30,CHANGELOG.md
rust,3b16b6ee3c6c1d9e3c2430ca997a9f6fe195aefd,2021-06-29,RELEASES.md
rust,2c489be26e52221ee60b95cf1da7e85265460cec,2021-06-29,RELEASES.md
rust,283080ee9c418b2f4af67cb18f574286f3d402d2,2021-06-29,RELEASES.md
rust,6d4161bb16c9333212bbd137db4d9a59d2f9aef4,2021-06-29,RELEASES.md
rust,aa40487a8402b627fd11b6d503bafc33f9e97da5,2021-06-29,README.md
rust,b0897ff2ee8346def3414c588fb7ae140efe0208,2021-06-28,RELEASES.md
rust,715f9ac4e36ee303c3d464121ebb65df8f92416e,2021-06-26,README.md
rust,7e21db5b5c18f47a5f43e36f0bf34f1bbd1a1466,2021-06-25,README.md
rust,3d0984975e555e122499e58d3fbc20e99b7be589,2021-06-25,CONTRIBUTING.md
rust,9492de584319c0331619991e5b201ea6e00b9b2f,2021-06-24,CHANGELOG.md
rust,dab42cff028b59a157e961433e480431b1c5f13d,2021-06-21,CONTRIBUTING.md
rust,dab42cff028b59a157e961433e480431b1c5f13d,2021-06-21,README.md
rust,71f01d197411fc7a9b3509cbf566720eabdf8d92,2021-06-21,CHANGELOG.md
rust,71f01d197411fc7a9b3509cbf566720eabdf8d92,2021-06-21,Contributing.md
rust,71f01d197411fc7a9b3509cbf566720eabdf8d92,2021-06-21,README.md
rust,e84c9aed6d82eddcaf96d1c4fe90adcd2182b9a0,2021-06-21,README.md
rust,e84c9aed6d82eddcaf96d1c4fe90adcd2182b9a0,2021-06-21,RELEASES.md
rust,80e9188fb1a404427513e080b8a27ac262769614,2021-06-20,Readme.md
rust,fe6a2892a6dd285774c3b1c84a2de45209454ce6,2021-06-19,Readme.md
rust,87fb7cb58f48e047f46777c925aa9b124dd77d91,2021-06-18,RELEASES.md
rust,40fee52e496e6bcc2cbb3d63894480fccf1b44ef,2021-06-17,CHANGELOG.md
rust,3fbac90c4d3b8db48d1f4e5634135b0d22723f16,2021-06-17,RELEASES.md
rust,218a609f3c311e661598e27ced63796cea5bddfe,2021-06-17,CHANGELOG.md
rust,723f515b6006706b88d22c8edb05330df6365a63,2021-06-17,CHANGELOG.md
rust,fded9472573f853f0c772479b4d4327336257d98,2021-06-16,RELEASES.md
rust,5781cb546c60e6f42983500f3959c8945954190a,2021-06-16,RELEASES.md
rust,78df1b8284b4b77720fb2436818c70920134354c,2021-06-15,RELEASES.md
rust,cbf53ba2514a0a19ba8fc45348e0e6610cb88859,2021-06-15,README.md
rust,44608b1857951ba82b630853da6fc6c2f40fde53,2021-06-10,CHANGELOG.md
rust,87f2073c80c9cdec9e0b4c87ec54a531f2abb4df,2021-06-09,README.md
rust,892f706ce55d38bf8a6c80fec5d08e785d2240ac,2021-06-09,README.md
rust,ea45e2a9cf13b59e6366a6cacb7f0088f9cadeda,2021-06-09,CHANGELOG.md
rust,c6bcb4d3c02c3dd6d0f9570d60ca67b8d1fc12f5,2021-06-09,README.md
rust,ae237098f8af22bd44ee3808cce97f1782eb4e18,2021-06-07,README.md
rust,3032a62d9310f34388fcff9be86c253e15b4f494,2021-06-07,README.md
rust,c0f3c2fe277102f22efc21ce64dc3e3423b777d4,2021-06-04,CHANGELOG.md
rust,6c2748211565773c297560f2edcd762565f1933a,2021-06-03,CHANGELOG.md
rust,6c2748211565773c297560f2edcd762565f1933a,2021-06-03,README.md
rust,97311f0906ca89656f5942b326a665fe98d84c17,2021-05-31,CHANGELOG.md
rust,ddc2ee9db6d3d00528ab52f5fcf9a76338b35088,2021-05-31,README.md
rust,71f41405500cec42be22f0080bf3f83f97bfa768,2021-05-31,README.md
rust,898b6a0e072c4f8ba741e83bd7fd12a4c2ccb1a2,2021-05-30,CHANGELOG.md
rust,16f469280ee8dfea1ca4f24a272f44865896006e,2021-05-29,README.md
rust,7e9da8d30eb07093c09fd90276aeca4a469a0432,2021-05-29,README.md
rust,6314a639b36cf789b00b43c64ad739795d683c6a,2021-05-28,RELEASES.md
rust,e94eda2473a32cebfc437fec8535f449dd22d0d6,2021-05-28,RELEASES.md
rust,9e2ad50a69dbfbd698e3bd8ab4bb84df9b67ab73,2021-05-27,RELEASES.md
rust,1554c8d482f273a9d371a6fbefe00a1a629ce2ec,2021-05-27,RELEASES.md
rust,72c109e65c6bf75b4cdd0ef309bbd37e63474eba,2021-05-27,RELEASES.md
rust,b906953d59530a8fe12a5d912b1555a0c201524b,2021-05-27,RELEASES.md
rust,97b2824ada1a6f7128ec1355b48376b0f43455ce,2021-05-27,README.md
rust,2e2021bbda7ce7b7095b79f07fe6a408a6cd8f07,2021-05-26,README.md
rust,9f1ad43e6911ed7c7e939ab9e0cd66897ebd59af,2021-05-26,RELEASES.md
rust,9348118c30ed28d22f43fe3f9471c8a02770574c,2021-05-26,RELEASES.md
rust,3fcf5f3150565fbf4441d8ffd2ec7b955e93037f,2021-05-26,RELEASES.md
rust,9c65f9f47016aa478fe18225f91e962277113d96,2021-05-26,README.md
rust,b36e1a63e013f75a9b69b3e149f112dee2cfd6f4,2021-05-22,RELEASES.md
rust,b7cad35f7f251478fb166dab9dfe88b40c50c463,2021-05-21,RELEASES.md
rust,bc86e8111a618bb0f89f713e1f0c4efb3501358b,2021-05-21,RELEASES.md
rust,ac5d15a4ca728cb1e7795425bc12a8391c9b38dc,2021-05-21,RELEASES.md
rust,d2241e3635b2ba2b0d46e2caa392170c1539b3c8,2021-05-21,RELEASES.md
rust,31b97ea3b278bf7ebecee6a1484eb867caf97efa,2021-05-20,README.md
rust,6d4dc35882a55610e9da81237d62bea1c0c1634e,2021-05-20,CHANGELOG.md
rust,97705b7ea622e4d6ea670c6a3a8ba1bfe97296e0,2021-05-20,CHANGELOG.md
rust,2caaa074984cb504efbc72f6db67e37bcb3601f3,2021-05-20,README.md
rust,4c12a5dc6c99a234e2e9c0313f6b73c8fa162a11,2021-05-18,README.md
rust,6bcfdd99131988a899ad97602d3b618bd9fc1a33,2021-05-17,RELEASES.md
rust,75ef9dc708e669bccbc18c3be4873c613058ef30,2021-05-15,CHANGELOG.md
rust,5ba236f3039241077302fddd7acb671e62195af6,2021-05-11,CHANGELOG.md
rust,91851d8040da1569366ef977dd9a43a70c7519e9,2021-05-07,CHANGELOG.md
rust,c016e93d96983b97a29f5e18b4207341599cbf2b,2021-05-06,RELEASES.md
rust,037ddf282bbf011babd4b7f9a851f6028fc6fd70,2021-05-06,CHANGELOG.md
rust,d6058820237893566670d828c900de61c8e8f8af,2021-05-06,CONTRIBUTING.md
rust,67ec0a5ce371e997a4bd18b026e7e6a17f9770c8,2021-05-04,README.md
rust,b4bfb0e30ec496d80a5cb8569e979f69eb04b18e,2021-05-03,RELEASES.md
rust,a7dc1ca80a298fbc8d948e98490c4cd7661156e5,2021-04-30,CONTRIBUTING.md
rust,ee570b1302b7c30cbd43047384622922eafc6c9c,2021-04-30,Readme.md
rust,02bf692169e1f2908169da8f870f8b324a4e6a17,2021-04-22,.github/PULL_REQUEST_TEMPLATE.md
rust,02bf692169e1f2908169da8f870f8b324a4e6a17,2021-04-22,CHANGELOG.md
rust,02bf692169e1f2908169da8f870f8b324a4e6a17,2021-04-22,CONTRIBUTING.md
rust,224881b94df5215952c7a955acaefacb388c50c5,2021-04-21,CHANGELOG.md
rust,e2e104b993277a8096299a2d2eb99d4641f1e318,2021-04-19,CHANGELOG.md
rust,2d65b2d54365c5deb0ebbc59160baa1fb84d567a,2021-04-19,.github/PULL_REQUEST_TEMPLATE.md
rust,b20cbff6669ded1784ecf5bf32d94f9546d4883e,2021-04-19,CONTRIBUTING.md
rust,6834944fd321deeb412838e9c8fedfb717b4f67c,2021-04-18,README.md
rust,5af078ac1b705abde41cc2e7c71be38701943cdb,2021-04-16,CHANGELOG.md
rust,0462666c7067d8992501aa8997d16e18da021ee5,2021-04-16,CHANGELOG.md
rust,67b8844628b47e132ffbebe75d259a430a5fbd82,2021-04-12,CONTRIBUTING.md
rust,87882f2c6a2fa754e8c948145e17b5bafb6dec75,2021-04-10,README.md
rust,012f9d47b24dc5e92be2d83bf798ca332847e68a,2021-04-09,CHANGELOG.md
rust,0a7a41f6ad5e782e5ea60bed6beae6dc025c5c06,2021-04-09,README.md
rust,4f7fc11ef17e3afb0175b965995cad2f9d7ab210,2021-04-08,CHANGELOG.md
rust,2a7e4516cf64a8f6275e5488bc03d6e3426eb501,2021-04-08,RELEASES.md
rust,3dff1d4fcd29f9f4cc258cb1b971c95a38ee5924,2021-04-08,README.md
rust,f6d1f368db9e726fde825dc2525cdec07673b416,2021-04-08,CHANGELOG.md
rust,f6d1f368db9e726fde825dc2525cdec07673b416,2021-04-08,README.md
rust,53bfc6729ae4a53c8092473452de7a272224df5d,2021-04-07,Readme.md
rust,a760aab828c9279fbdc5615fd23e0c499fb1f549,2021-04-07,README.md
rust,d5bedf8d6d448e6455bebf6b79f906b560ca20f6,2021-04-06,README.md
rust,a6f54f5dfdfdf0017ffecfbcd6f43352b8b71ca1,2021-04-05,CHANGELOG.md
rust,d1df73228a7cdadb4d635c6ed77daeeaebbe10ff,2021-04-05,CHANGELOG.md
rust,4fccde54acc986a7446ae487cb028fec59fadcb4,2021-04-05,README.md
rust,0bd2b1927c2b02a6fe7447d58e897cf1f1a1d41f,2021-04-03,CHANGELOG.md
rust,56fbbf7b8fc7c99a6c54dfff6847770a4ed27eb1,2021-03-31,CHANGELOG.md
rust,56fbbf7b8fc7c99a6c54dfff6847770a4ed27eb1,2021-03-31,README.md
rust,527fbbef486bab32a95209b638b097a14ff41db0,2021-03-31,CHANGELOG.md
rust,5029dc805fa1b8c58988cad119a45a6d51bcdaad,2021-03-31,CHANGELOG.md
rust,7fcd15571201d55951cf518a564069ff3ed115aa,2021-03-30,CHANGELOG.md
rust,7fcd15571201d55951cf518a564069ff3ed115aa,2021-03-30,README.md
rust,395d6cb765c6bb9bc7dac37ecbb871d6339c80db,2021-03-29,README.md
rust,07968a001d9e7dfd2417dfb57d3227e395691418,2021-03-29,Readme.md
rust,64cf7ad75fe90ed293f443c13062e8a74b755f8d,2021-03-26,RELEASES.md
rust,4590d544cc1a2a3f36a09c2c5e75bba1ad97cfdf,2021-03-26,RELEASES.md
rust,3a4c0a7fd83241646d7123f62ce656521c2427bd,2021-03-25,CHANGELOG.md
rust,9f6b5de7deaf4dc9e7917370ad09ab85dc23997c,2021-03-25,CHANGELOG.md
rust,9f6b5de7deaf4dc9e7917370ad09ab85dc23997c,2021-03-25,CONTRIBUTING.md
rust,12388f52acc8f4a753eed7b51ce73d9aef1f76ee,2021-03-25,RELEASES.md
rust,12005612ab7f2c84d4ceca8132dd7483bd892061,2021-03-24,README.md
rust,0381d6793bdc898f05a2fd3f63fca10766148e39,2021-03-24,RELEASES.md
rust,03be4138ed134370979aec04ff5fe23cab6bcf74,2021-03-22,README.md
rust,263be25484b6df50e71702e46798881f1ccae5f6,2021-03-19,README.md
rust,65462859596f20bc99ca177c6ed722bd4079dc26,2021-03-17,CONTRIBUTING.md
rust,3d7a84c8bb006d9c380f5486d00afb95a1db9fcc,2021-03-17,CONTRIBUTING.md
rust,c64e796d24210963b55fd3acbb8f145dffe52e20,2021-03-15,RELEASES.md
rust,f2f2a005b4efd3e44ac6a02ea2b9660d28401679,2021-03-12,CHANGELOG.md
rust,f2f2a005b4efd3e44ac6a02ea2b9660d28401679,2021-03-12,README.md
rust,3a3e7ebdf0fd4813ebdebe652a5d025a45976f33,2021-03-10,README.md
rust,52d9792bc8990d41ced929cff31962f013b5074a,2021-03-09,README.md
rust,bf40ac68777870bbb0336d51f06082f288262dcd,2021-03-09,CONTRIBUTING.md
rust,469c03026075181a62e5bd07afdd11e67002fbb4,2021-03-09,CONTRIBUTING.md
rust,05339134de9d3977002752b79b5f280f33ab1993,2021-03-06,Readme.md
rust,95e4db3e0338ce88b724b41a19ce0fc9d2ed1395,2021-03-06,Readme.md
rust,76bb1f173f35c4d0fa4de6c7d4651a1367e61bdb,2021-03-06,Readme.md
rust,a672d335a248034369cd41d4e08e02cf378c0e4b,2021-03-06,CHANGELOG.md
rust,c7d9cdabc18afb9b89bfaf010d303c5e8b34288d,2021-03-04,RELEASES.md
rust,03e72d5446bd104ac4480032ea44bd7419ce5694,2021-03-03,README.md
rust,b1182d2a3cbe9ecc556e6eb88ee7233151ed7abd,2021-03-03,RELEASES.md
rust,cbf784f85a5dab00bf6f39fb8c00a84abd92e083,2021-02-28,README.md
rust,51617b83a18b2a0b1f0f2cae8c43e42043a86b76,2021-02-27,CHANGELOG.md
rust,3d3cfd3754d616db959015eb7bd3c6238961320a,2021-02-27,CHANGELOG.md
rust,4dcbc005c55899c8c0641eba69bb7eb729c013bc,2021-02-26,RELEASES.md
rust,f64149dd04514e850374d2b94ecc91ce18d1b39e,2021-02-25,CHANGELOG.md
rust,f64149dd04514e850374d2b94ecc91ce18d1b39e,2021-02-25,README.md
rust,6b8b43c0d1ed7a46c6e93366eebb8d6ef501cdae,2021-02-24,README.md
rust,68f76cef88b53bf2fc43c7cc94b4d1e53df52ec3,2021-02-22,RELEASES.md
rust,0b0fd78c6c49165dc8bcd5867cc291d4f6b1142a,2021-02-22,RELEASES.md
rust,efe33f9fe4bf6b644f26f51500d557614a5f2c93,2021-02-22,CHANGELOG.md
rust,d23038944a0ab7aaf8566196f9680b918f7ec155,2021-02-20,CHANGELOG.md
rust,c5b43aa2b32951f25d05dd3fb6ec1f5799598977,2021-02-15,RELEASES.md
rust,69e56ad7d16c2a089b83d4d49616daabbf5fac8b,2021-02-13,RELEASES.md
rust,b80ac2af9c0939428054e7d018f19fc16b920b05,2021-02-12,CHANGELOG.md
rust,cc82e559f65cbed5e9eb31e5c5f4fa378fe72d4a,2021-02-11,CHANGELOG.md
rust,8b9f4a0d342c5c55c1f5927c308fed60a7e843b9,2021-02-11,CHANGELOG.md
rust,35ea03b9e03a27bc471098672a698fd2e64968c7,2021-02-11,RELEASES.md
rust,8e24a97c5eb714ff8ec7798f35ef5e64e101c7ea,2021-02-11,RELEASES.md
rust,883988b350c13f0dcd1e1cdd7e866e427d41db6e,2021-02-10,RELEASES.md
rust,cecb8a660c8b159dd7acc815d15ee0cb5f253d20,2021-02-09,RELEASES.md
rust,8dbbe78be6aebc78b09acee57965e5f658679367,2021-02-09,RELEASES.md
rust,cc5667a094c319693425291a312bab4bdf80731f,2021-02-09,RELEASES.md
rust,0cefbc57a11fd3312eda0c7d6ca7b7ced96251de,2021-02-09,RELEASES.md
rust,55f0efcbb4f8e3291ea8cedb97ee94c8db5652bb,2021-02-09,README.md
rust,7de6968ee22696b7feb6b477a05656de89275291,2021-02-07,CHANGELOG.md
rust,1c3033d5cf903d19d8f3dcdfc01ba1dc55debf71,2021-02-07,CHANGELOG.md
rust,a60c143fe0cec1125e894f3d2d5008cc317fdacf,2021-02-06,CHANGELOG.md
rust,eb9c6698ee36570efe79343d746afa3dcd04c7a9,2021-02-05,CHANGELOG.md
rust,e32e4dedf1781a4696c34f31d69e68c7c0eaf6a9,2021-02-04,CHANGELOG.md
rust,55d262021623334a13e124c89f3395be687d0edf,2021-02-04,CHANGELOG.md
rust,c8cb90abbdff45cd936272903f14990bdcefc1cf,2021-02-03,CHANGELOG.md
rust,c8cb90abbdff45cd936272903f14990bdcefc1cf,2021-02-03,CONTRIBUTING.md
rust,a2d2aeeb4bfdc9c03239dfd798155c2425f67dac,2021-02-02,CONTRIBUTING.md
rust,bde667af7e7d512978daff3bc2b540bb913bd6a1,2021-02-02,CHANGELOG.md
rust,b87e189694eebb5b83d758528032cf4d4db81472,2021-02-01,CHANGELOG.md
rust,8973f2c03a87802ba266f1e3e08e6b4cf7f96b8c,2021-02-01,CHANGELOG.md
rust,3da25ed955baffe8c14cee4950762d268f1b48e7,2021-02-01,CHANGELOG.md
rust,5753614152b4c6d9c0d20bc311a335c4746c3ed0,2021-02-01,CHANGELOG.md
rust,a75f9bc3be1d9488de2d13e4afbf724ffadfc70f,2021-02-01,Readme.md
rust,0929e379944f3e783092749381f48865b8488875,2021-01-31,Readme.md
rust,397443093de127ada63ec74bd048394050aa1a10,2021-01-30,README.md
rust,bd04091a16156f4702118b371e02ef1460b9e0b8,2021-01-30,README.md
rust,356d749952c2ebc66a30c36f45da57f37f7baac0,2021-01-30,Readme.md
rust,ac912be9846a69cf8f76e245911f9c55e48426db,2021-01-30,CHANGELOG.md
rust,ac912be9846a69cf8f76e245911f9c55e48426db,2021-01-30,CONTRIBUTING.md
rust,ea268b9f559fbafcfc24f4982173b01dfad9e443,2021-01-29,CHANGELOG.md
rust,35ece43ef79b1b472ed13b6eb353fb38a2c4a544,2021-01-28,README.md
rust,f0fe48f2bd3f70b132fb6aa2ed99fa034a1366f7,2021-01-28,CHANGELOG.md
rust,110271469a151f790f2e4c92949d128f0ece99f1,2021-01-28,CHANGELOG.md
rust,52fabbf08b7389fbf53daf05668eb9548498f236,2021-01-26,CONTRIBUTING.md
rust,39e24f745baeb6136dbc9870e26de60b26a96ce7,2021-01-26,RELEASES.md
rust,056016571fbcbe3f1f8d14f2595aa941108328d8,2021-01-24,README.md
rust,4a13f24839b2e0fdbf356530d5569a8e322c39d7,2021-01-23,README.md
rust,8cb7e85006853e99e6ba2bf378c801fb53eee8fa,2021-01-22,CHANGELOG.md
rust,a752d31e0a8cd8c7d8549daf421a8b791d1325a4,2021-01-22,CHANGELOG.md
rust,c92bdc4dbbd777f6933f7990f87066147a629c8d,2021-01-22,CHANGELOG.md
rust,f1ab3024b27cc7c02a80fd54382a10a1b4ef3bcd,2021-01-21,CHANGELOG.md
rust,ab1da8f86569e55d4b33702c6a062551f8abdd6e,2021-01-20,CHANGELOG.md
rust,6c830ff9e4621c6e159ce8edb33fb225352e7b69,2021-01-20,CHANGELOG.md
rust,3269070261e8324c2b3074cd491ddf2ac6cf19d3,2021-01-19,CHANGELOG.md
rust,216a64300563351cad20bb3847110c14561687e0,2021-01-16,CHANGELOG.md
rust,837bc9906552af5da429bef4b37be588b8d2f49d,2021-01-15,CHANGELOG.md
rust,8a77f63879e01525a6c2d3c0cbf43d2a7d36833b,2021-01-15,CONTRIBUTING.md
rust,488153ff2ff678051f06a94dc4486632d788c328,2021-01-15,CHANGELOG.md
rust,d72cb252f2f052a6b5794b56a0157cbd34751055,2021-01-15,CONTRIBUTING.md
rust,4f9c794ce1e3c77698f522c3eb1ab935f23df303,2021-01-09,CHANGELOG.md
rust,61f3d9d46b5cbfdb56069a95e5839abe8fda9acf,2021-01-05,CHANGELOG.md
rust,4b478a5731956de7d19db9ac76fed81b2ae9db1c,2021-01-04,CHANGELOG.md
rust,ba87acb44090412f5ace0a5ca655e8298d82b874,2021-01-04,CHANGELOG.md
rust,6dcec6ae863930b7056a68744759d2bfb3481f92,2021-01-04,CHANGELOG.md
rust,1853f8b228298d5b91e3d03ee677da91574554b4,2021-01-02,CHANGELOG.md
rust,ba4bf4f9c57b180410ed1d7eebbd2931846094c3,2021-01-02,CHANGELOG.md
rust,ba4bf4f9c57b180410ed1d7eebbd2931846094c3,2021-01-02,README.md
rust,a2f277805c6ce130692fc652ccaf9a8a1bf8b28d,2021-01-02,RELEASES.md
rust,b81111bc35ac0a9251d9f88804899d878a33e5a6,2020-12-30,CHANGELOG.md
rust,0afe2dbad856569399d4b22a18d5c30bc5369662,2020-12-30,CHANGELOG.md
rust,77f74ed070b648c513be3b1795514168fe7a9ebc,2020-12-27,Readme.md
rust,35f4a25c6b216c27c5d87a171620d3f2c5c0a18b,2020-12-25,Readme.md
rust,20ffea6b8a9f614eed854adbba75626effc1f111,2020-12-25,Readme.md
rust,481f6dbebfdb85739e821eddc3781612dfd0830a,2020-12-23,RELEASES.md
rust,d2cc79eaa2785358a4d0343485122e06235f00c2,2020-12-23,README.md
rust,88491e2a5168b2266473f476855024200b6df376,2020-12-23,README.md
rust,e89801553ddbaccdeb2eac4db08900edb51ac7ff,2020-12-23,README.md
rust,7fa1d78c89f74c73d645901d6ee4728bcd6a72bf,2020-12-22,README.md
rust,04d30448374277e34ce77ed83cfcea4ba8b6ecb2,2020-12-22,README.md
rust,19ace28af4678cd3526a8a08bc48872b71d10d4e,2020-12-21,README.md
rust,e204c0fbaba21ba3771cdbfbbbd2aab9abfc4864,2020-12-21,README.md
rust,acd94866fd0ff5eacb7e184ae21c19e5440fc5fb,2020-12-20,CHANGELOG.md
rust,f03edfd7a1a02c696a600a1776aa847edd98c378,2020-12-20,CHANGELOG.md
rust,f03edfd7a1a02c696a600a1776aa847edd98c378,2020-12-20,CONTRIBUTING.md
rust,f03edfd7a1a02c696a600a1776aa847edd98c378,2020-12-20,README.md
rust,a451b2af30c173b081f5d6150e558a65062a1dc8,2020-12-19,CHANGELOG.md
rust,ced54f28671ddb9ccf9b44131d522f4fdeab7097,2020-12-18,CONTRIBUTING.md
rust,cce4c72c5a5517423e1ad1a4087861c49c6ab43a,2020-12-18,RELEASES.md
rust,4f4f7f2c7d393e8667fadc7cfc5631d8c2383d3d,2020-12-18,README.md
rust,426aba2ef4a00c5041b65116f542d3840a519e96,2020-12-14,CONTRIBUTING.md
rust,27dc565d28444fa488972e09a8117474cee1e752,2020-12-13,CONTRIBUTING.md
rust,cc9695543ea8f3973a2be2936df0efc724de1c16,2020-12-13,README.md
rust,cd21269ae0b3c9f516b0322b522255da03afcc76,2020-12-13,Readme.md
rust,bb6b6aeb786059ac0a84c090c8794a46108baaec,2020-12-12,RELEASES.md
rust,27a518e166f778d6c0d4727c9917a0db8454958e,2020-12-11,README.md
rust,2e8b00a33150eebf2d1a5aa500466c20cac0c0c3,2020-12-10,CONTRIBUTING.md
rust,613333acd537dff5844cd1ed72d4e6f56752ee6a,2020-12-10,CONTRIBUTING.md
rust,f77f1db35b1f263286962cfa5e5c08a55add83cb,2020-12-09,CHANGELOG.md
rust,4aaace9b53fc62696965860c8e9967b0385a22a3,2020-12-08,RELEASES.md
rust,edb55e93bc69c31adf69dec3092ae2cdd4cdd74b,2020-12-08,RELEASES.md
rust,468c578b24b7eaa5ca743d47e2b259b9acdf2db3,2020-12-08,RELEASES.md
rust,7bb1889899d27a453f00e2b701cf8e3508431f4c,2020-12-08,RELEASES.md
rust,891341942ab49c42c991072a4ac27b4dd4f28779,2020-12-07,RELEASES.md
rust,b81141cfb91cbf39e87e32a27530537f18e85405,2020-12-07,CHANGELOG.md
rust,789c8a006ba02ddad05513f47226406735ed33a5,2020-12-07,README.md
rust,8eca423ea13bb0612df4b8f2c20c5228f54d0c2d,2020-12-06,CHANGELOG.md
rust,8eca423ea13bb0612df4b8f2c20c5228f54d0c2d,2020-12-06,CONTRIBUTING.md
rust,8eca423ea13bb0612df4b8f2c20c5228f54d0c2d,2020-12-06,README.md
rust,7fb012fdb2608c51f2eba7f2ec00525b4d3cd6ad,2020-12-05,README.md
rust,70ce18255f429caf0d75ecfed8c1464535ee779b,2020-12-05,CHANGELOG.md
rust,af9685bb1e7e27a7b21d9939a42c1e9dce8c4df5,2020-12-03,CHANGELOG.md
rust,b6113066429bc3108f62b920ccbfc79accfef2dd,2020-12-03,CHANGELOG.md
rust,292a54eede3da9fc9b8f8148546ea20ae76755a6,2020-12-01,CONTRIBUTING.md
rust,f059febe85f49fd7b432a24542321f9b948a49de,2020-11-29,CHANGELOG.md
rust,28dec3b708c3e0d5e45b6c70f054860cbd53d624,2020-11-29,CHANGELOG.md
rust,d697de7538c2ec33968663ab4ed8756bfcc17c6e,2020-11-29,README.md
rust,29f33eb7d67d729c095a7ac9bce702f6351396ba,2020-11-29,CHANGELOG.md
rust,af1cc5c91131e0ec30f0f34691a5e635350295a1,2020-11-28,CHANGELOG.md
rust,d4048407880212bb820f85d2e06e5fc262cce897,2020-11-27,Readme.md
rust,192ccfb4efc0a38378f4564b26e6033dec432bdb,2020-11-27,README.md
rust,6eb2c27bcc8760949280f266a52dcc6bb3ca6955,2020-11-26,README.md
rust,3bcc75d4462f11ee31260aa45b74a144b83e575f,2020-11-26,README.md
rust,b2eb55b03ecd54595260320f4f08263033f813d1,2020-11-25,README.md
rust,94a6832f0bc6ec2d1de0f71e39332eca408551da,2020-11-25,README.md
rust,85a17b53343b27ea1470243e4c01844a2997e860,2020-11-25,README.md
rust,d3d2018eadff575566604c9b883a52fd56dde1c0,2020-11-23,.github/PULL_REQUEST_TEMPLATE.md
rust,d3d2018eadff575566604c9b883a52fd56dde1c0,2020-11-23,CHANGELOG.md
rust,d3d2018eadff575566604c9b883a52fd56dde1c0,2020-11-23,README.md
rust,a98acdba3e1e1697bdde26584972893edcdc49d1,2020-11-19,CHANGELOG.md
rust,4bf58bd55d1681332f7b35fbc8680e0741353c4f,2020-11-19,CHANGELOG.md
rust,c7445d7f2c3eece2b9056d05ea92fb1d1112b3ca,2020-11-17,CHANGELOG.md
rust,a7ac441760ae034ff7401439b38da821f4e2df3a,2020-11-17,CHANGELOG.md
rust,2f3b6e132044ddd7c72553380c5cc0f062d65357,2020-11-17,RELEASES.md
rust,53597c7d62cf58b9916bd3a08517ee1163105a44,2020-11-17,RELEASES.md
rust,c571271e561c1f0eaca3faae222db3364afaa01e,2020-11-17,RELEASES.md
rust,70d23b15782c44eefa8fc46f918aa06a7f6f4130,2020-11-17,RELEASES.md
rust,2317b82eb434b62e4083e0aaf791abb6bc3bed2f,2020-11-17,RELEASES.md
rust,949043e2e9a08e660c11f00434b6cc83e0e1672d,2020-11-17,RELEASES.md
rust,dc8d2eb60b2fa09cfdd0fe9aa86da134af03cd48,2020-11-17,RELEASES.md
rust,51d9591de1cd36d6880d15792ae927e459566371,2020-11-17,RELEASES.md
rust,5921bca28f605badfadb076392c2d903fc7f5254,2020-11-17,RELEASES.md
rust,c321d6a9f83d0cb0d932b1f2a22aa55f4c18f4ac,2020-11-17,RELEASES.md
rust,bc410922422aade40be3e7ee3213be7b5c9c294a,2020-11-17,RELEASES.md
rust,b77adff6faa47fb80a50777005e1dfc69ff3b3f5,2020-11-17,RELEASES.md
rust,a9ace8cac9d9cacc2fbfb3bc649d79db17bcade5,2020-11-17,RELEASES.md
rust,580d826e9b0f407a2d4b36696cda2f0fa8d7ddaa,2020-11-16,CHANGELOG.md
rust,293d7d01118c9fb5479649399e1dae60322b8e09,2020-11-14,CHANGELOG.md
rust,a81a64e42cffec5d126e9afe092f51f822ac4ff1,2020-11-12,RELEASES.md
rust,0f29ff6da0c5ff622e739beb8fc3bbe77119b3c1,2020-11-12,CHANGELOG.md
rust,cf3aa64c662586548f1c5cebbde3cc5864a1cd45,2020-11-08,Readme.md
rust,7c612c1c5086fb52bed1e0c8f222af109c448267,2020-11-08,.github/PULL_REQUEST_TEMPLATE.md
rust,f1f780c9422f038ae78e72a99b1ca2a0d7b392bc,2020-11-08,CHANGELOG.md
rust,43ce2c2844ebe1918716a1e599b159a0eb5885cd,2020-11-07,CONTRIBUTING.md
rust,6a475c3ddf8ee0868f0723683aa2720e8f87d44a,2020-11-07,CONTRIBUTING.md
rust,eb894d53708122a67762de9489881c11aa8ce257,2020-11-06,CHANGELOG.md
rust,34244190d45d80bf66a0eec0d04f0254efd4c754,2020-11-05,CHANGELOG.md
rust,34244190d45d80bf66a0eec0d04f0254efd4c754,2020-11-05,CONTRIBUTING.md
rust,34244190d45d80bf66a0eec0d04f0254efd4c754,2020-11-05,README.md
rust,bc27d1492d60ecfb0673629e28bc4bbe0b7fd886,2020-11-05,CHANGELOG.md
rust,fd8decee6ac64caf05e35974e652a625d6105eed,2020-11-04,README.md
rust,cf2043d4a255b589f329e0727ef2e3a10e1a401d,2020-11-03,README.md
rust,9d6eedf5f2fccfc94f36473012794b2c679d3ad3,2020-11-03,CHANGELOG.md
rust,285c7c66dca6756a77def01b60bf03edc26abb9c,2020-11-03,Readme.md
rust,ea97ec5a4e822a55568ad6216f6aba56c03c464e,2020-11-03,CHANGELOG.md
rust,831573089555f8f7b6f7fbf021a92c95ad4a98a9,2020-11-02,Readme.md
rust,0c34f5aba8544e2319c1587ac067c188a2d97877,2020-11-02,Readme.md
rust,9410b5820a6a54dc0d13138173bf6a67387146b2,2020-11-01,Readme.md
rust,7eaba6684cab6247a791cd5620710773e5308c33,2020-10-31,README.md
rust,7b203f3da6b590059c12bb01d0873b31be347928,2020-10-31,CHANGELOG.md
rust,f8ac1f99efd996bea2b05c83a915a830d69e1690,2020-10-30,CHANGELOG.md
rust,d958269fe5afb26ee5026be5bc0cea459593bccf,2020-10-30,CHANGELOG.md
rust,5fb5707f3524c9dfc2c8ae53a689bdced4aade2f,2020-10-30,RELEASES.md
rust,bb59980b2da10437ce1ee4d53bdb3feb1f4a9c5f,2020-10-30,CONTRIBUTING.md
rust,9f402c991b83810b95b7a85a926330ba06c56d37,2020-10-30,README.md
rust,1496462a89977afdf328b5ecd4d5912344ad863a,2020-10-30,CONTRIBUTING.md
rust,02af2a38acc9c96e6012f8647d063669b19c0a32,2020-10-29,README.md
rust,0a9cf84225f9df4179eae0db243315136c4ba667,2020-10-29,RELEASES.md
rust,38ec920fb0f7b39730317126a5286a5cc9c59d3b,2020-10-29,CONTRIBUTING.md
rust,50419118b41b0723272517ef9be3baa3fb37dc3c,2020-10-28,CHANGELOG.md
rust,e83e79f1c21f7bf08b639c9f3cb04b38b7fecf81,2020-10-28,CHANGELOG.md
rust,a50d9e7af641d52e066b111014993b042b0be5a7,2020-10-28,CHANGELOG.md
rust,2589b482516941c109c1ab2f98dd446e23ca6887,2020-10-28,README.md
rust,70af7aed88456b8c478e06d1d28b0d8523a46b38,2020-10-28,README.md
rust,00c4869d560e108a9b8298c7d1861c7320be45c6,2020-10-28,README.md
rust,194451345dc6b7d269a5ded6fde49883cb862d75,2020-10-28,README.md
rust,ffc2e666710cf5b6b97a162dfa01fc1fe4452af2,2020-10-28,CHANGELOG.md
rust,dace756c6fa8793badbc9b872047cc539952e718,2020-10-28,CHANGELOG.md
rust,8bd1e23167c53b19aca837ffb3af6a58de3f036e,2020-10-27,CONTRIBUTING.md
rust,c899998fa2d4c4ac10e7d5431cc14489b92da808,2020-10-27,RELEASES.md
rust,1c6d4d27b9200cb81e84cf249275a0c441770522,2020-10-27,RELEASES.md
rust,3f6726dba61b68eb72019d7a9d14f95972e99519,2020-10-27,RELEASES.md
rust,111b9023dad65721300a39c3cf337f6bfb96d5d3,2020-10-27,CHANGELOG.md
rust,213dbf7aacb01cc4d05d47f010833aa6e9c2a7d0,2020-10-26,CHANGELOG.md
rust,1186f28861b0cffd42e6d9a4e895db4b901ddd86,2020-10-26,RELEASES.md
rust,e6bf0c3e7fff63eac2b9a18ed266919cd1524226,2020-10-26,RELEASES.md
rust,a9a26b8e86b4c3a41b3c531af41f182259d4cea6,2020-10-26,RELEASES.md
rust,3cb07753ccb145056f90fc638f21da0ad8c1685b,2020-10-26,RELEASES.md
rust,f0cf3bdca198ead0e1d76115bf30a2eef72e8c58,2020-10-26,CHANGELOG.md
rust,de5a6d3420d9f2f2c4c995e325412e862a9dc583,2020-10-25,CHANGELOG.md
rust,149ca76440c60a882db2ad9615869319ff31d1cc,2020-10-25,RELEASES.md
rust,a268264073d5341869348a5ac9c98905c2d658fa,2020-10-25,RELEASES.md
rust,ff89b801df29c4b281e9a9fa5ad8289f204a54b7,2020-10-25,RELEASES.md
rust,2b1fa1fece80daa9685698a3ba08f8f71249dc60,2020-10-25,RELEASES.md
rust,312bbff6968dbebd367ca90677c676e2cf5198d2,2020-10-25,CHANGELOG.md
rust,db8380c4a0e7f707112bbce19a6074a5fac2de59,2020-10-25,CHANGELOG.md
rust,f82f9c2c55392ef9d7649bf2e485f7e509fd0038,2020-10-25,CHANGELOG.md
rust,e8731a926c9a642ca1ddf5b52baf40e0a8873d53,2020-10-24,CHANGELOG.md
rust,cdb555f4fcdb57741ffb59bd2b0e66af69ea0a85,2020-10-23,.github/PULL_REQUEST_TEMPLATE.md
rust,cdb555f4fcdb57741ffb59bd2b0e66af69ea0a85,2020-10-23,CHANGELOG.md
rust,cdb555f4fcdb57741ffb59bd2b0e66af69ea0a85,2020-10-23,CONTRIBUTING.md
rust,cdb555f4fcdb57741ffb59bd2b0e66af69ea0a85,2020-10-23,README.md
rust,8df239b020694b6d150de1a719a80490337cdd55,2020-10-23,README.md
rust,c693de350aff4a3930e66bccf65caf79b390dca2,2020-10-22,CHANGELOG.md
rust,4a4f998c39b1b7e06c34a5fc8ed90e8752142e20,2020-10-22,CHANGELOG.md
rust,496dbb6fe80c8102e36c5927c117fb085b199ac7,2020-10-21,CONTRIBUTING.md
rust,070a751d4cf350a71901f75bc99ca0e0922a3133,2020-10-21,CHANGELOG.md
rust,0835ac6ec3d071440cc4fa7490a884615dad862d,2020-10-21,README.md
rust,05bb560de2fc0911a9b03a6f015770695f37c0ff,2020-10-20,README.md
rust,ec23db9496807f6c962b74fe0d6bf15be6c6d35b,2020-10-19,CHANGELOG.md
rust,6716c8320f7a09ad521aa70f4a6f12e3ddb3f26a,2020-10-18,README.md
rust,2da121d97fa2a1839d703e8c584d5bdf989b8117,2020-10-14,.github/PULL_REQUEST_TEMPLATE.md
rust,6d4eeeabcda6d6d25738e1e8e2b64580daefc4b9,2020-10-14,CHANGELOG.md
rust,07b2da884cda8103af50beb327723dec8204fc61,2020-10-14,CHANGELOG.md
rust,8ba18aeb6963d70767a0880ecb7929864fe14ef9,2020-10-14,README.md
rust,db7d98675bf734d923ec0386e5ca98324aa756b8,2020-10-12,README.md
rust,3bdf2bccaed5fa6fb21125f4563aef22810d4ef0,2020-10-11,README.md
rust,6021c231599eabcb07b3a8207bddbb3796c93eee,2020-10-11,CHANGELOG.md
rust,6acde94931c5a7ac0f8b2abb38a91139d89c0675,2020-10-11,README.md
rust,71e0e59b63a5476e8a215d76014efb51335e2151,2020-10-11,README.md
rust,be51e6bd07c10ff350350fe05f2888c4ce3a08a0,2020-10-10,README.md
rust,e4332915a721fa56fdb251dcf7894f6a3abcc2c7,2020-10-10,CONTRIBUTING.md
rust,fbf2430f0279adb8132efe60b16f8dd7b6a2acb3,2020-10-09,CHANGELOG.md
rust,fbf2430f0279adb8132efe60b16f8dd7b6a2acb3,2020-10-09,README.md
rust,e6665109e0708675563d391ede46b2bdf24e8ecc,2020-10-09,README.md
rust,aa7c42f75668bc514baf0a64f31771353c3af6cb,2020-10-07,CHANGELOG.md
rust,13781ae2f8e31861c19a2c957d465d11569ea9ea,2020-10-05,CHANGELOG.md
rust,c5f17002e5eccd4e6c44b286cd85cdcd9f4e2a2d,2020-10-05,CHANGELOG.md
rust,97d0301011533e1c131c0edd660d77b4bd476c8b,2020-10-04,CHANGELOG.md
rust,250b4adc15ca0d64b740d6bb2fbb72783c9b69ae,2020-10-03,RELEASES.md
rust,5aa7cffde1c0d1a8ed5dc8145f3c4c33b8c72f0a,2020-10-03,README.md
rust,998bd3b6b4d168099346e460ae42897dc3667882,2020-10-02,CHANGELOG.md
rust,e34d3bf0dc7a155f7791b736dc147f6d6f890e2f,2020-10-02,RELEASES.md
rust,9028cdde147b3649888b1c11bd4e0d267f85cbef,2020-10-02,.github/PULL_REQUEST_TEMPLATE.md
rust,0690f9c5d526baa593cc62b175ef5e7f2c8f4f9c,2020-09-30,CHANGELOG.md
rust,9a513be11a2a828cffeb6f5a76f6ad528e2d3626,2020-09-29,Readme.md
rust,426e55709cf6badbeb99cdae9587ab8ffb8a98ac,2020-09-29,Readme.md
rust,b1837d0bc9b8bab3bada98c655b39055fc5d8750,2020-09-28,README.md
rust,5571bcfc4fd3e986027e537ed57a4c4321af53ec,2020-09-28,README.md
rust,11e2dbd51c3241d890c8a980a011c0fa3e099011,2020-09-28,README.md
rust,ef43c5a614fe1b9556e4291f7f11cbe0e3d9a125,2020-09-28,README.md
rust,22f1eb01ee42c8dcfe5e7d7c981bba82aad1bbea,2020-09-28,README.md
rust,a7bd6c449aef07dc8daa889f4ddbdda326593e32,2020-09-27,CONTRIBUTING.md
rust,272c9461fc2c5b2a2876324efa83d0106b463f6a,2020-09-27,README.md
rust,639e2d2cff6b311c39a9befa9cc79017350dc77d,2020-09-27,README.md
rust,9f4fd1e68febc0f1cbaf2bd6772bd33658bc195b,2020-09-27,README.md
rust,f4d88cbb1f150e94c613fdd082c5bf8418443804,2020-09-25,README.md
rust,1479c18396d764482aa0e56b372c5f57a97c102b,2020-09-25,CHANGELOG.md
rust,d1f9cad102b5686f2b827f3c62a02dfe419128a6,2020-09-24,CHANGELOG.md
rust,d1f9cad102b5686f2b827f3c62a02dfe419128a6,2020-09-24,CONTRIBUTING.md
rust,8a59808b24a728a7034bd697206c4921211569ba,2020-09-23,Readme.md
rust,a0f876525132d548bb051b44f9b683c4af3db11e,2020-09-23,Readme.md
rust,8ee9cbaf607f7077d7ccc6b7d288f75cf55cf9b8,2020-09-22,README.md
rust,5652052e23d16a0c56d5d95a2b2f42ecd48c042f,2020-09-19,README.md
rust,18ce4c1cfc24f797c8aac3ada99787f85868dae6,2020-09-18,README.md
rust,32cdb7131b275c00f6a711e2c0f71d5ae76b67d5,2020-09-18,README.md
rust,b244a2ddaa5bbc7eb0b50c018e0e578c0b230283,2020-09-17,README.md
rust,9a9988a4b04622805ae5060dcafc123964da2c3d,2020-09-17,README.md
rust,b37e3cdd46e715cacf96522e753829a7991e6fdf,2020-09-16,CONTRIBUTING.md
rust,1b5317f68b2b55803d5051e9945f9a33817fccef,2020-09-14,CHANGELOG.md
rust,d1f0f04a488d027fdf91e08cdf25df00fb677205,2020-09-14,CHANGELOG.md
rust,a12828a80a62fbf2ee3e1ffc3b8169a8dc3c2b80,2020-09-10,CHANGELOG.md
rust,f90b1fc0636cb50bd225caeb20d6a1309d7b966f,2020-09-09,CHANGELOG.md
rust,3550568a548091ec4ae738827b50a84e9ddf0b8f,2020-09-09,CHANGELOG.md
rust,aee0ef13dd13b84dd270f7729fae5e9918ee309c,2020-09-06,README.md
rust,3ecfd5ca518364ba0c5fb4ed92d5ae16245f6171,2020-09-06,README.md
rust,8783c62f0c8641ef56094fae13e2fed193b60d1f,2020-09-03,README.md
rust,337729137bdec31b55665653ef0cf7dc124b0eaa,2020-09-01,CHANGELOG.md
rust,116ad98341e44e8469c989732a76cbd552ec42db,2020-09-01,README.md
rust,029ff37d30db1e76f09780a42d82f82c5477ff44,2020-08-31,README.md
rust,00d459a93fb5043d82f8b1893aa5b6f55c2fed5c,2020-08-30,README.md
rust,4972989b616cbf96c015cd9fdf1f4b4464ecaace,2020-08-29,CHANGELOG.md
rust,282c59820b8e1d8c76f440484b81a190c576f91b,2020-08-28,CHANGELOG.md
rust,282c59820b8e1d8c76f440484b81a190c576f91b,2020-08-28,CONTRIBUTING.md
rust,87dd7aab8b0dd5b0a8eff20911e1e25f1ac49417,2020-08-28,README.md
rust,5574182b4d2d08c848a88a1ac5633fc194e0465e,2020-08-28,CHANGELOG.md
rust,459969f88ff95c94b7b34043a7f0e13de91de4f8,2020-08-27,CHANGELOG.md
rust,65b37ce09093ea9a657ac37dd24db2f6343d6710,2020-08-27,RELEASES.md
rust,baf62e7a38854ff6a0039ddccb124ff329a32143,2020-08-27,CHANGELOG.md
rust,4608341ca071634b9aae2ea967f25b5cfe970e7e,2020-08-27,README.md
rust,91024f1fdee2d2c2febfc7c76127d68d2b6e629e,2020-08-26,CHANGELOG.md
rust,30b7dac745b1555cd96f41977f7d24435cbe7fa2,2020-08-26,README.md
rust,acd396225e0228f297474524396e08e0f594347e,2020-08-25,RELEASES.md
rust,680c68153bced747c90947e0265c92076edcb838,2020-08-24,CHANGELOG.md
rust,cc394095934e82845328fdcff65953417015a4d4,2020-08-24,RELEASES.md
rust,b05077ea75f4585551650fc2d40a196ae437393d,2020-08-23,CONTRIBUTING.md
rust,eb8ede7f659da6c07d1f475aff9b0d46e5b49a79,2020-08-23,CONTRIBUTING.md
rust,3b7f36ef8d9ce4419c643b774b58831ba86b8a8f,2020-08-22,README.md
rust,f691e573b242a046b9c411eb8e362b8a0715f07e,2020-08-17,README.md
rust,4f4abf4e0640edbb1614f3dcb8ff62e8afc54801,2020-08-16,CHANGELOG.md
rust,fc1e07e0c1803edb3ade2db2f46034cf227642c9,2020-08-16,CHANGELOG.md
rust,d7220dbd9143422a5b3a1ebf4dd46b708f83f1d3,2020-08-16,CHANGELOG.md
rust,923d61222cc9de9e662e90570e4725ef00f48d71,2020-08-16,CHANGELOG.md
rust,a3ea65c2d9bc52f308745ae488435388fce753a2,2020-08-16,CHANGELOG.md
rust,5a579f281d913d7d838413564272fafc23c6c336,2020-08-16,README.md
rust,72d2c2eab42fe8c7247e4a45b01a6e7411898443,2020-08-14,CHANGELOG.md
rust,8e549978e58fe724c4637ab71808ff8785743c61,2020-08-14,CHANGELOG.md
rust,1b0c7701cc97cd7bef8bb9729011d4cf291a60c5,2020-08-13,README.md
rust,027780ca2cd54dc9619058e9082c62f268f5c362,2020-08-11,CHANGELOG.md
rust,027780ca2cd54dc9619058e9082c62f268f5c362,2020-08-11,CONTRIBUTING.md
rust,82c816ee022c420306c6a7475162f252a8432c30,2020-08-10,CHANGELOG.md
rust,bf4be5de52623859ae3c9666ec629322fd473fc2,2020-08-10,RELEASES.md
rust,bd71b01a8280dd0faa02416b7064ce170c1b40f5,2020-08-07,CONTRIBUTING.md
rust,d635b76eaf3435f9bdce1dcbdd315b0e770493f0,2020-08-07,CHANGELOG.md
rust,e0a4988fcc716e349fd801d98182c0d984a2ee3f,2020-08-07,CHANGELOG.md
rust,5e84b8c2fb48ed864347296cafa3119ac094873f,2020-08-06,CHANGELOG.md
rust,1e8ada3cab5470a4f2070c0aa9d1a94922476621,2020-08-05,CHANGELOG.md
rust,25abd7ae76e2a708dda5487119c20af3be64edb7,2020-08-03,CHANGELOG.md
rust,f173a4b8ecb1f7673e9f5df19dd2f9287f461364,2020-07-31,RELEASES.md
rust,19d191bb02d1566096493a26904826d4e81beeda,2020-07-30,RELEASES.md
rust,e1e01f72a5e5f4ebcf455a2df72781aa1cbb2016,2020-07-30,RELEASES.md
rust,94c50bc8c913ef58eba0f4f10b682dcf6d6e0991,2020-07-28,CHANGELOG.md
rust,5a644964fc05752a1283dab238b81de7583f7d03,2020-07-27,CHANGELOG.md
rust,d164ab65f706540f0132268c8ad2237d2e53e08a,2020-07-26,CHANGELOG.md
rust,d164ab65f706540f0132268c8ad2237d2e53e08a,2020-07-26,README.md
rust,2aa9d4a699c666b1305e4fd33b6a7861b227a4dc,2020-07-24,README.md
rust,66343bf4fc986332dc355dc922a7d68f84e5fd97,2020-07-24,Readme.md
rust,06f8bf6afa887a04ecdce0e5d8c7b4c66e2736d2,2020-07-23,README.md
rust,bdc01c882e5f212c9a8a0384aef1b670122a4337,2020-07-22,README.md
rust,51f2a6f8b6eea9ebefddff39e87a1ca16c59827c,2020-07-22,CONTRIBUTING.md
rust,9b9a2e4f9132a0d32c6c0f09c8b6f9c78377aff6,2020-07-20,Readme.md
rust,30659cd45ee01f5626aeef4bbe29c68536dc833d,2020-07-19,README.md
rust,e28c0ea2be3407279ffb1768aa747e9ba8a4fbb6,2020-07-16,RELEASES.md
rust,aba0d244d419261f94b3d942953412e35c3e857e,2020-07-16,CHANGELOG.md
rust,cf383cf48aa1bc09c50ae7d3599254c82b7dc0bf,2020-07-16,CHANGELOG.md
rust,2ba58f982349d0ea24630c456d38457b0c8d9e01,2020-07-15,RELEASES.md
rust,6dbfb2d9dee84b29612527044fc308e6304cfbf2,2020-07-15,README.md
rust,126790999a128a880ca276c49afd2927a66ffbbe,2020-07-14,CHANGELOG.md
rust,6f25adbd5a1600653e8edf8de7135c397d73c07a,2020-07-14,CHANGELOG.md
rust,6f25adbd5a1600653e8edf8de7135c397d73c07a,2020-07-14,CONTRIBUTING.md
rust,ffac887908916e99795d0e33e24dea94bce70bc8,2020-07-12,RELEASES.md
rust,726e329f46e3916306cf3557c19dcdb54a021c2f,2020-07-10,Readme.md
rust,c79c6888a5509184112b774a56cfc5ca9f9f1e2b,2020-07-09,CONTRIBUTING.md
rust,5307cb5614e7498f069bb634ab293e176e63c67f,2020-07-07,CHANGELOG.md
rust,85072e330394440776ace5ae612e3ced32ef6348,2020-07-07,CONTRIBUTING.md
rust,2e8a1be444afc6a9b5137d3e7e4fdcfcb1f89e0d,2020-07-06,CHANGELOG.md
rust,ccb999851aaa4d3e9cd97110bd6523a6c3df46fd,2020-07-03,CHANGELOG.md
rust,93f0f5d37b45c648aebf87fe7e7379599ba3e726,2020-07-03,CHANGELOG.md
rust,bf48a2d50d82cccac58d7c4c73700eaf66926aee,2020-07-03,CHANGELOG.md
rust,c3c402783f1d12852982f9dc734cc4c07b9fce33,2020-07-03,CHANGELOG.md
rust,92dc61aba200b8df43720da2e3e9f302db03a2e3,2020-07-03,Readme.md
rust,df43dcd7d4c972f63a51a9fedfa06cd17ffc6479,2020-07-03,CONTRIBUTING.md
rust,df43dcd7d4c972f63a51a9fedfa06cd17ffc6479,2020-07-03,README.md
rust,c379793cdee2ef6e777fce7e4f19993d29e77f9d,2020-07-02,README.md
rust,814349f9418b3d247e2e3cc952877e510f824fdd,2020-06-30,CHANGELOG.md
rust,58ffc47bbf759fa8fd9d51a67fe4a277984054ad,2020-06-25,Readme.md
rust,eda840a498d1cf796d3be386c8f985ec0d17e91f,2020-06-25,Readme.md
rust,4c33b7c8d69648edcc7f4f3d2edbf96c00060d1e,2020-06-25,README.md
rust,3a1ac2823167e6254066758a7487ad384d32d7da,2020-06-25,README.md
rust,8edcc6d00d329c4cbe51b483bb82a1b365a073b4,2020-06-25,README.md
rust,22fc18f1776ab05688d2f57ed92e14830a44d1ee,2020-06-25,README.md
rust,d6cf8fc63ee24269bd4df20ad9fe19a219b5c9f5,2020-06-24,README.md
rust,3b5d7f8cf66c6704d36b021f7173241d6351ad32,2020-06-24,README.md
rust,80bcbf521c7ff95e38a7567432b5519cc18e5b2a,2020-06-23,.github/ISSUE_TEMPLATE.md
rust,80bcbf521c7ff95e38a7567432b5519cc18e5b2a,2020-06-23,.github/PULL_REQUEST_TEMPLATE.md
rust,886f81e1d0883f67fbc81b8ece61b1c33f6923d2,2020-06-23,README.md
rust,51c3b42ef33f14cb40aa440d2d432e4c70e028b0,2020-06-23,.github/ISSUE_TEMPLATE.md
rust,51c3b42ef33f14cb40aa440d2d432e4c70e028b0,2020-06-23,.github/PULL_REQUEST_TEMPLATE.md
rust,5f54cc7658ffb538fa9ad06727ca0bedd009beaf,2020-06-20,Readme.md
rust,3f6928f1f6eff367e6ddbfb63ebc5e568ffe0eb1,2020-06-17,CONTRIBUTING.md
rust,3f6928f1f6eff367e6ddbfb63ebc5e568ffe0eb1,2020-06-17,README.md
rust,60410ef020ab9cd079ec2951ac52aa567a32dd26,2020-06-16,RELEASES.md
rust,603ebb1f590e126fc10e739b86ec08f66dd923cf,2020-06-15,README.md
rust,40ee620e51c86c72e3c2b65df71f5f0a4a79797f,2020-06-13,CHANGELOG.md
rust,8db24840f7457f005cb73807197992922ca960b1,2020-06-09,CHANGELOG.md
rust,8db24840f7457f005cb73807197992922ca960b1,2020-06-09,CONTRIBUTING.md
rust,ea4a5587ca230b9f485085fb5c5891de9452bf13,2020-06-08,README.md
rust,7b6dc7b33dc437a59330ef3f5426102ca60fbf51,2020-06-07,CHANGELOG.md
rust,9d6ed2960c302e87f7b01c75efb59fc0353da05a,2020-06-05,RELEASES.md
rust,3c237987181b47026dc07513a8532677b374a5a3,2020-06-05,RELEASES.md
rust,e508db28405dddbee45c6727b0d59586b522fe80,2020-06-05,RELEASES.md
rust,61c2774436f4550fa90e1fe225d55bf5dcf6ed1c,2020-06-04,RELEASES.md
rust,dcd480678236d3829f3af3ae9c3339e3e10aebad,2020-06-02,CHANGELOG.md
rust,503048c4d99e929f8b0af0973eba029055885b27,2020-06-02,README.md
rust,786ad87d4032ed15010547ea0180d43745ff8f89,2020-06-02,RELEASES.md
rust,a44fa387efff44414c7baac249dcd148b93e2eb1,2020-06-01,CHANGELOG.md
rust,6955420ace822ec888cc999a623c67c51ced839f,2020-06-01,CHANGELOG.md
rust,b89880a30ce4dd7887614f305a565b6779dc4825,2020-05-31,CHANGELOG.md
rust,7727c4ac7f3d4c977866bd8e6659a3e27f0bb6aa,2020-05-31,CONTRIBUTING.md
rust,32fde0b5116b3a1115d11c49a9bf2af2ebdd5773,2020-05-31,CHANGELOG.md
rust,32736606fd2317c4b19639ee3b4b8d18dcb8e83e,2020-05-31,RELEASES.md
rust,7e843515d9525b6389c3fc1bcfa6ae046c1351dc,2020-05-31,CHANGELOG.md
rust,0a71ba22430c5ca9ca19db1ee03c378e8b1da73c,2020-05-31,RELEASES.md
rust,186b274fd934ab4a7b2211954046d58164781f9e,2020-05-31,README.md
rust,67ad3041409ba87187c7c72e6f19ae79e1a7715f,2020-05-30,README.md
rust,5faab874f9f8655c8f284944b5acdede5c088af4,2020-05-30,CHANGELOG.md
rust,692f4ec3b103a36830132bc941c2aa2abea4b7e7,2020-05-29,RELEASES.md
rust,859863dad25cd5cd1ea15422c7b6bd280c6c6327,2020-05-29,RELEASES.md
rust,5b37ee1c2ace7b2605848d05b7cc40030ac44167,2020-05-29,RELEASES.md
rust,283358b081fa2b7e60f3d0d11da1a8e667b13769,2020-05-29,RELEASES.md
rust,a0e9f9bd0dca39ccff47baedffa94aca74911a86,2020-05-28,CHANGELOG.md
rust,a0e9f9bd0dca39ccff47baedffa94aca74911a86,2020-05-28,CONTRIBUTING.md
rust,232a1de222781877638fddfb5a483613a1c9ab2a,2020-05-28,README.md
rust,7a83eafd44b57196a454d10628d1cce1bfd60bd2,2020-05-25,CONTRIBUTING.md
rust,1a9ba3b2c208f8131587ece3ad8fb159336dd694,2020-05-19,CONTRIBUTING.md
rust,842dd072612a5a53bef37f242f8f2be8896902cc,2020-05-19,CONTRIBUTING.md
rust,f1d3086492db10deaa3268952792e93ad09ecec0,2020-05-17,CHANGELOG.md
rust,07f1edf2d43efa0ef53e5b6c56c895bc9738ab94,2020-05-17,CHANGELOG.md
rust,e22baedb1f1099488cdfcc49f561ec24ea457395,2020-05-17,README.md
rust,e5b5f6f8a99253560096a5718fc7fc81daa23e02,2020-05-16,CONTRIBUTING.md
rust,e55b920970fdc33f5ddaf7757738fbacdadf15ab,2020-05-16,CHANGELOG.md
rust,ab87f87ba03518da23ca510249aa3f5908a42368,2020-05-15,CHANGELOG.md
rust,93386563f66823ac7d10641c007b0bbc23ab09e6,2020-05-15,CHANGELOG.md
rust,94e4b5ec316993200d75276b4e7c16a059bf3a57,2020-05-14,CHANGELOG.md
rust,adbdf7549c6b24c37629eabdc4be0346e0c8fd56,2020-05-14,CHANGELOG.md
rust,0e8be599cd04a8566224c63eeb07f5fa04605702,2020-05-14,CHANGELOG.md
rust,bcf61666bd903c0d13c081cf222b423e45cd854e,2020-05-14,CHANGELOG.md
rust,6cbdd1e49dbb2355ac1036946a5a635e22023c6f,2020-05-14,CHANGELOG.md
rust,945c9447093a2ca944e70bae125f2af69f8eac16,2020-05-14,CHANGELOG.md
rust,0f2b1193f9501ffd06f9bf2ea8ab85a4db92f47b,2020-05-13,CHANGELOG.md
rust,8ffa0bfaa2452eb9c80bf0f1909b039efc8dd0c3,2020-05-13,CHANGELOG.md
rust,d13d8987b070e04c05a6e138c5a0feee596bc4aa,2020-05-11,CHANGELOG.md
rust,938fe00f0246afe007850a362aa2050151772baa,2020-05-10,README.md
rust,12114c5137682cb99673d2757ed2af9b2dfc2113,2020-05-10,README.md
rust,bd5ed9e62f330971523fb75390b4a375bc1d875c,2020-05-09,RELEASES.md
rust,e65d87b110dd6890a3bd5b52198a535d8b91d355,2020-05-09,README.md
rust,ba801a45dbbc9075f4bf13ee4b6b57c311e331ff,2020-05-09,README.md
rust,bb433914b5bdd6898200f8c1cadcfec27fbf7a26,2020-05-09,RELEASES.md
rust,3b58d66b22fe9107a78b99c267c71322276aa15a,2020-05-07,CHANGELOG.md
rust,132feb88db9bf49efdbbe27d09ed68f1c6b6eb67,2020-05-07,README.md
rust,356848c9b9a3bd8226bbabd08611b1e519acc9c7,2020-05-07,README.md
rust,f8add1960ab7867286e22711fdd3abf0dc0bdf1d,2020-05-05,Readme.md
rust,3857506be56736d40b6aa70d4f278f5ee90d26a0,2020-05-05,RELEASES.md
rust,bdbd218b1f273aef11004211bbbd7d0e799cfbe5,2020-05-03,CONTRIBUTING.md
rust,c1698fedeb69109f9b1aebc0bfccd9bf3112ccad,2020-05-03,CONTRIBUTING.md
rust,17d877cce28b22b9b345ec7ef8b14859d8b165c4,2020-05-03,CONTRIBUTING.md
rust,1b155623d8e49d4a8b44889be5956b1d2c2b0147,2020-05-03,CONTRIBUTING.md
rust,df4623e5d8518db4ca845f3db6b36e57f87c3d81,2020-05-02,README.md
rust,15c299e6570d2f96c364b41cff5e937b8825501e,2020-05-02,README.md
rust,5e25dfaef83d1a2855cc4e4a1aecca77ba0dc47a,2020-05-01,README.md
rust,f072ded3bf6286668ff8eade5b58e471dbe66f2a,2020-05-01,CHANGELOG.md
rust,580c1194d96d08bc2efaba4fbd86e916b849a194,2020-04-30,README.md
rust,1aabd6da7509cd67ec2b23f3499686ebf4d73704,2020-04-30,README.md
rust,488f3801e2a22afb093d03cf176169d91212374c,2020-04-30,README.md
rust,5577b3554d3d111f7cff683669b5f7d37539d18d,2020-04-28,CONTRIBUTING.md
rust,23dbd33d9372bdb422eeb3978f4af90faebfb989,2020-04-28,CONTRIBUTING.md
rust,c84b2890adb6b67712c6cff565eed2521dc9ba65,2020-04-27,README.md
rust,58a6a2729aa03ef8ca1c68f9c0396fafa1208f58,2020-04-27,README.md
rust,149f6d6046013619bc5a600341eee3ce2b6df9a6,2020-04-26,CHANGELOG.md
rust,3f43305894fc25ab55c48923a0f1987ee2e9b28b,2020-04-25,README.md
rust,72442acaff7c1f2fc805f5cbd39d1661e50cd9d3,2020-04-25,README.md
rust,63b451ea25c7797530c84b82781e0800c9bda68d,2020-04-25,CHANGELOG.md
rust,96e2bc80f556e54b95ae224dc2f59cfa47397a38,2020-04-24,CHANGELOG.md
rust,28f4f84303076e7f537ad847e61ec1166ea62fac,2020-04-23,README.md
rust,081641249e804a718815681ef9678d0ba608d530,2020-04-23,README.md
rust,f84aa4a424221a8b3739f6232fec8f419d176fba,2020-04-23,README.md
rust,5b60f0df2afba76fb6bd4cc3ae0c85ea2cfd484c,2020-04-23,README.md
rust,6c25c3c381ccfa0bf9b7bc7386a09cc4421fd790,2020-04-22,CHANGELOG.md
rust,30c28a796da3f8e1302d1189b0150953b92dc3a6,2020-04-21,CHANGELOG.md
rust,803670eeb2ef77caabb9bf56c035eef45065831d,2020-04-20,CHANGELOG.md
rust,ca59ff20313cf28e9f183ec2a3a20117fa13c21c,2020-04-20,CHANGELOG.md
rust,4e63faa6dfe81fa4fece0b4d51da65f73456f377,2020-04-20,CHANGELOG.md
rust,7242fa5e415bddf092fc762f1e79ad379e960d56,2020-04-20,README.md
rust,2e8a2de4af55b830c6da5c068564c0b95286dfba,2020-04-20,README.md
rust,001a42e632573abca10b2f8272f50a3999846e70,2020-04-20,CHANGELOG.md
rust,00b4f2819fa4786bb54bd2c4091767f64268d528,2020-04-19,CHANGELOG.md
rust,7c52e51d79696ae99e4f8499bb51f81b464d5a1a,2020-04-18,CHANGELOG.md
rust,d2cbbff217c71f70ef18304784958eec45c49430,2020-04-17,CHANGELOG.md
rust,65bc234c5ca8d844d642fcb96a726b7a7438698f,2020-04-16,README.md
rust,b77968e8bd2bc556d0bd3cfb9f7d2521a6896199,2020-04-15,README.md
rust,72b9ae2a10b13a209f09c5ace0a7b9763b740e62,2020-04-15,CHANGELOG.md
rust,6b4ab827469529f4eda5f1e9492abcb9ad9d209a,2020-04-15,CHANGELOG.md
rust,48aaf674f73add4c7d96e03a4d6cd8fa61d5ffbb,2020-04-14,README.md
rust,0ad111415387f1e7480dd64fdf7e872045479868,2020-04-13,README.md
rust,a6b66c31d7587254c71e60fa171827b3277f4a46,2020-04-13,README.md
rust,dda3445fd51ead62353243928c4376f404b3c182,2020-04-11,RELEASES.md
rust,32047903c78410d47ead0693ec15fc7c6f350229,2020-04-11,RELEASES.md
rust,ea37f580e4f521d9b1eeadea59ecc4fd579a594b,2020-04-11,README.md
rust,38eb369fa4d06e55869a8fae62796a7b0085a5bd,2020-04-10,README.md
rust,380f7218b3876225e726617531d9f02d42da0e38,2020-04-09,CHANGELOG.md
rust,fedca29e6979b77db1d4712dc62be041cf7f2d36,2020-04-08,CONTRIBUTING.md
rust,4069302a8ce80b51c4a6ae4dcdeb4fb14a0f4e2c,2020-04-08,README.md
rust,fd3be6d4920a2aef5db17f0e4abc90dcf1e14f2d,2020-04-08,Readme.md
rust,b1009c4aa5356163d91ef9b30d987e1633d04add,2020-04-08,CONTRIBUTING.md
rust,a3283962bc289326c2b908681f0a476c53f428b7,2020-04-08,Readme.md
rust,925465ebab87af43a40a32083f9db2799364c001,2020-04-08,CONTRIBUTING.md
rust,ac3a24673cb242090f4b298f986f4940575483b5,2020-04-06,CONTRIBUTING.md
rust,86c57a8490ba6d06e284865adc33af7f4ebdb887,2020-04-06,CONTRIBUTING.md
rust,fecdb72b14031617f1245db279ddffb6840e1dac,2020-04-04,CONTRIBUTING.md
rust,73210be73baace3006e9a63b290e2356276a1173,2020-04-04,README.md
rust,fac5a41ca5ba3adb55ba76936c505c99b3f7c7c7,2020-04-04,CONTRIBUTING.md
rust,2481d3c74a0b89767d9b78db55d967f083bda0d7,2020-04-04,CONTRIBUTING.md
rust,91d8a804d34b44a414b02ea5eba5305573748fff,2020-04-04,CHANGELOG.md
rust,ef89525249614cd201aaa06d1652b693e9964c45,2020-04-02,README.md
rust,6364b4dbb4d2393a6bb51562b3f8d2fe2748f657,2020-04-02,RELEASES.md
rust,7928c45c062b330f4654faaeedac3722bb71ee3a,2020-04-02,CONTRIBUTING.md
rust,df91b40b43e6fb631f09a36d0d305585822eeb74,2020-04-02,CONTRIBUTING.md
rust,94d5eb02768fc5362bbfeff9739856aa130d7397,2020-04-01,README.md
rust,f8e892db5ecdc3bd684bddb109470987e422535a,2020-04-01,CHANGELOG.md
rust,59cfb8035c387bcf7297c08b78dd099dec2dd7f4,2020-04-01,CONTRIBUTING.md
rust,af553528ade187a0f85bb3fa9ffb22420c630238,2020-04-01,CONTRIBUTING.md
rust,521eb0df67bd2b822d7dbe5f4613a1e9beb98e1c,2020-04-01,CONTRIBUTING.md
rust,56d0c81c750fa3cbe63f20bb30570cf084b9b98c,2020-04-01,CONTRIBUTING.md
rust,04c8191719761dd8617fb84a86fe114ed7ac6eab,2020-04-01,CONTRIBUTING.md
rust,7eb3e9a8a8abf5342b1aa7f859328e88b6b50000,2020-03-31,README.md
rust,cbdf4cc71e36baa780bd4bc7aca66bc344ab70ec,2020-03-31,README.md
rust,3155eedb68b4aaefe89731b3e1c788453cee1f80,2020-03-31,README.md
rust,b77b219280eb8e511f3ed28bf894ab09fdde1e03,2020-03-30,CHANGELOG.md
rust,b77b219280eb8e511f3ed28bf894ab09fdde1e03,2020-03-30,README.md
rust,8948a29a4cb3c6940e3863886e99bacfa1f325ae,2020-03-30,CONTRIBUTING.md
rust,8fbf02c8fb3c87c25ec364aa5d43f47d8c3b9c87,2020-03-29,README.md
rust,d055b7d61c44b7a401ebc470e3d1e3bd06a4d360,2020-03-29,README.md
rust,cf5822af460f342721662a4dc959713a1cd7778c,2020-03-27,README.md
rust,b0de238b6522ce85ba26b8694d732e3f4520a78b,2020-03-25,README.md
rust,ce3193ff442cab8365960940063a08f546b8fd34,2020-03-25,RELEASES.md
rust,f4e17cc7c2a1b11ca740db76d8f66bc3ea7904a3,2020-03-24,RELEASES.md
rust,f24cc7b633a8207180d87c4a291fcb4d213d1688,2020-03-24,RELEASES.md
rust,5baef9695d94f5fa74317f004fc3543bcc148a68,2020-03-24,RELEASES.md
rust,cf06475e3404c6c372600ea6ab51612cf1ebe1e5,2020-03-24,RELEASES.md
rust,53790bbd555847c91169fc6da4f65de59d750e6a,2020-03-24,RELEASES.md
rust,1d2fbbed339bb89175b27d32710d58bdf15f1041,2020-03-24,RELEASES.md
rust,f1f91c92a4101f35b8640082970fdbf24a95ccff,2020-03-24,RELEASES.md
rust,d74c17ba0c0a60f484dd35c6edb5093bfeeda508,2020-03-24,RELEASES.md
rust,e1b654f09a6adeddb5a8b5e91cdcec656184c33f,2020-03-22,CONTRIBUTING.md
rust,e1b654f09a6adeddb5a8b5e91cdcec656184c33f,2020-03-22,README.md
rust,3f42104cef01e2c12a6fbe8a1322bd36d920bd01,2020-03-21,RELEASES.md
rust,c746d93e145ac19358b2d846cdbc61e7c7d22a15,2020-03-21,RELEASES.md
rust,3a5f601710bd14d2f924dadc5864c5b6ac0bc84c,2020-03-20,README.md
rust,c3f6f47f7a773ad00c87cfb550006fb0906cef31,2020-03-19,README.md
rust,552768f092d3dcc1f39858d9a81707156df32102,2020-03-18,CHANGELOG.md
rust,a32e25677f43d161db8fdb923cb80a7dc7c4ae48,2020-03-18,README.md
rust,52208f3cf3949a4589cbaee69a9cb7d34ee0e9f2,2020-03-16,CHANGELOG.md
rust,52208f3cf3949a4589cbaee69a9cb7d34ee0e9f2,2020-03-16,README.md
rust,d445a6f73d15470117d4cca982a7fcc3809c25ee,2020-03-14,Readme.md
rust,7b08c7a36e22b4bdc573103ce327662f346b525a,2020-03-12,CHANGELOG.md
rust,da29402d2eec18c88c871ba83c417799b0798b4c,2020-03-12,CHANGELOG.md
rust,f7666e9c2bf733c4f8f3271a3ab2a6e184396972,2020-03-12,Readme.md
rust,7c16ea63f6e2e230ca7f3893ead23ad1bb46b82a,2020-03-12,Readme.md
rust,198037119520d8cccafdc1fd511164c63d741aed,2020-03-12,Readme.md
rust,92ff6c2930a1e2a2d348b2bf08d1286b79cf416a,2020-03-11,Readme.md
rust,d4eb4968560456827e71cdf1a48b5a4585168ec5,2020-03-10,CONTRIBUTING.md
rust,19e72a24ae43084d8bb2b14ad3ff88391e1148d9,2020-03-10,CONTRIBUTING.md
rust,8cdd75ca2965a5618c763eb751cf2dec5b4a66c2,2020-03-10,CONTRIBUTING.md
rust,b3b32b74bcc767aae694c473e87d10cee9d0aff3,2020-03-10,CONTRIBUTING.md
rust,b3b32b74bcc767aae694c473e87d10cee9d0aff3,2020-03-10,README.md
rust,9d4fdba8bee7e1f445fa0ebbd4aed0defbd8e514,2020-03-10,CONTRIBUTING.md
rust,9d4fdba8bee7e1f445fa0ebbd4aed0defbd8e514,2020-03-10,README.md
rust,0037f4e37cb32f6195ab57fe4e5d34eb0adcd2d5,2020-03-10,CONTRIBUTING.md
rust,0037f4e37cb32f6195ab57fe4e5d34eb0adcd2d5,2020-03-10,README.md
rust,c60d581eb15d6fbe17a657da7c1de4dc82b70b68,2020-03-10,CONTRIBUTING.md
rust,3b3e5ea2a22694159072c682ca88a9407540710b,2020-03-08,CONTRIBUTING.md
rust,69260115acbf5007277e0202b64e588dc3808d70,2020-03-08,README.md
rust,0f7f30711e4eb2f5f84fe198f325e512e404ee0c,2020-03-06,CHANGELOG.md
rust,0f7f30711e4eb2f5f84fe198f325e512e404ee0c,2020-03-06,README.md
rust,6670f43917db0df610401f50dc62c5d262c496b0,2020-03-06,README.md
rust,ade4c4e7331fcff40643c1666ca89078b84b125a,2020-03-06,README.md
rust,57393b5106c5475dbe9f99f75013e8ea7f1988d6,2020-03-05,CHANGELOG.md
rust,c629ada8203c32fbdc313b6644bb934e0aff2f53,2020-03-05,README.md
rust,597e02dcdf28e9cfbb7854bca38c28f2e4d15425,2020-03-04,CHANGELOG.md
rust,597e02dcdf28e9cfbb7854bca38c28f2e4d15425,2020-03-04,README.md
rust,2aa14c9beb48ad780412df747b0a64b90eb5f13e,2020-03-04,CHANGELOG.md
rust,2aa14c9beb48ad780412df747b0a64b90eb5f13e,2020-03-04,README.md
rust,9d84f1f684a1c37d89ba0be0b1dec7d0309590c9,2020-02-25,RELEASES.md
rust,274ae0438fb4e942ad29fd60f0adf277cc6777d9,2020-02-24,README.md
rust,ff0d44e45a27e688b5ee5447dc9175d5e72b37c9,2020-02-24,CHANGELOG.md
rust,ff0d44e45a27e688b5ee5447dc9175d5e72b37c9,2020-02-24,README.md
rust,4065ca9c8c4586e99688de53c7cf654c7693fc63,2020-02-24,CHANGELOG.md
rust,6dacb1aa678046940d3fae7a68bd0112accecfd4,2020-02-24,CHANGELOG.md
rust,1f4f357bf540f63ece5d11d5ab6cae9a8fb63a21,2020-02-24,CHANGELOG.md
rust,c636c6a55b92daef5af4e1c459c0eaf3f5787945,2020-02-24,CHANGELOG.md
rust,e7a344fb745a0a663e21be947b2619df05df6d31,2020-02-23,RELEASES.md
rust,86a4354746c81d06fc09c5c0633449a26bee442a,2020-02-22,README.md
rust,4229dbcf335fa7a11b5566d9e916384bf9739c34,2020-02-21,CHANGELOG.md
rust,4229dbcf335fa7a11b5566d9e916384bf9739c34,2020-02-21,README.md
rust,219c94d02848c87db16c99ac2c6b30728713f58e,2020-02-21,CHANGELOG.md
rust,219c94d02848c87db16c99ac2c6b30728713f58e,2020-02-21,README.md
rust,7a85b7761b6a624458c8476c2ecc85fa63d051d0,2020-02-20,README.md
rust,c0fa5e2246457df10e92c2e11c971f2f40921793,2020-02-18,README.md
rust,6835e2d8e0983bd84fbd3795be34eb49118cca42,2020-02-18,README.md
rust,e449dccd3764b8adb1be4787b345eae9b0c7306e,2020-02-16,README.md
rust,fda6104ee9bd7dee1f50a9ca2891ca27169040e0,2020-02-16,README.md
rust,fb59043621f9297d641b16d3a7151c69e70f515e,2020-02-12,README.md
rust,d7620a3e62a0097c990a4abda917c8e2a5115765,2020-02-12,README.md
rust,757bbf7feb2e9ed1e4d8cc547390608654e8191e,2020-02-12,CHANGELOG.md
rust,757bbf7feb2e9ed1e4d8cc547390608654e8191e,2020-02-12,CODE_OF_CONDUCT.md
rust,757bbf7feb2e9ed1e4d8cc547390608654e8191e,2020-02-12,CONTRIBUTING.md
rust,757bbf7feb2e9ed1e4d8cc547390608654e8191e,2020-02-12,README.md
rust,1e117938cf12e59eaac89482e611ee4d95e2a953,2020-02-11,CONTRIBUTING.md
rust,32daa2aa38fafd731ddc27374dece22f38069bc8,2020-02-10,RELEASES.md
rust,7ab01b24674b88ff4927b0eb445a582fb9e12aba,2020-02-10,RELEASES.md
rust,26fdcbbc2810474770bb7f87d410a1e34b142b87,2020-02-09,RELEASES.md
rust,9bb699b28db69c4c77034055a922a52b0a5c2b20,2020-02-09,README.md
rust,81e40278bd0ad707a3be2396a076f151d1ff1072,2020-02-09,RELEASES.md
rust,be1bc571c3558cf3920e77d5eb3f017aeeac637c,2020-02-09,CHANGELOG.md
rust,be1bc571c3558cf3920e77d5eb3f017aeeac637c,2020-02-09,README.md
rust,338fb7a3e913fee1567ab01d8fa110603da718e7,2020-02-05,CHANGELOG.md
rust,338fb7a3e913fee1567ab01d8fa110603da718e7,2020-02-05,README.md
rust,53094de08efea5f4f4ff2d5e8e7381bf8aede625,2020-02-04,README.md
rust,6afd7ea147cf34eb2ce505d513664b5f4fadfb58,2020-02-04,CHANGELOG.md
rust,2a79ed0b4999bf9e805e0e38cd1faf5f85068368,2020-01-31,CONTRIBUTING.md
rust,1ef4509eb46056e52a8c54cb78df01ae60305a32,2020-01-30,CHANGELOG.md
rust,4d1a11d354c77213a98f76b07933ebb26822d017,2020-01-30,.github/PULL_REQUEST_TEMPLATE.md
rust,4d1a11d354c77213a98f76b07933ebb26822d017,2020-01-30,CONTRIBUTING.md
rust,9b88a2b295e51803a74ad8bb852549693815e0c0,2020-01-30,README.md
rust,d1f862171150f91c114eb126c559e90873c8dc00,2020-01-30,CHANGELOG.md
rust,512efbea2321dafd19d30eacb9d8f9d21fcedae2,2020-01-29,CHANGELOG.md
rust,512efbea2321dafd19d30eacb9d8f9d21fcedae2,2020-01-29,README.md
rust,9f68f7acf2e4cae65122cae072bae2386f48bff1,2020-01-29,README.md
rust,efb1acf4a00d28336c7cfc369c9315bb830c53a9,2020-01-28,RELEASES.md
rust,bcb469e147dcaf2f9eb53e6f3c33a128522b51ba,2020-01-25,Readme.md
rust,796958c7e2afb765d0354007cb89c1312d8899e9,2020-01-23,CHANGELOG.md
rust,796958c7e2afb765d0354007cb89c1312d8899e9,2020-01-23,README.md
rust,5918e9f02595a4b9ffacc4ecf5a0d470528a3824,2020-01-21,RELEASES.md
rust,c75a1f0e4dfd6e4a3929bc6496018734b5ef60c9,2020-01-21,RELEASES.md
rust,95c369fa9168d2eee08d1a693dc1c63872fe46c0,2020-01-20,CHANGELOG.md
rust,95c369fa9168d2eee08d1a693dc1c63872fe46c0,2020-01-20,README.md
rust,0acc30956166b81c75fd2c8db250eabce6babf7d,2020-01-18,README.md
rust,286930f1b6d5f2735efbcf8f1e8c559355b9f7a5,2020-01-15,README.md
rust,0669a49b1068beaf839197f10e6bd4027b340639,2020-01-15,Readme.md
rust,bba468887bb3c20ff8e38a61bb0f2222836cb451,2020-01-12,README.md
rust,96334d0d7cc2901acc80a67ba454409dcd452a30,2020-01-12,CHANGELOG.md
rust,c4ce7fe08b4cc17aebac08a53e245793d5897b32,2020-01-10,README.md
rust,0fa0df9efb9f34c8e0612bd0d0844417259873e9,2020-01-07,README.md
rust,8ae8b08e323b7dcfad331af18bebbeb68757a904,2020-01-07,CHANGELOG.md
rust,96c41988323cd4c3d211e494fd3e143caf11f8cd,2020-01-07,CHANGELOG.md
rust,9e6a6069a7918a48340a7e30cb7d6794d2804e46,2020-01-07,CHANGELOG.md
rust,9e6a6069a7918a48340a7e30cb7d6794d2804e46,2020-01-07,README.md
rust,ab5ff0352e9c6d9a46b5557f68abba9c004e8b93,2020-01-04,CHANGELOG.md
rust,ab5ff0352e9c6d9a46b5557f68abba9c004e8b93,2020-01-04,README.md
rust,42e4595d3ab7844d840ab4ef3fa8eb80116484f6,2019-12-31,README.md
rust,8db319f9578aa4cc5647a187f92aa00a6f4ad335,2019-12-31,CHANGELOG.md
rust,f191e916bdbb98ef91a35b3c82376b3c517654fb,2019-12-28,CHANGELOG.md
rust,f191e916bdbb98ef91a35b3c82376b3c517654fb,2019-12-28,README.md
rust,2f4331383466ca4ed78628f35495e86d9ac47137,2019-12-26,RELEASES.md
rust,21e636f1883ff8d7dd1d3a0e2db241e619a8ee72,2019-12-26,CONTRIBUTING.md
rust,40435acf3d3b6abdc37c00a5d3c7a97c61b8841f,2019-12-24,CHANGELOG.md
rust,40435acf3d3b6abdc37c00a5d3c7a97c61b8841f,2019-12-24,README.md
rust,b1a5d252215e924db350a2ada9fc19e755f8365a,2019-12-23,CHANGELOG.md
rust,a310cb2d0b708a46fda5c4b6f91a3221c25842c6,2019-12-22,CHANGELOG.md
rust,a310cb2d0b708a46fda5c4b6f91a3221c25842c6,2019-12-22,README.md
rust,710c749bb12bc84018e04b63424b8d8d3d80a9c4,2019-12-21,README.md
rust,a7e9aa367b2ee4ce63d6c2c6c32fff5a400fea71,2019-12-20,README.md
rust,123ecac655143e8a818e9e9599ab0cf4aa83e13f,2019-12-18,CHANGELOG.md
rust,dd2f2dc376bb09d5fdf05f58693eefc1f5e794a4,2019-12-16,README.md
rust,8d409a7b593b32b6b1fa1914ce352efea1bb8095,2019-12-10,README.md
rust,78e8934976fa3135c151d2b6b395ce57e832f90e,2019-12-08,README.md
rust,acb43f80fdd2fb8c81192a030d9c847d27fa502d,2019-12-08,README.md
rust,ef37a4c158375a29f7b4035cd3aab144fff0bb8c,2019-12-08,README.md
rust,c77fc06d5218d1e5d757fa82eab130e688924f50,2019-12-08,CHANGELOG.md
rust,c77fc06d5218d1e5d757fa82eab130e688924f50,2019-12-08,README.md
rust,e92d16d9cd32fdaaf218c09e198b93c1f7c7914d,2019-12-07,README.md
rust,1a8755384e20e5b90e591f665f7b4849941ed58e,2019-12-07,README.md
rust,e0619b717ce2957dda6040b6996ceebb9539f30b,2019-12-06,README.md
rust,f02643001f84f72962c01a924dd72fe5f2b00cfd,2019-12-06,README.md
rust,f5d0a452ba0b50b796cbbcc49cc6e25f2b29a256,2019-12-06,CHANGELOG.md
rust,f5d0a452ba0b50b796cbbcc49cc6e25f2b29a256,2019-12-06,README.md
rust,dbfb00c4de2bd2c071344729dd3609a963b2da4c,2019-12-03,RELEASES.md
rust,f838410f492690e09626e9ae95f110f948235dce,2019-12-01,CONTRIBUTING.md
rust,c9b3b688d5121d155cb29df78d83ce1b9cc19a98,2019-11-30,CONTRIBUTING.md
rust,77f2ac4a4981e800708fb5e877817f4781e7f87a,2019-11-28,CONTRIBUTING.md
rust,2a7dc5ec7f6979ee31e0ec30fbf9b6086e03ca74,2019-11-28,CONTRIBUTING.md
rust,9b78191e0812a5d9894746a25fa204a359f2923b,2019-11-27,CONTRIBUTING.md
rust,757e593b253b4df7e6fc8bf15a4d4f34c9d484c5,2019-11-27,README.md
rust,89611e17372b7b87536afa2d497cd0d557b0903f,2019-11-27,RELEASES.md
rust,9ec8888b91322284859ef7414760bb837bcad393,2019-11-25,CHANGELOG.md
rust,9ec8888b91322284859ef7414760bb837bcad393,2019-11-25,README.md
rust,9b4faf97f37f03ec1fd3e01f13945b05e413464c,2019-11-23,CHANGELOG.md
rust,9b4faf97f37f03ec1fd3e01f13945b05e413464c,2019-11-23,README.md
rust,aa40c48c36515f4a3ea38585947592e46493726e,2019-11-23,RELEASES.md
rust,e975f6364cb3caf50467835afb0dafce887f51f0,2019-11-20,README.md
rust,bbb8cd4fbbed4b82b7d1b61206bf6c70fd75e665,2019-11-20,CHANGELOG.md
rust,bbb8cd4fbbed4b82b7d1b61206bf6c70fd75e665,2019-11-20,README.md
rust,a4eb34b3e1e93df4a5ab7645a480bbcffd8b71ef,2019-11-19,README.md
rust,089e9ba52f507c57030a3e587d20333ee4b4a713,2019-11-18,README.md
rust,a66ed0032ad21eeeba8b9b2ef8c718f2a9793beb,2019-11-18,README.md
rust,c21b1985767f0a4cea6f7b504210300f0390f5d8,2019-11-15,CHANGELOG.md
rust,c21b1985767f0a4cea6f7b504210300f0390f5d8,2019-11-15,README.md
rust,73806b72a90c205b43a58545462ce154e0c398d8,2019-11-15,CHANGELOG.md
rust,73806b72a90c205b43a58545462ce154e0c398d8,2019-11-15,README.md
rust,7fddac040469a26fa2fb1d1f1f2dea604d739f49,2019-11-13,CHANGELOG.md
rust,7fddac040469a26fa2fb1d1f1f2dea604d739f49,2019-11-13,README.md
rust,5817a4fa0606f10797bd79d641b39d47a40d67e6,2019-11-10,CHANGELOG.md
rust,5817a4fa0606f10797bd79d641b39d47a40d67e6,2019-11-10,README.md
rust,2f1370d64cb62c521ec04999f30ed856b644dccc,2019-11-07,README.md
rust,eae6a62db7582cc0c243a798268a258436c27407,2019-11-07,README.md
rust,60c2fdd0b96829df97329e29fdb92c958a3c5d4f,2019-11-07,CHANGELOG.md
rust,08fd397c2c8db452692dc71ce7b4d3c47417ff09,2019-11-07,README.md
rust,1d2a314ef5d0337386b7a6f45eaccba5ef898623,2019-11-06,CONTRIBUTING.md
rust,2daf7b9fe3b99703076d81319daad619d0f366e7,2019-11-06,README.md
rust,5fb411113118c758a1e96ef602eb8f5af143767a,2019-11-01,RELEASES.md
rust,8d38a07fb6e90f7f312165e8ae8eb0f63bdf21af,2019-10-24,CONTRIBUTING.md
rust,557836b83e3511e645b3484d9d2286980319fd58,2019-10-24,CONTRIBUTING.md
rust,5572476a36f85959ec820d0886548a747ce0570a,2019-10-22,CHANGELOG.md
rust,5572476a36f85959ec820d0886548a747ce0570a,2019-10-22,README.md
rust,1c85b45117ad2cb7979f8f6580be965227f9241f,2019-10-18,CONTRIBUTING.md
rust,7f454d8d06279663a330cfc4c9248056c402acd1,2019-10-18,CHANGELOG.md
rust,7f454d8d06279663a330cfc4c9248056c402acd1,2019-10-18,README.md
rust,98dc3aabeaf4102669d46912fb9def5f125a05ca,2019-10-18,CHANGELOG.md
rust,98dc3aabeaf4102669d46912fb9def5f125a05ca,2019-10-18,README.md
rust,7b15c4f7ae95e2e855cb783871906fa7bf364c4c,2019-10-17,README.md
rust,9a7c8d4b0ff3b9a7d736bbda68e12a9f3867ec1b,2019-10-17,README.md
rust,76b44f34b9ecd531b761b9fb10edc90671734d0e,2019-10-16,CHANGELOG.md
rust,76b44f34b9ecd531b761b9fb10edc90671734d0e,2019-10-16,README.md
rust,cb913698d28b911e4ea0b5113c3f4e102ee0285c,2019-10-16,README.md
rust,664522baddd813e9a8a989479289be43fe0da5cd,2019-10-15,CHANGELOG.md
rust,664522baddd813e9a8a989479289be43fe0da5cd,2019-10-15,README.md
rust,cc622608db7318b1c0fe3ccd541558436c7c6c4c,2019-10-14,CHANGELOG.md
rust,cc622608db7318b1c0fe3ccd541558436c7c6c4c,2019-10-14,README.md
rust,974a05b806954ebdc6640b7ef539667bd7baca56,2019-10-14,CONTRIBUTING.md
rust,dce46325b5845508054d934ebabbf862e32ee2e4,2019-10-11,CONTRIBUTING.md
rust,871b30266c5d3879a9037128a7d0e087ef16557e,2019-10-09,.github/PULL_REQUEST_TEMPLATE.md
rust,5143fe1a789ae5bec7aeaa36e19720b7be640a21,2019-10-09,CHANGELOG.md
rust,5143fe1a789ae5bec7aeaa36e19720b7be640a21,2019-10-09,README.md
rust,327c91f8c707c1265c4a5b350f736cda4334b764,2019-10-08,CHANGELOG.md
rust,327c91f8c707c1265c4a5b350f736cda4334b764,2019-10-08,README.md
rust,2934ec551c1f178e9de587500442659e72abac9e,2019-10-07,CHANGELOG.md
rust,45835e9957e2872a3918eda0504d4a1ecc1642cd,2019-10-05,CODE_OF_CONDUCT.md
rust,4f1d9074623afebfcb0dda9986766e3deeb50838,2019-10-04,README.md
rust,59ce359c8f5f6f9a373ca5be82a3b96527b38b9e,2019-10-02,CONTRIBUTING.md
rust,27fa2b7944d79c1fa16445628fef268bdb34f625,2019-10-02,CHANGELOG.md
rust,27fa2b7944d79c1fa16445628fef268bdb34f625,2019-10-02,README.md
rust,cabcd99476060b4e293f3031dafe7d84a557768d,2019-10-02,CONTRIBUTING.md
rust,2ab7a67326b04d4d7f083c32f8776a69d3ff906c,2019-10-02,CODE_OF_CONDUCT.md
rust,2ab7a67326b04d4d7f083c32f8776a69d3ff906c,2019-10-02,CONTRIBUTING.md
rust,2ab7a67326b04d4d7f083c32f8776a69d3ff906c,2019-10-02,README.md
rust,23a9c021201df810f40d0ad1fe3815dda5da8462,2019-10-02,CHANGELOG.md
rust,23a9c021201df810f40d0ad1fe3815dda5da8462,2019-10-02,README.md
rust,d695e2417abf74d16f124d32f46636c3d8be1cd9,2019-09-29,README.md
rust,ea347b619e36cde9965d531afda24934d2a62079,2019-09-28,README.md
rust,b3907fd3c61feb3e7ec75450afff059d00cae401,2019-09-28,README.md
rust,377a70d5ce78d798785d928469ac8e7fec57594f,2019-09-26,RELEASES.md
rust,52408f5b7d0392b008d647c5414e45dad4c4f5fd,2019-09-24,CHANGELOG.md
rust,52408f5b7d0392b008d647c5414e45dad4c4f5fd,2019-09-24,README.md
rust,e8cf46e909bcfb6c77b3efb2a60ed674770e1603,2019-09-24,RELEASES.md
rust,b451e43098c1f0067dc0f2cb38c78ff68caac714,2019-09-22,CHANGELOG.md
rust,2e2c8f8bbfbdbbaa94066031a223e138a8aad573,2019-09-20,Readme.md
rust,8d884c8a1a5f7ed48fb86a2faf8af16707e6d114,2019-09-19,CHANGELOG.md
rust,8d884c8a1a5f7ed48fb86a2faf8af16707e6d114,2019-09-19,README.md
rust,3db2c13d893865e8e6929d5259bbac7d89a7ba06,2019-09-19,RELEASES.md
rust,70a7dab773b5d97fd46541a46bdb6de7abf77b2f,2019-09-19,CHANGELOG.md
rust,70a7dab773b5d97fd46541a46bdb6de7abf77b2f,2019-09-19,README.md
rust,1e16ac031542b629d7997816592742dbf9f911f6,2019-09-18,README.md
rust,1fb934b6cf7bf7a7b62ef65f728a397e27507f18,2019-09-14,CONTRIBUTING.md
rust,1fb934b6cf7bf7a7b62ef65f728a397e27507f18,2019-09-14,README.md
rust,166719ad9fe3137ef4fe18cbf9fed1c050f8855a,2019-09-14,README.md
rust,78d39117f03f485da92baeaf49b1d338b0422ca5,2019-09-12,Readme.md
rust,4a3bc6b5923217a53441b7745b9f5542ed4245e8,2019-09-12,CHANGELOG.md
rust,4a3bc6b5923217a53441b7745b9f5542ed4245e8,2019-09-12,README.md
rust,cfcc5c296ed6fabcc8b9d380eaaea8a7352299fd,2019-09-09,RELEASES.md
rust,f10ee2152f110ad878991496d2620a3910c4600c,2019-09-08,CHANGELOG.md
rust,7dd5c661081b12de72e5a869b9c80131f7a6b464,2019-09-06,README.md
rust,d5944c9af78c855505a03d880afb92b64567d17d,2019-09-06,CHANGELOG.md
rust,4960f79476def4c9a1cbde94d349d4c9b12bd585,2019-09-04,CHANGELOG.md
rust,4960f79476def4c9a1cbde94d349d4c9b12bd585,2019-09-04,README.md
rust,b01f2d11263ae67ddea62dc0ee989d44db8873bb,2019-09-03,CHANGELOG.md
rust,b01f2d11263ae67ddea62dc0ee989d44db8873bb,2019-09-03,README.md
rust,c46889ac415f57cd551223815b934b5f237fcc5a,2019-09-02,README.md
rust,798dc2ca8024c68b02c8e878603c0a4b00dc44e5,2019-09-02,README.md
rust,814fe9951637bc965f072c3d6b7d0386c33e90ae,2019-08-29,README.md
rust,abcda6dc941fb992c4293ab93d710a713ed365cc,2019-08-29,README.md
rust,1ae1d71938e2a177f3edb60fc30991ce2c8e4536,2019-08-28,README.md
rust,2c58936a27366bca0e4fd71f1ad51b514b633c92,2019-08-28,CONTRIBUTING.md
rust,b2ceaed5b9249e18a7221686f9309d84f73a4e9f,2019-08-28,CHANGELOG.md
rust,97f9fb1284c526f62286d3334b42481a2efe43a7,2019-08-23,README.md
rust,f53b5b0fb4cc9a716eb27929c3829f096e90b6eb,2019-08-20,README.md
rust,08d8ffc6a970a4e0886b36b332cdc4f6622e81f1,2019-08-19,CONTRIBUTING.md
rust,4a70ad43e1638f1338cca2565b83b55f2d5abf00,2019-08-19,CONTRIBUTING.md
rust,7065239da55420e26adb7cb647fc7eb4e9c8798e,2019-08-19,CHANGELOG.md
rust,7065239da55420e26adb7cb647fc7eb4e9c8798e,2019-08-19,README.md
rust,dfd27663dca6b9e0e84c04a4d7319ccf8a879909,2019-08-16,README.md
rust,f4f31a4ff40a6763bb9adf7413773f3a6e701dd9,2019-08-15,CHANGELOG.md
rust,f4f31a4ff40a6763bb9adf7413773f3a6e701dd9,2019-08-15,README.md
rust,42f03539caf6320a9618916e5328bb13aa442f30,2019-08-14,README.md
rust,171f307b65162f6f7630bcfd47b9c6176c00d7f5,2019-08-14,CHANGELOG.md
rust,22c649a8a6da218c864834438fd3648e5df3bef2,2019-08-14,CHANGELOG.md
rust,c259d1c7c80ff83159d5abf5207baa3abcb43a7f,2019-08-13,RELEASES.md
rust,800ebe803119197a3a252234453f7a606ad52510,2019-08-13,CHANGELOG.md
rust,b50c13c578b5d2cd1fdd14ddd8e594f1f1574316,2019-08-12,CHANGELOG.md
rust,6ddf8c36d774e22133f68aef162a66d1685ba42c,2019-08-12,README.md
rust,b651f19eb87db789f8fd24a7791add446d869630,2019-08-11,CHANGELOG.md
rust,40fea7a9e0d35141ed7cfbee9a820c01c0ad0c6c,2019-08-11,CHANGELOG.md
rust,40fea7a9e0d35141ed7cfbee9a820c01c0ad0c6c,2019-08-11,README.md
rust,8d24facccbccd893176c38e7fc8460a22f860774,2019-08-11,CHANGELOG.md
rust,e653ff03e9e33218a8ef7892f1b6099407fe92e9,2019-08-09,README.md
rust,b1b2245e28ff6c01438cf5b617b350af9b56ba5f,2019-08-09,README.md
rust,5cad46d15a23a23f3075cdd285f5578b2da57e43,2019-08-08,.github/PULL_REQUEST_TEMPLATE
rust,39cdea6df47265c69f9b3aefa24eb37b14697c29,2019-08-07,README.md
rust,8dde4e5806869a0113042e9d1fb12a45ff55db7f,2019-08-07,README.md
rust,0df7a728c684606a3ee275ca32d3d56c17902c76,2019-08-06,README.md
rust,4b2825cd3f3b5e991883eb567916e4596d3237cd,2019-08-06,README.md
rust,c1d20e8e6eacda0d46d71c693b87a8c4b1b8ac67,2019-08-06,CHANGELOG.md
rust,b5cd1c0ddc158d2b11f087210f35a0f61e1cc12a,2019-08-06,CHANGELOG.md
rust,a922f800aff150b1b2b8093ff54df40736b82332,2019-08-05,README.md
rust,77b21b644f2072768d24dee331494b082ea133d1,2019-08-05,CHANGELOG.md
rust,e8d956c4fa320675f245788701193dabd730f5a9,2019-08-04,README.md
rust,8678740ee7ad045bfa416eada8b670e5001a295e,2019-08-02,CHANGELOG.md
rust,609b1190c95f41e1a61e775ca79e54f5a1a638c7,2019-08-02,README.md
rust,b0913567a06c3dc5f1a5dd28312ffaa6982d58f8,2019-08-01,RELEASES.md
rust,40d647a060d4da5a3d28d92c9a782b370ab3a4f0,2019-07-31,README.md
rust,54e268cf5532362ced32329a9327eaee22353829,2019-07-31,README.md
rust,4f7a9b6354076a1d81c6349ce3981eac7cac3a48,2019-07-31,CHANGELOG.md
rust,c599fcce7023d714cba3aff76e488a46a1b99f10,2019-07-30,RELEASES.md
rust,fcbdd2c86469b0be514b1c08075fec57e71e20a1,2019-07-30,README.md
rust,b62e892fb5f9215addd3e8e7f33dc84d6ff69946,2019-07-30,Readme.md
rust,b1ba07b0ca440329068ca2fd308ccb24c31a2697,2019-07-30,README.md
rust,ced7e49e014eef40b7e7ccfa3a66b69563614c5e,2019-07-30,CHANGELOG.md
rust,11b931e4a6d8e176e6d8b8b2b70be1a62c416c83,2019-07-28,CHANGELOG.md
rust,925e8207fa8ff6cc4aea7337b6cb3eeb318123d3,2019-07-27,CHANGELOG.md
rust,925e8207fa8ff6cc4aea7337b6cb3eeb318123d3,2019-07-27,README.md
rust,ecb1327fed1ece4083aa09255dbd927c5df304ef,2019-07-27,README.md
rust,ca714e4f01d921b4627e913c26081df1fbacb627,2019-07-26,Readme.md
rust,e843077d1d673019518055c47dc39c7098993b0c,2019-07-25,README.md
rust,59fa7c2cf5ed072e7d9f8bc1ae2307b67dacfbdb,2019-07-24,README.md
rust,068517ae66a41052dea2c86c88fc10794304622d,2019-07-23,README.md
rust,a49e474b4fcdd0e2a768c2ab3ded86618deffe8a,2019-07-23,CHANGELOG.md
rust,4e02a1f7c51fe8e5270453ca02f65debf07169da,2019-07-22,README.md
rust,5066326ec24e67c209cb3b696d1ea87c568b8b62,2019-07-20,README.md
rust,0513202d25c67ebeb5a02f9fe9dad5dea3296140,2019-07-17,CHANGELOG.md
rust,0513202d25c67ebeb5a02f9fe9dad5dea3296140,2019-07-17,README.md
rust,76e2ba25bd419beedbbc15aec6b4c6aef4deffaf,2019-07-17,CHANGELOG.md
rust,76e2ba25bd419beedbbc15aec6b4c6aef4deffaf,2019-07-17,README.md
rust,640b8d0257613bee58f6fdb81356a6167a399737,2019-07-15,CHANGELOG.md
rust,e8b2ae16536c37216fda2bc266784c0a4a766c5f,2019-07-15,CHANGELOG.md
rust,4cbd31220bf710ecc917941fa7d836cad8d6eef0,2019-07-14,README.md
rust,608249703c1636ca541fa8b33be29db93d3177c0,2019-07-11,RELEASES.md
rust,06c3256a6b1a42b2226a0f2ec75c43cd8951b962,2019-07-09,CONTRIBUTING.md
rust,06c3256a6b1a42b2226a0f2ec75c43cd8951b962,2019-07-09,README.md
rust,c7da4c26fbff41c07fe03927847f3fe233d8b5ad,2019-07-08,CHANGELOG.md
rust,c1c532c8ff655002277835599381336adcc3a187,2019-07-06,CHANGELOG.md
rust,f4b30f4bae352d501ea51ee227dbbcf3c5f91f6a,2019-07-04,README.md
rust,eb4128fb4203f926370fdf17d6961940986728cd,2019-07-03,README.md
rust,1bd081c600944bf0ea9a269b04815f968f2590b8,2019-07-02,README.md
rust,e8e42ab5ecead88c23dec9eab9a23019e45410fd,2019-07-02,README.md
rust,cb6d4f0c9ab95125af236abea72661efd094f699,2019-06-30,README.md
rust,c0fb34795a37c8e26d4d8d1bbccaa011b922a5b6,2019-06-30,RELEASES.md
rust,44149d6ba4054b80e9d7009431eb2c5e501bb1fe,2019-06-30,CHANGELOG.md
rust,0f34d7a7e5f068683097e0e664249bd6a417032f,2019-06-25,RELEASES.md
rust,7a6438ada68b30f194985da5586b640138d768dc,2019-06-25,README.md
rust,60a80849ce20bbfc3bbef741a2be8cdc7225b96d,2019-06-22,CHANGELOG.md
rust,60a80849ce20bbfc3bbef741a2be8cdc7225b96d,2019-06-22,README.md
rust,e8dfafc7a0784f28d30f9c7cf036d2a7e8c73ec3,2019-06-20,README.md
rust,a3f6f842ef4fd2581681d996c8b6000b53c06485,2019-06-19,CHANGELOG.md
rust,83e5e8fcd03817133b4040e7152199831a245deb,2019-06-18,CHANGELOG.md
rust,2d4fc585e190721d9a66fb1fa8ebacd2a2b6b939,2019-06-18,CHANGELOG.md
rust,55740219b0203fadefc1513ffe393a69a04b66b2,2019-06-14,CHANGELOG.md
rust,637e92d44eab06ab1e33774d858f0d9938a54833,2019-06-14,CHANGELOG.md
rust,16bd4796e998f7ef3c7eaecc60bf03349fdbb859,2019-06-14,CHANGELOG.md
rust,118274f300d60d8a450cdbc16a72101efde23b12,2019-06-13,README.md
rust,b364eb7b54b67a4a582a67648a51363bc9407904,2019-06-12,CHANGELOG.md
rust,b364eb7b54b67a4a582a67648a51363bc9407904,2019-06-12,README.md
rust,71fa7946a1e46e81f1f4b7d1afdf1c9280effd94,2019-06-10,CHANGELOG.md
rust,b0b082d4d896348bf6cee0df70ff933f7619c0e9,2019-06-09,README.md
rust,3d6070db77836b3d1689d28ca7ee2acc2fd38a95,2019-06-07,README.md
rust,1cf662e2ccc205b402ed74f1fe746b7c091b6111,2019-06-07,README.md
rust,36601f6e1c2b0ce8aa0917bbe1adbad086e4ce02,2019-06-05,README.md
rust,e6b60a40d50c8905d8ef8696943c686947f905d7,2019-06-03,CHANGELOG.md
rust,cf96396fccbad2cce0f4a710d26951083a9864e6,2019-05-27,README.md
rust,6420293af4b87bca51c51661de1aa53d2158cdb5,2019-05-27,README.md
rust,fd1998914dcd2822a11367d3761d8574cb4eb634,2019-05-25,RELEASES.md
rust,ff6f1010747104db6af41b2a49d168af66328910,2019-05-24,README.md
rust,67ee2862adb0df17affb0eaec18bd4dd07b7304c,2019-05-24,README.md
rust,36ee777cebd865ffd7e8223b4ae4bf533f7b476b,2019-05-22,README.md
rust,9f03c0781224faaa6e538094e34f1f6591689800,2019-05-21,README.md
rust,02ecd6727a6086f1c089e94b8055efffb6bfc86f,2019-05-21,README.md
rust,f32c2fcb7e1d65477d197f8bfb92cbdd50776e6a,2019-05-21,CHANGELOG.md
rust,f32c2fcb7e1d65477d197f8bfb92cbdd50776e6a,2019-05-21,README.md
rust,5bcaac6b383c184b4e3c5b05e5947dc6e3ddef7d,2019-05-20,CHANGELOG.md
rust,08ea8efc9ff3739e7227481aeea5c87e936d9527,2019-05-20,CHANGELOG.md
rust,c64f0698f0c5825e38a32dfc0ca7dcb38820e342,2019-05-20,CHANGELOG.md
rust,eaefa27c3150b75e6cb1d8214ad90f5d90491ab9,2019-05-20,CHANGELOG.md
rust,bd799e554f0486b671e092a2974a0fa63438d3d1,2019-05-20,CHANGELOG.md
rust,312a727c7dc0cb8582f648adda2f1b7235568651,2019-05-20,CHANGELOG.md
rust,fa59a683c03286764a634f251a2fd50748331a6f,2019-05-20,CHANGELOG.md
rust,7a711b357e6aa9095a973e3609a566dbfaf7dd2c,2019-05-20,CHANGELOG.md
rust,b7dec0c357d6d674e8de5d94097195e6f01fe1fc,2019-05-20,CHANGELOG.md
rust,416795d1d69fdd553a9960d956103318d3dfe139,2019-05-20,CHANGELOG.md
rust,c51c27034a9361e1b7ba751b9dbff9dbd4af15f3,2019-05-20,CHANGELOG.md
rust,ca18c45d99097555847f451549c71e347fea474f,2019-05-20,CHANGELOG.md
rust,1c3437db8cc76d4d7fb27271a1aefa18abf85fe6,2019-05-20,CHANGELOG.md
rust,61dc467a5902392ae272247d53ac2364f8c1efb3,2019-05-20,CHANGELOG.md
rust,9618e22a349d8a37ee041a50317219734ab7a57f,2019-05-20,CHANGELOG.md
rust,135db8e787ed07633c66cd26f73f1ec27ef6fd1d,2019-05-20,CHANGELOG.md
rust,df36c2bb7d6a71d3fe420e1aba9a0bd0655e9758,2019-05-20,README.md
rust,9646ef1a142c94eba27e989b507204e57cd0f8b4,2019-05-19,CHANGELOG.md
rust,e425e4c376a7736a01f1fac74126e3784a0da4e8,2019-05-19,CHANGELOG.md
rust,3ac895236c4f3f07720b31cfc212192104969ac2,2019-05-19,CHANGELOG.md
rust,67bab695adfb2c42c1bb19642b3961a3dbbc9458,2019-05-19,CHANGELOG.md
rust,8ea5460e7914912c8239ad7783e7ab0f8124f0d1,2019-05-19,CHANGELOG.md
rust,6d83d59b8d6094083892140f00a2f048f5663a30,2019-05-19,CHANGELOG.md
rust,d169b957103cb180cb631b8765725ad2cb5c21d0,2019-05-19,CHANGELOG.md
rust,583d58d80b22a44f1e4f9a43cab9b3c5f9a6358a,2019-05-18,CHANGELOG.md
rust,2c7a0ca57592e84c190fe5c4111736f17223cfe6,2019-05-18,CHANGELOG.md
rust,5a5aa459f66e88a6b50c1cc22ff3d84def6024b4,2019-05-18,CHANGELOG.md
rust,a383e48241742b11366d2e4631476a8e7ef3b267,2019-05-18,CHANGELOG.md
rust,e2761311bbb99428e001879e253e43fda77a78fe,2019-05-18,CHANGELOG.md
rust,565feb0bc11116671bb1b71db6fe602ef73b3ef1,2019-05-18,README.md
rust,47444c44adf457a63e46d7249424793823c0cfa3,2019-05-18,CHANGELOG.md
rust,9170ca3349fca483c2789dc26e0d7dabbbe822f5,2019-05-17,CHANGELOG.md
rust,9170ca3349fca483c2789dc26e0d7dabbbe822f5,2019-05-17,README.md
rust,373d270673c7f68a29a4d31e4b54625a49738810,2019-05-16,CHANGELOG.md
rust,4fcaab3d62f378e99b29455ef1bce54b28bf612b,2019-05-16,CHANGELOG.md
rust,4fcaab3d62f378e99b29455ef1bce54b28bf612b,2019-05-16,README.md
rust,d1d819f797fd1a8c82246f6d7bf2d12e0b431d4c,2019-05-14,RELEASES.md
rust,7c564fcc2b0d978d89ace7e049a92504cb8ddc71,2019-05-14,RELEASES.md
rust,7171bd1f69fb1c1a999b8e968fc693da325f3cc4,2019-05-14,README.md
rust,3db667a81944c14f0933522560822fc20809c63f,2019-05-13,RELEASES.md
rust,a9932f66064b31bcd47f682212afb4dc829898c4,2019-05-10,CHANGELOG.md
rust,699376ada01dc6223e5365e79ae11c79502fd2ef,2019-05-10,README.md
rust,b411391f8e350a18c08151d270521e44e6417659,2019-04-30,CHANGELOG.md
rust,b411391f8e350a18c08151d270521e44e6417659,2019-04-30,README.md
rust,01334eab177966cb205cb0ce4e6e969fdcd51c26,2019-04-26,RELEASES.md
rust,f9cf78d68525c37fbda04175fa9d9d9b98626ec7,2019-04-26,README.md
rust,a20719cec68a7c1babcbe4ccee2633c1ffc89aed,2019-04-20,README.md
rust,677bd6f65646a6610ec2e3d11b203392477e3dd8,2019-04-19,README.md
rust,bf6b7aa550125aa6520e261da4ddc930239fa007,2019-04-19,README.md
rust,7e9cb5b84a42419bad8eccf7434480f4108c2341,2019-04-18,CHANGELOG.md
rust,7e9cb5b84a42419bad8eccf7434480f4108c2341,2019-04-18,README.md
rust,d7bcaab7375120da4a08e295f0b8bd7109987998,2019-04-17,README.md
rust,d383a12debf1a44701c34fbe0e01cddbbbb3a32f,2019-04-16,.github/PULL_REQUEST_TEMPLATE
rust,f33cbc152dc6fdd47cf1d5eb2343b53e0070c975,2019-04-16,.github/PULL_REQUEST_TEMPLATE
rust,275dbec86d0e39f2d784eabac557a8bfcf967206,2019-04-16,.github/PULL_REQUEST_TEMPLATE
rust,3b61a0879420631ea96a9265aa1a9dbe969362a6,2019-04-15,RELEASES.md
rust,737e45ad2d00b1fa9f2d0fa0bcd90dbc38aaf1ac,2019-04-14,CHANGELOG.md
rust,02afbb9d6162070ecb7ef9823d7473e511ef5dfe,2019-04-14,CHANGELOG.md
rust,2f36416fc91686c8fd82dae883d11fd8a3fdadbb,2019-04-14,Readme.md
rust,22b9366e75a358ec35c4b527a7aaf6099c4a3006,2019-04-13,CHANGELOG.md
rust,745d6fb74be66d2e44457ca345bb34ce0118ef2f,2019-04-13,CHANGELOG.md
rust,543858d741a54c882c71b3e7ef6b1cfdf02f9c7d,2019-04-13,CHANGELOG.md
rust,98beb1270621375078b9ec5ccbc1ccaa7d303cf7,2019-04-12,README.md
rust,90d97279192c7da262dbd427693c1ed94fee5d61,2019-04-11,RELEASES.md
rust,a7bfac735390d8c78c9f08e2ba8d87ac997f9dc9,2019-04-11,README.md
rust,76895647c53eb1f862fa812d6a23f9cbb2933536,2019-04-10,README.md
rust,5fab7ec002d4fed833720ab025cb80ee33fa289a,2019-04-08,README.md
rust,8ffb6fd8e4f00b5e727ec02219f06cb93a28f9c9,2019-04-06,README.md
rust,fdd4bce8b369ffa1a838d079231f198897e8966f,2019-04-05,README.md
rust,4ba30341402cd4c80018f6f61e38987897ceeb1b,2019-04-05,RELEASES.md
rust,31bc4355aaa27627d96696c03faa61ec35c5b7b4,2019-04-04,README.md
rust,069957a8ad76d4604aca5e0d5e005a5e5ae8dc7f,2019-04-02,CHANGELOG.md
rust,069957a8ad76d4604aca5e0d5e005a5e5ae8dc7f,2019-04-02,README.md
rust,75adc25b218a0173f7a6744395c74a722cf07363,2019-04-02,RELEASES.md
rust,d6fa621211a9907445919ebcf5f8a49a50ef0f75,2019-04-01,RELEASES.md
rust,7d6c8ad24b490c633b608849af504dcb3a71fa5e,2019-03-31,README.md
rust,d54f9dc75cf3e9405ff56240c685eb7cf994c26e,2019-03-31,README.md
rust,67e123502c50dd2c24c34ff6886233d6721cfb5a,2019-03-31,README.md
rust,d5cdba5ee6025374be0942cf103740603216604e,2019-03-30,README.md
rust,83b7f2edc90028fa8dafa696a45da6d0d44c5c70,2019-03-30,README.md
rust,1100b4819c64d2554e2bff0ac3bd505ff44809bb,2019-03-28,README.md
rust,b1c865fd5aadfa80e46a5c37ef5e0574d289a882,2019-03-26,README.md
rust,63b4a7661d620e804f5fc682c05aec3c499fe88a,2019-03-26,README.md
rust,90dac3d4bd861c9b46aab646cc1abe90dcc3f4a1,2019-03-25,README.md
rust,b92a5222af6aaed7b1ccef4558f228c896fc7f73,2019-03-25,README.md
rust,8a905a87780a6898b5fea6b39db7b6fcae8e84cc,2019-03-24,README.md
rust,022d88cf4ce786642548d05e16a5a72b4970b110,2019-03-23,README.md
rust,1d9104bbae5a86251a41cd455780f347af393783,2019-03-21,README.md
rust,71dfb01e8f8e36aaafa3139e264a42c421d79d28,2019-03-21,README.md
rust,558a2c351266dc78e73963d2303221a60a0d5c85,2019-03-20,README.md
rust,290237d2eb472522191721397d0c4db905cdc565,2019-03-20,README.md
rust,ab9fef1ee26c185cdf2b14c3d21ecfae7b0905ae,2019-03-20,README.md
rust,505bd45bcc44ee58090e514f46cbe884924e3574,2019-03-20,README.md
rust,56ad19ef025ddf8461b56c5f42ca074e4f2ebe23,2019-03-20,README.md
rust,206bbe9c93f3fd33922c9e00cfb263b980a79ca2,2019-03-20,README.md
rust,91203699eccf63ee21fee236f493c361c64b5d86,2019-03-20,README.md
rust,a4b67ee1952367403290392db428d2eb499454d1,2019-03-16,CONTRIBUTING.md
rust,037596c4ce1548543479ace50500ee3dc2f6720e,2019-03-14,CONTRIBUTING.md
rust,3a00649256c64cacfdbf5f0e7b370d660291d06e,2019-03-14,CONTRIBUTING.md
rust,308a002eb16425b5164c1d2931d26d802ae89f6f,2019-03-14,CONTRIBUTING.md
rust,eadb8443f3ea4269b7010afa3bd5de21515c23b1,2019-03-14,CONTRIBUTING.md
rust,6f3fda9d1d603084c8e6a323bdbea7b780ba87ca,2019-03-14,CONTRIBUTING.md
rust,205ab0c260e983615de3a2ed71c8e82e5c48dd8d,2019-03-14,CONTRIBUTING.md
rust,6e449daceacd5959b830d24a8c9fc9971a2fc8ea,2019-03-14,CONTRIBUTING.md
rust,ff5e31ffb5224f458711a35392e0acddb1d4080a,2019-03-14,CONTRIBUTING.md
rust,4133681e7ef3d04a5517afa5b140c30431c1ccf1,2019-03-13,README.md
rust,8c74325441c3d571f0439a772f9287ac94975f54,2019-03-10,README.md
rust,90ae8746709df0c09f63ebaff480b82205592b53,2019-03-09,RELEASES.md
rust,2ef399979b5801efb64c68b57ccb34007ad9b012,2019-03-08,README.md
rust,ddc718087ffeb7b932da87c26fd4e75ec6a9ac02,2019-03-06,CHANGELOG.md
rust,ddc718087ffeb7b932da87c26fd4e75ec6a9ac02,2019-03-06,README.md
rust,9ed94e5e54f619f05c184107215327ef3ed221b1,2019-03-04,RELEASES.md
rust,0da3521eb6161cc855da65e6f0c7308147b22ba7,2019-03-03,README.md
rust,1eac53b06b9bfdb7c6b5b710818595a0ab29c30f,2019-03-03,CONTRIBUTING.md
rust,693d2d9ca002cf08d0a097d108057db6eb58b4be,2019-02-27,README.md
rust,12d3ecbaff9e7b627e79404fa21e2a52278e1368,2019-02-26,README.md
rust,64b400a1f43d1119bdbba0034e3b13bea08256e7,2019-02-25,CHANGELOG.md
rust,441442e07113ae9cad93243fb6e178b1b6b1665e,2019-02-23,README.md
rust,4f8c1d100d21583379028a7b1cec7415a833e9ca,2019-02-23,README.md
rust,fda51c2fbd0c646af5c5356dba2ad59d2c8ea8f8,2019-02-22,RELEASES.md
rust,fe7b9e2f6a14adaa08e3cbfe9e5a238eafedf0c4,2019-02-22,README.md
rust,50f1dd6af83aa8d2b0327f14772d80eef8db317b,2019-02-22,README.md
rust,36f665239d123a2be71c2968995f8c30b95c8c9c,2019-02-21,CONTRIBUTING.md
rust,4867a8c4fa1d5da99e9e6e61b86b4ce85e0572d0,2019-02-21,CONTRIBUTING.md
rust,ae331be1aa6cf5bb697fb4045e181852412f5dd8,2019-02-21,Contributing.md
rust,0ab2aedb7f08e7f14946769110cfd436622fcf5e,2019-02-21,RELEASES.md
rust,8060eb473d601776e415b007c4ffed2c2e6a5e27,2019-02-21,RELEASES.md
rust,42d749c9ec7b86df782c49ce2d0341c05739f108,2019-02-20,RELEASES.md
rust,d072510579e80721bc9c33b01031a6346b33c2f9,2019-02-20,RELEASES.md
rust,262156433e18a2de5a85cb2079c545a34b8934fe,2019-02-20,RELEASES.md
rust,cb1c0b684919e620df59c5e8749d572b852b167c,2019-02-18,CHANGELOG.md
rust,cb1c0b684919e620df59c5e8749d572b852b167c,2019-02-18,README.md
rust,408f27badeb210f9cd824b98627c9b0ced73ed0b,2019-02-16,Readme.md
rust,a4c852ddfe95b8726ca4e23f49290f2a561dbd40,2019-02-15,README.md
rust,a3eae6c8ab0ac190066c8ebefb0ef0314aa1e7ef,2019-02-15,README.md
rust,a4964500a2a7cc680df40847267a1345090b8ed9,2019-02-13,RELEASES.md
rust,03691c797a60cbd6e4c8bf09de1c48e62757f89f,2019-02-12,README.md
rust,ee3371ec912c542298fb693f782e74c8ebdea118,2019-02-12,RELEASES.md
rust,4c0a3d58942f84605735b74267cdc137f7650f7b,2019-02-12,RELEASES.md
rust,8a026f1cdd7083ed0a54e0eb41096dcb8fe67364,2019-02-12,RELEASES.md
rust,73921f67e92a65be7b3fe6454ea39a973c3ab8ba,2019-02-12,RELEASES.md
rust,866aeaecfc35cc54f03ab6bf777c39587dd4b042,2019-02-09,README.md
rust,fb3ae5738a2d2f1ff236c979ac75f85f1aba0061,2019-02-09,RELEASES.md
rust,f934f98111591c3d43aa4698648671fed312ccc1,2019-02-08,CONTRIBUTING.md
rust,08180f07baca0ea1fdc7672eca7dfdee9f860851,2019-02-07,README.md
rust,6c71e7d3f7584e2a6d4a41dc7359ea3e06a58328,2019-02-07,RELEASES.md
rust,50be479475799b6e3f8a2d842faf43f6cc246e4e,2019-02-06,RELEASES.md
rust,f3becd810eead697d31c5d73624d16996160efa6,2019-02-05,README.md
rust,7dbd23626e2df2b129a31bc341d029bbf4439a70,2019-02-05,README.md
rust,47563a13eba19d0fc4b56f2cd0d5645fc81e7bc3,2019-02-03,CONTRIBUTING.md
rust,83d620b8246094ff54c90888f53015b1ef5a2bf8,2019-02-03,README.md
rust,a35083f2e61315f66eedc2e46a0eaafd92f7be73,2019-02-01,README.md
rust,93bf74a15885c100dc830958d457c1704640de43,2019-02-01,CHANGELOG.md
rust,9d130a546fbf448680848809a271687c8a671c9d,2019-02-01,CHANGELOG.md
rust,9d130a546fbf448680848809a271687c8a671c9d,2019-02-01,README.md
rust,3c17643b3085682a695f0e6d80483edc00d04cb3,2019-01-30,README.md
rust,7fa50fb3fe98f3c6f837e95e6d13810c68ceaf74,2019-01-29,README.md
rust,efaed8e0c0bc67d46a647a0ceb94b4b095ce04db,2019-01-29,CHANGELOG.md
rust,c75dfeb29bc9e8e259382fe8af3917e43f07a9e4,2019-01-29,CHANGELOG.md
rust,c3980bf0bc1641717d3253f9168dec07b52e0e4f,2019-01-29,CHANGELOG.md
rust,c3980bf0bc1641717d3253f9168dec07b52e0e4f,2019-01-29,README.md
rust,d1a67c1174abfb99b67b8db89c9f27c741e85057,2019-01-28,README.md
rust,52a43e963961d1e78cc8d272044e1d23cada19f0,2019-01-26,Readme.md
rust,59e176d4af9ac2df0eb1a5572be03ec6e1108a19,2019-01-26,CHANGELOG.md
rust,1e4f44853c13ae3e669996a265234f95baf957fe,2019-01-24,CHANGELOG.md
rust,7bd38fb927013e47015abb2e0fd5c2df7261019c,2019-01-23,README.md
rust,33b8d25d52ccc23abecefc838b539627e1bccbd8,2019-01-23,README.md
rust,78d4fca2d7c3046fc180abf2c7dec0c2c215701c,2019-01-20,README.md
rust,d17c3d99d08a1d27d7b8a09da6357a5fba0ea17a,2019-01-20,CONTRIBUTING.md
rust,3d7f1880650f62d7fb86dbb55562925e0be1e6ec,2019-01-19,README.md
rust,1800bfb6e67ab7187f0fa51ca8241e904922ecd8,2019-01-19,README.md
rust,0c4602aaef787d94ec01d990744bc9e6941ed2eb,2019-01-18,README.md
rust,48bee07768fab0f6c96fc51957ac6f18e10b7767,2019-01-16,CONTRIBUTING.md
rust,afe5f26239e04b156963ac8d01371847f965e359,2019-01-13,README.md
rust,a8157d2de72dd6b50f46a12e5169d56b96967ba8,2019-01-13,README.md
rust,09323d74265b716c85843f215fd16d3ea6a8879c,2019-01-13,README.md
rust,fdd2f0d8235bb492c9895fb07f677dfab08dc868,2019-01-11,RELEASES.md
rust,434fe4e3569298ea4855f3024466764cc317542c,2019-01-11,RELEASES.md
rust,27989ec30b0981ef0f972d793e43aa5ce0a2e799,2019-01-11,README.md
rust,890a8a45c2b3264cc487411e7d2878cb42149965,2019-01-10,RELEASES.md
rust,359e6bf30be14dc6609d943e0304d5a05c477841,2019-01-10,RELEASES.md
rust,521031f1b8c9355aa508d243e8d4b2812c29c6ab,2019-01-10,RELEASES.md
rust,60677a86bfbdbf9134b618f84053eaa41add4994,2019-01-10,RELEASES.md
rust,58abdb591884bcde77d53a5933a78c89e26c6752,2019-01-09,README.md
rust,f82ecff4d17ab0f90979294ccf5f5079d9df08eb,2019-01-09,RELEASES.md
rust,906b51637ca4bfa0cf68b909160937546234a2e2,2019-01-09,CHANGELOG.md
rust,906b51637ca4bfa0cf68b909160937546234a2e2,2019-01-09,README.md
rust,144f01f3810dca98b7a86df11e0bee6e70b9695b,2019-01-08,README.md
rust,38d4ac7ceaf8ace26864e847c8280dc66410587c,2019-01-08,README.md
rust,7316490fcb01beffff6e696f9e061305ca5a93f5,2019-01-07,CODE_OF_CONDUCT.md
rust,34daf09aa41e24fada5bf10e4193bf85b910a3ac,2019-01-07,CHANGELOG.md
rust,34daf09aa41e24fada5bf10e4193bf85b910a3ac,2019-01-07,README.md
rust,96058616e2a5d8af709da67cb03c35715437a990,2019-01-07,CHANGELOG.md
rust,96058616e2a5d8af709da67cb03c35715437a990,2019-01-07,README.md
rust,3389a688343e528c88c0b142aa152b562fdf5421,2019-01-05,CHANGELOG.md
rust,3389a688343e528c88c0b142aa152b562fdf5421,2019-01-05,README.md
rust,a6c4eaa93c7400450facd0eb0580e4d641f2e297,2018-12-30,CHANGELOG.md
rust,a6c4eaa93c7400450facd0eb0580e4d641f2e297,2018-12-30,README.md
rust,087083e8a4e65f28bca3fc77a84bd93fc60519d9,2018-12-29,README.md
rust,f4cf82ce7d05f5eccb616a3dbb060939e9b0fe8d,2018-12-29,README.md
rust,1719b93120fa3d4b11eee5c0b42619c341584f0c,2018-12-28,ROADMAP.md
rust,113a24855f1c4d9c8c912e6d7013f34ea9d63b82,2018-12-28,README.md
rust,3f978afe8d2260e29dbc593fa294ccaa39b0df32,2018-12-28,CONTRIBUTING.md
rust,d127aed737e6efdf10e6f925f4a82db4dd30c399,2018-12-28,CHANGELOG.md
rust,d127aed737e6efdf10e6f925f4a82db4dd30c399,2018-12-28,README.md
rust,1cda220b4b2403774feae5e37b8e8517875762b6,2018-12-28,README.md
rust,b5e545afc2623400a0ef5af272979724b3f83bc1,2018-12-27,CONTRIBUTING.md
rust,d8c9c9dd4f49fbb78f82c7407daff5e403b6f274,2018-12-23,README.md
rust,cef8f57082a30bf3ead0f81ae81bd3a0b5969fab,2018-12-22,README.md
rust,ff634e235013e4fcb07a4266b3fe96c0db469b63,2018-12-21,CONTRIBUTING.md
rust,ff634e235013e4fcb07a4266b3fe96c0db469b63,2018-12-21,README.md
rust,adba97e4b24aa5ec920330a549690f664a3e1ab6,2018-12-19,README.md
rust,61c0df793060e60e5bd106dec82fd0951decd63b,2018-12-19,README.md
rust,36e2cb045685c86d88ef57551aa9862a9dc74202,2018-12-19,Contributing.md
rust,987f260543aecd0d2645ba7e1adba77d5b7a72e6,2018-12-19,README.md
rust,173a3b292d35371b6bb16eb24a609b3535f7b2b3,2018-12-17,RELEASES.md
rust,d74288efce836ad67825b2d25f6c8889b06c7d7a,2018-12-17,CHANGELOG.md
rust,355018d0860c5aba29045c305adb2b02003e9942,2018-12-16,CHANGELOG.md
rust,db00c3320f8f0235f2ae022de7ecac65bfd80ff8,2018-12-13,CHANGELOG.md
rust,e5ea5395b971930d12e8be36ef124fa7f115f296,2018-12-13,CHANGELOG.md
rust,e5ea5395b971930d12e8be36ef124fa7f115f296,2018-12-13,README.md
rust,8ec371747a742d8f96effe80b9bfcfa53ff6fa62,2018-12-12,README.md
rust,804729cdaa109e55746ec509a253891cb64648e4,2018-12-11,CONTRIBUTING.md
rust,3d23e558e97dbe0179a46dae6cdd9bc48d84636f,2018-12-10,README.md
rust,0c93e4cdb2f6f41fdfd484f5b529454707850570,2018-12-10,README.md
rust,d4da776ea77618a8b50f25b40224678065e27510,2018-12-10,README.md
rust,04e251f623b7880fe2c0bd1ae247c52bc69b597a,2018-12-10,README.md
rust,4d767e1f415967a4ff58a2e88905d5c9f9c98453,2018-12-10,README.md
rust,740634a15481237482477de59bc48bc9be6ffd5a,2018-12-10,CONTRIBUTING.md
rust,2213904024b60ea68af337bf23ab4a653a4bfbc9,2018-12-10,CONTRIBUTING.md
rust,2979ce8f8be56b79a06d745eb6119fa5cabb65b1,2018-12-09,README.md
rust,38667104d6de5d6a0fdd3574d38317e1c0ecea13,2018-12-09,CONTRIBUTING.md
rust,7220185560d7f748c342199f2b1c4ac570e2e58c,2018-12-06,README.md
rust,8cd8ab5f4bf5d00423851d18d5ae802c6660b192,2018-12-06,Contributing.md
rust,8cd8ab5f4bf5d00423851d18d5ae802c6660b192,2018-12-06,README.md
rust,1db535a88766136c1e2dae7255c3904003761063,2018-12-06,CONTRIBUTING.md
rust,aed2b986e6d596f6ed154625030b8c83a67066fe,2018-12-05,CHANGELOG.md
rust,978f8c65ee44b43243a83a047be6cdacb6df1320,2018-12-05,CHANGELOG.md
rust,d5d669228867259277ce2724bb2fa510d16f0b47,2018-12-05,README.md
rust,e632a1946e1f5f943c46719692f6127fe2877747,2018-12-03,README.md
rust,451085ca8dab5a14b6831fe35684618dcfbf0c97,2018-12-02,CONTRIBUTING.md
rust,40d58f9195c7dbee117ad3a918768a489b51dc74,2018-12-02,CONTRIBUTING.md
rust,3478c0c1e6883c2a9385f410d01bfa2203135ca3,2018-11-30,README.md
rust,5032560eaa68b5e6a16c67e42d8b22b10612bc22,2018-11-30,README.md
rust,86e6470a12cc4afc00d2446a6ba0270de95f120c,2018-11-30,README.md
rust,33c1e3c08c52eb32fa2eb80843fb42dddb9a1a06,2018-11-28,CONTRIBUTING.md
rust,93e8c9efc9470fb17fb52b0a4fa17565ad22ee83,2018-11-28,CONTRIBUTING.md
rust,93e8c9efc9470fb17fb52b0a4fa17565ad22ee83,2018-11-28,README.md
rust,14d1e8d17436b22b27c451619ec563494f0e5ec4,2018-11-27,CONTRIBUTING.md
rust,b72398de74161c0228d61501680ab653b9019b55,2018-11-27,README.md
rust,fbd7d119aecca4019467b2b191fcb1d88af2ed81,2018-11-27,README.md
rust,36c04616542d8fcf5924979cc4f85f43e081ab99,2018-11-27,Readme.md
rust,9dd0048e665710fb29e967b3a96c7fbd9d66ee76,2018-11-27,README.md
rust,cc4dd29f547ae96d6b6eb76441f166d7b3f734b7,2018-11-27,README.md
rust,378994b85834497a18ff9bad86dc0a33297c1f05,2018-11-27,Contributing.md
rust,378994b85834497a18ff9bad86dc0a33297c1f05,2018-11-27,README.md
rust,6494f1e60e1931ac62eaef0a203bcb013fd77acf,2018-11-26,CONTRIBUTING.md
rust,6494f1e60e1931ac62eaef0a203bcb013fd77acf,2018-11-26,README.md
rust,2a1c8b1db6d5cb79aa77333387c9be50c0b70aa7,2018-11-26,README.md
rust,dc35841be4dd7efad4205e6d2d9f183b5866f6f6,2018-11-25,CHANGELOG.md
rust,dc35841be4dd7efad4205e6d2d9f183b5866f6f6,2018-11-25,README.md
rust,01fd0012a1f14cd72330be8655b97caabdcf9411,2018-11-22,RELEASES.md
rust,7c166f54b201dbefe27d4ab61dfdf640ac3a2722,2018-11-22,CONTRIBUTING.md
rust,0b8d3233046687383fbd7bbb600377e5c37f4d45,2018-11-22,README.md
rust,d48af43cdf8962e50c8634f0260374c0ac66691c,2018-11-22,CHANGELOG.md
rust,f5929e07977215d2c5d94ae5bda30b38dae21b86,2018-11-22,CONTRIBUTING.md
rust,f5929e07977215d2c5d94ae5bda30b38dae21b86,2018-11-22,README.md
rust,4450b3e47a33e13b890e7e5b41084c89148fae72,2018-11-21,CONTRIBUTING.md
rust,30b3bc8d80e4f2d084ea560a7a196f1a39c54660,2018-11-21,CONTRIBUTING.md
rust,9240ad4571d9000cffc7a02764f09834fade6e4d,2018-11-20,RELEASES.md
rust,e3bbef764c6d2b8655a8d2f8540b5aaffa1924ef,2018-11-17,Readme.md
rust,733f675bccbd23a38d89e66a7ae4d9e5afcdf8bd,2018-11-16,README.md
rust,e1811533aebba7ea1f95a776028086425b3c3fe6,2018-11-16,Readme.md
rust,827e5180f20ebeec990ab8f92a4196ad8c5feb19,2018-11-16,README.md
rust,bf3e376049d122ca47d692cca8cff7134a9746f4,2018-11-14,README.md
rust,866caabb7a1308ee263992414def2074b00db514,2018-11-13,CHANGELOG.md
rust,866caabb7a1308ee263992414def2074b00db514,2018-11-13,README.md
rust,8368fe89bc9c9bc15b11050b99408e36c2b7e55e,2018-11-13,README.md
rust,c81e45f73afaccca991de35e14c8e2ae77b98a9b,2018-11-13,README.md
rust,f37fc5eb7a527124dedb29d75e4f85eb0335c44a,2018-11-12,README.md
rust,efad877c4478d8e9b9627c312f84b5138faf2aec,2018-11-09,RELEASES.md
rust,45e14f8dc59310c8d647f7c76736650dfc8a3fb5,2018-11-09,README.md
rust,cb659cd262f5b66de01b036e26cd51b04052d488,2018-11-07,README.md
rust,a9cd2d60bc6d22854cbcb30ef73bbd3c79a8df28,2018-11-06,ROADMAP.md
rust,f0bcb09b5e5e34810c302caff94d9bf911ee3ebc,2018-11-06,ROADMAP.md
rust,d1b242262a6617b22140bddd0bed23115c260e74,2018-11-06,README.md
rust,90f31e21ab1e3b0b3cd3887094a705217f67bdfa,2018-11-05,CONTRIBUTING.md
rust,bb4083c412f0d7e687b3ae7ab4cc4dc57e6ea804,2018-11-02,CHANGELOG.md
rust,bb4083c412f0d7e687b3ae7ab4cc4dc57e6ea804,2018-11-02,README.md
rust,2d1c9313b0e901229c0ed69f030302917cf8fd18,2018-11-02,CHANGELOG.md
rust,2d1c9313b0e901229c0ed69f030302917cf8fd18,2018-11-02,README.md
rust,6819127f1e495ab90e1ee9c1a0c5d16b2d132178,2018-11-02,CHANGELOG.md
rust,6819127f1e495ab90e1ee9c1a0c5d16b2d132178,2018-11-02,README.md
rust,f33dd175f3b654b9962669948f8f98fab877d046,2018-11-01,CODE_OF_CONDUCT.md
rust,8f811fe12f20e6f969490d2db9e05319d6856721,2018-10-31,README.md
rust,9adf96d961b833043436ff731af924fd9c9f55b0,2018-10-29,README.md
rust,19c4e36486006945d5edf43c2186ad227f1cd71e,2018-10-25,RELEASES.md
rust,5285372f686ed5ff7a84cd0cefb287af6b9c62b7,2018-10-25,CHANGELOG.md
rust,5285372f686ed5ff7a84cd0cefb287af6b9c62b7,2018-10-25,README.md
rust,ee26e8edebd16b1d11e2af686a12143826fa46fb,2018-10-25,RELEASES.md
rust,7a39bc452b1fe03005a7c6eae20dfb28b9c61c6d,2018-10-25,RELEASES.md
rust,aabf8083bd7e3e45ca4701623ede99fb35dd0578,2018-10-25,CHANGELOG.md
rust,aabf8083bd7e3e45ca4701623ede99fb35dd0578,2018-10-25,README.md
rust,b18935047c79afe10678d46522586b1905909b6c,2018-10-25,README.md
rust,569228a45e73ba994d9dc5fff11381fe700d6cc6,2018-10-24,RELEASES.md
rust,8f9ca242fad4b17a505d26b41e8168cc051d4fe9,2018-10-24,README.md
rust,86aa8352c695a59db5822f267b6c64ccf601220d,2018-10-24,README.md
rust,d334fab4d0c28bd59538864e02847876a032439c,2018-10-24,CHANGELOG.md
rust,d334fab4d0c28bd59538864e02847876a032439c,2018-10-24,README.md
rust,cb99316c8a8dd785019a3fe4b6eb371bf60211be,2018-10-23,README.md
rust,5347411a2deb9a34a5b680c8186fb7eec8e9c02e,2018-10-23,README.md
rust,abda1a8ebb4f38929a6f62e73b81ce6deb95ef61,2018-10-23,README.md
rust,3dcf655eead8aa4f041d881a91200fc9998d4405,2018-10-23,README.md
rust,f77b29294829564f6d95148ef1e3749587518dfa,2018-10-23,README.md
rust,95f740600c530658a40687f169e2337171cbe612,2018-10-23,README.md
rust,8d6ee8f54ad802231f1e09e4b4433ef84d8a4248,2018-10-23,RELEASES.md
rust,3b7058098b99d40121f2f6baac9d7b8f914e56a2,2018-10-22,README.md
rust,e10f0cd07db1be8579cd6fd4f3da7cd94502a18c,2018-10-20,RELEASES.md
rust,b25f974c0d6277de3f8f8473533f3f263ec9fbb7,2018-10-19,CHANGELOG.md
rust,518a5a4898799e4b6732ac217f85def83fc462aa,2018-10-18,RELEASES.md
rust,66ae3b124949d07c2a50e051b166b93029ecc4ca,2018-10-17,CHANGELOG.md
rust,f5e3cdbf03dfe27b5e64a71cf58f9f096bd25b93,2018-10-16,README.md
rust,e4d04a5df8b6326668f67c10be061e27af6d5e70,2018-10-15,README.md
rust,e03d24e153ca7cfe6921f39e9aea1167e01127bb,2018-10-15,CONTRIBUTING.md
rust,f77fdbc9d24c0bea82f38ac73cdc1bf9ff00f39a,2018-10-14,CONTRIBUTING.md
rust,f77fdbc9d24c0bea82f38ac73cdc1bf9ff00f39a,2018-10-14,README.md
rust,e8687a6677b2352228a6edd2ba05282cbb1ddb65,2018-10-12,CHANGELOG.md
rust,e8687a6677b2352228a6edd2ba05282cbb1ddb65,2018-10-12,README.md
rust,34fd4af503f6cf193e42cd7760c848bc45852875,2018-10-12,README.md
rust,b8654eaa6c4c4abaed9b8e448445b992c87bb41e,2018-10-11,README.md
rust,2b9c1e91492d37beda4735229de6f9571ccacec7,2018-10-10,Readme.md
rust,91f99920bdafad7108211b408b957894bf9d4a38,2018-10-09,README.md
rust,f17296e1c108bf2e050eaf259a7d4da5226714e1,2018-10-09,README.md
rust,460d3f05a2508c53ffbed63aaa9583b02f9549bd,2018-10-08,Readme.md
rust,e1d7f00e430aa253cf686d3330d1408620977443,2018-10-07,CONTRIBUTING.md
rust,492d6852e5bd04c1a8df74077a1e11d0e5baff2e,2018-10-07,README.md
rust,ca437e81a730e2b449b50e00f3bb7f3d381f327d,2018-10-06,LICENSE
rust,ca437e81a730e2b449b50e00f3bb7f3d381f327d,2018-10-06,README.md
rust,d927da12bc9293e7d4b4cb917dad64cf7946bf4b,2018-10-06,RELEASES.md
rust,62af9c9a04c6eb947c34ffa63313340f21135b86,2018-10-05,Readme.md
rust,fce76cc79a409629eca5536cf407bf95af1eee8b,2018-10-04,CONTRIBUTING.md
rust,80eefcbc0517d24dafa8f349f2c0f20d396a6c4d,2018-10-04,CONTRIBUTING.md
rust,c0ab8b2531f273f0ce93dc64df83d936fc505604,2018-10-04,CHANGELOG.md
rust,c0ab8b2531f273f0ce93dc64df83d936fc505604,2018-10-04,README.md
rust,f42272102a97e2f57e4d02c3a5a1defa3c800970,2018-10-03,CHANGELOG.md
rust,f42272102a97e2f57e4d02c3a5a1defa3c800970,2018-10-03,README.md
rust,84f75f0dbb2459d2c73ef8736d835aa651c3686a,2018-10-02,CONTRIBUTING.md
rust,b36bb0a68d70f091dd03f209f41b614ff1f015d0,2018-10-02,CHANGELOG.md
rust,b36bb0a68d70f091dd03f209f41b614ff1f015d0,2018-10-02,README.md
rust,b94238f5b38587174fb7d0c11f1569961e491330,2018-10-02,README.md
rust,d681d5f456cd1b960b50eef527bd54a2ef8848e5,2018-09-26,Contributing.md
rust,f5ffac4fce524229e567b9b9f38925a49f35cd29,2018-09-26,CHANGELOG.md
rust,f5ffac4fce524229e567b9b9f38925a49f35cd29,2018-09-26,README.md
rust,24472943ce34e6ed0ac072191f8747de5acb000e,2018-09-25,RELEASES.md
rust,2b4d9d55b84aee46faf10ad99fc005a528f2fc77,2018-09-25,README.md
rust,14feb3670f4e1e5ff759253b9dc86cfbb29ff8a5,2018-09-24,CHANGELOG.md
rust,14feb3670f4e1e5ff759253b9dc86cfbb29ff8a5,2018-09-24,README.md
rust,8e9f1a9d683a45a26ab6f4eeab2dfdec608ccef7,2018-09-22,README.md
rust,885162d71356b948da88ace97cc546d42191907d,2018-09-21,README.md
rust,f72cfc2985d1db30d351e425ec7f45f6b0a328a5,2018-09-20,CONTRIBUTING.md
rust,2b57cec649013e5209d10c6b83ecc963b019c3e1,2018-09-20,CONTRIBUTING.md
rust,f9511bfdc3753f22cfc33d53159bcd4226c307c2,2018-09-20,CONTRIBUTING.md
rust,12c7bc1e585d0be7f9fd191dc084cd30ee344385,2018-09-19,CHANGELOG.md
rust,12c7bc1e585d0be7f9fd191dc084cd30ee344385,2018-09-19,README.md
rust,9c50aa88105946a979afcfe0b2780195e73c2331,2018-09-19,CONTRIBUTING.md
rust,c06551aba7c078aadfb9c02bf86b1472d6bc4ac3,2018-09-19,CHANGELOG.md
rust,c06551aba7c078aadfb9c02bf86b1472d6bc4ac3,2018-09-19,README.md
rust,8845b504382769eff14d2bd4c0c5dfbac75739d2,2018-09-18,CONTRIBUTING.md
rust,8845b504382769eff14d2bd4c0c5dfbac75739d2,2018-09-18,README.md
rust,b5cb53ea93f2573b76515a0b651eeb13bb5a74f0,2018-09-16,README.md
rust,cc76b0d31d8ba013c499dd3a4ca69b37004795e6,2018-09-16,README.md
rust,535f4c2b933995065aed069fab5536ea9ee06682,2018-09-14,README.md
rust,65b58de545ae64c3d789084642ed8c42d5acfea2,2018-09-14,README.md
rust,86afd26a6eeb87cf081a65f22b8f79f16aa7da55,2018-09-13,.github/ISSUE_TEMPLATE.md
rust,c9c32a665e4f218b6fa8419590ceef1ef429caa1,2018-09-13,README.md
rust,49b1a8c77538ca0e559ee634d22712909d3f9bd6,2018-09-13,README.md
rust,f656fe3b5df0cea8a1c93077a2208e56e8fdbe9f,2018-09-13,CONTRIBUTING.md
rust,ef4de4d005a77ff47bbb0e462b6ca8800d04a7aa,2018-09-13,README.md
rust,3c1efcd6a738ce4aa256e49a2506eec5804c75aa,2018-09-12,RELEASES.md
rust,88fe8acd89ab5e657f0966d5c290ff79bcb62c40,2018-09-09,README.md
rust,e25e2abe4831e6c1ae3b93f6c4209276272ff0ee,2018-09-08,RELEASES.md
rust,bae5938682978cff84826cee300d6cfad1b9dbd0,2018-09-08,README.md
rust,38d287fecd385aa8f89cec1822f7f6a30bfd96cb,2018-09-05,CHANGELOG.md
rust,38d287fecd385aa8f89cec1822f7f6a30bfd96cb,2018-09-05,README.md
rust,8adc744645f72dce8d3030b3c3cd282c14e8a6de,2018-09-04,Readme.md
rust,273e11fcafa07287c19b28794dfd28ae9b09e7ff,2018-09-02,README.md
rust,eec74360dce0be790b537ab41239bd9b876741d2,2018-08-31,README.md
rust,c69b9601c2c5ae2b99778b5c129f17c42b8bf1f5,2018-08-30,README.md
rust,83baf8f5fe32fab5dc5e0190cf16ca1d281d4fd5,2018-08-29,CONTRIBUTING.md
rust,83baf8f5fe32fab5dc5e0190cf16ca1d281d4fd5,2018-08-29,README.md
rust,fa75111043975e0da885a72b72b6697dda38642d,2018-08-28,CONTRIBUTING.md
rust,d99cea0f16633556871a59500c610782b07233b9,2018-08-28,CONTRIBUTING.md
rust,2e75f23de810d8fad44c19de6690eebc0fbeaac3,2018-08-28,README.md
rust,4d293003964c8f9fabadb1ceb77eab29c0438de3,2018-08-24,README.md
rust,3cab207300f2c9fc6f55e97d368f72d9de5acd64,2018-08-24,README.md
rust,2812015d40c94ddb94bb57ed1a9811ff24414c44,2018-08-24,README.md
rust,200c6d9fb58ceafd8a6f3742382f9fce122bb157,2018-08-22,RELEASES.md
rust,f07245c041384649e0caeca4555540be94620d80,2018-08-22,RELEASES.md
rust,4b10e6e613270f98d39892ab6afcce6e8992765a,2018-08-14,Readme.md
rust,c4c8c60279aa58616412289c0d832251b62d7ad3,2018-08-14,README.md
rust,1ec87283259b38d0e729495953dddc206d74a52f,2018-08-13,README.md
rust,66bd0d472b8e2699b68ae63709ff2524442b3dc5,2018-08-11,README.md
rust,7b29b4cec18366764966bb4d4bd415cf6edb3d29,2018-08-08,Readme.md
rust,0f73b8fb4ce472d423260e43741becd6c331d044,2018-08-08,Readme.md
rust,376ec8c258ff5bc0400bff16979199fa3f9ce871,2018-08-08,Readme.md
rust,cb10e06559ce583760f964385ca38d9aa59067a9,2018-08-07,README.md
rust,264f6b86907b4c3eb31a6f5ad23c234ae8e5b53b,2018-08-07,README.md
rust,b4924bf72728f6f022daceeb657239ee51d5cde7,2018-08-03,RELEASES.md
rust,96f50f1edc79fe4b718262ae6a275bc0a43d66b6,2018-08-03,RELEASES.md
rust,a646c101490dd601058fad2b429937ae1d04695c,2018-08-03,RELEASES.md
rust,3350eafbe00fdc89a27693fad183fd1e54f9a1e3,2018-08-03,RELEASES.md
rust,23bdc82068b679be69a5247cb8d0d44842dbd2c9,2018-08-02,RELEASES.md
rust,30fe66b11049cb1f1163c450c43a62bed7a68acf,2018-08-02,README.md
rust,c2d57db4eebeb7e391d0a7bc8b2f49607d301588,2018-08-01,RELEASES.md
rust,bcab7e28b412fa0608c32254ab0727f9480176d2,2018-08-01,RELEASES.md
rust,6b138f5167d64fb1e13aba7a7479567548e7b34c,2018-07-31,RELEASES.md
rust,a26390b06b425230b2d269516ccdbc7dc259ede7,2018-07-31,README.md
rust,d9331749f152b60ea376016fa387ed9eea5e8e04,2018-07-30,RELEASES.md
rust,be8863836e40d621fb15d72d0b919b4dc08bbb36,2018-07-29,CONTRIBUTING.md
rust,dc4f2341150e4c8356a8e81ad9e0a6908d10c5df,2018-07-29,Readme.md
rust,1c6090c440e77c7aea4dd4b3658d4730539b34af,2018-07-28,README.md
rust,0961c692fae6164086c9c8e21d9e8de253399d8b,2018-07-25,CHANGELOG.md
rust,3cce003f15c78527ae470c3e62f6c9a8f3931609,2018-07-24,RELEASES.md
rust,9c6a53053bbc7ee0343db13372e5cfc293702be4,2018-07-22,README.md
rust,444d97fc7d94c9a8bb2f9d87c7393c6e3a6c2f12,2018-07-22,README.md
rust,2a29ed01427b50eeb10ed2ea02128d7bb55cab8f,2018-07-22,README.md
rust,b454bc34fb0986947f9c46c69e67354d382aec1e,2018-07-19,Readme.md
rust,85eaa2c0c9ad71cdc4b52a41a7ab41884beb3a87,2018-07-19,Readme.md
rust,75d8fefc18411785d61873c6602d17907e0574ff,2018-07-19,Readme.md
rust,dabfac3df70c796525df4ba806ed1d3e9a57016a,2018-07-19,Readme.md
rust,5f57ac5725653a76a54f810abcb3a6f935c12065,2018-07-18,Readme.md
rust,5951efb7489b3f44699a04905c9025a12d8b8ce3,2018-07-18,Readme.md
rust,9615f3a1372e715772815292cfab23a456932f63,2018-07-18,Readme.md
rust,d0ef7f455cbbd0a0d8ac706f8e0ccbd30f15b0ec,2018-07-18,Readme.md
rust,a43f8cf819c067b5bb646622f135e310eba02af5,2018-07-16,README.md
rust,29cae6263b442ae291e2d8422172a25be092d510,2018-07-16,README.md
rust,1bd17e4fa2ba4bad31c15c50300c32235a715223,2018-07-16,CONTRIBUTING.md
rust,a39f25c8132950212d46c5989f906e98c5604a59,2018-07-15,README.md
rust,473c50405da7f11d2b33921d2910ae82184ad7fa,2018-07-14,README.md
rust,ecb2dc6b410b5b7603b894acc8cc70b348e8edab,2018-07-13,RELEASES.md
rust,4c340a28adf4ecd48e17da9fc3d1d73f696bf0c6,2018-07-12,RELEASES.md
rust,105f7e7fb28041a7e0fb13123d5caadbaf881f24,2018-07-12,README.md
rust,667ad76bca00e04d05c08165a209393c6153125a,2018-07-12,README.md
rust,5f2f2546957e473bf146bcb35a96d80d60e4022d,2018-07-12,README.md
rust,dd7cc47e5c73eeff21c358e6bf10d6db656ce0c4,2018-07-11,README.md
rust,d914106d871050f84f465fc906b9b7b431d828ce,2018-07-07,CHANGELOG.md
rust,d95d6516b4aef52b3556bd61afe33e9f37bcd2df,2018-07-05,CONTRIBUTING.md
rust,d95d6516b4aef52b3556bd61afe33e9f37bcd2df,2018-07-05,README.md
rust,6556c84e3faa230c854e721eb8a48ed2131cc822,2018-07-04,README.md
rust,dab257f1932718b659564a242ee450016175d12c,2018-07-04,RELEASES.md
rust,7c4ec40346591755b5401bf95a048974542c43bc,2018-07-04,CHANGELOG.md
rust,7c4ec40346591755b5401bf95a048974542c43bc,2018-07-04,README.md
rust,29851baf0cf3e71ec70bf319b7a5edd0b535f40c,2018-07-02,RELEASES.md
rust,f7a25a1177c86541071932a9e578819c7ae33d5a,2018-06-30,Contributing.md
rust,b4b6e6558e3ccd5ef11758297dc064acceb15ef2,2018-06-29,CHANGELOG.md
rust,a24f77f65a60d689f2fde255f680bdf6ee87f065,2018-06-29,CHANGELOG.md
rust,a24f77f65a60d689f2fde255f680bdf6ee87f065,2018-06-29,README.md
rust,fc8f852ebeb5263273734200d0dd7596d0023c86,2018-06-28,RELEASES.md
rust,3f31c389c491e6082ff850ae6873b3a5097d4d7f,2018-06-26,RELEASES.md
rust,9f8624e5bf6f4feb99ebe0d62b83a30c9e2747c4,2018-06-25,CHANGELOG.md
rust,9f8624e5bf6f4feb99ebe0d62b83a30c9e2747c4,2018-06-25,README.md
rust,ffc733fcef4e724524a705c7bc8c9e068fa3ca3a,2018-06-23,RELEASES.md
rust,b58047681bd9255905feff26a53f0279e3f533e3,2018-06-22,RELEASES.md
rust,bf90d4377f046b7809a50b8fa74be6848d4c1a86,2018-06-22,RELEASES.md
rust,50027405c3647d922b79d50ce68c241b0e9fbdbc,2018-06-21,README.md
rust,0f848576e9495560ee1d4a066ad37047d22624b9,2018-06-20,README.md
rust,e133fc5106429de4f48272f14be72e24bd1b3236,2018-06-19,README.md
rust,f8c8701b18b88ca3a96b2cf83f76a12fb1426e74,2018-06-19,RELEASES.md
rust,7d672888fe192290c31b626a393dd14ec1865fbc,2018-06-19,CHANGELOG.md
rust,261238ea51bd564460027d5fddbd93fcd189a5cd,2018-06-19,CHANGELOG.md
rust,8625cfb9889adae936c326f4ec7a6ce270d707cc,2018-06-18,CHANGELOG.md
rust,8625cfb9889adae936c326f4ec7a6ce270d707cc,2018-06-18,README.md
rust,b676b37988e944cdae029a3d49c1ac3b246ab3fc,2018-06-16,RELEASES.md
rust,3a76b876b839fa9d81a9d65f955caed6ed6b4656,2018-06-14,CONTRIBUTING.md
rust,b0a55554acb388c9382c98eab09be776cd5c6d67,2018-06-13,README.md
rust,3eaa4a3fade880dee173a2ce5634a6b2d87a63c9,2018-06-13,README.md
rust,46f74a3ef5f25f0a47daa4d19643dbf14303a90e,2018-06-12,RELEASES.md
rust,33ceb03efd66ffc2347dffea79568ce46bc48a82,2018-06-11,RELEASES.md
rust,8fe90e41d05cf92b4bcc35055c4a825342d4eae4,2018-06-10,CHANGELOG.md
rust,8fe90e41d05cf92b4bcc35055c4a825342d4eae4,2018-06-10,README.md
rust,0bc8d4ef2c36ed08e9ec9c0793106301941577de,2018-06-08,CONTRIBUTING.md
rust,1c6c79f92cad0c0e062ba1ef1d291f140e326cb3,2018-06-03,CHANGELOG.md
rust,1c6c79f92cad0c0e062ba1ef1d291f140e326cb3,2018-06-03,README.md
rust,21423ec3134fda7d429047db94fbbfabb78f7ef1,2018-06-01,RELEASES.md
rust,bad9fefdaef3aa240a0bfec86e7eccb442e452b4,2018-05-31,README.md
rust,ce229b2025117812caf4b9da062aca4c8b35240e,2018-05-29,CHANGELOG.md
rust,ce229b2025117812caf4b9da062aca4c8b35240e,2018-05-29,README.md
rust,78b8d5cf1a358a6856d9ee3fcad0dbc5e3f291d1,2018-05-27,CHANGELOG.md
rust,ae80941b11bd94ec2b872d6149b56dbb7b684829,2018-05-26,RELEASES.md
rust,fc008aa14c59a0b0cb0a1e60fe836f83019a722a,2018-05-26,CHANGELOG.md
rust,77794e91e219b85663cf693d35f677e564151420,2018-05-24,CHANGELOG.md
rust,77794e91e219b85663cf693d35f677e564151420,2018-05-24,README.md
rust,e7a3e03c6e7dd2c342847adec6b3531324195d31,2018-05-23,CHANGELOG.md
rust,0a368b467e65e4a3aa8462cbda5beb78e8f622e4,2018-05-20,CHANGELOG.md
rust,0bf96259f1650286365f10fb316ef39755466b4c,2018-05-20,CHANGELOG.md
rust,e0df4ccfc5ba76347cc3eb427bbe5d932f61ecee,2018-05-19,CONTRIBUTING.md
rust,ebe0b0eed596243a2839867363cb31d93f0b9754,2018-05-19,CHANGELOG.md
rust,390ae7940a982ab8d54378b54c204de316cb14ae,2018-05-19,README.md
rust,87c56544e249b923a027ab91fcae07bcbd475baf,2018-05-18,README.md
rust,223fdfa08600e245ab56cd8a82625367469443ed,2018-05-18,README.md
rust,c0bf3a46968e9f19e5f3aad563d03a2d222a320b,2018-05-17,CHANGELOG.md
rust,1af2f20da64121a1e90a70ff635cba439bfea6e1,2018-05-14,CONTRIBUTING.md
rust,c658fc8cbcd1f199edd445a49cb43139ebdc5f02,2018-05-14,CHANGELOG.md
rust,de950c2973e20be37159952ded06a8d8aeff261d,2018-05-14,README.md
rust,a8d7e5a1f231a80a5d6a86de97ff705c64ef4c3e,2018-05-13,CHANGELOG.md
rust,5d9f5aa05a668e7dfef87b46d89dad2884df9d41,2018-05-13,README.md
rust,fa0d9c578219bbb0d931221ee258fb603e24e940,2018-05-12,CONTRIBUTING.md
rust,fd8a1d20ccad8a2dd7b95a9a9a6fe94048a74d5f,2018-05-11,CONTRIBUTING.md
rust,fd8a1d20ccad8a2dd7b95a9a9a6fe94048a74d5f,2018-05-11,README.md
rust,654ff185881b6f5ab7048ed2b0c02227323fe0df,2018-05-11,README.md
rust,6baca22e27a58bf493fe4c2b509a899fbe8d46c4,2018-05-11,CHANGELOG.md
rust,111786d30e346f356e87d5ec4e6da218d66a85e2,2018-05-09,RELEASES.md
rust,85f3ecfa9b7cb3d1b481f82a627139905f74bb23,2018-05-07,RELEASES.md
rust,e456241f18227c7eb8d78a45daa66c756a9b65e7,2018-05-07,CHANGELOG.md
rust,c2ebb06a859eb48f34e7d59fb3256e68c1d28984,2018-05-06,README.md
rust,642baa91cfb38cd1b30799b27dcf49f2d9f4f6fa,2018-05-04,CHANGELOG.md
rust,642baa91cfb38cd1b30799b27dcf49f2d9f4f6fa,2018-05-04,README.md
rust,a27baecbdfdcb9d4772b5e136ed96b878c126bb4,2018-05-04,README.md
rust,4b444f5b2393d23e980ea0042f976e01c752cfc0,2018-05-01,RELEASES.md
rust,7de706b34b4ff04f58a2a5c3f72a7b0cab3488f6,2018-04-29,README.md
rust,6f47cb1102d8d92ed07d65eac342992a50bdf197,2018-04-27,CONTRIBUTING.md
rust,cc7d66aa9cae2fb9c97d534cb9244d98f5d67a0d,2018-04-27,CHANGELOG.md
rust,cc7d66aa9cae2fb9c97d534cb9244d98f5d67a0d,2018-04-27,README.md
rust,36233789d473cf10e235b12b9421f8ed94f0ca26,2018-04-24,CONTRIBUTING.md
rust,6b6933cf3cccdcc8a6f8177f93c10ef737dabf70,2018-04-21,CONTRIBUTING.md
rust,5bfb306b4b13339443f8e6898833f29db0c8cce9,2018-04-21,CONTRIBUTING.md
rust,79b11275965fe6dbd8d1ed52b44d7663ca4d2f95,2018-04-21,CONTRIBUTING.md
rust,f9532ba8d7ffec4bbd2698c048c383910fe714c4,2018-04-19,README.md
rust,c5b39a5917ffc0f1349b6e414fa3b874fdcf8429,2018-04-19,CHANGELOG.md
rust,c5b39a5917ffc0f1349b6e414fa3b874fdcf8429,2018-04-19,README.md
rust,d93ae12c529e5cecb920b26b4cf5d57282e8d4d2,2018-04-19,Contributing.md
rust,670448d4485202fe3b84c9d342901f0a000b9b9b,2018-04-18,CONTRIBUTING.md
rust,fe426b7c51d00bbd17cd243fc9cdaf8899c4f0fe,2018-04-17,CONTRIBUTING.md
rust,9dc9487567e7e1be7319c190401135d174ff35a8,2018-04-15,CHANGELOG.md
rust,9dc9487567e7e1be7319c190401135d174ff35a8,2018-04-15,README.md
rust,4f4e20c561b223027e47183e58c4ec17f406d809,2018-04-15,CHANGELOG.md
rust,a3ff21f4d6a957e337e46d43da4e7f45d80e1504,2018-04-15,CHANGELOG.md
rust,e5ecbb55ee68370c629215e077ced565c0925d22,2018-04-15,CHANGELOG.md
rust,cc2906cb26304301709557a88ac4a3334b88616b,2018-04-13,CONTRIBUTING.md
rust,ba1be0d53b1236ab03219f49ca86df89f44418f6,2018-04-10,README.md
rust,8331197b7b96bd234832e11fbc35345913362e3c,2018-04-09,README.md
rust,4015395888308a4496f6931e66c492f672e3663f,2018-04-08,CHANGELOG.md
rust,20466940295f0893dbcb9798a790394bd9070b7d,2018-04-05,README.md
rust,d71f918616783b25b4023e98356f13ceab1bebcd,2018-04-05,CHANGELOG.md
rust,c7aa8b0458eb0f36e72df5126602d9a8723ad53c,2018-04-04,README.md
rust,1c73db172a59ff4e34b3bc636614029401e66a7a,2018-04-04,CONTRIBUTING.md
rust,c170e8640349657c054c16132be37417c9289948,2018-04-04,CONTRIBUTING.md
rust,2e7d1a1184320385c45996b5ade3db05704606be,2018-04-03,README.md
rust,b1b0b36cc0385bd43c2b56d45eb00272f72cda23,2018-04-02,CONTRIBUTING.md
rust,fe8ba21962652e91a556fde596a19b6903c0000a,2018-04-02,README.md
rust,872db029cf8e85ec130af0ba9bf851ee347c3b14,2018-04-01,CONTRIBUTING.md
rust,1d5dc3d180cb6f89cbe727b73d45df6582999a38,2018-03-30,CHANGELOG.md
rust,9a73bd98dcbaa45fd0d6ef5ce65ed0a15ca66f67,2018-03-29,RELEASES.md
rust,82e771d7dcabc86434c47e1ee461c62d30d91289,2018-03-29,README.md
rust,eafb9fe8df7bd387bae9eaa6c221a1a96b848111,2018-03-28,README.md
rust,082e50d9869a3c159bb0ce1570b71ad0d86ea23d,2018-03-28,RELEASES.md
rust,f513fbdf36ad0708fb222b8d55bc086dd4be18cf,2018-03-27,CONTRIBUTING.md
rust,96d5af36f87c9b4ca09a9aec4a49154404264501,2018-03-27,CHANGELOG.md
rust,6313997e3eede7107614adcb622b41ce8f5bcd95,2018-03-27,RELEASES.md
rust,cb9d1727fe3042018d1559be3790162224e449ca,2018-03-25,README.md
rust,e2cf17278d1eabe30100095191f0b3c19e1f4f2a,2018-03-19,RELEASES.md
rust,47a706682cb5fd47b61fd8451c1a781c4f16c81e,2018-03-19,CHANGELOG.md
rust,874992797330c201aa17eda4fd36c1f0dbd5060a,2018-03-16,CHANGELOG.md
rust,87180d9065e7c8070c0ba46eb48ddf8779ef89ac,2018-03-15,CHANGELOG.md
rust,f83618b9dac3b92b554d3751dcdea9aeefc6e72a,2018-03-14,RELEASES.md
rust,314c912303119a43ed2889ef79bb1ad05bab6e84,2018-03-13,CHANGELOG.md
rust,c8298759607952ca13f5be9b2aefd3c89aa40c4f,2018-03-08,README.md
rust,ca1c91bc653caa2c51d70a0f9ed81dd364da1a5f,2018-03-07,CODE_OF_CONDUCT.md
rust,7d85e1368ea7844b317eee07ea2050cd7bf0bbd9,2018-03-07,CODE_OF_CONDUCT.md
rust,d69b24805b5071e5ec9e62d2777a761723644144,2018-03-04,README.md
rust,f9c5b1f8e8fbc9c6d8e4b69ecbef6345a73ce515,2018-03-03,CONTRIBUTING.md
rust,87d3b3c25a12817827398f377ff06c3e8d5baedd,2018-03-02,Contributing.md
rust,87d3b3c25a12817827398f377ff06c3e8d5baedd,2018-03-02,README.md
rust,ab7b4a8bf5ec66c2b18a5a232abc40310d6cfb75,2018-03-02,README.md
rust,73fb380cf1b1c2feceaf52d0c7c6d1df85422a84,2018-03-01,CODE_OF_CONDUCT.md
rust,6edbe374372f8afed59cfa2fd4ea6a3ca3beca59,2018-03-01,README.md
rust,539b4b61ec8bc63ea65e31de1435afe8ce78e9e0,2018-02-26,CHANGELOG.md
rust,9d2229f2fdf59b1cc80aea8851e14db81c55c82f,2018-02-26,README.md
rust,a05c5538d4df190123a11f391784beab2942dcb1,2018-02-23,CONTRIBUTING.md
rust,a05c5538d4df190123a11f391784beab2942dcb1,2018-02-23,README.md
rust,acc1b6dc99e6b9bef412024ed0803dd08f33c1c8,2018-02-22,RELEASES.md
rust,1f3b626527ed71f70c0a6602895f677e1baf479c,2018-02-20,RELEASES.md
rust,312e53d39f287551631b8f2e717452360e2d6786,2018-02-20,RELEASES.md
rust,4452446292086d9c92ea709eea61a31cedb55e22,2018-02-17,RELEASES.md
rust,bcd6765285ea8314153bc885d4ab3df5cee659a9,2018-02-17,README.md
rust,4af82a278ccd339bb11b939a06b99224536bb9db,2018-02-16,CHANGELOG.md
rust,9332181729a9bcb55262c8f0fffbf1f124595be5,2018-02-15,Contributing.md
rust,017fdc56f117ae1c4607d564680f948c9366301c,2018-02-15,README.md
rust,e2088b0e0ed9d896d0e71a50e0378d97bc73300d,2018-02-14,README.md
rust,0b4e0b82a9e8f771ea1aee768fbd5842ad006fab,2018-02-13,CONTRIBUTING.md
rust,7cf5ea02a94814d52825c742bd1d1415748c505b,2018-02-13,RELEASES.md
rust,28b39f5d7aec44176b06fbbad0d5fc6e711d28f3,2018-02-10,RELEASES.md
rust,b52f46d1d17301d75fe212d4b95bfd7fdf4d9fb8,2018-02-08,README.md
rust,45e4f3aac79bb4f34952ff70a15aaed36bcd811c,2018-02-07,README.md
rust,ce47e529d29f0bf19b31ae80b37b467e42fb97e2,2018-02-05,CHANGELOG.md
rust,0910883cf29e122c9b69ad161515c79024ca9fd6,2018-02-04,README.md
rust,8e8cf2feb1bcb15950758c9213c3976713c1c6f1,2018-02-02,CHANGELOG.md
rust,8123495e0f36c429a865645a15a2bbb02e9a0c0f,2018-01-30,CHANGELOG.md
rust,c9c346a89ff2c1ecc065786bdab0fce550eaa318,2018-01-29,CHANGELOG.md
rust,56c6d73d824eb4f84d3dfa1f9862e5b724c2b9dc,2018-01-29,CHANGELOG.md
rust,81c5a05648f7faa28cf92c745969c8dcb4fd17f8,2018-01-29,CHANGELOG.md
rust,fcc4987de576fd55131c75e41c9bfdf439be58ce,2018-01-28,README.md
rust,da9bfacd98758438a5e733f1a3c42d8244c74eed,2018-01-27,README.md
rust,d32345e518acd92d8c3509590ae21260d7b8e189,2018-01-27,CONTRIBUTING.md
rust,ffe545cc37b9d4b1c45171575a6cc3128fa346e5,2018-01-27,CONTRIBUTING.md
rust,96201750944091cb90d0a0dfcea04eb0303e670a,2018-01-27,README.md
rust,930a8c6cab34133aa0bafbdcf041169189df1863,2018-01-25,CHANGELOG.md
rust,96cba36b46ae1ab24da8de0d75e35328f23f7ebb,2018-01-22,CHANGELOG.md
rust,9a4287d263748970ee1bf7ba116bbc5225962a4f,2018-01-18,CONTRIBUTING.md
rust,e0e3e22248cd14ebbe0253e9720261a0328bfc59,2018-01-18,CHANGELOG.md
rust,5f3c340bfbc61dd676bab8b383a6ad080ef554b8,2018-01-18,CHANGELOG.md
rust,e168aa385b9afb6c84071a09910724bdde3dfc5f,2018-01-15,RELEASES.md
rust,fa782303a6a12fa4c13d8c8e2af13239b36813b5,2018-01-15,CHANGELOG.md
rust,d011dae96dccc119e65c5ff9417522f613398928,2018-01-15,CHANGELOG.md
rust,c66eaee77c095a31e64c2e6ca56536d50ac31ab9,2018-01-12,README.md
rust,fbbaab805170ac6092e5bb99e6a18fb5230751f0,2018-01-11,CHANGELOG.md
rust,adb8378827f70b0eeb19922f80bedc59c58207dc,2018-01-10,README.md
rust,e9dd8aae226cdfc0670880792eef5425f42b05a0,2018-01-10,README.md
rust,94ff089f3196786973fec49f9d890bf405725a8d,2018-01-10,README.md
rust,5338eef982e2a649b7e411422425c839d39cde62,2018-01-10,README.md
rust,4c10c31be339ef3082f142061d83149af2a30ec8,2018-01-10,README.md
rust,41a710e3f4d52f08a487b22debd5940fe705e38b,2018-01-10,CHANGELOG.md
rust,18f3f0dd6232aa5cf47063b6118ea58ee1f9f52d,2018-01-08,CHANGELOG.md
rust,ab5b7dd7c1d66f2fe187dce23a41b953b4081cfd,2018-01-07,README.md
rust,9bf8f7986de2359d2ae6e8f623d948201cc038f0,2018-01-05,README.md
rust,50989cd98dbef60b0b6f5baa0ce4203ce778adaa,2018-01-03,RELEASES.md
rust,47e18e0db73246cb509d54567a8910954547a1ab,2018-01-03,RELEASES.md
rust,a7f423b114420b6ad7265faff2c90441f380de4f,2018-01-01,README.md
rust,bdda4779564534805b35b749c42c6aec844df9a6,2018-01-01,README.md
rust,202f23ce024d408951fc0c3a94a17a0fa08d52e1,2017-12-27,README.md
rust,8abf9647cef4c39c890062b20e2ceee8132a0aed,2017-12-27,README.md
rust,a087733a4b3a3457bac5a00e64f69f4c9eb6724c,2017-12-26,CODE_OF_CONDUCT.md
rust,d7488c308963ddc98811cafc95f75cd1647baf0a,2017-12-26,CONTRIBUTING.md
rust,a1438b704c15ae0a16587d3cfe08ac4b946daa84,2017-12-26,RELEASES.md
rust,6714a447d063b079de8fb2884ded2c8c3e96bc1d,2017-12-23,CHANGELOG.md
rust,fb0e449ab33861e3939ad80c6b61f47d99f86e8b,2017-12-22,CHANGELOG.md
rust,4e14a7d724ad59309703897a8ae16593bf05cbd7,2017-12-22,CODE_OF_CONDUCT.md
rust,fae8a763f84324fb7c65d6d7c83973912573168d,2017-12-22,CHANGELOG.md
rust,203038cbe5defbe435881dbb3553413c95b1573c,2017-12-21,README.md
rust,1d523ce8f79f6053c89051f661d09d53bd038b19,2017-12-21,README.md
rust,f68e11b4405e85d3d80242620b71b8de9d2c6dbd,2017-12-20,CONTRIBUTING.md
rust,85ef4638b65a0443fca54f3cf6af55df923b1923,2017-12-20,CHANGELOG.md
rust,54faea0797e4030a120fbf789a37026007cdf0c6,2017-12-17,README.md
rust,7a4daf0d415cf5760c8133d6d643b235de7583f1,2017-12-15,README.md
rust,8ddcb81a15d6d186a71e7954d709ac94cbb7b718,2017-12-15,CHANGELOG.md
rust,c0701f5fa57a1771d8e137decebe99c01674dd2b,2017-12-15,CHANGELOG.md
rust,75874bc2578875ccf73628051654a760d31132fa,2017-12-12,CHANGELOG.md
rust,acdf83f2288e1b80259dafeca4a0cee9a42973c3,2017-12-06,CODE_OF_CONDUCT.md
rust,acdf83f2288e1b80259dafeca4a0cee9a42973c3,2017-12-06,CONTRIBUTING.md
rust,acdf83f2288e1b80259dafeca4a0cee9a42973c3,2017-12-06,README.md
rust,acdf83f2288e1b80259dafeca4a0cee9a42973c3,2017-12-06,RELEASES.md
rust,b5b3da3fad0f173ba68abb569d423a3cf7efb70a,2017-12-04,RELEASES.md
rust,38ef72306fac91b435e6e143cf03d4fb2fb4d212,2017-12-04,CONTRIBUTING.md
rust,7525854f302e05d9d91894089b48fe2319ece494,2017-12-02,CHANGELOG.md
rust,3dffaa022069a8b8805b4ba7a6119ba7a53cf239,2017-11-28,RELEASES.md
rust,513910e321eac3eafabc59a0d8745f50c7ea3979,2017-11-25,README.md
rust,464f455fe165c869bdd5504ca6e115a32593ba1e,2017-11-22,README.md
rust,cdc6b8415748d44aee37d91de91ece4eeb371122,2017-11-22,RELEASES.md
rust,af718413db3435ea7b0fe77d7a531b0dabb8f33c,2017-11-22,CHANGELOG.md
rust,643ef24b4619c6259a3987866093faf042bc3b72,2017-11-21,README.md
rust,ece9a57d1b6e10ef2ad1dffd19fd6033cdc760ee,2017-11-21,CONTRIBUTING.md
rust,ece9a57d1b6e10ef2ad1dffd19fd6033cdc760ee,2017-11-21,RELEASES.md
rust,13c1cbe749a5d6f737152454ea4041b5d53d9acb,2017-11-21,RELEASES.md
rust,b9a7601913ddcd261c0c3a5713d8024780f6ca2b,2017-11-21,RELEASES.md
rust,c362efa42048d632c968a84002ca29396f0eb115,2017-11-21,CHANGELOG.md
rust,c03d57bad522a67edb450e885f2dc1b4438ea42b,2017-11-21,CHANGELOG.md
rust,3d26c7bb7f4fe9a10c17db7dc94c46b741e45fa8,2017-11-18,CONTRIBUTING.md
rust,7ce3b742881b048418daff97a503d99f3fc600d1,2017-11-17,CHANGELOG.md
rust,c6a4eaeb0d574b92b167fb8bbff02539ea8af3b1,2017-11-15,CHANGELOG.md
rust,1a69aebe6c131336a852d437bcba4b937e7dc065,2017-11-15,README.md
rust,e0ac8647b6acac7ea5f894e3b9d66bf1c4915087,2017-11-13,RELEASES.md
rust,299f1270a6d0dfa9b77ab0c61b1f25f257a9b692,2017-11-10,CHANGELOG.md
rust,6bfa612fb286af65af4914bee15ee16e1d8ca86d,2017-11-08,CHANGELOG.md
rust,9cd778ac9aa8514fa921093e0963ba9b32fbc3a0,2017-11-06,CHANGELOG.md
rust,fe1bef74df2281ee09f392327a48c9230709a785,2017-11-04,CHANGELOG.md
rust,f410d02b616e43c417454ebc9e979b87ddfef716,2017-11-02,Contributing.md
rust,b93c95a4b4cd12a943ae3f741026e43161cd87e8,2017-11-01,RELEASES.md
rust,5a9d833e0d27d23a087069ca65475e188b3be15d,2017-11-01,RELEASES.md
rust,f930a16b8d6ad1b4b1be930e34d84a065ee28594,2017-11-01,README.md
rust,fc2099b96d008fec6195c1d5a5681f5ba1b3de3d,2017-10-31,CHANGELOG.md
rust,7bce43b66b1028ae1402e3f9bfd8225400912586,2017-10-31,CHANGELOG.md
rust,a69764d93d8fc6f9d6a668e8a24d0cb936e7fe70,2017-10-30,CHANGELOG.md
rust,7e2552741987dad46f1462d3540866680629036e,2017-10-26,RELEASES.md
rust,045032ad2d5141da22d80b899abc6e688412e6f1,2017-10-23,RELEASES.md
rust,4fbf56c82849e9ece12d7a2cfbcd8d683d1628b0,2017-10-22,RELEASES.md
rust,332759d6f012bb12b307131298421dc86402647b,2017-10-22,RELEASES.md
rust,34c0de2067b132c8d68689501604d4fffbe9fba8,2017-10-20,CODE_OF_CONDUCT.md
rust,e2429f023b9a84786eb0092805d909c323118576,2017-10-20,CHANGELOG.md
rust,4960d9de86160a85a899d504e3c15b09ba7b6ac0,2017-10-20,README.md
rust,790604adad9fd02b92c59d1f937edb902a58b036,2017-10-18,CONTRIBUTING.md
rust,3f90c3a2cfb458c94d514345e701696d74d988c8,2017-10-18,CONTRIBUTING.md
rust,bd4907d534a1894e28a1f3cf672022e29eabf194,2017-10-18,CONTRIBUTING.md
rust,4d9ed8beefe36610b07ab6ea3e77046ed6705d68,2017-10-17,CONTRIBUTING.md
rust,09caa12a51cb61a9841ac072103b6300aa5fb1fd,2017-10-16,CONTRIBUTING.md
rust,def4a2627db70e8b25022822976b3b178d082440,2017-10-15,README.md
rust,6500b3d0699148da8c18d8dbe7339bb017d085ed,2017-10-14,README.md
rust,46d6f2454e994fbaf7caddfb3c34c82895c805b3,2017-10-14,README.md
rust,50a138a5ab92537d19e50a3696717331ae62c4ed,2017-10-14,README.md
rust,ee33cdf120d4cfa4b0f057ba4df913c332d96e2f,2017-10-13,README.md
rust,1138f853e194a79f7465233adefe550e7b8c6b5a,2017-10-10,RELEASES.md
rust,c3ff62863d9745f690fea65ef12fb205222d01b4,2017-10-09,README.md
rust,ff25013384bbd19944e0a9a91b0b9c4a4a92e3c7,2017-10-08,CONTRIBUTING.md
rust,ce8e6455376278067f1a79ff88e0ff8f9c0d34a5,2017-10-05,Contributing.md
rust,2d108ec00b7d4bc722f2287d5b0831dc3b74cedd,2017-10-03,CONTRIBUTING.md
rust,e6c3c7f2dce7f66ae96c5dbd3a737bd96108ab21,2017-10-01,CONTRIBUTING.md
rust,7ed23f1349220f02813cdce6f159fad912c07b0d,2017-09-30,RELEASES.md
rust,3d1332d7f813fece8a0e98124aa6a7595e58d512,2017-09-30,README.md
rust,daf3ed5651f13857e640d183987ea83d007988aa,2017-09-29,CONTRIBUTING.md
rust,daf3ed5651f13857e640d183987ea83d007988aa,2017-09-29,README.md
rust,f035b3d2463a0b1ddd4208b086094a6822d1388b,2017-09-29,README.md
rust,b1c62e12958170326e973c910d559bccea0f70ff,2017-09-28,CHANGELOG.md
rust,58ec7a324db272516d14dbe2e1a9acfd2fc1cec3,2017-09-28,CHANGELOG.md
rust,15a2d1a473596e6c6e9b05681556ca72d6506f67,2017-09-26,CHANGELOG.md
rust,d337c7f9270f6a414ff9c51b6e81e919222488f1,2017-09-26,CHANGELOG.md
rust,287e997b1e2a92a0e887c1918ad6f1c9ed5e7a4f,2017-09-23,CHANGELOG.md
rust,9276b8b9b894d8e02a7e80afcf21bffcd1b27642,2017-09-22,CONTRIBUTING.md
rust,84dfade3ccb806d037ebe238e621cff049b2411f,2017-09-22,CONTRIBUTING.md
rust,e68c20ef625488bde9f2b48b137fe02d63c60938,2017-09-20,RELEASES.md
rust,8f424f273908745ca16c69c90fdaee8ba235d2ec,2017-09-20,RELEASES.md
rust,d64a0674231c12587ce6dc4295d5b78dec98c5a3,2017-09-19,CONTRIBUTING.md
rust,31489d75a3492f3e6e0d2394d54caa9ea69df084,2017-09-19,CHANGELOG.md
rust,f3c316d553d83ef640c636bf26c1d881a0f542b9,2017-09-18,RELEASES.md
rust,045b4f1cd5910a208e6a8b58cf1a59fc0d4fc3a3,2017-09-18,RELEASES.md
rust,44fac716a67bb5df99bec34d3009b847c5689272,2017-09-18,README.md
rust,bf890b99dda4ebc56d7e4c78bbc130bf0506e659,2017-09-18,README.md
rust,86d609fdf650baa97cda77156ffa9116468d98fc,2017-09-14,CHANGELOG.md
rust,32a9394490ce0a2dc6fbbb6792570c8652c101ef,2017-09-13,CHANGELOG.md
rust,b7222be9173d891c0d4e69e89ddf2dd2857cdef9,2017-09-12,CHANGELOG.md
rust,3c6a8006527648240c41291e14ffc202e710544a,2017-09-11,RELEASES.md
rust,8b5ca089a2d11fa3697376fcee6b69dcc17b7d57,2017-09-11,RELEASES.md
rust,afa007c0f3f8187adbe2ab042eb467b0bad63261,2017-09-10,RELEASES.md
rust,28fc93fc4392423a66b45ba2aae26285bb3f5bf5,2017-09-10,CONTRIBUTING.md
rust,69b949455d6f447c573b48fb4525813af93c9ed1,2017-09-10,CONTRIBUTING.md
rust,81d32123f41070d6c2c5f7ffec6d78fc3859ba4f,2017-09-09,CHANGELOG.md
rust,0a238a48524640c0416132c83d1fab310f746ac8,2017-09-05,CHANGELOG.md
rust,bc602df324c3c52ea112a3d1d3f107fcce9a8981,2017-09-05,CHANGELOG.md
rust,07d5dba0b75c4714006ffb1c61887560ec57d7bb,2017-09-05,CHANGELOG.md
rust,280e6d8f1710105747da196ad91991891e0dbf83,2017-09-05,RELEASES.md
rust,1850c8952876d9f8cb5644622fef17674cc918e3,2017-09-04,CHANGELOG.md
rust,35eda0531a51115cdae893fac68b6fae976cab1f,2017-09-03,CHANGELOG.md
rust,5bc0a2dbfc224b6960059a79ea4c2e3f96dc7b62,2017-09-03,CHANGELOG.md
rust,285a33a569081ac33da3e8e5a982845ededc03da,2017-09-01,README.md
rust,e5e1afac5f46686d9c8baf073841afe91d983ec9,2017-09-01,README.md
rust,0f0075df09fbccec37fa0690bebd31734ddedb2c,2017-09-01,README.md
rust,ff91c6359a0ba4f2f1e17383da6cfa4de9516da3,2017-09-01,CHANGELOG.md
rust,ff91c6359a0ba4f2f1e17383da6cfa4de9516da3,2017-09-01,README.md
rust,c64073b2f5b3a548b9a5a4a1492118d5bd149ffa,2017-09-01,CHANGELOG.md
rust,c64073b2f5b3a548b9a5a4a1492118d5bd149ffa,2017-09-01,README.md
rust,f575185f3983da68a3f175fd361cf2ea3315fea2,2017-08-31,RELEASES.md
rust,945ba85019a21e8c313640de5a5237112d410285,2017-08-31,RELEASES.md
rust,fb4dcbfe5c410cc319570ef5f37b0c7603ee2b1b,2017-08-31,CHANGELOG.md
rust,1615d3502c7fde09978b7a849d7cfea306779666,2017-08-30,CONTRIBUTING.md
rust,9d6c0feef237d0e6155d6d38e81cd4fbfe743b65,2017-08-30,CHANGELOG.md
rust,1ea70116d389699400545c6200c38345b1eceeb7,2017-08-29,README.md
rust,7714203c72ad84f45f756137c25bf6be8681c516,2017-08-28,CHANGELOG.md
rust,7714203c72ad84f45f756137c25bf6be8681c516,2017-08-28,README.md
rust,df903eddddb3733f5d03c940333856fbb00e7e4d,2017-08-25,CHANGELOG.md
rust,df903eddddb3733f5d03c940333856fbb00e7e4d,2017-08-25,README.md
rust,bec2c68ebcb66a800d0015b2babc4f935ee96fa9,2017-08-25,CHANGELOG.md
rust,58a94ea5626520fa3883ae7df1ff21347796e2c9,2017-08-24,CONTRIBUTING.md
rust,70e34077d590136fc1096ea03c887393a1246c93,2017-08-22,CHANGELOG.md
rust,70e34077d590136fc1096ea03c887393a1246c93,2017-08-22,README.md
rust,081f32ab6777e5dbd4cd444c3c1e5234d14be958,2017-08-22,README.md
rust,6b0a2846b7342ef8a5c75a4de394338ad5f6a466,2017-08-22,CHANGELOG.md
rust,c40ec8199f14aeb2b6b003bed69eff19ec9cc612,2017-08-22,RELEASES.md
rust,2430e06a60ca23960bb746af30742607ae41bdb0,2017-08-21,CHANGELOG.md
rust,2493176f0edae822b037bc9538503f9cbbcd40b3,2017-08-21,CHANGELOG.md
rust,2493176f0edae822b037bc9538503f9cbbcd40b3,2017-08-21,README.md
rust,c7cd79b58f2df2262f801597bce9f1ead30b0e6c,2017-08-21,CONTRIBUTING.md
rust,45233518a85f89f2793703c31c5da938a7b51784,2017-08-20,RELEASES.md
rust,93a918325633085aed955abf291d4dff4b1e0aa7,2017-08-15,CONTRIBUTING.md
rust,f46777696cba5566b0312cfb37686e4840e2df5a,2017-08-15,CONTRIBUTING.md
rust,49fca85b1902e599f8c3dadece7de85ecc6cbd06,2017-08-15,CONTRIBUTING.md
rust,7cdaeae1b877ca03b26ccb9b82754b826b03da5d,2017-08-15,CHANGELOG.md
rust,4e6dd55bed11da70e25cd418a9bd37c1914a8683,2017-08-14,CHANGELOG.md
rust,705c6ec2a4bfe3beeb802e51d9b8247b33a62997,2017-08-14,CHANGELOG.md
rust,a746129bdb50186994c6f62769ff043bb58f6fd7,2017-08-12,CONTRIBUTING.md
rust,0c4473213695d74736684da0ef072ce58bb4f8f6,2017-08-12,README.md
rust,1126a85e87629f7ec37fc6c4fde43419f4b9947f,2017-08-12,CONTRIBUTING.md
rust,1126a85e87629f7ec37fc6c4fde43419f4b9947f,2017-08-12,README.md
rust,89087183fc98e672bb21487c50cc39d1b6af35f1,2017-08-09,RELEASES.md
rust,ce80b23e09eb571802faff2f15ca3876b5bc1044,2017-08-07,CONTRIBUTING.md
rust,f515d7bb67d228be306d285e9ee7d5dd41ab1602,2017-08-06,CHANGELOG.md
rust,f515d7bb67d228be306d285e9ee7d5dd41ab1602,2017-08-06,CONTRIBUTING.md
rust,f515d7bb67d228be306d285e9ee7d5dd41ab1602,2017-08-06,README.md
rust,878333fd6ca568aba90b16a45dd2f02a166cd5c1,2017-08-06,CHANGELOG.md
rust,878333fd6ca568aba90b16a45dd2f02a166cd5c1,2017-08-06,README.md
rust,09c1b7486189196e51bcf4878def561c9f5b2736,2017-08-04,RELEASES.md
rust,1618664a736cb9f4b9a5d9e3cd8670da302eea75,2017-08-04,RELEASES.md
rust,c88ec60e5f5f67f4657bd1d8efbc67cf40202104,2017-08-03,RELEASES.md
rust,6200aeff6132c660fde70c6d51f88d823e08b6b7,2017-08-03,RELEASES.md
rust,553ac5279ec8ff1eb77fe78d3e8f94b499aae306,2017-08-03,RELEASES.md
rust,70cc9509c1a3d3a5b623e85ea127f5d05c6dec6f,2017-08-02,CONTRIBUTING.md
rust,deed00a0a4dae7d643f6aadce46acb8264ee206b,2017-08-01,CHANGELOG.md
rust,deed00a0a4dae7d643f6aadce46acb8264ee206b,2017-08-01,README.md
rust,937a0aa20a18a749ac3c277536d5c41b0ba433f5,2017-07-31,CHANGELOG.md
rust,41c96908cc0a79f280cbfaa080089f891772ace7,2017-07-31,CHANGELOG.md
rust,398c688afa554c5339f9821e72f3deb7683cc0a6,2017-07-28,CHANGELOG.md
rust,38680e8411d508e60eb130f6a7413fd145887d7b,2017-07-24,CHANGELOG.md
rust,6984c05e6945e73a75b43c3e797462af1c06271f,2017-07-20,README.md
rust,077deadb85163cd9338587a71bcd8e58639e93b1,2017-07-20,RELEASES.md
rust,c329311b54abac65ea5b5185ee6217764968f260,2017-07-17,CONTRIBUTING.md
rust,8a1510013de138ab93434e087d795b60c79fb13d,2017-07-16,CHANGELOG.md
rust,5a99a323e9bed2fe30ffc8a80910d1e8b8090498,2017-07-13,LICENSE
rust,ef6383011f90d1a58b5425306ce67f8dbe527d6e,2017-07-13,README.md
rust,38df82d2f2fb988a7d71adfa2bb5a69344250927,2017-07-12,CODE_OF_CONDUCT.md
rust,2dcbef793ffcfc91e0c2f8686842b9a7988c5f23,2017-07-12,CODE_OF_CONDUCT.md
rust,20d83289ae3357aaa62dc7d5e53c3e5e9f446109,2017-07-10,CHANGELOG.md
rust,8b681e06fddf1c12541ca0bf9704dcbd4f129408,2017-07-10,README.md
rust,1297b2d9521acad0bdc87457663e96a84926709d,2017-07-06,CONTRIBUTING.md
rust,857d9dbabab5cb2ad8809e46703f77071278954a,2017-07-04,README.md
rust,e56331f33daef5d369625200d355089e8c01b1b4,2017-07-03,CHANGELOG.md
rust,5c1fc5d2a3d437a2a19b6557c7abe943832b00c0,2017-06-29,CHANGELOG.md
rust,1cae3366ea1c86769fe3e61e17f071050a8c2592,2017-06-24,CHANGELOG.md
rust,1cae3366ea1c86769fe3e61e17f071050a8c2592,2017-06-24,README.md
rust,86d31fa09c16f880b4be52f063e3eee757d3b87c,2017-06-22,README.md
rust,75ec25a2ca44ae7cbad57d2101e993bb2fcaca7d,2017-06-21,README.md
rust,38925a55b7bd2e2f3b9e6c8fe0fde4dc41bb8549,2017-06-18,CHANGELOG.md
rust,38925a55b7bd2e2f3b9e6c8fe0fde4dc41bb8549,2017-06-18,README.md
rust,898dafba1deac8ccde822ff1cd26f37e547c266c,2017-06-17,CHANGELOG.md
rust,1a297f008c21a49b5d30a5961f8ef52c7308c1b9,2017-06-17,CHANGELOG.md
rust,6c587004b5901499e1da7313da9137871762920a,2017-06-16,CHANGELOG.md
rust,6c587004b5901499e1da7313da9137871762920a,2017-06-16,README.md
rust,562d218ce93a89ee7d20c8fd18ad97b2a7c893f7,2017-06-16,README.md
rust,5f1bab26c4bb95e91a90a9fb581e246a08df3d85,2017-06-14,README.md
rust,bb215e2b891b464b5b3262d05c63b226734df1ee,2017-06-13,README.md
rust,32e882789ba98cf6c02b1822beecacbcb8800269,2017-06-13,README.md
rust,7504512cbdf2bbbe53c633392d3e7f91c144f2d0,2017-06-12,README.md
rust,711cad188abfc36e0a3d178ece2af41487ec5a45,2017-06-11,CHANGELOG.md
rust,711cad188abfc36e0a3d178ece2af41487ec5a45,2017-06-11,README.md
rust,4e151a4eab46757cd27c9dd2045fe3a43c7efde3,2017-06-11,CHANGELOG.md
rust,09ac478c5c33bb99055c88fb36d7229baae92762,2017-06-09,README.md
rust,a7cbc9c68dac2a52cf15fb20e6bc780554faed7f,2017-06-05,CHANGELOG.md
rust,5b4e7b56df62b60025d6c04fa52bc85ccfe5135e,2017-06-04,CHANGELOG.md
rust,02c0d3ce3ddf89b7ec16519b44493d77a4d7ba5d,2017-06-01,RELEASES.md
rust,ae256504a8cccb311e1d2c6565ec01688230079c,2017-05-31,README.md
rust,44a45f7c34e600c81c965794919efc15327f5eda,2017-05-31,README.md
rust,20728fb0d0d163ee7a390aa8c99b66089bb82d21,2017-05-31,README.md
rust,d06c1653689d255bb66f0f778f870067f66b51e8,2017-05-31,README.md
rust,cdf7a057f1a6cdb96ddee81cfbcc3a059e27cf2d,2017-05-30,README.md
rust,1ae01b422b7c961b35d2f70550f1f795464824a4,2017-05-30,README.md
rust,8d3c48601deaf746f7c6aea19706cf161990cb16,2017-05-27,CHANGELOG.md
rust,3ba4e8b3fa23f2138a1019db40f6caff7829c651,2017-05-26,README.md
rust,e72c70d077bb0a1a8eedb563545a142c7d5e2ab3,2017-05-24,CHANGELOG.md
rust,5accdf45eae803c02dddd1491251cd8a51a1ba72,2017-05-23,README.md
rust,781709268e66a5b54fde14298af4f099f3b67d0c,2017-05-23,README.md
rust,5ed2066dca61312e558e36c86a832d6e3c383ce7,2017-05-23,CONTRIBUTING.md
rust,150d644c21e39fd5ae8020ac9df625d2134fe734,2017-05-22,README.md
rust,dd9051507b8eafe50cc49885cd08912b2d6ae05e,2017-05-19,CHANGELOG.md
rust,bf9b3fa1d7cab2f7bd541539d397a92b4954ec96,2017-05-17,README.md
rust,c0bdbfa5315217741213d04329b02a4fb5e061e7,2017-05-16,Contributing.md
rust,bf2e0c2fe18f20d41afe0869acbeb6c7ce6d3d31,2017-05-16,CONTRIBUTING.md
rust,94ba6a5bd3df815cae8a6b2f2164c46a95b0f627,2017-05-14,CHANGELOG.md
rust,39bdd3d24f9ba2cc8b56d449e9429c846c802beb,2017-05-12,README.md
rust,064878a13f7690b3e360b0bc62a128ed0e1ead6e,2017-05-12,CHANGELOG.md
rust,40651a4054e2aee566211e9961f17214c6340637,2017-05-11,README.md
rust,3b03891a4f9f559ef548fdf45caa88b18b562cfa,2017-05-04,CHANGELOG.md
rust,5295fe47927481245d59a2a3fb6316ccb596530a,2017-05-03,CHANGELOG.md
rust,c994d4e9d7703ce8fa6111a295eaa7db41479841,2017-05-01,README.md
rust,668d19bda7364ab958108c045b72b483183f8efd,2017-05-01,CHANGELOG.md
rust,e8c4b7af216c9e035b40f78cbd77a35614fdc240,2017-04-28,RELEASES.md
rust,09c5359b9d6912d6328f46928ddae50160734010,2017-04-28,CHANGELOG.md
rust,8e97693b2cbcaeb745643ee1b37058e8dde2efa1,2017-04-27,RELEASES.md
rust,9abef6affdd126201ffc225ce4af1c43c8189dd7,2017-04-27,CHANGELOG.md
rust,9abef6affdd126201ffc225ce4af1c43c8189dd7,2017-04-27,README.md
rust,db11d1fd47dd72c724dd283cee9d8bcb801a819b,2017-04-26,README.md
rust,03f238d35bb61dc76f7a8d9865a33656aeff556b,2017-04-24,CHANGELOG.md
rust,f7e9041cd2c7589c98e69339ded8d29a8746a669,2017-04-19,README.md
rust,54affdf4d1206eb3135b958dbdf4aa144e6b61cd,2017-04-19,CHANGELOG.md
rust,c4b94f9044c44d38810b5216955999b8dde6503f,2017-04-16,CHANGELOG.md
rust,81401ddc8ceaeb82fa49e9dfd221910f5240c497,2017-04-12,CHANGELOG.md
rust,1ee34e7851362aa8e01afd06fcc824864d10e02f,2017-04-08,README.md
rust,240471f92662b556a94284d7cc52f82827f6a331,2017-04-08,CHANGELOG.md
rust,c657d603bad9fe6087ce746a572e4ef94f18a24c,2017-04-07,CHANGELOG.md
rust,c657d603bad9fe6087ce746a572e4ef94f18a24c,2017-04-07,README.md
rust,7643ccd29ca708059cef446d2ef4446559bb4518,2017-03-24,CONTRIBUTING.md
rust,3b0add459c49efab85dd617d236aa5b0d9687aa2,2017-03-24,CONTRIBUTING.md
rust,71020e38367e490cb172b7040e8a783fc5605327,2017-03-21,README.md
rust,9bdd84cfdb8d76759e921c7c77f3ee3dd6e30c9f,2017-03-21,CHANGELOG.md
rust,30e0c0fc96bffd4a26a607c2850b74a9f166d283,2017-03-17,CHANGELOG.md
rust,30e0c0fc96bffd4a26a607c2850b74a9f166d283,2017-03-17,README.md
rust,c59c7c1194fd38a310d6c39ba1c848dc74c1e440,2017-03-17,CHANGELOG.md
rust,713fa53fd2b7fab7f7c7ebb3f79e419233775cce,2017-03-14,CONTRIBUTING.md
rust,cc08edc85425b42073a93d366059aa258690a730,2017-03-14,RELEASES.md
rust,49dd2dda57c030409353909bbb18d74703983fce,2017-03-13,CHANGELOG.md
rust,6b7b26228894a88bae0d1168777cc227cf7281da,2017-03-13,README.md
rust,97a1b6a055d69cf21faa9773133725bdfddc5196,2017-03-12,RELEASES.md
rust,23c09eaa770c0bdc40dc744a4086dbe7976b4662,2017-03-09,RELEASES.md
rust,234753a5cafcda561cef0e5117bad80205ee92ad,2017-03-08,README.md
rust,b5533d2953941a7dab5677b3c34151fe5d6d0656,2017-03-07,CONTRIBUTING.md
rust,f283141656e0cd340ebbd7285c7b22ccf2276091,2017-03-07,README.md
rust,f121e6180b448f798cd13a097244386772c78b40,2017-03-06,README.md
rust,484e219b934f423ce28af22d8efc92f41d986b61,2017-03-05,CHANGELOG.md
rust,dee7d767728637c5a53b3d599919a104318b4357,2017-03-02,CHANGELOG.md
rust,e53575b871a3798be6abc49c78d64f2d939768bf,2017-02-28,CHANGELOG.md
rust,fb2d763eee4bdefdcdb3f0c2fd9a4199626c3777,2017-02-28,CONTRIBUTING.md
rust,fb2d763eee4bdefdcdb3f0c2fd9a4199626c3777,2017-02-28,README.md
rust,eae9f73ea337801e3b5e0e2c57a1852ad7b3df1e,2017-02-27,CHANGELOG.md
rust,1369569ac78ca466b47322f238c6185dd0956615,2017-02-27,CHANGELOG.md
rust,1369569ac78ca466b47322f238c6185dd0956615,2017-02-27,README.md
rust,a0560e3496965fbb5d464e0312c603f2d7133b43,2017-02-26,README.md
rust,b8defc6cc44196638ed4421fafe3c84864a2e40b,2017-02-26,CHANGELOG.md
rust,b8defc6cc44196638ed4421fafe3c84864a2e40b,2017-02-26,README.md
rust,2f7babba82a2e23572785a299bb8910f1c770f52,2017-02-21,CHANGELOG.md
rust,2f7babba82a2e23572785a299bb8910f1c770f52,2017-02-21,README.md
rust,263e60ce0b0e1c8199f715d6208538ddfea64b46,2017-02-20,README.md
rust,0a6bc6031aa9bca562941a33f385c81e1eeda5af,2017-02-20,CHANGELOG.md
rust,0a6bc6031aa9bca562941a33f385c81e1eeda5af,2017-02-20,README.md
rust,b3f61ce538862e58d4d3cb02960fe6e9a8ccc4e4,2017-02-19,CONTRIBUTING.md
rust,d81d961ba73db132d605ac18bf38511a8a8ab9e5,2017-02-18,CHANGELOG.md
rust,d81d961ba73db132d605ac18bf38511a8a8ab9e5,2017-02-18,README.md
rust,ee86d46cd1555d06e2a01d9bd928b44db07cb853,2017-02-18,README.md
rust,16e53c9868d2fe3fd8b2bd7b0f77764da689918a,2017-02-18,CHANGELOG.md
rust,16e53c9868d2fe3fd8b2bd7b0f77764da689918a,2017-02-18,README.md
rust,505eb53d2972844efe336a88036fb219341cfc07,2017-02-17,CHANGELOG.md
rust,505eb53d2972844efe336a88036fb219341cfc07,2017-02-17,README.md
rust,2f00ea3a0727a33b39ee0246accb6a941f0f804d,2017-02-16,CHANGELOG.md
rust,2f00ea3a0727a33b39ee0246accb6a941f0f804d,2017-02-16,README.md
rust,afce85e96dd8a2157b2362e71e420789e2305de7,2017-02-15,CHANGELOG.md
rust,afce85e96dd8a2157b2362e71e420789e2305de7,2017-02-15,README.md
rust,40ea5e8c5ddd49b514040e85c0238933352806af,2017-02-13,CHANGELOG.md
rust,40ea5e8c5ddd49b514040e85c0238933352806af,2017-02-13,README.md
rust,1177f3915c7c487ef968552e7cbe4c7bc2e5228a,2017-02-13,README.md
rust,a2d752807a017f70f28a70b7f16dc6a20cd566ee,2017-02-11,CHANGELOG.md
rust,a2d752807a017f70f28a70b7f16dc6a20cd566ee,2017-02-11,README.md
rust,96ae7da9b60e05bf16c376be73facd444f99446e,2017-02-11,README.md
rust,5650a599a8727ecab31537fc78e9d1ddec0f6d56,2017-02-10,CHANGELOG.md
rust,5650a599a8727ecab31537fc78e9d1ddec0f6d56,2017-02-10,README.md
rust,e491f399147aaf09f631878d009396fc5400ddfd,2017-02-10,RELEASES.md
rust,ebb68c870716e25fe5da5fa64b3ad79a5fc1dca3,2017-02-08,CHANGELOG.md
rust,b6d9c865797e1eac1a84525fb09743c33824d93b,2017-02-08,README.md
rust,6dfd6f13ec2195d834bf0e5a78c8fe9c122d39f7,2017-02-08,CONTRIBUTING.md
rust,fd1351f6e311b6c3e24a0b236bf2879501d4fd38,2017-02-07,CHANGELOG.md
rust,fd1351f6e311b6c3e24a0b236bf2879501d4fd38,2017-02-07,CONTRIBUTING.md
rust,7916e00f2bc343baa665f380084f0b0d8792afa4,2017-02-07,RELEASES.md
rust,77c3bfa7429abf87b76ba84108df018d9e9d90e2,2017-02-06,CONTRIBUTING.md
rust,1193f4fb689dc54b66b083ce74bd24cbcb91d637,2017-02-05,CHANGELOG.md
rust,1193f4fb689dc54b66b083ce74bd24cbcb91d637,2017-02-05,README.md
rust,7fbc7c0bb2c6a8de595c05fe25945a80ba98ee87,2017-02-04,CHANGELOG.md
rust,25fd8c6ba12d564b8e2da6577147f4f28865aae2,2017-02-04,CHANGELOG.md
rust,25fd8c6ba12d564b8e2da6577147f4f28865aae2,2017-02-04,README.md
rust,d650cf5c383aeed222e835009c28901c236820e1,2017-02-04,RELEASES.md
rust,33577ec3f7f20ed642203580d26a151aac781bdf,2017-02-03,CHANGELOG.md
rust,33577ec3f7f20ed642203580d26a151aac781bdf,2017-02-03,README.md
rust,02a6937926c92181c4bf51982862b542499f2fea,2017-02-02,README.md
rust,82dd50d0e241935842ffdb508584bd58bb37c8a1,2017-01-30,CHANGELOG.md
rust,82dd50d0e241935842ffdb508584bd58bb37c8a1,2017-01-30,README.md
rust,d825f194fdc1f1f9ccdf87bffdc79aacf98fc975,2017-01-27,CHANGELOG.md
rust,34a3709f74d7c089927827038a3ebba50b180e0f,2017-01-22,RELEASES.md
rust,a99f8a17264479294d7aedb613ce0d987f0d9372,2017-01-21,CHANGELOG.md
rust,83373c55bd7be5f64d859f2538e55a7615fed0df,2017-01-20,CHANGELOG.md
rust,0397c6ee9ae030d40379655d9cba826b9b18783c,2017-01-19,CHANGELOG.md
rust,a0a4af139dcac3c1629e5853d72df27616a00d2a,2017-01-17,RELEASES.md
rust,1cf9d6a7f26849d3dbacb6edd778dbf62b094425,2017-01-17,RELEASES.md
rust,2fdb6e4d1ad8b67feb8cca25143c5d61a44dc55b,2017-01-14,README.md
rust,d944d7df9a604f24ca4523e08fb03dffd890956b,2017-01-13,CHANGELOG.md
rust,d93b96949d1e63a102e946f07b5d1a1ae9a55793,2017-01-11,CHANGELOG.md
rust,ce6e037ac5527c7dd2153a929f2ce8bda2c2bb1a,2017-01-07,CHANGELOG.md
rust,ce6e037ac5527c7dd2153a929f2ce8bda2c2bb1a,2017-01-07,README.md
rust,4962df30d0809777b84a93e043e094c7973ac2b8,2017-01-06,CHANGELOG.md
rust,4962df30d0809777b84a93e043e094c7973ac2b8,2017-01-06,README.md
rust,451cbed1d3c76308cb6fbcd32ed868366015932a,2017-01-05,README.md
rust,9a301fd508e96d88b2ef09a31622873c881b6f99,2017-01-05,CHANGELOG.md
rust,2f941131bfb4bb9d4a4b083f75dacd0a2de8e7c6,2017-01-04,CHANGELOG.md
rust,82b2f5663f4802d24687c8fa1171ede9d5d7fe60,2016-12-31,CHANGELOG.md
rust,82b2f5663f4802d24687c8fa1171ede9d5d7fe60,2016-12-31,README.md
rust,7034d169e5e04f8cd13c3bbc5a83127add0f85f8,2016-12-28,CHANGELOG.md
rust,7034d169e5e04f8cd13c3bbc5a83127add0f85f8,2016-12-28,README.md
rust,273cc30fb24cafef9bee3163b6f53fad60880b62,2016-12-21,README.md
rust,90fc9c389f2d0f4a51103a2541f3d9d1d119ce6b,2016-12-21,CHANGELOG.md
rust,90fc9c389f2d0f4a51103a2541f3d9d1d119ce6b,2016-12-21,README.md
rust,2f6c93b4f7f46c5405f23a8fd90af6ccce2b1a4b,2016-12-21,README.md
rust,2afadaadc99118b169d2c3aec01e9814409b37fa,2016-12-17,RELEASES.md
rust,09a9859c0004a3a442ad46b517110568df3e0c35,2016-12-17,RELEASES.md
rust,4fcefe2a9e38d3fa8e57c58d78328e23de54757f,2016-12-17,CHANGELOG.md
rust,8ed52ed27d87ed4f17217e3daac49a858a2daa1f,2016-12-13,CONTRIBUTING.md
rust,0e272de69f4a9c889e5f1a024a88b3e1f60cb6c5,2016-12-07,CONTRIBUTING.md
rust,0e272de69f4a9c889e5f1a024a88b3e1f60cb6c5,2016-12-07,README.md
rust,4a05fbba3e1c4557b5cafbfdf62f6da86347f748,2016-12-06,CHANGELOG.md
rust,59b0077565bc056283dad048a237dbc183000c76,2016-12-01,CHANGELOG.md
rust,33ec3bc8cfaf75c79557e1fbaf1d2740a8b9b4b6,2016-11-28,README.md
rust,31e482403c7778b160e0953b558fb53fbf5d0986,2016-11-25,CHANGELOG.md
rust,9a92ed4e3ea862481485d3847d0e9af56f11ccb3,2016-11-23,CHANGELOG.md
rust,338690b4e9b7e2dfd5f7fbda8359631597f3af56,2016-11-23,CHANGELOG.md
rust,a9f5b90f0f4994d6e11a7f75707f2010134a08fa,2016-11-23,CHANGELOG.md
rust,a9f5b90f0f4994d6e11a7f75707f2010134a08fa,2016-11-23,README.md
rust,e40cb6a9ddcfd64145aaedb77df3748d9b48e5ac,2016-11-20,README.md
rust,40fcae112d52fd2b73ea60d594a9657f510a2216,2016-11-19,CHANGELOG.md
rust,73a73638c0d25318608b6aba36d9e21c6e24f89e,2016-11-19,README.md
rust,fa78b09fa76386e41d824fe83a176c0e641105db,2016-11-19,CHANGELOG.md
rust,fa78b09fa76386e41d824fe83a176c0e641105db,2016-11-19,README.md
rust,5a415f67de1ec31bdced89876f2c9e2fe81db5e8,2016-11-19,README.md
rust,1176242b727c5fe3913e8f7c1aa7147cbcf89de0,2016-11-18,CHANGELOG.md
rust,e8783be6f1a958ceb251c0d803e71b737b1302a7,2016-11-08,CHANGELOG.md
rust,0f817a0dd9b4715ee5df2ae5146a2527ab4f45fc,2016-11-07,RELEASES.md
rust,ea1d432f663c966447ff9f2ae48f496c97dd8d0b,2016-11-03,CHANGELOG.md
rust,a270b8014cbd3af6e03f7f808a2fea1e9f22ed88,2016-11-03,README.md
rust,cfc741405b049b5d7a94d401b7a97cd7ce9eda14,2016-11-01,CHANGELOG.md
rust,cfc741405b049b5d7a94d401b7a97cd7ce9eda14,2016-11-01,README.md
rust,9ffc43e63926e38517a3dafe2b6c313ff8afbf78,2016-10-31,README.md
rust,8664d03ec6ed7704d87f780d164c3b83ccada541,2016-10-30,CHANGELOG.md
rust,8664d03ec6ed7704d87f780d164c3b83ccada541,2016-10-30,README.md
rust,d21304038166e4d7822a9f51bdb814c9e832b58a,2016-10-30,CHANGELOG.md
rust,d21304038166e4d7822a9f51bdb814c9e832b58a,2016-10-30,README.md
rust,409b8e73434ed4eeef4c460f4f03687ca1c9623d,2016-10-24,CHANGELOG.md
rust,409b8e73434ed4eeef4c460f4f03687ca1c9623d,2016-10-24,README.md
rust,ceb50872ce38b76745b776a3106266f77cfdbca5,2016-10-22,CHANGELOG.md
rust,e47da0c23c91feea24e5b961a662754d689bb082,2016-10-21,RELEASES.md
rust,62831c6e295b8d6f23dca5bbf17022153ab11a9d,2016-10-14,CHANGELOG.md
rust,62831c6e295b8d6f23dca5bbf17022153ab11a9d,2016-10-14,README.md
rust,2ebef83f52960763f46214bae2e8e51ac967ae80,2016-10-14,README.md
rust,091d96f6fa1b242ffa89556b12aedacd297dcf13,2016-10-11,README.md
rust,a4035aabf34b1b7a5f295accc8d7ef475362b68f,2016-10-06,CHANGELOG.md
rust,7deeee1160e49bbcceda77535bb23c05c8b1199c,2016-10-05,README.md
rust,ec93ae10e0f43a1184e3741816e6539627860699,2016-10-04,CHANGELOG.md
rust,1c035f7cf9f3d08010ad07e740a614688f6497fb,2016-10-03,CHANGELOG.md
rust,76b969a5cf7dd82ed3405c5827641a93dea7c1e2,2016-10-03,CHANGELOG.md
rust,a57f21945bfbff83293a7d495d53faebc449a0a7,2016-10-02,README.md
rust,ab9435a6d4334181c09bd56d55cfdb58b175f606,2016-10-02,CHANGELOG.md
rust,ab9435a6d4334181c09bd56d55cfdb58b175f606,2016-10-02,README.md
rust,8188c464291f05399416eb200598f1c8cc4d457a,2016-10-02,README.md
rust,2e2052a747a87288ffb3d35c540af5f2c46867ef,2016-10-01,CHANGELOG.md
rust,4a34087c7736a212d9c35f53cbc108c8386e7c01,2016-10-01,CHANGELOG.md
rust,4a34087c7736a212d9c35f53cbc108c8386e7c01,2016-10-01,README.md
rust,ee5a5a256f1da1e6df7905a66bebb17f92210fc4,2016-09-30,CHANGELOG.md
rust,e9d3e62c9008fa6a73f58bd9f1808c3830093947,2016-09-29,RELEASES.md
rust,e5e632ba40db6752ff8829a02e72a9107cb717b8,2016-09-29,RELEASES.md
rust,ec27062bb623195ac6fd5005e6f2b1fd6b99666a,2016-09-27,CHANGELOG.md
rust,a6903e4e38e93bd3dee4a208b69533a25ca72830,2016-09-27,RELEASES.md
rust,b778269f543462e5a486e00b3f7be19b6185af9f,2016-09-15,README.md
rust,f469860dc23cd432b76a1d6779ce2f1206805c6f,2016-09-12,CHANGELOG.md
rust,f469860dc23cd432b76a1d6779ce2f1206805c6f,2016-09-12,README.md
rust,cb49e4e21014c18cde6d90aaa21c936150b90a54,2016-09-10,CHANGELOG.md
rust,7279dc3edfcea642f80eb1536af4fb35d612249f,2016-09-10,CHANGELOG.md
rust,9263ec361680d6424c4a9c4c16c83b88a861e502,2016-09-06,CHANGELOG.md
rust,e9ba9ec1a2b690513ec061a43a140f5d1ab29ca6,2016-09-04,CHANGELOG.md
rust,3c7e11e81065b303a7561eebfb88f08d3aec2a31,2016-09-04,README.md
rust,9d9c029a6674787d600e0ea40baa9ca55eb87103,2016-09-03,CONTRIBUTING.md
rust,b2de244cfddbad858fe71f9dd0c28dc6f2b85e5c,2016-09-02,README.md
rust,66ae481055d5379656c420a30534887a31f81404,2016-09-01,README.md
rust,943e9b5aeb6e80c3b6a0903eda696863b3a55b7f,2016-09-01,CHANGELOG.md
rust,9c736dc23f53f52a9c0e13e98f2f9341b80b4771,2016-09-01,CHANGELOG.md
rust,8d231b22a10687c336117bab26f2864ed80153d6,2016-09-01,CHANGELOG.md
rust,377fec7c9abc51f43d1378d9eece6e9b2f9aab3e,2016-08-31,CHANGELOG.md
rust,d87f13725484fef6342f2fc190353579a3ffffb8,2016-08-28,CHANGELOG.md
rust,d87f13725484fef6342f2fc190353579a3ffffb8,2016-08-28,README.md
rust,e922fa80ce5847be4c1cf9926313a02ba6a2b7ae,2016-08-28,CHANGELOG.md
rust,f3062f4199d42a0d1f93e1bdbe4a2d3e22ac2cec,2016-08-28,CHANGELOG.md
rust,c8e871fb4dd355a664c6b0e642a0375705b6c41d,2016-08-24,README.md
rust,8bab4ed1c5288c87f35b6e49ef773796af4dcd2f,2016-08-23,README.md
rust,36d8ca04a158ba617ae020c73f14792d808ad103,2016-08-23,CHANGELOG.md
rust,36d8ca04a158ba617ae020c73f14792d808ad103,2016-08-23,README.md
rust,507b626b36131f226423ca9219d4ac611f398c09,2016-08-23,CHANGELOG.md
rust,507b626b36131f226423ca9219d4ac611f398c09,2016-08-23,README.md
rust,cf2b0c8dd683c80df8012c78c939e95c0c19eaf1,2016-08-22,CHANGELOG.md
rust,cf2b0c8dd683c80df8012c78c939e95c0c19eaf1,2016-08-22,README.md
rust,4b6477f062eb13e6b21011395f634696482a29f5,2016-08-22,CONTRIBUTING.md
rust,0474fe27ea62f84b8f35709f68f41b43e0c97294,2016-08-19,CHANGELOG.md
rust,663d8497aa4ea9bb094606a0f7bec9736143fbae,2016-08-18,CHANGELOG.md
rust,9863afe029092d421c9a3daafd6b7a718d53f1cf,2016-08-17,RELEASES.md
rust,6daa884e4fddb6d5b04c2f2fe28fde2df950ffc1,2016-08-17,CHANGELOG.md
rust,4ca16c8564aacb040e8e3e797d93942cc9d20e58,2016-08-17,CHANGELOG.md
rust,3ab6ad59c405ecd036afc4865ee1da17cff245d8,2016-08-17,CHANGELOG.md
rust,3ab6ad59c405ecd036afc4865ee1da17cff245d8,2016-08-17,README.md
rust,4254b31078ea9a84f9e87f5829711ffd7d13a314,2016-08-17,README.md
rust,f006805c4a858be582c748058723e041fcb8f88e,2016-08-17,CHANGELOG.md
rust,ffad9a8c8c41964ca3f95619a9759ba650ad3703,2016-08-16,CHANGELOG.md
rust,ffad9a8c8c41964ca3f95619a9759ba650ad3703,2016-08-16,README.md
rust,7ee4a9a659336b98a5cc76c172cbd0ffcfb3ed88,2016-08-16,CHANGELOG.md
rust,7ee4a9a659336b98a5cc76c172cbd0ffcfb3ed88,2016-08-16,README.md
rust,e12f14f6768eb78a824a61c8a6d3afde7bd7f976,2016-08-14,CHANGELOG.md
rust,b0a96def09237932d02f6ffa5013ea6f5673e314,2016-08-11,CHANGELOG.md
rust,b0a96def09237932d02f6ffa5013ea6f5673e314,2016-08-11,README.md
rust,5dda986a2c6bd7e16f4f5a874de7bd7455d06c63,2016-08-09,Contributing.md
rust,b91c1a509ef714f19c33bda500106d37fcdbb176,2016-08-07,README.md
rust,3b5ff0f813f8846677905fcf355221d4862d24db,2016-08-07,CONTRIBUTING.md
rust,2f8247ada5bc1d88653605373e953e8e8dd814fd,2016-08-05,CHANGELOG.md
rust,2f8247ada5bc1d88653605373e953e8e8dd814fd,2016-08-05,README.md
rust,ab58331f220a77538eb02ad1bef828ca7230e7ac,2016-08-05,CHANGELOG.md
rust,ab58331f220a77538eb02ad1bef828ca7230e7ac,2016-08-05,README.md
rust,fb1493055bdff2e6ca9c4fe9abde8cd35d3bcb2d,2016-08-03,README.md
rust,6380937b596d32da78dfc24ae6666b12a6dc59bd,2016-07-31,README.md
rust,b901e76ffdf1cb09dee2ebea30aad45ac903fae1,2016-07-31,CHANGELOG.md
rust,81b9b2ca85c57c184891d6a1a0fb3e394310c492,2016-07-29,CONTRIBUTING.md
rust,e00f77356bafa32fa2c62b0bc2621c32e844256b,2016-07-25,README.md
rust,f7f9930b891da8cd8616bec8b3b63fb8c8406123,2016-07-20,CHANGELOG.md
rust,f7f9930b891da8cd8616bec8b3b63fb8c8406123,2016-07-20,README.md
rust,94fcdadd85d9e457524110cc5e40ae804e18c099,2016-07-17,README.md
rust,13a30aed2dd0f7b71d023817d2c69053c3997bc8,2016-07-15,README.md
rust,b2637a6f78fcfed400f6128c2684b62a6ae5654a,2016-07-15,CHANGELOG.md
rust,c917462a926533edbf7bde3c18baf3e84d741980,2016-07-15,README.md
rust,319c66a2a4284c682d9575fe7aad5e4b4bf89365,2016-07-12,CHANGELOG.md
rust,319c66a2a4284c682d9575fe7aad5e4b4bf89365,2016-07-12,README.md
rust,62ddefc78316e9d7181990fe718d5da9bc2be638,2016-07-10,CHANGELOG.md
rust,585a3b2565669d50a379625269da5e6c60ab8633,2016-07-09,README.md
rust,b71b1a078cc8fdd13eecc2f623c1cb63794cc558,2016-07-08,README.md
rust,d04e34b7d49cbd5937ec5db44e3741550f7d6d5b,2016-07-07,RELEASES.md
rust,b67f23c847040b6c5125f1a2e0f4c5d742c69040,2016-07-07,README.md
rust,ded5b30f2379fd564f07a4d08d2c1a8c970cd1cd,2016-07-06,CHANGELOG.md
rust,0e3dcd13765c5fed9795227ca75e15b8849ff5a4,2016-07-03,README.md
rust,7781f1d7c5a8ec31f9994ebad0ae1ca140e69ef7,2016-07-03,CHANGELOG.md
rust,7781f1d7c5a8ec31f9994ebad0ae1ca140e69ef7,2016-07-03,README.md
rust,c6a04d9ba44d98de58dff18684463ce9d9b2b22d,2016-07-03,README.md
rust,a9d27f92ce0202f2c383949b97d26c01151936b3,2016-07-02,Contributing.md
rust,f609ac5b587f92947b3341a75e663b77ca73037c,2016-07-02,CHANGELOG.md
rust,be43c654b38af7c194dd5ce56b15b718e4849959,2016-07-02,README.md
rust,effc2e9772685b3530efe604bf40a9f8649de860,2016-07-01,RELEASES.md
rust,8d58a928e5956c8531fecc04cb92bf7d63979605,2016-07-01,README.md
rust,b18ed5b221113e328717048ea6166763a715b074,2016-06-30,README.md
rust,b73180231a9001459f34deba1763cea1dc300c3c,2016-06-30,README.md
rust,a12e8394d7ec0677914749de18b56eb2a925bc3d,2016-06-29,CHANGELOG.md
rust,a12e8394d7ec0677914749de18b56eb2a925bc3d,2016-06-29,README.md
rust,eba449c2c066334c813b1a54c9ec7cc18a4b09c3,2016-06-29,CHANGELOG.md
rust,e4dceef7e79c96c4ddeffd59a2c532bd239f98a6,2016-06-29,CHANGELOG.md
rust,e4dceef7e79c96c4ddeffd59a2c532bd239f98a6,2016-06-29,README.md
rust,e06bc374776fddaed4d3dffb19b3f40f29bb6995,2016-06-28,CHANGELOG.md
rust,e06bc374776fddaed4d3dffb19b3f40f29bb6995,2016-06-28,README.md
rust,cb74a5874f52ad82d9ccb6ececb36f27f5a5fda5,2016-06-28,README.md
rust,f4115f104ed7fea4bb21f0f13423dde29ca0c64f,2016-06-27,README.md
rust,a8e185646b0fbba010a4945de008396c15da1e36,2016-06-24,README.md
rust,eeb847ada80a2639949831870a84afa45d318c17,2016-06-24,README.md
rust,262148c946187dd69e2d875360c45fc4cbd9becf,2016-06-22,README.md
rust,5ccbf3d43740a714f7c7a61bf71690fedc65046d,2016-06-22,CHANGELOG.md
rust,5ccbf3d43740a714f7c7a61bf71690fedc65046d,2016-06-22,README.md
rust,59db95b4999b878f99e682537cbb025ce7d07ec4,2016-06-22,README.md
rust,92c02bd4afdb691a762060a393603321933be34e,2016-06-21,CHANGELOG.md
rust,77e2155778e9700e4797acb8629ab52d19cd6b29,2016-06-21,CHANGELOG.md
rust,77e2155778e9700e4797acb8629ab52d19cd6b29,2016-06-21,README.md
rust,c9d808e85f9c7ca1957ef54ddeb04d3888bd9552,2016-06-19,README.md
rust,eeb30dbc9758cc3a9f47d30be831777d0afde0b3,2016-06-19,README.md
rust,48487f0cfc987d00252dee0e6995abaafdb57c26,2016-06-19,README.md
rust,cfa0c5782eabd49b896e287f6a67dc7f3a529d98,2016-06-16,README.md
rust,e628e4d513ac9d85e7dd98740ec107b4d103bb27,2016-06-16,CHANGELOG.md
rust,e628e4d513ac9d85e7dd98740ec107b4d103bb27,2016-06-16,README.md
rust,74025be59db10a5c8f5c0b5175b250730b4d4ca6,2016-06-16,CHANGELOG.md
rust,74025be59db10a5c8f5c0b5175b250730b4d4ca6,2016-06-16,README.md
rust,7764dc5ef42754c2704217ebec4a82b964835f54,2016-06-16,CHANGELOG.md
rust,7764dc5ef42754c2704217ebec4a82b964835f54,2016-06-16,README.md
rust,7c5efd743788dc4c2fbe5fa101fa6cac79f26c91,2016-06-15,README.md
rust,17dd0da9da6eebbb83856bd6a76ac767be0217f0,2016-06-10,CHANGELOG.md
rust,d80436f9f21cf2d6d95e585696a018077ec63ef3,2016-06-10,.github/ISSUE_TEMPLATE.md
rust,d80436f9f21cf2d6d95e585696a018077ec63ef3,2016-06-10,README.md
rust,300a5d7d717febf738e24602caa3696cec151f24,2016-06-09,README.md
rust,d7ba66bf44f993e64114e17cc15f1b0d56ae8f70,2016-06-08,CHANGELOG.md
rust,d7ba66bf44f993e64114e17cc15f1b0d56ae8f70,2016-06-08,README.md
rust,11ea3b8be9b32fa8335f3cc7ba70eb33213619a9,2016-06-08,CHANGELOG.md
rust,d592675de6657fdd15ba8570611cda18863210a5,2016-06-08,README.md
rust,1aab0e6729c82c100efc9b63e8791e26e68187f0,2016-06-07,CHANGELOG.md
rust,a7a6c0461da71ac838708d2b34a629443f860b60,2016-06-05,CHANGELOG.md
rust,a7a6c0461da71ac838708d2b34a629443f860b60,2016-06-05,README.md
rust,8497e3bacbbf6a729ced38f5481f193c927a164e,2016-06-05,CHANGELOG.md
rust,4e8798651419eef3df28750b22f1c6f17971e936,2016-06-05,CONTRIBUTING.md
rust,35934befbb3835efc97c963b43b2e733e7e65a84,2016-06-04,CHANGELOG.md
rust,af4a9fa6f6d8a07115fd7241f00a3276a367853b,2016-06-03,README.md
rust,efeba8eec30c5f051b66580da4827bd50d357b4d,2016-05-31,CHANGELOG.md
rust,5c51a2452d0a443f97aebc089cdf16bbbd4fb1ba,2016-05-31,CHANGELOG.md
rust,e252100cf67ae2afe8d4d9687dcafe7a4fbb8f72,2016-05-30,README.md
rust,bef5d095a4c59577d1400d980b7da62519bbe473,2016-05-30,README.md
