repo,commit_sha,commit_date,health_file
angular,4640146f2df51b2096cd3aca62d68d24ff7783a3,2026-05-29,CHANGELOG.md
angular,36ee538d3f9b2ceb7e04eed4c32d3dee56eb4fbe,2026-05-28,CHANGELOG.md
angular,99c1eebcd50ea7973317d11e89de57fc3e6c26d3,2026-05-28,CHANGELOG.md
angular,e2ccea9f453d9b85b8120293513096411f4c6f3b,2026-05-28,CHANGELOG.md
angular,25922d175525e697854e33006d895709867cfe64,2026-05-28,CHANGELOG.md
angular,a68a33e733bd19d0b9e733ab73097059c97fd9f5,2026-05-27,CHANGELOG.md
angular,161c79d6cb1caa8a4539fe1358cbf3343a8535eb,2026-05-27,CHANGELOG.md
angular,fd6ef34ac9c5af44b55d4dfce0042b6e087082bb,2026-05-20,CHANGELOG.md
angular,16195d00bf1a2b4d322ee255a34598058e6cfc74,2026-05-20,CHANGELOG.md
angular,71f8d488e024962c62998747088b44e479512413,2026-05-13,CHANGELOG.md
angular,21ca0918c77e89bc310b35fefdd0e64eb129564c,2026-05-13,CHANGELOG.md
angular,1bb2c68200718c8ac896e4a56450457d0398e1a9,2026-05-12,CHANGELOG.md
angular,62710ad4d6c8c7202a21c072a57ab92a028c216b,2026-05-12,CHANGELOG.md
angular,38b2bede602a0e232aa6e98883e58ee18c4f5bec,2026-05-08,CHANGELOG.md
angular,853a91e928ef41f0a48fa1f3db1e479f4ff66153,2026-05-06,CHANGELOG.md
angular,8b3973aaad2d5c7f980a046450ef944497c4eef3,2026-05-06,CHANGELOG.md
angular,a02ac768667f501ed2070aae89107d8c84b58b85,2026-05-06,CHANGELOG.md
angular,6aa40f6c043db7af68d0066cb3c3fb0b72e6ecbc,2026-04-30,CHANGELOG.md
angular,12d4844c8b89f519a36bbd834eb8073f5768e268,2026-04-29,CHANGELOG.md
angular,662560effc7ca66a9ad5a61715fdd72c2d9a6469,2026-04-29,CHANGELOG.md
angular,982e3cce528893b7ae7eb036464f24e59b3cda9b,2026-04-28,README.md
angular,c64ee96e0cfa6311af6b8fc1786a79e226c0260f,2026-04-22,CHANGELOG.md
angular,602fe93e0f6b3cbdb659062755a8026c299158f1,2026-04-22,CHANGELOG.md
angular,3579ea0850fcb696438907261a920c1b23af4870,2026-04-15,CHANGELOG.md
angular,9bead58c8bbe48d02df995d36de626b54884044b,2026-04-15,CHANGELOG.md
angular,c326548382978263ed251ec61e9d7079cb892c37,2026-04-15,CHANGELOG.md
angular,05a851ec7f44ff3b81bad3e590d4ab71681eb4f7,2026-04-15,CHANGELOG.md
angular,5516769e170f282bed9f54e84b9a10a8ab66f899,2026-04-08,CHANGELOG.md
angular,f95d75752f67b8c1d718b96ab7cc2332a7182bcb,2026-04-08,CHANGELOG.md
angular,4739bde9fb6c62bbdaf9c747fff6884fb878ff82,2026-04-08,CONTRIBUTING.md
angular,f99172ddde5e39e84e50d2910b4bffdb16cc8db2,2026-04-01,CHANGELOG.md
angular,3771e264fc387067eeeb0176b1465396980b1cdc,2026-04-01,CHANGELOG.md
angular,d4c085d2cc494d848f661aed50e9b31a4e9ad5f4,2026-03-25,CHANGELOG.md
angular,f187d23923c4b2429599038ca37b47d068ea391d,2026-03-25,CHANGELOG.md
angular,61967d7ad36a6b0efde00c6235edce54bb093357,2026-03-19,CHANGELOG.md
angular,557f6e784124f232730f159812704e1299feae83,2026-03-19,CHANGELOG.md
angular,41cdc92303650b1908821a528b770504199ce153,2026-03-12,CHANGELOG.md
angular,432a3de09f74307618b0fd5d511ddd300d7e5835,2026-03-12,CHANGELOG.md
angular,4cbc1a1d87e2b2a5d9447bb74ca26bc2d83f16ec,2026-03-12,CHANGELOG.md
angular,5b66252acd089027f38e38bba50b80c95e87e051,2026-03-12,CHANGELOG.md
angular,cfb8aff968cafd1cb695b8f35f1e4768342f1fb4,2026-03-11,CHANGELOG.md
angular,dea3241be626c3779df1b1f3f120024114631b79,2026-03-11,CHANGELOG.md
angular,f81eb26e234d6a8e91538d5474e14314582e67ca,2026-03-09,CHANGELOG.md
angular,0964b2ca9fd48ed8f3121088459d8797204e58fa,2026-03-05,CHANGELOG.md
angular,62676269d207db80576052d080b756e938be97ea,2026-03-04,CHANGELOG.md
angular,00a392896721b8577c0bff2374eeaa7842f952aa,2026-03-04,CHANGELOG.md
angular,60f7a766165de642b633b33afc14c2fa62e25306,2026-02-25,CHANGELOG.md
angular,f9a92bfe4f81cee121cbe3d7ec25442369e9bb4f,2026-02-25,CHANGELOG.md
angular,b7f03a92982027217bade95467e5d7400682d933,2026-02-25,CHANGELOG.md
angular,0b6ac7f0965ab4d219c0c38aab8aa7592a2634ad,2026-02-25,CHANGELOG.md
angular,e8cc9109650af93aac2acf158ad81f1f43edb06e,2026-02-19,CHANGELOG.md
angular,2d776f6be4daeb328201a4a70c3c67829e1467b1,2026-02-18,CHANGELOG.md
angular,cb8e974de07f27270749f1566e61cc1845ac32a3,2026-02-18,CHANGELOG.md
angular,39cff9c235b097a4ceccc70ce2f48e24e8fca420,2026-02-11,CHANGELOG.md
angular,ad815106ddc17d66c13090342644bdcfb82d511e,2026-02-11,CHANGELOG.md
angular,c3229b31363ce524fcd58d8d73d7368f64678f6f,2026-02-05,CHANGELOG.md
angular,8fe34e146ba9058a43ae2b9b5987bf1a7600b252,2026-02-05,CHANGELOG.md
angular,5a6fefb6873b519eeb9081058a84b1679f0b50e7,2026-01-28,CHANGELOG.md
angular,571747d5ccad1e66fabb554b184a5e39679204c7,2026-01-28,CHANGELOG.md
angular,bfc2afdb5bf9e668f11ba0a967a5d537e9199b56,2026-01-22,CHANGELOG.md
angular,e35eea6e928bd59fb80c90449a9c4e56738906a5,2026-01-21,CHANGELOG.md
angular,015926897139e8cc07589a57bdf129caaac3460b,2026-01-14,CHANGELOG.md
angular,d12e6f0986a3392633604dffab103d46d9974ae8,2026-01-14,CHANGELOG.md
angular,9529362617577993fa92ed97f42de1cd0fc1f8b7,2026-01-08,CHANGELOG.md
angular,3b8c4fc136abfd6ae46ce71cedab9290a5769533,2026-01-08,CHANGELOG.md
angular,af4e521d645822b755d2211d3104df4e3056dd1f,2026-01-07,CHANGELOG.md
angular,f8db6ad3b16ae1cb1cb6fae85134f2a5c2b88787,2026-01-07,CHANGELOG.md
angular,414b64789706f935269188e930e8961c08b5af47,2026-01-07,CHANGELOG.md
angular,85ce5f3ce7db5729980aa004fac00d320cad0fc3,2026-01-07,LICENSE
angular,5b06996fb2c759e06e7c847f2d7886a291f25500,2025-12-17,CHANGELOG.md
angular,664fa393b7c2cd81bea4d5907d70ae8c68afba0a,2025-12-17,CHANGELOG.md
angular,fe30b2fd2704f462450f510f7aec2f0639e87d3a,2025-12-17,CHANGELOG.md
angular,6270bba056cfaadb3fe0b2bf3b17036bdc28b90e,2025-12-16,.github/PULL_REQUEST_TEMPLATE.md
angular,7c234486e601454675c8bfb1d83b260d615073b5,2025-12-11,CHANGELOG.md
angular,bf86f5364f1570d14f4535ebdc8193d076ea92d5,2025-12-11,CHANGELOG.md
angular,16364514e3f9d99ebf304e19c9f5b61b0304dd3f,2025-12-11,CHANGELOG.md
angular,d343ff34a343b658b05be895f923ebd14f42cdca,2025-12-11,CHANGELOG.md
angular,ce4ddf4b473b48c1bfea0db9a8fc3c74bd4f854c,2025-12-08,CONTRIBUTING.md
angular,45aa63308e29628bba9f506010600371fc0caf63,2025-12-08,README.md
angular,13c0d451a54fa9d3a8ac9f93a0c61e93db8305ba,2025-12-03,CHANGELOG.md
angular,ffd7a9b7ea3a0dbac719d596fece29275799251e,2025-12-03,CHANGELOG.md
angular,242d3328d82ea6988f56eff84247f90683c3f0f6,2025-12-01,CHANGELOG.md
angular,76d097e05f38b9dc0e8e6c68913d1af17de5c31c,2025-12-01,CHANGELOG.md
angular,ee53e6ff18c343374d181a542c46266e3124e848,2025-12-01,CHANGELOG.md
angular,04101e69ff5e8d9cec527dbb7256ad2f896a55b5,2025-11-26,CHANGELOG.md
angular,4c0ba06532a96409ad05a3e88367a93d36e54647,2025-11-25,CHANGELOG.md
angular,6aaddba3e28862a46f17b43bbe8a89324a93de3b,2025-11-25,CHANGELOG.md
angular,6b1fb02dd7e43b5d29eba3dffc8c075bdfdc1d3e,2025-11-25,CHANGELOG.md
angular,1b4d1f88dc84642c99eda5b651800fa27f940a5d,2025-11-19,CHANGELOG.md
angular,4c6b4d76a018d07282cf2d664493c39a45a992de,2025-11-19,CHANGELOG.md
angular,eb2f6653c9e9177e6d4f45c7c0a8a9987f479964,2025-11-19,CHANGELOG.md
angular,cbd77b9db89bfdc691f7802d7aa13a954eb7f53b,2025-11-17,CHANGELOG.md
angular,73295b1087e539028675f11564c5ae964da1f8d1,2025-11-17,README.md
angular,8989536615c8883606984b6345d831dab68a9ef2,2025-11-14,CHANGELOG.md
angular,cc095d447c6619e330404d56d30e68c7d737fc7d,2025-11-12,CHANGELOG.md
angular,1f6de175c9e216942bee6d0a13cd690e6d476740,2025-11-12,CHANGELOG.md
angular,26fed34e0e340166b70702d6177ad639bbfa94aa,2025-11-06,CHANGELOG.md
angular,26fed34e0e340166b70702d6177ad639bbfa94aa,2025-11-06,CODE_OF_CONDUCT.md
angular,26fed34e0e340166b70702d6177ad639bbfa94aa,2025-11-06,CONTRIBUTING.md
angular,a487de8bd4a782bdaac72978d420fc5b33c17981,2025-11-05,CHANGELOG.md
angular,aa104c9747943a383de640684cc286697937242f,2025-11-05,CHANGELOG.md
angular,bfdb652f9e6c7c36606a7a4a8721a605c938b24c,2025-11-03,CHANGELOG.md
angular,b67addf99e70210ea7a82618fee6488123630e3a,2025-10-29,CHANGELOG.md
angular,df206c98ca05fcf3984b9850f3cf36040cba2284,2025-10-29,CHANGELOG.md
angular,a639f7adc3069a58d012cd27664dc2073033b568,2025-10-29,CHANGELOG.md
angular,be1598fdedf524dcf4ad08124518bb478cb628db,2025-10-22,CHANGELOG.md
angular,fcf7eeec45eb796b7b3631b173426bcc2360b20b,2025-10-22,CHANGELOG.md
angular,f7776faa72ac46638d99e6f39d0002455758bacf,2025-10-16,CHANGELOG.md
angular,013effddef1d194870d9c19636333f2447f8f8cd,2025-10-15,CHANGELOG.md
angular,e3fa24d6ce03132dea23d2db176f3cd85e7f8db3,2025-10-15,CHANGELOG.md
angular,808d6aef90078939b16a8af680649485824a293c,2025-10-08,CHANGELOG.md
angular,ec4775d642f26e7b5b8d1dd09d82ecd5966a6b85,2025-10-08,CHANGELOG.md
angular,732635b3820a957c742e462c6c4976124b452a14,2025-10-02,CHANGELOG.md
angular,4699ccfb0d578e6f1d3d9ba6b27daec042b73ec4,2025-10-02,CHANGELOG.md
angular,0e8e7bac6c4de7baa1edf5bb25d00c43214fa8f0,2025-09-24,CHANGELOG.md
angular,b1d937337123fd4aed455c989823900d59b65dd4,2025-09-24,CHANGELOG.md
angular,b018c9a481ff797c068e8809c7425cb278ebddd0,2025-09-17,CHANGELOG.md
angular,95207b6b52f36fe2a986f38a292214b735ab60b5,2025-09-17,CHANGELOG.md
angular,17395e45f7779d4fa92a84037a349ad9fe4a1f9c,2025-09-10,CHANGELOG.md
angular,fde699bbf40cffe37c0df2ea98cb79ab86972363,2025-09-10,CHANGELOG.md
angular,687b30121ff4cb6b73b8803425ad8b3b1bc248ea,2025-09-10,CHANGELOG.md
angular,9586d480eaf3a24f6331bbedd84abbf75ebdd106,2025-09-10,CHANGELOG.md
angular,01025752f6ada70c09497f15b4feeba721415e08,2025-09-10,CHANGELOG.md
angular,835aad7994d5a5ccb6cfcbedb2c45beb0bda63ad,2025-09-03,CHANGELOG.md
angular,c918f61afc9418c5a0faf8a954545e67212bc667,2025-09-03,CHANGELOG.md
angular,1875d5c5a3dd685ffe5c9fae3ba7ad53e20647d7,2025-08-29,CHANGELOG.md
angular,478eebe60785490f66a53ff0261862d64cd56d42,2025-08-27,CHANGELOG.md
angular,01f44ee37c535beaaa2427005d33648923bed3b9,2025-08-27,CHANGELOG.md
angular,1b0c84a5ec9b71821a7e68402b8b7b6f9b8ffc0c,2025-08-21,CHANGELOG.md
angular,2f34f9f272b7864313df5950f69510f1a51a22e0,2025-08-20,CHANGELOG.md
angular,a0ee6bdfe4102357dd231bcf02f5ff4d44fb585c,2025-08-20,CHANGELOG.md
angular,d1df1287255c23185f1ced1c5ee8131ee6573d6d,2025-08-20,CHANGELOG.md
angular,e6fea458edf3e7b13f511fdd2525fda0d8c53b23,2025-08-20,CHANGELOG.md
angular,e7cc89e3b0b6308c4a4372c7f89e74421c7af94e,2025-08-13,CHANGELOG.md
angular,74e1796a1e247293c6d54918051fe40194b1e78b,2025-08-13,CHANGELOG.md
angular,57184d089529b0102e0b896b858a26dee764a748,2025-08-11,CHANGELOG.md
angular,124dcc0a1fb2adef653d97c3b4760bc85e0f71bb,2025-08-07,CHANGELOG.md
angular,90b0227407168ea576eb284e465ed9f92370b1b7,2025-08-06,CHANGELOG.md
angular,9365a7fde3f8d12f5f727908c43c7c0fe90cd320,2025-08-06,CHANGELOG.md
angular,c6b71be4e1d269b3b7e429b0baa6fcb911db992f,2025-08-06,CHANGELOG.md
angular,eb4ae827a28e22090ce1a629c549ba414538fbff,2025-08-06,CHANGELOG.md
angular,78a6b685781136056cea426304d0baa54dc8766a,2025-07-31,CHANGELOG.md
angular,d08f9cee065ae5cdc233ab4dcfe46f8c0d8dccea,2025-07-31,CHANGELOG.md
angular,da2700c81907e8280ac086859c536ec72e279d08,2025-07-23,CHANGELOG.md
angular,8344572cb4cf7733189ed6cd819c45be391c5846,2025-07-23,CHANGELOG.md
angular,6f52e97d5f4f333888ba0ee387a5100a8ceb3e7c,2025-07-17,CHANGELOG.md
angular,a484a11b6718aceafea848592ae2503223b85af7,2025-07-16,CHANGELOG.md
angular,193257b3faa4d98526208dd93ea20eafb8a356e7,2025-07-16,CHANGELOG.md
angular,4b614fbb3263d344dbb1b18fff24cb09c5a7582d,2025-07-09,CHANGELOG.md
angular,52c50d43d6d603bdb4be679cf14d9437dc740f32,2025-07-09,CHANGELOG.md
angular,4ac0147ffe1cd72a26634b0868d78b310a10ee02,2025-07-01,CHANGELOG.md
angular,b8c6cfa34656e76039b6fdd098b7c14f13c8db33,2025-07-01,CHANGELOG.md
angular,1ea65b16d57b26633a1e9ea62fa89035b3795b12,2025-07-01,CHANGELOG.md
angular,85fe323c4ea7312f9ec63bf5b710556b4c801703,2025-06-25,CONTRIBUTING.md
angular,f1d7ac9f1a193dfcbc4ce6d0886c1d8bac4d0a24,2025-06-25,CHANGELOG.md
angular,b23a912abc4d35747329a2651eb5bd2d0ca4f90d,2025-06-25,CHANGELOG.md
angular,085e29fb23485c8a41f04869b2acc6b1c673fdca,2025-06-18,CHANGELOG.md
angular,81d918aa6d8284c7045d94a30ab0f640b77a7a7b,2025-06-18,CHANGELOG.md
angular,8611630eb952b5639804f27dc2f7608a0c45bb8a,2025-06-11,CHANGELOG.md
angular,0dafb28c0cdf1df599f8b0dec868454a0c02cbdc,2025-06-11,CHANGELOG.md
angular,bbd16f50bc69ff3daa409c9de1e745ecd5a30c2c,2025-06-06,CHANGELOG.md
angular,586be0e37f5c09f792040831b030a89a1882f22f,2025-06-04,CHANGELOG.md
angular,9a03000cdfe1c1af97c168e718f5255f719dd08b,2025-06-04,CHANGELOG.md
angular,9b514b7501c540ca5262fbb635982f342ea7d46d,2025-05-28,CHANGELOG.md
angular,62be7fa7c56117d659ac21278ce98a8313bcd229,2025-05-28,CHANGELOG.md
angular,1fd59c0298662a58353aa844d6ea1d3ce829cdf7,2025-05-28,CHANGELOG.md
angular,d19669ca7ba1107d105ae30e78ed3c3df5bc26a3,2025-05-27,CHANGELOG.md
angular,b03ac990725e19f190e0de4c2b2f684b9e9441f4,2025-05-23,CHANGELOG.md
angular,7a43963d62dc9e9e9cef66945bcd6996244fc43a,2025-05-21,CHANGELOG.md
angular,833c61583a1b1e2e58e2e148cd5e5920d32c9ba1,2025-05-21,CHANGELOG.md
angular,e2c1d0073068924add0dcfa2a61ec8db72490c77,2025-05-20,README.md
angular,0957e074c48b77cae839eb071cc29ed1ec503fec,2025-05-15,CHANGELOG.md
angular,b2a74aa157b82bf297caa6f3807a73b7a65cf0c2,2025-05-15,CHANGELOG.md
angular,989c65ee9e624adbf6d5d31128c2c26d6b83ce83,2025-05-14,README.md
angular,340728c933e3d084af014f82bdf2ed29ea8e56fc,2025-05-07,CHANGELOG.md
angular,a1fdb44db22fa6227ec60b16a371712c9f7e3b53,2025-05-07,CHANGELOG.md
angular,c1e46c556162dda3b17cf1f0d1842c8f4d3d48cc,2025-04-30,CHANGELOG.md
angular,829379e68ce2bf4bf0d4ac7442c7eff9eb51c40e,2025-04-30,CHANGELOG.md
angular,9a077078c5b6a889b9c3787a7e768003b5d6b84e,2025-04-23,README.md
angular,0f1190066679fd827fe3181c6733db328fb98e9d,2025-04-23,README.md
angular,fd8f5c69f1222110e22029e6dd8ec5a02aac6cd9,2025-04-23,CHANGELOG.md
angular,573f0905c549cfa6dc2cbc6568e8435591edaf38,2025-04-23,CHANGELOG.md
angular,c7e9cb9b36ebf072c0f40cf87c7eee49b8b6ec43,2025-04-16,CHANGELOG.md
angular,58728c792a17d761cc04cf9665055b414500b3fe,2025-04-16,CHANGELOG.md
angular,ea58402b1287ab964822331d6bf94f5c6ab71608,2025-04-09,CHANGELOG.md
angular,c3113b9b63f7853733583a9aadf5755d1dd2733a,2025-04-09,CHANGELOG.md
angular,1c6d5b2e2311b4f94a0ced2a5ed5b63839480a22,2025-04-02,CHANGELOG.md
angular,84c29d8961f832cd820bddb91558fc48783946e7,2025-04-02,CHANGELOG.md
angular,40bd57646a2ea6504877a623743c46768eb6fa1b,2025-03-27,CHANGELOG.md
angular,395f6c08b24ef5144d0eef3cabbd88677baac509,2025-03-27,CHANGELOG.md
angular,2091a272170f01e36794bff3b6e53d01a0841ebd,2025-03-19,CHANGELOG.md
angular,5c160142445e71182b54566f40418486b9ba049b,2025-03-19,CHANGELOG.md
angular,bc472b669c3025cb90b48285495de1f462e6729c,2025-03-12,CHANGELOG.md
angular,0788b0cacafa7780651c0ac675d2e2496fbe5634,2025-03-12,CHANGELOG.md
angular,35388c18b88ef099615601504f54302554e09f23,2025-03-11,CHANGELOG.md
angular,9a124c8b5d3c7749ee38c5ee705999793d8ea35b,2025-03-11,CONTRIBUTING.md
angular,c492db4ac93f142d7dcedc9809138060e8311691,2025-03-05,CHANGELOG.md
angular,8eebec9ce13c246c473a8312b8b9eb4fe48e073f,2025-03-05,CHANGELOG.md
angular,390139e3e140deafe12f4d6110efbfccbafeaf20,2025-03-04,CONTRIBUTING.md
angular,7ecaffc008eaa40ea4f56c1bd92b737e53cef853,2025-03-04,.github/PULL_REQUEST_TEMPLATE.md
angular,7ecaffc008eaa40ea4f56c1bd92b737e53cef853,2025-03-04,CONTRIBUTING.md
angular,ab2ee22c3d1a80b7ffe2c74c988dbd2503305b70,2025-02-26,CHANGELOG.md
angular,68d1357ef19ed824b029a3433c3c086b91b32f1a,2025-02-26,CHANGELOG.md
angular,c9fd74f394c9dd29035e862967516d6f2546a4be,2025-02-26,CHANGELOG.md
angular,8c1b196ecda5b5cc9716b2c04a531823f56c7b2d,2025-02-19,CHANGELOG.md
angular,497028cc52c59e5ae8dd4066c35b14a28002f2e2,2025-02-19,CHANGELOG.md
angular,fb39fe96501e39dad051da99114143168ccaebe3,2025-02-13,CHANGELOG.md
angular,730fe65d55d506d90f1f4eca28ca4b33f2901851,2025-02-12,CHANGELOG.md
angular,a7f20eb8634d75a105f4ee3c39d6d364383c061e,2025-02-06,CHANGELOG.md
angular,7196725622781e07cb6217d2209d0c5bc16584ed,2025-02-06,CHANGELOG.md
angular,9723f034c3c2ccd71cf0c53d6226d120ce652ae8,2025-01-29,CHANGELOG.md
angular,eb9dca3120bb80bb51585b344e9aed332b017a32,2025-01-29,CHANGELOG.md
angular,2ed633a2599704d5956a34c59c711e2e9db534f0,2025-01-22,CHANGELOG.md
angular,ec8c288968de77bfee8ebaae30543194b13e8dae,2025-01-22,CHANGELOG.md
angular,61302cb4b6209fda2160c2653f0351d9553219bb,2025-01-22,README.md
angular,2d8fa73c1d6cce078889548c69b8ddb8e84ac106,2025-01-20,CHANGELOG.md
angular,aa45d44c5bee49638534895e8650dd3a9217e553,2025-01-16,CHANGELOG.md
angular,e2925cccf8a87594af4096597c9f456440ac547d,2025-01-15,CHANGELOG.md
angular,b223f7e9c63f61adec5855e8d2a72f888f7318de,2025-01-15,CHANGELOG.md
angular,e689aaed306616ffeba62a74672d38decbdb2731,2025-01-08,CHANGELOG.md
angular,c69f12ffd6face144ece3b8de22af3b8910bcf8e,2025-01-08,CHANGELOG.md
angular,b22677d761fd7af38ac27c7162837cdd9b93a750,2025-01-06,CHANGELOG.md
angular,6aeda99a3e241fb3e475a1487571cf692c2922e3,2025-01-06,LICENSE
angular,c51acc3a3abf851f05a4a84f690c2c6f263d49fc,2025-01-06,CONTRIBUTING.md
angular,f28359e5a36a58ad197384a3420850cff1b358ae,2024-12-18,CHANGELOG.md
angular,f2a03217a090d1a22957122167fff0820cd45561,2024-12-18,CHANGELOG.md
angular,d6fdfb1f86c8bc8a5bde9a70da790da6832d7e99,2024-12-12,CHANGELOG.md
angular,cfc1679714617a667ee7f03e8556f720f3d00c94,2024-12-12,CHANGELOG.md
angular,4a030f7308b1e9c0fe6164f4533107f79004891c,2024-12-04,CHANGELOG.md
angular,acf9ab2033dc441c5e84d70e39f2e4a695220ca0,2024-12-04,CHANGELOG.md
angular,dc7d555e42839bb9554f77732b213f51d7b09a1c,2024-12-04,CHANGELOG.md
angular,316bf1726a9488fceb6762bad18203fd7547513e,2024-12-04,CHANGELOG.md
angular,aff4f66cf1eade9b67a701271ee0f7a571d490be,2024-12-02,CHANGELOG.md
angular,b243ac1ab2a763505c2fd0a49f4e993354a7b53e,2024-11-26,CHANGELOG.md
angular,fcde96d9fe4710eb71df94c41757e08ad91b2047,2024-11-26,CHANGELOG.md
angular,c1bcae1a4a1fb6a153830f9672dc0ef371cf5515,2024-11-26,CHANGELOG.md
angular,284771d1538c155d98d0761bf38605bae87764ea,2024-11-19,CHANGELOG.md
angular,cdaa909da9fe7615f76aac8d9c14ae10f664e48f,2024-11-19,CHANGELOG.md
angular,e29bd14a9db477e6e4177a2807b2c75379036f5d,2024-11-19,CHANGELOG.md
angular,d62a3f8480dd794852971ef06e87bd81ddf52104,2024-11-15,CHANGELOG.md
angular,68d76b3326ebc21e9f3fffc8dc2da94ed988b3c6,2024-11-14,CHANGELOG.md
angular,666a2a4a73402bde6398f66148ed445ea1d37e6d,2024-11-14,CHANGELOG.md
angular,9fced64146452e1186747bd1ff571203285f06fa,2024-11-12,CONTRIBUTING.md
angular,9fced64146452e1186747bd1ff571203285f06fa,2024-11-12,README.md
angular,0642f459deedadf0e61bd912d1246d360213fc5a,2024-11-06,CHANGELOG.md
angular,b4699524462ac3cacccf37f30f5d6e006e869463,2024-11-06,CHANGELOG.md
angular,d8829fb3d11851a240dc5340429d123b05da9789,2024-10-30,CHANGELOG.md
angular,af5d776c041a6decb0516410e1dfdc9ef5a7b59e,2024-10-30,CHANGELOG.md
angular,f3a028c53a125a0939fd6bc1321d36d1c474d9c2,2024-10-23,CHANGELOG.md
angular,2d8ae84426299b00eef6ebc5fc56fb2aa60f104c,2024-10-23,CHANGELOG.md
angular,b05c266f7b588c0f67f48e685dbc641fd10f5109,2024-10-16,CHANGELOG.md
angular,6782acb00777ed2dcc1baf163efa7795375059a8,2024-10-15,CHANGELOG.md
angular,6530c5ecb0e4f6705843328bd8ce757ec5e30320,2024-10-10,CHANGELOG.md
angular,dff03d20292973648bb6311cd254ef6d6557916e,2024-10-10,CHANGELOG.md
angular,d48aac8d44ad928d6441b4ae717a7ca5fbecf9b4,2024-10-02,CHANGELOG.md
angular,4461a585e5c01c6f7a8addc1c54db156c303dc04,2024-10-02,CHANGELOG.md
angular,242a3c2a8f9bb1a9add80937732a3a469774fd36,2024-09-30,.github/PULL_REQUEST_TEMPLATE.md
angular,1549afe10eddc92845cd1fde862aaa010c2395af,2024-09-25,CHANGELOG.md
angular,fc7e8056a05d0cdd212d8f6ea062aaa54357a891,2024-09-25,CHANGELOG.md
angular,9dbe6fc18be700e89f28a023378f4775f3f7c3fe,2024-09-24,LICENSE
angular,538dd297553df8acb38d6ac173a3d6e33a3e29ce,2024-09-18,CHANGELOG.md
angular,f8666a9bd6bdafc37643403f127c4ec0424f7436,2024-09-18,CHANGELOG.md
angular,607ea4b67e326d3d2f8a14dcb67050d71449b2a1,2024-09-17,CONTRIBUTING.md
angular,75266874957c9a24ab391cb3463ef29e530dd081,2024-09-16,CHANGELOG.md
angular,488621fd78304baaeff98fcd29ce5fff1df16c67,2024-09-11,CHANGELOG.md
angular,784d4be9d75efca89c6eb34452b48b3e2eaa361a,2024-09-11,CHANGELOG.md
angular,ada67a34f21721a40f8047de4fe7251af2492d01,2024-09-11,CONTRIBUTING.md
angular,d58ffd6d90b386edcf6a3c79287a04c4bc179a27,2024-09-09,CHANGELOG.md
angular,3c756848f7296144e2400c51c63a1fae321bd137,2024-09-04,CHANGELOG.md
angular,c19b02f6f42f3ca4c5a9f47b776bdfbc4f517046,2024-09-04,CHANGELOG.md
angular,4b04a0e61a64cd9e77c9ace159f9a1339ad3bb0a,2024-08-28,CHANGELOG.md
angular,557aa927543962789e4652a961f7e11f811c1d82,2024-08-28,CHANGELOG.md
angular,aff6729398c2063885951e54bf39909e2304e655,2024-08-22,CHANGELOG.md
angular,66da115ed811af516766ccf67aacb0813a0ae1e8,2024-08-22,CHANGELOG.md
angular,baa125480e10e05959f2041f90df3e1bbf540953,2024-08-16,CHANGELOG.md
angular,5537bf802f8eda54ff7572905cf3bb2fc0e0e431,2024-08-14,CHANGELOG.md
angular,c1f1c028a9dd4877606d696eaf9b229f74ccdcbc,2024-08-14,CHANGELOG.md
angular,c5b598ea32111cf82763095ea3b5db6f595ad95d,2024-08-14,CHANGELOG.md
angular,0761e9aeb5ff26008eaaf40e88ccd9b1303be512,2024-08-07,CHANGELOG.md
angular,ccbce8ffba36abe1345d026ec9aed41767f7c3c8,2024-08-07,CHANGELOG.md
angular,4d0842d546b436f346ec64fe66ddc6c7af01d2aa,2024-08-05,CHANGELOG.md
angular,89f28b668cc177435cc9c97996315bf16a04b9c3,2024-07-31,CHANGELOG.md
angular,414d98598f78b4310e61bbd07300be380de7fbd6,2024-07-31,CHANGELOG.md
angular,b3b9bd892587f3308d59ca7203f5112e79d334f2,2024-07-29,README.md
angular,6609a94733d58939582d44dc97f31ef1f2a130f7,2024-07-24,CHANGELOG.md
angular,c2779eb9f156d4ecd3a64d6b33da208affae0f0c,2024-07-24,CHANGELOG.md
angular,89550e734459829e93819ad5f07f387a24891c91,2024-07-17,CHANGELOG.md
angular,3a415719b729c7b14034ba20cebdab937db8eacc,2024-07-17,CHANGELOG.md
angular,59fc4defd33b1a9fcb9125044befa5757d370a71,2024-07-17,CHANGELOG.md
angular,2a71f056b82d4624c2858629ddaf35ae86e20ad2,2024-07-15,CONTRIBUTING.md
angular,b6fb5b7fa9a3b2d3e9b3ca833f94525adc0c31b1,2024-07-10,CHANGELOG.md
angular,85d1d22adec97e82ab57bd23bced8918e2059078,2024-07-10,CHANGELOG.md
angular,543f6363e74cf9697869cbe5d0e8b8285d4d0446,2024-07-10,CHANGELOG.md
angular,4e36bf8e9047bdc66eb95ee68514c873a56fc5b9,2024-07-03,CHANGELOG.md
angular,e111e314f1cf58a07f95c248c1165b81c69a67c8,2024-07-01,CHANGELOG.md
angular,3bfba7ec1530d451f53e5d85516a33400550bbb3,2024-06-27,CHANGELOG.md
angular,5dc0de14948cb30c068e5bca380f8b43dbc93243,2024-06-27,CHANGELOG.md
angular,29ecb398952d6a47af09a1ee9e87dcece72844c9,2024-06-20,CHANGELOG.md
angular,34c3bd3c839f3f1d0c1074aca31a7f07d328d623,2024-06-20,CHANGELOG.md
angular,0bd55a684f7adf83ceb7d6c0b1d510252209388c,2024-06-18,CONTRIBUTING.md
angular,08038e8573f189ee46b72600e6caacc6b12b5a9a,2024-06-17,SECURITY.md
angular,278c4a1fcbc18a0b032fd5192e46d856a6f8f0b4,2024-06-17,README.md
angular,a114ebad7e8f2a3074ef13d0f010920f9da2bcf2,2024-06-12,CHANGELOG.md
angular,38b84007b6d3b4c26a6a111ed7fc4d72e289f7b2,2024-06-12,CHANGELOG.md
angular,f0fbced1c55bc8b8ed9df01cea99df42f3e7eae3,2024-06-11,CONTRIBUTING.md
angular,a7e4a578d833d0a70a913c818e7391c1679a8725,2024-06-07,README.md
angular,101edda0184b458d331163b7e04280c3b8b48bfc,2024-06-05,CHANGELOG.md
angular,cc97f118910e897d1d8814d309f8edf63ab1fe4a,2024-06-05,CHANGELOG.md
angular,8a3d010d4dcdc0bf6285e4e038eb74be0bb28ee6,2024-05-29,CHANGELOG.md
angular,f6d5cb0426db904251471e51b8414dd6444c8b3c,2024-05-29,CHANGELOG.md
angular,76633847a2676d9c8e69bd901517f819a0e3bc58,2024-05-22,CHANGELOG.md
angular,5be6df65eb03cba9c829cb72bbac965ad9e97caa,2024-05-22,CHANGELOG.md
angular,90ecee892de2d77e0dc9b95d3bfd88c568e1672e,2024-05-22,CHANGELOG.md
angular,048847f374106d1bac43ea190bf6020fef2fd259,2024-05-21,CHANGELOG.md
angular,23eafb4aa20f45233b22a62fe032e47ac21eca20,2024-05-15,CHANGELOG.md
angular,7a172f7e03c592ddbd04192f6006a2f09e1627bb,2024-05-15,CHANGELOG.md
angular,b9c88dc366080563094b76e50a583521fe0747d2,2024-05-08,CHANGELOG.md
angular,0b790891f4e1ed182388c77e5a336c28edcf335f,2024-05-08,CHANGELOG.md
angular,379242c9102065b4803f1024aa2a544030f2a96f,2024-05-01,CHANGELOG.md
angular,874d33286eafe22bd1537de9fb9b55b5cd78ed30,2024-05-01,CHANGELOG.md
angular,9f777b692cfa21aabc10d47ddab03932be55ede7,2024-04-30,README.md
angular,7eaa407c22f97122795a477f009eb55c73d76157,2024-04-30,CHANGELOG.md
angular,fd544159e300340a25a48e3f40c58795991a4c17,2024-04-29,CONTRIBUTING.md
angular,3667352ce5ad1b39f75a95df205633bf0bf1ba63,2024-04-25,CHANGELOG.md
angular,e478180b9b3ddfa307c82d3666ed3fa56bfd8b77,2024-04-25,CHANGELOG.md
angular,011cc06411b6c9fc22e68c45f5572312b4dc02cd,2024-04-17,CHANGELOG.md
angular,9d2704c2586ff0855de6d6181fcf285fa4c3bbdb,2024-04-17,CHANGELOG.md
angular,aae062e8dbd5b3d59d05d029477cbb487fe8dd71,2024-04-10,CHANGELOG.md
angular,69927ce1037a6d5b6f05319e549afdab40058fd4,2024-04-10,CHANGELOG.md
angular,9d76cc367b98b4e6e3daf1b00ed5f788b577f675,2024-04-09,README.md
angular,13d37e0b4380a8aedddc62b0e07749e3c0d202d3,2024-04-08,README.md
angular,4e25e402f8aee2efdf34d24d2db472eb32088397,2024-04-03,CHANGELOG.md
angular,fac8d34edc572f8dfe391c4be6ff29f991af694c,2024-03-28,CONTRIBUTING.md
angular,6d14fc52b9103b4fdbee8e4564c05fa599a90a1d,2024-03-28,CHANGELOG.md
angular,a64eca2a9afc0a5806dc8a3f03716b848bf5dc03,2024-03-28,CHANGELOG.md
angular,0461bff95f72107d55c8db7ae8a4154296565721,2024-03-20,CHANGELOG.md
angular,a9f5a3350a1d3ec33969f29733fc47911518ef74,2024-03-20,CHANGELOG.md
angular,77a397b382f21f3fba3012cc43ba098ef39f9ce3,2024-03-14,CHANGELOG.md
angular,1b19d2d43079868fd8192dbcf2ac0277d771d814,2024-03-13,CHANGELOG.md
angular,d714e998d643d278d234a428428b1d0b87981db9,2024-03-11,LICENSE
angular,781dbe2cc2a48fb301741016613df302b7975b95,2024-03-06,CHANGELOG.md
angular,4be96326a7d4c2bc99f810262be0a5f41a15f7b8,2024-03-06,CHANGELOG.md
angular,e92354570d6c171a5048dc5ce704596ce065b540,2024-02-28,CHANGELOG.md
angular,ccda258bc54e38a29d07ffb9e30af3a650e0328d,2024-02-28,CHANGELOG.md
angular,8e65bdc84821b23ba5e15f056321f840d38ce789,2024-02-22,CHANGELOG.md
angular,09710295bc74847fefab78224717aa7eb182646e,2024-02-22,CHANGELOG.md
angular,ed0d5ec2ec94efc493c017063c3293f13a78cdc1,2024-02-14,CHANGELOG.md
angular,edd10aceb28ba8a01754455f38d1cf660e117e83,2024-02-14,CHANGELOG.md
angular,6196a36eeee2d4a992592f289bbdef39556d1894,2024-02-09,CHANGELOG.md
angular,d02fcb1ab4e206217262bcce0354b3174b16200b,2024-02-08,CHANGELOG.md
angular,c47bf63ccd2dc8465b08ab19990a3a9983e7313a,2024-02-08,CHANGELOG.md
angular,2d20c4a25b606d31fd73e8fa26863797ddda7893,2024-01-31,CHANGELOG.md
angular,0465a4c5d091097d40cd72f5b4613dcabcb71260,2024-01-31,CHANGELOG.md
angular,52e8f364ed525cc6b1cfa6f6ffc5b7b19e1c2d84,2024-01-26,CHANGELOG.md
angular,c4853e952d78d7f79d33503c2327e1a6cc0eb9b9,2024-01-25,README.md
angular,fad1354d50737b8cbbe534ee5866475da7250e70,2024-01-24,CHANGELOG.md
angular,a2a0b33c13a40dbd13788e497eaf3b3f8da31b12,2024-01-24,CHANGELOG.md
angular,b4c7167d90fefa81bc30e2360da8321b53ef4bff,2024-01-17,CHANGELOG.md
angular,9bbc415408a2b60a91066aa7d43e6b6bd78b386b,2024-01-10,CHANGELOG.md
angular,38776357411a202d7674743223c979e5328a009a,2024-01-10,CHANGELOG.md
angular,d315e2c4fa178dfbd41bc25259605bb999fa302e,2023-12-21,CHANGELOG.md
angular,9e2e5d69204a513fc0ea2ccb9f78af0ec2ac0532,2023-12-21,CHANGELOG.md
angular,be7becae9aa52fc824a8fd16c3d725ab1bd96092,2023-12-14,CHANGELOG.md
angular,bb93f6c7916915d5b387262a8eb4319aeb16651e,2023-12-14,CHANGELOG.md
angular,5f736089db634ec5abde7e9c35c731bf681d4aee,2023-12-06,CHANGELOG.md
angular,423692acb478abf07e9374db48f66b05610efa1d,2023-12-06,CHANGELOG.md
angular,876065407c2541b8787ccc806b9a3ea6888157c9,2023-11-30,CHANGELOG.md
angular,38bf0a320b6a5c7f44d180818c85d35e18133126,2023-11-29,CHANGELOG.md
angular,5d1580443e7b334d5d91bbb62f33717854c8051f,2023-11-29,CHANGELOG.md
angular,33959f4beabba4c9384d469f43ba621e5abc29b6,2023-11-20,CHANGELOG.md
angular,2ecda9fc4bed5bf8265f12b8407f4669a5970127,2023-11-20,CHANGELOG.md
angular,93c0dd86758db6c198143a8b10c827209785776c,2023-11-15,CHANGELOG.md
angular,179304b894c8321ab55def4b2fe6a4511f56e59c,2023-11-15,CHANGELOG.md
angular,f51ce68bf5a27da7b18f49f9292722ff1374a9b3,2023-11-13,README.md
angular,f84cce09dfa80c724d8878fe88ff3f6a6b72d2fb,2023-11-09,CHANGELOG.md
angular,9cac4eea5b692dd55e43ebcf8237d78777b0deb0,2023-11-08,CHANGELOG.md
angular,1e87ce2de29950aacf9c1ce4d53206174a0cfea1,2023-11-08,CHANGELOG.md
angular,5ebb361568fe28f0453bb5a627b5f517997d36ed,2023-11-08,CHANGELOG.md
angular,897f014785578d87bc655ea6ae9e113653960f50,2023-11-07,CHANGELOG.md
angular,181dc7ea21415d56baedeb17aecdaa91f63b787c,2023-11-02,CHANGELOG.md
angular,57cad0e10da7a5ff5d59546a7871ff5f8b2cc68e,2023-11-02,CHANGELOG.md
angular,53d9fd54497aa613a7a6951eaaf46ddd02223ca1,2023-10-31,README.md
angular,cb8a741f14edd2c800e59f6fa0956cf4aa1aabea,2023-10-26,README.md
angular,361fc4e3bad1a5e1ceaf870f285d6d20c417a958,2023-10-25,CHANGELOG.md
angular,4ca2cea9e1636b0d8a778803b265c3fe0498db31,2023-10-25,CHANGELOG.md
angular,f8e51971a6e8f6192d0d50032d00636cc1e996da,2023-10-18,CHANGELOG.md
angular,66bc77b27bf423221570e4d10a09f34fe03c3f50,2023-10-18,CHANGELOG.md
angular,0881daf690236ea01a07a9e1c1837eb7a0986ada,2023-10-16,CHANGELOG.md
angular,12aeed8b948935cbcecba9d4103b46fda4ad0bb2,2023-10-11,CHANGELOG.md
angular,44a75aa0f86a71bcb60291a39b62711642b76942,2023-10-11,CHANGELOG.md
angular,fe81ff8cd6948bea5a6212721ea920a8572248e1,2023-10-04,CHANGELOG.md
angular,6441de87ec067120c5ef26e760b28f27943665aa,2023-10-04,CHANGELOG.md
angular,c38846292bb361c0efe8bbcd441a1ce07b326b88,2023-10-04,CHANGELOG.md
angular,e1728a2a392aa7fa237a50561469f99eb201a24c,2023-09-27,CHANGELOG.md
angular,423709634e7af297132f1fc691c3ac7e6a766aba,2023-09-27,CHANGELOG.md
angular,0a4f18a419ba68a7c8a2d22da85a7f88bd217840,2023-09-20,CHANGELOG.md
angular,bc296a17e5bc21f599d0932120ca658881bb7b10,2023-09-20,CHANGELOG.md
angular,5a0d6aac74b2ba7b49702cc5b8734503abbb02eb,2023-09-13,CHANGELOG.md
angular,a8ccc6f3b4ece1fee0c706646032aca4549a70a9,2023-09-13,CHANGELOG.md
angular,92113d73dd38d0285e25e8d678c240cf4aa8834a,2023-09-12,CONTRIBUTING.md
angular,8cd9663a9255e4f8dbddb0a888ea21da82082358,2023-09-06,CHANGELOG.md
angular,53b082dbda0e31a5dc0efeb7fbb22aa914536718,2023-09-06,CHANGELOG.md
angular,bd8c08a2843819541be44d5bc17f82dc3a2ee945,2023-08-30,CHANGELOG.md
angular,23996ce1122a8e9dba65ef1b6e9e5ce1b709a23d,2023-08-30,CHANGELOG.md
angular,1a8aa9ddfa899ef95a8b3445b76d27406c7f26e7,2023-08-23,CHANGELOG.md
angular,189bb74205429e756498ea3afc0035470ae4438a,2023-08-23,CHANGELOG.md
angular,77504f18afd4ff0bacf35599ab4f85892cc92048,2023-08-16,CHANGELOG.md
angular,72beab0f67d7f73c6ddd3b84a633c2bacff97fb5,2023-08-16,CHANGELOG.md
angular,53687efa421b682657a8c1e9bc850586538e1dec,2023-08-09,CHANGELOG.md
angular,05f639ff237ae184f5c4202004873bf0e6665dc0,2023-08-09,CHANGELOG.md
angular,5aeed1fff0b5cc8f7876ce6b8aab353dd13ce0ac,2023-08-02,CHANGELOG.md
angular,9d88cd8e0eb169545943ff958ab10744f1677609,2023-08-02,CHANGELOG.md
angular,d9a4ca642d9c8cce346a2dcfdafaf733951cc058,2023-07-26,CHANGELOG.md
angular,d2b7d76a50172e1a6a1a9d51f3771afa0e4b30c0,2023-07-26,CHANGELOG.md
angular,05657cfde4514671570a674a4be83989729e2740,2023-07-19,CHANGELOG.md
angular,16e132f31f20a257f3fe527c4ee191c8548b3d44,2023-07-19,CHANGELOG.md
angular,55d412c5b1b0ba9b03174f7ad9907961fcafa970,2023-07-13,CHANGELOG.md
angular,9d06fdf96051ab6059be53c513e7c28d0a837313,2023-07-13,CHANGELOG.md
angular,581c36e6954dcf0abf15b53960953da8daad2ff6,2023-07-10,README.md
angular,2b0850331105f72d9128e63dfffbb1d8af883525,2023-07-06,CHANGELOG.md
angular,fc9da5ed8c03e0d063676ce47be67348f2094137,2023-06-28,CHANGELOG.md
angular,d9d1b85c804b13668f87b994bd8a6f53b09fdd1f,2023-06-28,CHANGELOG.md
angular,1391a7e7e0ed85a37f7e01839c86d6aa0cadb5d8,2023-06-22,CHANGELOG.md
angular,5c3407507a24036f102bf00e2b02b4e33c6419db,2023-06-21,CHANGELOG.md
angular,a99b6ff141d32df9e4041d4aac9ef5af70273703,2023-06-21,CHANGELOG.md
angular,903a546bb551d515d6698d4c1d851d58fe529eed,2023-06-14,CHANGELOG.md
angular,1f0d529090715f7d37f7b1ab8384f1bff022f7bb,2023-06-13,CHANGELOG.md
angular,01d45df6d92db9b51bcc2b31ccb62e6cee2eaf65,2023-06-13,CHANGELOG.md
angular,2782fc2a18fc06757c1e69617b91926194d83fae,2023-06-13,CHANGELOG.md
angular,b7c710e72272fe50a5bd6b622a0f2b889d0df14b,2023-06-08,CHANGELOG.md
angular,e1a715da734159084c43f2a1d5ccda29b6f38830,2023-06-08,CHANGELOG.md
angular,024d6a81fdc48a7ed4b348c1ae6ffc3da1566b31,2023-06-08,CHANGELOG.md
angular,84b6ef02623f4db165dbd2f0dfa5c4fa7d5a3886,2023-06-01,CHANGELOG.md
angular,7f85d08450658d056f4b320a18ddd04d4613b2c7,2023-06-01,CHANGELOG.md
angular,06b498f67f2ad16bb465ef378bdb16da84e41a1c,2023-05-24,CHANGELOG.md
angular,cbe27990c2645abedee2a141a1ed834bd2b69690,2023-05-24,CHANGELOG.md
angular,70099a393c80a20d937ccc09a0d205eafbf24c6b,2023-05-17,CHANGELOG.md
angular,d3eda34650f87e25db86bc4dbcd8e7ea505464e3,2023-05-17,CHANGELOG.md
angular,ea3b5f1cde4ac30551898ada7b68d586be9f93ed,2023-05-10,CHANGELOG.md
angular,62545ea28804a7987e7a0a284851ebae4c638e79,2023-05-10,CHANGELOG.md
angular,b3730081c3ddc7726c6fb1272e97ee6862d3b3a4,2023-05-03,CHANGELOG.md
angular,a5365e38eb062bb14fea4aaf2b7368dc91e2341b,2023-05-03,CHANGELOG.md
angular,3d42a652544a8f4f379f35f3cc4d86e8d96cb1e4,2023-05-03,CHANGELOG.md
angular,f0bef4c43831927732bb65ec3dce6790f4f78c65,2023-05-02,CHANGELOG.md
angular,1bc3546c7f99466d3ac57bf06cacb3dc645c0f48,2023-05-01,CHANGELOG.md
angular,720ad5f17209e9d1cbae7da48a979e746823587d,2023-04-27,CHANGELOG.md
angular,8683414bc36f28ba74ee62f62600a2f5212fa0fe,2023-04-25,LICENSE
angular,856a0ecbcd40044312999ee82ac250714501b69f,2023-04-19,CHANGELOG.md
angular,4b49bfc4f0c2135d965092550516ef87bc482e5d,2023-04-19,CHANGELOG.md
angular,c118569c6e09bae4d51d33ce508a0a88cb38a307,2023-04-18,README.md
angular,09f9670f720b8ee3448b6235f3fcdb085e5343d1,2023-04-14,CHANGELOG.md
angular,577374f05e4a6b19ce3d9ace6467dc1550ffd446,2023-04-12,CHANGELOG.md
angular,a900a0d94a0fc663b6298c9b5acca5ff9cf63bd1,2023-04-12,CHANGELOG.md
angular,ec0b44da8cfc0bbef82153e5ff2dc22736e97146,2023-04-06,CHANGELOG.md
angular,726f09c01e214114c137fcbd1928bc81035cc09d,2023-04-06,CHANGELOG.md
angular,a7479545db590a953f439b3d612845ad492d9a5d,2023-04-06,CHANGELOG.md
angular,de6dc5f248aa20a2f8e212ef71c59c711ca51cab,2023-04-03,CHANGELOG.md
angular,f2ba19253d09786982ecfc913c11a5ed0806555f,2023-03-29,CHANGELOG.md
angular,2d25a2de16cb963d2c5d3e7c6445d3eaaf205833,2023-03-29,CHANGELOG.md
angular,0dd5c4781119489758c6634102d73c268a38681e,2023-03-22,CHANGELOG.md
angular,c6d8e5fef454b351819614a9b94c5c2cdf8b6eac,2023-03-22,CHANGELOG.md
angular,e05f5bafab5046721cd77e3a5ec20f6d8a779fde,2023-03-16,CHANGELOG.md
angular,e8ed06503912864415b9963790272c36856a5c6a,2023-03-16,CHANGELOG.md
angular,daaed8943cfa4397baa53e34c4be3a56d36c4939,2023-03-13,CODE_OF_CONDUCT.md
angular,7dbe328b282f334734531c67eabb005b20ec38cd,2023-03-13,CHANGELOG.md
angular,c2edcce4369e3573d9863ae93ed737bf9f179845,2023-03-08,CHANGELOG.md
angular,dafebcdbd831d7fcf985da4234fa0887f3a4f230,2023-03-08,CHANGELOG.md
angular,3673ea062173a5f7353073e530878ea7e25bb539,2023-03-01,CHANGELOG.md
angular,5663104798c38ddd5616c5bee4b8283085b0534e,2023-03-01,CHANGELOG.md
angular,daae4d87b3e97c11c2039142a0bc0b896fbcb70c,2023-02-23,README.md
angular,3d589d8bdeb81e953d1c3b6516cebcf07c214f52,2023-02-22,CHANGELOG.md
angular,7813732ee1f289f1d77c69413e25d09c91c4deec,2023-02-22,CHANGELOG.md
angular,48aa96ea13ebfadf2f6b13516c7702dae740a7be,2023-02-17,CONTRIBUTING.md
angular,be21eaa618ad156c83ba9821590ae99093a33ec5,2023-02-15,CHANGELOG.md
angular,44f13e2f2b2ef4224b61be34202919555c953d44,2023-02-15,CHANGELOG.md
angular,642cc1c349d31d2e4b89a8c8ee5f090a2ac599c3,2023-02-08,CHANGELOG.md
angular,47387d495e12231085388e208b65ea89647f5d40,2023-02-08,CHANGELOG.md
angular,617a01073d5cbb0af567bd64741c9448d8234165,2023-02-02,CHANGELOG.md
angular,3cce18e43436e12f88a37c28df3b692e1abb1266,2023-02-02,CHANGELOG.md
angular,c91606b67ef43a1f27976cb8cea0819d03f21df6,2023-01-25,CHANGELOG.md
angular,d7b4b42f0cb9ac930913f1f733cb1a8859bda942,2023-01-25,CHANGELOG.md
angular,8377acd94fd68d8d874710f3439771b55442c9b4,2023-01-18,CHANGELOG.md
angular,318d94d4e1d916ba2db1c54a6a0018cafa72dbac,2023-01-18,CHANGELOG.md
angular,fbcddb092f722f33ca12ab074fd886f6240f18c0,2023-01-11,CHANGELOG.md
angular,45029f111a3d0d4008d8baf17384638337aadda2,2023-01-10,CHANGELOG.md
angular,b6cc5f7eac3c581fcbccf17b43e550bb37775f04,2023-01-06,SECURITY.md
angular,009b0d0b3ebe842c5757b9ac685c97bc51d7d2e1,2023-01-05,CHANGELOG.md
angular,eb52d9eabd13100ef5dc10f1934d2b8455fa1cdc,2022-12-14,CHANGELOG.md
angular,6ade57cfddf50c3b617f0cdc1400976a9dd396a7,2022-12-14,CHANGELOG.md
angular,5303e0b8df2f9179ee170b434df934e3f6b5bfe5,2022-12-14,CHANGELOG.md
angular,9226dd20e9eb0f0c402be3ccf8d1f32a7fa83427,2022-12-07,CHANGELOG.md
angular,9e9b90cc3909f34d1598480f5edccdf05daae7ae,2022-12-07,CHANGELOG.md
angular,4d398a0babbbf354a6ebdc64735ba70b953b3e3a,2022-11-30,CHANGELOG.md
angular,33fcb0f171711e1997c6c1e0c17073f01d339270,2022-11-30,CHANGELOG.md
angular,6a8ab3014cda04ffe928b1dca2eadcfde7cdeef3,2022-11-23,CHANGELOG.md
angular,cadc011f63e4b0cb415d6d64cab16e8680e4da6b,2022-11-23,CHANGELOG.md
angular,eccda3203c35fdd18c0d4335699915553373aecd,2022-11-22,CHANGELOG.md
angular,b0bc5783a70f19998128386a90635a1fa387d5d4,2022-11-22,CHANGELOG.md
angular,ed50032316b047c6956daf069640b5e589c47de6,2022-11-21,CHANGELOG.md
angular,6618b2542690fa97a7832d15d77863b2c2a6ace2,2022-11-21,CHANGELOG.md
angular,c9cb0c014fa010f187822aaeb8e173a2b4eb36c3,2022-11-16,CHANGELOG.md
angular,893ec32726997adfce1e3e59a82d6d53db7a8d28,2022-11-16,CHANGELOG.md
angular,174c0dbaeabf7ace96f5c21d2af7074378bf46e6,2022-11-16,CHANGELOG.md
angular,38b2ed314dd6b6661c15751f4b08fdc038a2c364,2022-11-14,CHANGELOG.md
angular,4a05cfdfb2df645d021d1e06553fda036990c6e7,2022-11-09,CHANGELOG.md
angular,633d46b604b325762027e3fc18bb613d8da8776b,2022-11-09,CHANGELOG.md
angular,c82de11506f15a592c7b573563ec5dceeba12b73,2022-11-04,CHANGELOG.md
angular,35e44b83ad3418bc88537db33452bdc92ab10d6f,2022-11-03,CHANGELOG.md
angular,c9a25f8b343075c2df7212c662a06763dfe76445,2022-10-26,CHANGELOG.md
angular,e78885ee8eb85cedf1a7f8cd900b63451d916465,2022-10-26,CHANGELOG.md
angular,883b32ccf2b41afc9efddf1a395df3dc44d2fdc0,2022-10-19,CHANGELOG.md
angular,f1ed796a684a87a62439e482f56acb237fedcc48,2022-10-19,CHANGELOG.md
angular,755fe0ee3f5a12b6fffb9bfe790e9d92ade54f6d,2022-10-12,CHANGELOG.md
angular,59dfb5469f08efe7a97765f2f85950c69c32d17b,2022-10-12,CHANGELOG.md
angular,a41ff9413db82f9f12a97c9b36c587c4819d3367,2022-10-11,README.md
angular,2cdf1286e3b8dbcee11ac6420d5a6b22949783f9,2022-10-05,CHANGELOG.md
angular,8352cf7d1403cb18cc3338b058e9ae2e837e0974,2022-10-05,CHANGELOG.md
angular,bcc4a95c444b555272f89fda7bd04238414b11d5,2022-09-28,CHANGELOG.md
angular,2d35395b69ae0239cbd3d1e5ae4b55a0b43903e6,2022-09-28,CHANGELOG.md
angular,7a5ba93ce2eda2b6737963e4a4e7bc60d945598a,2022-09-21,CHANGELOG.md
angular,0ebd326d3e488f1480b18fa23ec4f79f005d5ca8,2022-09-21,CHANGELOG.md
angular,1f88df0f8f61d7cdeb931c8fac7b3a627ef9122e,2022-09-15,CODE_OF_CONDUCT.md
angular,50392759100caf907c0c24ea529ae8f4a9f2c31e,2022-09-15,CHANGELOG.md
angular,d4e1691921f11ee63fdbc88cba411c351b05e7d8,2022-09-15,CHANGELOG.md
angular,e25349cd410d93ed58faa9860bac1916917055fe,2022-09-07,CHANGELOG.md
angular,710109b38a3ca54eae2e0eff476f9a09d9b2b7fd,2022-09-07,CHANGELOG.md
angular,9a623c03b27e35f23d4834188880a9d669020e30,2022-08-30,SECURITY.md
angular,0bb3aff01fe0f7f94c17f14744f289548a4ea65a,2022-08-30,CODE_OF_CONDUCT.md
angular,46f50213816eb263af7d2f404b07970094cb105b,2022-08-26,CHANGELOG.md
angular,d03742301b5e2f6d0ee6c454ec0380627137d822,2022-08-25,CHANGELOG.md
angular,2095a08781167e91a60a4cec65c694688b319cd0,2022-08-22,CHANGELOG.md
angular,2095a08781167e91a60a4cec65c694688b319cd0,2022-08-22,CODE_OF_CONDUCT.md
angular,2095a08781167e91a60a4cec65c694688b319cd0,2022-08-22,CONTRIBUTING.md
angular,b2972f9e72f043d07331def315af909a74df3648,2022-08-18,CHANGELOG.md
angular,debd254b277ad8aab0f37b7180326d897fdc94bd,2022-08-17,CHANGELOG.md
angular,f2b99566ae06f1de7e8c13266f1bf2d86f61216e,2022-08-17,CHANGELOG.md
angular,64549746a5f976a4c50d8aefa32d72c573eb9ca5,2022-08-10,CHANGELOG.md
angular,4f7aceacda243051b2dedb638a2c1eca740c97a4,2022-08-10,CHANGELOG.md
angular,6fabc0c6795e8a74443ee101a40f9c5c841e1780,2022-08-03,CHANGELOG.md
angular,71b4ccd70cb127c2ba5aff3a3962b36240bf2b38,2022-08-03,CHANGELOG.md
angular,3ca985269d3e961321075f0e7facd10ef335be4c,2022-07-22,SECURITY.md
angular,d651e733bdefcb8e3b588bfcd0f23c5a7493a38f,2022-07-22,CODE_OF_CONDUCT.md
angular,473f65fe1fe8a73f1717eccc857d20eccb7ccb75,2022-07-20,CHANGELOG.md
angular,6cd5b759aa6ca3309b40644b614d885efbeae6df,2022-07-20,CHANGELOG.md
angular,27d855b9fb420364a6b2d171d280121dd713631b,2022-07-13,CHANGELOG.md
angular,530863490027e58a4028224b6c1d808e4ec059b0,2022-07-13,CHANGELOG.md
angular,458d3469cbed6b46849214a1a83174295e0914be,2022-07-06,CHANGELOG.md
angular,e7b1922b9ab0723349ea0a22b2345264d1bcc909,2022-07-06,CHANGELOG.md
angular,5dd9d4ae01a9cd2b706f88a5f0a94a9c9c8e45aa,2022-06-30,CONTRIBUTING.md
angular,97110674f3b0291c94e8d1bc57665a779a258376,2022-06-29,CHANGELOG.md
angular,66baa8ccf13007fa4664fc18bb3c318398745930,2022-06-29,CHANGELOG.md
angular,bdf57ab14a310f6e6811d9f990cbbd3612bde538,2022-06-25,README.md
angular,8d485491a9630e1b24e1781b98335f011764699a,2022-06-22,CHANGELOG.md
angular,b1414ed800df973fd37ad0ef43e73e580b38eacc,2022-06-22,CHANGELOG.md
angular,c2dab9d8cbf15cbfdd1311de6d65481bb32355e9,2022-06-15,CHANGELOG.md
angular,0ab0baec1559218bf2bdc19ed36bd84df26b28f9,2022-06-15,CHANGELOG.md
angular,0e6dbcd9c3109bd9bdc2a01b3705efcb3be53656,2022-06-08,CHANGELOG.md
angular,58182e549dfee6623d1b93de40fe114ee701ea52,2022-06-08,CHANGELOG.md
angular,cac4d0527eb304845699bfa6fddc254161c4a8e5,2022-06-06,CHANGELOG.md
angular,185cbc414ce57a7163f6eaabf6e7e4ec353e6f27,2022-06-06,CHANGELOG.md
angular,da0f53be7638e91e6ba260b6ea2a2835c41c1084,2022-06-03,CHANGELOG.md
angular,917f421f606cc246c48da272888b53ba2c29ee92,2022-06-02,CHANGELOG.md
angular,4a89466483c57acffeea0042edda8f335bbf6f08,2022-06-02,CHANGELOG.md
angular,ab114e2e2492cf84578cf800c8c8e1c44eb17add,2022-06-02,CHANGELOG.md
angular,7985f492cd51eeabd09377991a511a10f047b0a9,2022-06-02,CHANGELOG.md
angular,0f8975320b43f045667a12133c2ebae35fab3adf,2022-05-31,CHANGELOG.md
angular,28328ec32dc04c55f62448ff7f61d34b29cdbb9d,2022-05-31,CHANGELOG.md
angular,cc0f38130b48d66971cf518a611595f8069a0110,2022-05-25,CHANGELOG.md
angular,155c2897972c6db6c5c0a345ec37eb9865a43b80,2022-05-25,CHANGELOG.md
angular,0ff4eda3d4bd52fb145285a472e9c0237ea8e68f,2022-05-18,CHANGELOG.md
angular,711ca0c7149b06dbf8f3c95fc8e51e916b5f6ab4,2022-05-18,CHANGELOG.md
angular,ec4104ee28c465314a7e68c7fdfa0566373403d3,2022-05-12,CHANGELOG.md
angular,b882d03068496f76719c4c21d9cfbcc017d7d97a,2022-05-11,CHANGELOG.md
angular,e0a1a423fa1e3c02e3ea1bbf1849115be64487d9,2022-05-11,CHANGELOG.md
angular,68a6a075f4aeab1788a1bba736bfcb428cfbbacb,2022-05-04,.github/PULL_REQUEST_TEMPLATE.md
angular,68a6a075f4aeab1788a1bba736bfcb428cfbbacb,2022-05-04,CONTRIBUTING.md
angular,68a6a075f4aeab1788a1bba736bfcb428cfbbacb,2022-05-04,README.md
angular,e79260e4451b2059d049f97abadd632795bad61f,2022-05-04,CHANGELOG.md
angular,c988487f03501f9518fa3112c63dd33fa5dc3b92,2022-05-04,CHANGELOG.md
angular,0eee1142efb1199aad57d8e836c2c5f56c1c16de,2022-05-02,CHANGELOG.md
angular,b9a07d68e28deffa4f2c61d53cea74d3d32e560c,2022-04-27,CHANGELOG.md
angular,c589e4d6c0a264f033eb07e3ae16ed3e001be864,2022-04-27,CHANGELOG.md
angular,d8226de64723a6786878bd0ffd976484613fdb5b,2022-04-20,CHANGELOG.md
angular,f14763e4a3381acca6c44f2da03fe98716694463,2022-04-20,CHANGELOG.md
angular,6444a02620d025ddd7b55758eb5704a4706fb153,2022-04-14,CHANGELOG.md
angular,fbbed3d723fa4d255e59acd63d89961bc6f9e62f,2022-04-13,CHANGELOG.md
angular,0f8e181a35e6acca8c373a446d4846dd2fa47c13,2022-04-13,CHANGELOG.md
angular,65323286eda318b694a793c449887a5858a15069,2022-04-12,CHANGELOG.md
angular,f1a2816ba9432b3bf186c94e5f538d72d992dca4,2022-04-06,CHANGELOG.md
angular,d4270d2423ebe9723e4f45509ba193529e9469af,2022-04-06,CHANGELOG.md
angular,c0c18b711323fd4e36df3fd1eaba134fb70f3579,2022-04-04,README.md
angular,71e9068377af4d43d76e475073d711862d2d86ce,2022-03-31,CHANGELOG.md
angular,2b12959826041d282d09ff720ad3451dc02fccf2,2022-03-30,CHANGELOG.md
angular,115aafbe51cf0ff6ca0dd47d64f944e37e5dd86b,2022-03-30,CHANGELOG.md
angular,7ab718176329e31bd1374df8cc26a2e3cab45c9d,2022-03-25,CHANGELOG.md
angular,aed95cd47005a413eadf28346a2e0722de38f454,2022-03-25,CHANGELOG.md
angular,2b6749f5a0448153a14729b7d9e22c9d6c87712e,2022-03-16,CHANGELOG.md
angular,34c48a3f9ae4cb897a69afaac8ce3d7bfbdeae4f,2022-03-16,CHANGELOG.md
angular,306fb5e3b1a85886e6ed162131975ff221caf29b,2022-03-16,CHANGELOG.md
angular,8848d2dd2889302113bde4fb4909cb98e71c6cd2,2022-03-10,CHANGELOG.md
angular,79580bba4c47177c5dfe74103eeb98a0d7240253,2022-03-10,CHANGELOG.md
angular,89d71b545e1e7d235058ecfd1844acb807ee0eb4,2022-03-09,CHANGELOG.md
angular,a301b36f1f711ab956e37c4aee0010b44d9810ef,2022-03-09,CHANGELOG.md
angular,51b67eba934bb2663a2c10630f3b0f3911086b36,2022-03-09,CHANGELOG.md
angular,6459b253e827a145e51a74289cc563d488956ba0,2022-03-02,CHANGELOG.md
angular,3b85a121bac916e4a8f924943c7a0be6a082cf69,2022-03-02,CHANGELOG.md
angular,ded96ca6cb3484414cd01d48e2fb11a5fd74accc,2022-02-23,CHANGELOG.md
angular,0c26c93d1e9d8a4fc208592d8856460f1d372fae,2022-02-23,CHANGELOG.md
angular,235bffc5f9a0faf00b9aeb4ef5f15c696ad4b522,2022-02-17,CHANGELOG.md
angular,4333662ca3cbae900c4d9dae90b6d9fa7c0b66c4,2022-02-17,CHANGELOG.md
angular,df6f6164315d1819a6176e990f7e88ac6c76eb4c,2022-02-08,CHANGELOG.md
angular,28e943634a7b618c65add289b66ffc77c980c500,2022-02-08,CHANGELOG.md
angular,4d63b8016372598d0967eac244b463c44bc7b97a,2022-02-08,CHANGELOG.md
angular,a3de44c7f64d847baa2f286325f01e76fbd7c565,2022-02-08,CHANGELOG.md
angular,48d430d7c237232eb6d7d44ffff918096f0f8ed1,2022-02-03,CHANGELOG.md
angular,077593f3bcc2d82a20f202164e69a5b90c0d4b8a,2022-02-03,CHANGELOG.md
angular,0c36f821343036dc37cb2246f70e3163dbe68af7,2022-02-02,CHANGELOG.md
angular,38bb2bea9b29f1c45b09fa4d84b8a72cdb89947a,2022-02-02,CHANGELOG.md
angular,2006f53b48449aa97236bf7955dea3f795092351,2022-02-01,CONTRIBUTING.md
angular,e46ac81f540b580afe3d44bfba24274b4b33dec7,2022-01-26,CHANGELOG.md
angular,04eec90a47810c1e2ded2475d8ca5721b62b7d18,2022-01-26,CHANGELOG.md
angular,5682626ea59432bbea0494bea964ea381f949148,2022-01-26,CHANGELOG.md
angular,955a677aabd75c3e85defec5e32e545922fe52b4,2022-01-24,CHANGELOG.md
angular,3c14eb559f93dd0dd21171646be7cfc96d23f714,2022-01-20,CHANGELOG.md
angular,2b01e17505aa22e5d94d5d0eac4911017531a0d0,2022-01-19,CHANGELOG.md
angular,42ce3ac0080bc2b93243f161db4d1a99adb5610c,2022-01-12,CHANGELOG.md
angular,555a57d5059a48075115f671ba38f2fd89657506,2022-01-12,CHANGELOG.md
angular,b184f0aa24c25b79ba401a416c8d754e65deefa1,2022-01-07,CHANGELOG.md
angular,21f8d12c3cdb307250a3690894b15e4063bcc325,2022-01-07,CHANGELOG.md
angular,cc6380cf973cf85f9980a73d63ad596e6f155739,2022-01-07,CHANGELOG.md
angular,4f7a838e9d0d1c59a18839ecc9b8db8e0927490e,2022-01-04,CHANGELOG.md
angular,62a5027482912d003ba6dab7ae4f15872ec0c36a,2022-01-04,README.md
angular,79d1afaf5bab94336bc9cc72c5191ec984f35351,2022-01-04,LICENSE
angular,28eecf571915f48e389d7b69c55d406001c31df8,2021-12-15,CHANGELOG.md
angular,5370c2051f63ec3d5837dbaea62a3a378280cac1,2021-12-15,CHANGELOG.md
angular,a7c117ab44775fb8d6149ee8b1956248ac3d3715,2021-12-09,CHANGELOG.md
angular,79baf7a87ac7a8ffd8734bbc62a51535a4900bab,2021-12-09,CHANGELOG.md
angular,e3f4360ebf48baf0d9cc60b46f7f9b5162b44ac4,2021-12-09,CHANGELOG.md
angular,532d7d436fa1e7a1ea97ea3288f0f6c6c4e34b71,2021-12-09,CHANGELOG.md
angular,6769df72952b41f6552effca3e7cf2abe83ba455,2021-12-01,CHANGELOG.md
angular,f1f6e7104f06d2851073caeec8d443d640bdb143,2021-12-01,CHANGELOG.md
angular,90a4ae1dd7f27f0623219302d92fd0d1ec596e05,2021-11-17,CHANGELOG.md
angular,b558d4e2c1782519c4b8a982cf47d0ec0ef1b510,2021-11-17,CHANGELOG.md
angular,f817e304053716d6a957c5c4863ea549ca9fbccd,2021-11-10,CHANGELOG.md
angular,f3d512c6ed76c303795678f7b6297966287c1e37,2021-11-10,CHANGELOG.md
angular,64af4b9c1b33f59e1b811b1863ef3e27a6d7390d,2021-11-05,CHANGELOG.md
angular,35072796c2ad6db2ff99dd7ad68118f76b6b0539,2021-11-05,README.md
angular,a0c2e0780e2dd099bdb0539eed20ef81235dedce,2021-11-04,CHANGELOG.md
angular,96e84ccdcdf7c3ddf4a3539b9113ab47dae4640b,2021-11-04,CHANGELOG.md
angular,cbf96c140792828b52f2c16ba2ccf6f66d79eccc,2021-11-03,CHANGELOG.md
angular,1cbe864d123e52c13a3056bfffc260cac5036982,2021-11-03,CHANGELOG.md
angular,1a1dfaba6ef314822f09414c8b4fd1253f57c712,2021-11-03,CHANGELOG.md
angular,fd1e7d4f0d73df42422caa056957aeaad2944a4a,2021-11-02,CHANGELOG.md
angular,a84983efea67d71fd8edb2c92296efba1bb9c3e9,2021-10-27,CHANGELOG.md
angular,96944ebc561b0e93138a65da9de2c372b4ce9e9e,2021-10-27,CHANGELOG.md
angular,2189c1011bb3cc976cff64c2a578693cc79cda22,2021-10-21,CONTRIBUTING.md
angular,e3d72646e028d52d888971ba8e59abac4384e6d9,2021-10-20,CHANGELOG.md
angular,25c536d082acdafac32538581a50a5d09bd266f8,2021-10-20,CHANGELOG.md
angular,9f40d2a0ea229dcf091f5d68d9d114c60bd9bcbd,2021-10-18,CONTRIBUTING.md
angular,95913100853a4f32e5054aad782e78bb85856b7a,2021-10-13,CHANGELOG.md
angular,ae44c8550cbeff5e663de08623f7d2da93236380,2021-10-13,CHANGELOG.md
angular,da49e83f7426d3d72bbb1cba77675f9310f5c5ef,2021-10-13,CHANGELOG.md
angular,325c6e4e7afb5f9244ff25652b388ebe833f07ec,2021-10-12,CHANGELOG.md
angular,5e3266f65a73ecb130cd4d0f39547927b0110a83,2021-10-07,CHANGELOG.md
angular,0a0cc67c3983f38dc86eef1b516e3887344ecfd6,2021-10-06,CHANGELOG.md
angular,f1de27cd732879aadb5d4305a68bfb314a527da4,2021-10-06,CHANGELOG.md
angular,5d7229e6b65a737f64a7c8ee3d14ec67f8a0a62d,2021-10-06,CHANGELOG.md
angular,7acf3bece457e238bb38a83721bbe0a64376a07c,2021-10-06,CHANGELOG.md
angular,dd0722fd1fa6f6fa4ea92370b2b4d6845edb49fa,2021-10-05,CHANGELOG.md
angular,c721135e370b34c840756bcfb22c8119b4c8c452,2021-10-01,CHANGELOG.md
angular,7aea5256de55056e424f9c6d92ac1d6f38d3abee,2021-10-01,CONTRIBUTING.md
angular,9d9d05911dbd6e2f30e4c7bced0e41fd20ec4285,2021-09-30,CHANGELOG.md
angular,e5b0c39a77f350ad6b34e9fbde77c886788735a5,2021-09-30,CHANGELOG.md
angular,22eebbafbccbf35b6f7bff1a99a7333b8fa5ff2f,2021-09-27,CHANGELOG.md
angular,49d29e13371186909c0b1f279e724433dbd76049,2021-09-22,CHANGELOG.md
angular,d2a03b153e0223f3417dcf3c74814dfe16525e27,2021-09-22,CHANGELOG.md
angular,5e9eb7abbd09740deecd3e814a7e01f53ba912d8,2021-09-15,CHANGELOG.md
angular,bab963fd7f6d76eeb3643a03f7b9cd3b7b99325c,2021-09-15,CHANGELOG.md
angular,93c9932d17e96dc2e401271354c68ce4462195ce,2021-09-08,CHANGELOG.md
angular,9c7a0194d45203a34f1f706902a5f50236832dd8,2021-09-08,CHANGELOG.md
angular,478131c519cd3e12fbede458d5c6ecdc1ca0c9ce,2021-09-01,CHANGELOG.md
angular,8fdda0b52a7ae7d2f15f203d2aec4a07d53bfcd7,2021-09-01,CHANGELOG.md
angular,49766d2d0aa38f28f0044c97c5f56fd38fae025d,2021-08-25,CHANGELOG.md
angular,86feec6030a06b29cdcbd15fb97297d29c8e6dcb,2021-08-25,CHANGELOG.md
angular,e3b6e26565bcd03b259392c6676ce931e8b5be20,2021-08-18,CHANGELOG.md
angular,edde058e5e82f48771324558c22882f077266b1a,2021-08-18,CHANGELOG.md
angular,81e42577612298e7e8399c833d1d07c7c402b7ce,2021-08-16,CONTRIBUTING.md
angular,1f1822216ebdc7708562b2038dfdf115d7f22905,2021-08-11,CHANGELOG.md
angular,817c386be32a6cb1474b4f5f9f9944404e64ec12,2021-08-11,CHANGELOG.md
angular,a99892e62f95ecd8287ce601314c0da2ee6644cf,2021-08-04,CHANGELOG.md
angular,4f93984e41d7c01b591e8f0fe60218c86ad01d36,2021-08-04,CHANGELOG.md
angular,82c8393d371cc1b89617f2f273ff198a49de7193,2021-08-04,CHANGELOG.md
angular,8116895eceddc4bb2ba3ab5ac9107bce4955d048,2021-07-28,CHANGELOG.md
angular,b0739c21dab25dea0da1da400ff4fdf72131027c,2021-07-28,CHANGELOG.md
angular,9d747e3aa37ac4e40ecc529ab4e769a7e757a9df,2021-07-21,CHANGELOG.md
angular,23d6133ea8116bbc41a493d26d3d0839b768ed03,2021-07-21,CHANGELOG.md
angular,0b429d314f02d07c3eb6b06074ac958a4a4e3cfa,2021-07-14,CHANGELOG.md
angular,4b8f7c89dbc6ee935ad4f9cfe151d13d1e862e38,2021-07-14,CHANGELOG.md
angular,e81efe666708bf6da06097426d8575192de6f5ff,2021-07-02,CHANGELOG.md
angular,1445dba903552d457fe15cfa3a5a6c7860482805,2021-06-30,CHANGELOG.md
angular,24624e607d15cd7c617db6711344f6e5cf3c6741,2021-06-30,CHANGELOG.md
angular,6e84ede4124957c9654fd71e736d97a125ad1b0b,2021-06-24,CHANGELOG.md
angular,d71d521f9bf1056850f010b3e9913499e66fc631,2021-06-24,CHANGELOG.md
angular,f8e17c83e971caf88bd422daee14da8d9c81c178,2021-06-16,CHANGELOG.md
angular,5c25595647bc8a7a430216e914e03e729ac2aec0,2021-06-16,CHANGELOG.md
angular,28a4631b63be6cd1e7e35d7f0dc6686f978f9063,2021-06-09,CHANGELOG.md
angular,7b5e2fef988ebc0b7bc0810ec82d95835450fcb4,2021-06-09,CHANGELOG.md
angular,7bd5ea4a7ee24b96b3ecfd201111ff9deaf1ba4c,2021-06-02,CHANGELOG.md
angular,678b264d0d280a9af56a82918c305c4314dd5d1c,2021-06-02,CHANGELOG.md
angular,2f136adee509992a88d615e4a3af4a2dd6d2f600,2021-06-01,README.md
angular,306f7ac543d30e16102e406a4040bba0c9d29144,2021-05-27,CHANGELOG.md
angular,c110d050f247f569b2e95bd7787ef2dfeff8beac,2021-05-26,CHANGELOG.md
angular,fa1036659585251e1a55355537962bd5c4b0addd,2021-05-19,CONTRIBUTING.md
angular,42599451288be5f523365ed8e8e38c02080a6d95,2021-05-19,CHANGELOG.md
angular,93b1e531bd1ed6f2b57323607f669591a785119c,2021-05-19,CHANGELOG.md
angular,0ad6378de1773ed5bf882d87d7cd334bb3e435a2,2021-05-18,README.md
angular,c32bea6ccf4e7ebf5a6bb3d57bcbe6069c3ca29c,2021-05-17,CHANGELOG.md
angular,034bb2f7ef851b1c2cae495dc01d97e1642011ad,2021-05-17,CHANGELOG.md
angular,53aa7945b33892006f7ee47917486593df9f7caa,2021-05-13,CHANGELOG.md
angular,65ee1c3f50b1f134203ad24debd55d1c23a154ff,2021-05-12,CHANGELOG.md
angular,dad205e5028bdab5e0dd11661b57feb3b79dd483,2021-05-12,CHANGELOG.md
angular,eac42e988923c5cf652ddf53060c67e6fb4e1625,2021-05-10,CHANGELOG.md
angular,d7454a16850be3ee7a058a35864c6bf121333426,2021-05-05,CHANGELOG.md
angular,4802fe667cca6cbde40e535f28892ed76011e832,2021-05-05,CHANGELOG.md
angular,c8c8b107a78388ba0fb5b104d393cde1dcb9cd14,2021-05-05,CHANGELOG.md
angular,b7db98fd92dcf251d0a1d3cb3bf3989bace7d2e4,2021-05-04,.github/ISSUE_TEMPLATE.md
angular,7575fc91671c96ac3262ff5e585c20af8c1234c6,2021-05-03,CONTRIBUTING.md
angular,38f47be7af1de212acbc645b28da798d06d89483,2021-05-03,README.md
angular,15fd5c8bdb3c8a5052f3c5f45154045b1d440bfb,2021-04-30,README.md
angular,bbda73e55a604bfab586cafbef8bf7424a5f77fe,2021-04-28,CHANGELOG.md
angular,444775c35225c13ba027b6fea2cd8e00ef844590,2021-04-28,CHANGELOG.md
angular,e7ab84051e219322cd75f40e681fe706c4f03155,2021-04-21,CHANGELOG.md
angular,ff26e8529c1615a7f5bc302d8d152af193f81a84,2021-04-21,CHANGELOG.md
angular,eaeb7ef54bb22b05a3a8986c3b26af11ae91765e,2021-04-14,CHANGELOG.md
angular,a37637245ef5c8cade92a0b2a13aa4b28df67730,2021-04-14,CHANGELOG.md
angular,eda27c9a8763e24e88177eb2e2350149f59dbe33,2021-04-07,CHANGELOG.md
angular,4b8bbe2cf5814a4c5fdf82d652c7c1497ae7cdca,2021-04-07,CHANGELOG.md
angular,44e7865698094192944d97f2a50df7b6541141eb,2021-04-05,CHANGELOG.md
angular,4ce743dfb8b89b54093c4c9300ca24c5d1f50544,2021-04-01,CHANGELOG.md
angular,9da7ea983689e29d0dc9454c73cb978e1ea57c5a,2021-03-24,CHANGELOG.md
angular,3177d6375ee4f1fcb77998255497fa8951a77746,2021-03-24,CHANGELOG.md
angular,65f7d5380d35a10942167c1c9f6b86133645b5c8,2021-03-23,CONTRIBUTING.md
angular,02e8901d9eec916d1f59409435e53b7a34e7a33d,2021-03-17,CHANGELOG.md
angular,239dab61858913fff3e2b926011753eddb94fbd4,2021-03-17,CHANGELOG.md
angular,9ad57e6cb3acbffc5931a0d337efca8b0d7eb074,2021-03-15,README.md
angular,1fb0dbb30061b7cb84a275a18110f3eb9a107771,2021-03-10,CHANGELOG.md
angular,ab15e616568eedbd4cbee79028b9a6e0b57e3bb1,2021-03-10,CHANGELOG.md
angular,681c3417fe2d4f657735eadbb4897d69a1b9be81,2021-03-08,README.md
angular,13681d94d6929d9ecc319f01a3b182944b24192a,2021-03-08,CHANGELOG.md
angular,a10fe450d93eacbe45ba0a1892d0bbe63fc81b51,2021-03-03,CHANGELOG.md
angular,4606a6097b6e5f89d9a317f357287c8a08cb8bdf,2021-03-03,CHANGELOG.md
angular,140ff8af13bffa5646d8ad7a1f568c313b367abd,2021-02-24,CHANGELOG.md
angular,be2ddf34e8375fb543649ba53ee8f3086e49b7f3,2021-02-24,CHANGELOG.md
angular,a58f066647fbbbf22b56dd33aea55850995e9f76,2021-02-22,CHANGELOG.md
angular,b31098d5e935fa055ba3c3275463f17cc822d7ec,2021-02-17,CHANGELOG.md
angular,a9936c22ba0e89fb995d3fe1b737b757f70010aa,2021-02-17,CHANGELOG.md
angular,d1b3fa09c3ca27b1cc8000be6a590ca6c82a2150,2021-02-16,LICENSE
angular,9b4263bf70039ebb9f8d1eb81fc082d8a2c63a15,2021-02-10,CHANGELOG.md
angular,06ee07b15f22f5270f6fc892ea47506b428cc515,2021-02-10,CHANGELOG.md
angular,bc5a694b82f5945f2f1a91be5f114e362b2539ec,2021-02-10,CHANGELOG.md
angular,836b1764eb0eede9f5bdd9d2e853b97412ea3bf3,2021-02-03,CHANGELOG.md
angular,a9322b773625d68c5cfb308d5664c2a7cbf59280,2021-02-03,CHANGELOG.md
angular,7ae7484862dd397405d065fbd2797e784e78735f,2021-02-03,CHANGELOG.md
angular,d4bb4a0cf18f139319d83e21e6a48dc7c1786f44,2021-01-27,CHANGELOG.md
angular,e75a4f261e2062ec14d3273e9bcff38aac267ef2,2021-01-27,CHANGELOG.md
angular,0b46f814d0e1e8fa22ed14cfee677114c2ddbfcb,2021-01-20,CHANGELOG.md
angular,e6ac54282c991b0e7c47d0e6906cd87cc45db0c9,2021-01-13,CHANGELOG.md
angular,47b3b081187ef7626ba3d39364b331b489589feb,2021-01-13,CHANGELOG.md
angular,391e0ebf7325bfff14dcef100bdd421a22c12482,2021-01-13,CHANGELOG.md
angular,9cbc0df91c41e69835439fdd56890eb9ce2bb59c,2021-01-11,CHANGELOG.md
angular,482a4c6c1271daf112c7afb3f92e7f559bcdc6db,2021-01-07,CHANGELOG.md
angular,bff48a0885b424ffa2747cc7d3688b56bf9099ad,2021-01-06,CHANGELOG.md
angular,c81d5bfb9a6752c520405ec74fd8e29da8cb0475,2021-01-06,CHANGELOG.md
angular,0fc8466f1be392917e0c7e3448b2144d52286b56,2020-12-16,CHANGELOG.md
angular,5942fb843fcc9ba92de9ca30726b6e11afb112f1,2020-12-09,CHANGELOG.md
angular,bb3f207f4456d2874bb56b940980ada0d9ea78c5,2020-12-09,README.md
angular,8683529e4a874aa870a73328108222abc2a61340,2020-12-04,CHANGELOG.md
angular,784667ca12ab9628714d858b55b61611737cd283,2020-12-02,CHANGELOG.md
angular,88fbc066775ab1a2f6a8c75f933375b46d8fa9a4,2020-11-24,CONTRIBUTING.md
angular,3e1e5a15ba1d5a08daf9179083e3394df10299bb,2020-11-20,CHANGELOG.md
angular,3e1e5a15ba1d5a08daf9179083e3394df10299bb,2020-11-20,CONTRIBUTING.md
angular,3e1e5a15ba1d5a08daf9179083e3394df10299bb,2020-11-20,LICENSE
angular,0e859381bc88eb923b14e34424decb0556ceb4e6,2020-11-19,CHANGELOG.md
angular,ea2312ea85a9eeb849960d610f6f8d288fc8ef58,2020-11-18,CHANGELOG.md
angular,79bd1bd9598452063983a5cf3c72631991c6ea4d,2020-11-18,CHANGELOG.md
angular,d20cab14482d153d8d9467bb9534a1afd3059215,2020-11-18,CHANGELOG.md
angular,e6740d1bad2b1a8cd1776e90663a60d496daeb78,2020-11-18,CHANGELOG.md
angular,d17291e7278fa23dd9a0bd7bcac7046eb6aff407,2020-11-18,CHANGELOG.md
angular,b6d774da420e7f2ec112611eb936f7c4616c2d63,2020-11-18,CHANGELOG.md
angular,7e876483cc496ea393e13c10229d091c0d631757,2020-11-18,CHANGELOG.md
angular,834962da2dcfee0b6c4590d3998ee4f45c321667,2020-11-18,CHANGELOG.md
angular,b0c4ecf563050eb1d91ad56c2671ea781fadd96f,2020-11-16,CONTRIBUTING.md
angular,2eae0c2ebb4cea7b78efdccba9c3cac7c8547bda,2020-11-16,CONTRIBUTING.md
angular,8a03e3ee4848d5fc89bb949632e6e4576fda00e0,2020-11-11,CHANGELOG.md
angular,5205db5564f21c214a96000e018a08f3de7d44d8,2020-11-09,CHANGELOG.md
angular,a1b319e25dd0daced711115995d262bb66e40e20,2020-11-09,CHANGELOG.md
angular,8e384d9f0d974996ba7bdb49c1763fdda3404b96,2020-11-06,README.md
angular,8c405786c4e75a329f13b703c906431cea29892c,2020-11-04,CHANGELOG.md
angular,3701376894a7f1756830fb778bf6453057263ee9,2020-11-04,CHANGELOG.md
angular,535ebb18a34709999948865ede80aa3f9deed3d2,2020-11-04,CHANGELOG.md
angular,8af32fcb1665c3717f87fb651c0205dda718e5ed,2020-10-29,CONTRIBUTING.md
angular,bdec818b3aa055877d6e97d72c6106b232f192c7,2020-10-28,CHANGELOG.md
angular,e42d3ecfccb584a872187ef76ab33e08c0e06b9c,2020-10-28,CHANGELOG.md
angular,a7518eb631b7f90d621bdd4c4ba761931d678c26,2020-10-28,CHANGELOG.md
angular,7625a1b5c62ce03912ab91b05847179fd7f30fbf,2020-10-21,CHANGELOG.md
angular,3525b2fa28b4649970ff89087d3e0567a88544c5,2020-10-21,CHANGELOG.md
angular,ef2d07fdd101842f69d29a4895cf50e519ee1c60,2020-10-21,CONTRIBUTING.md
angular,ef608bff839690bef6b773c15198c30d68310348,2020-10-15,README.md
angular,a5d8d03edb1adaee8d366f583208f53685754c2e,2020-10-14,CHANGELOG.md
angular,5cfe81f9192295f8878c76d67d5dc7e53b20fc6e,2020-10-14,CHANGELOG.md
angular,c6350116b5ebf67633d2cd2adb272e95189a4ed7,2020-10-14,CODE_OF_CONDUCT.md
angular,c6350116b5ebf67633d2cd2adb272e95189a4ed7,2020-10-14,CONTRIBUTING.md
angular,c6350116b5ebf67633d2cd2adb272e95189a4ed7,2020-10-14,README.md
angular,4cc5982e584031e7965216e73ad6a591bac8eb25,2020-10-12,CONTRIBUTING.md
angular,d4a51ae594b2410a654fa16a23c6ca07fc3404a5,2020-10-07,CHANGELOG.md
angular,74a9e126d53d691ffafe7ce8aed9429bfe754ba3,2020-10-07,CHANGELOG.md
angular,6e0a8eb268d8f88866c15a1d5cda651edc558081,2020-10-06,CONTRIBUTING.md
angular,6ae1f198e68f1a8529e4b186584e1398b1d3197f,2020-09-30,CHANGELOG.md
angular,1a0e7cca2d0ee5bfe0f2bcb941dca805de082560,2020-09-30,CHANGELOG.md
angular,93c3d8f9fd79014bf700a1447503f5ee6f170bf9,2020-09-30,CONTRIBUTING.md
angular,4baabf9cd32e5722a41eaa2805410b2ea674a384,2020-09-23,CHANGELOG.md
angular,7244e1b4e3e7bef96a50ee5decb3d64917deb829,2020-09-23,CHANGELOG.md
angular,a85109fd7253e4be9bb505357469d2143697e98c,2020-09-16,CHANGELOG.md
angular,85a262662035920f69bccda521b6f936187d71c0,2020-09-16,CHANGELOG.md
angular,a69507a0adc0e559d152eb3fb988a410ef9352a7,2020-09-09,CHANGELOG.md
angular,886f58d4fe7c6146a4e016c943ecbfccca462036,2020-09-09,CHANGELOG.md
angular,73001b42fe04e655247927df475349c0c2ba5849,2020-09-08,CHANGELOG.md
angular,e6ee7c2aebc65b70c89224d5c226751e0d3d7223,2020-09-02,CHANGELOG.md
angular,54687f776570b4a2e341eaf377116c3b8333e484,2020-09-02,CHANGELOG.md
angular,c1bc070b40e0658ffd35f0543fa0255d090bcb02,2020-08-31,CONTRIBUTING.md
angular,fb0690323753fd683f4d546e063d6bce353847f7,2020-08-26,CHANGELOG.md
angular,ecc6fd0d28058cf6a6f3e973beeb95c8c2ea8e4b,2020-08-26,CHANGELOG.md
angular,cb3db0d31b91bea14c7f567fe7e7220b9592c11b,2020-08-24,CHANGELOG.md
angular,d36828a7a13938af634c213ae2c7999b11ce304a,2020-08-24,CHANGELOG.md
angular,f18e2d58980b76dbbbf0eb13132203f43054cd71,2020-08-24,CHANGELOG.md
angular,9af2de821cf228bb7c98f6a7bdeeb5f9946a812e,2020-08-19,CHANGELOG.md
angular,0270020ac249010a75ecb58353f98d38ff3ea423,2020-08-19,CHANGELOG.md
angular,64cf087ae562720c39cc89ba6073f070e3be4c3b,2020-08-17,CHANGELOG.md
angular,fec9dcbeb01f8d3270cb7594c47bb881e50faed3,2020-08-17,CHANGELOG.md
angular,d6d7caa2a8e8cf26f324ee909a5050625e85683e,2020-08-12,CHANGELOG.md
angular,dcf7baf3d1a0089bb33ad59930583085c0398280,2020-08-12,CHANGELOG.md
angular,2fcabe1557532e92d3e29f23295eb66f7638afe8,2020-08-04,CHANGELOG.md
angular,192ef423047659a90bda3dd7b5037f1eb5a0dbb0,2020-08-04,CHANGELOG.md
angular,4c7f233fa88d194962b2906690e3e7f1ea870e36,2020-07-30,CHANGELOG.md
angular,57575e379fce9eb2367bfd48a8eb8be81f1d082c,2020-07-28,CHANGELOG.md
angular,28c3e2d15dac32b862d88ebdd5b1573589cd7ae1,2020-07-28,CHANGELOG.md
angular,970d10c671b9f5a2361037c4382b98a19bf6d84e,2020-07-22,CHANGELOG.md
angular,8851ba9c9d6b904538b5cb3e33a2e157d8631d98,2020-07-22,CHANGELOG.md
angular,1d9e56eba06958e37ef8062ae7b65afa85f90632,2020-07-15,CHANGELOG.md
angular,e7c722574f058c2c30b2b77db2d8eb23a8ce2332,2020-07-15,CHANGELOG.md
angular,72d6032fa4b5679e7c07998a6e745fc10abb9f73,2020-07-13,CONTRIBUTING.md
angular,53d4859f48465b850098d08647bdfe60852adf73,2020-07-13,CONTRIBUTING.md
angular,1f796e9479dbd085231644e72a5d33c7ccf8aa34,2020-07-08,CHANGELOG.md
angular,1237d9cbea39da36dfedc884ae36c12a04addd85,2020-07-08,CHANGELOG.md
angular,b3969e96548590d4c109d8f42261c39af4c91eba,2020-07-08,CHANGELOG.md
angular,1d5ca55aab6d49eecbb19e84739f7178b52a64ed,2020-07-01,CHANGELOG.md
angular,e0033f1e1038312fc47ef0a5ae13278eddc3dd72,2020-07-01,CHANGELOG.md
angular,6fc80690ae291341a8f6b9d12681a70c0c636cf9,2020-06-30,CHANGELOG.md
angular,8fd8143ab80470defb8c366ad4ebf6f9bece155d,2020-06-26,CHANGELOG.md
angular,f5bbfd7b8ceec5abe3ec9e55cc3607ce8bc6a532,2020-06-25,CHANGELOG.md
angular,41ce5240f239766c10d2ce835fcf3be4a897a9ff,2020-06-24,CHANGELOG.md
angular,243824ef743556a6cdfca2f93790822db2c8c57a,2020-06-24,CHANGELOG.md
angular,d0437b3be0296d76b282f5b57ec149f260836f49,2020-06-18,CONTRIBUTING.md
angular,a7359d494aba920c0cf87d605f4784922844018f,2020-06-15,CHANGELOG.md
angular,c1fdfd4f143e4897fd1faab165d0d2e9374049eb,2020-06-15,CONTRIBUTING.md
angular,d17084bf97de3b5bbfca16f69d104f8f1cc31d13,2020-06-12,CHANGELOG.md
angular,7e5f6c2dc1bd88d13a423714faf5112be2c3b9eb,2020-06-11,CHANGELOG.md
angular,bd9c1e6cfcfc4fb7da242134b80424e67cca2c65,2020-06-10,CONTRIBUTING.md
angular,021dd33ed825ed1b8782ea3578c8cccf1564952b,2020-06-10,CHANGELOG.md
angular,684726cdaccf244bd82c07c6ad8f58aa24aa4e84,2020-06-10,CHANGELOG.md
angular,35502c739c70427bfcee239882d91ba0f4285cf9,2020-06-09,CHANGELOG.md
angular,946f1179e9462dc15adab87897b4917d980f4181,2020-06-09,CHANGELOG.md
angular,8bb741198b1ebeaaab65a37acec3f3ba46bc287a,2020-06-01,CHANGELOG.md
angular,cfb37b899481c355b1ee89d7c63ff61f7745391f,2020-05-21,CHANGELOG.md
angular,6ca3fb19fd3d4d8afa040c689c15ed4083a0229e,2020-05-20,CHANGELOG.md
angular,78b8d0e1ef8a646d91009e48b2dab85a3ea0fbc3,2020-05-20,CHANGELOG.md
angular,aedac71491f114cf7531218e826c8ef6a9c8fade,2020-05-20,CHANGELOG.md
angular,325ad7eb53b6e7fbbbbf41275a29be3e585d00c7,2020-05-19,CHANGELOG.md
angular,1754beb59c1a588a282994ac9af1fe0b4e9806bd,2020-05-18,CHANGELOG.md
angular,7f58c579f3ae8f06ad5c5f477886d6c6e86865a0,2020-05-15,CHANGELOG.md
angular,55c2433171e4bfbe4d41fab3634e5d6436e244b7,2020-05-15,CHANGELOG.md
angular,0731fc47e4a2db847421de6a3b1fdf872d8e39b4,2020-05-13,CHANGELOG.md
angular,7ffdbc05d21bea7c69a26d34f94365e4cad5a483,2020-05-13,CHANGELOG.md
angular,de0c71c467a011b57049dc4f4f15c6e935ef6777,2020-05-08,CHANGELOG.md
angular,b6bc0aeb611c6d3577fb9d90cfaa8363ecf5a8aa,2020-05-07,CHANGELOG.md
angular,77d8afb7dac62ca9c4c1eb1fd05112627b2e3245,2020-05-07,CHANGELOG.md
angular,7bd9e09c78297d9b862a530f592cf339961e4b5e,2020-05-04,CHANGELOG.md
angular,52d2e4670076fed1ec97f9119f00330ed515b07b,2020-04-29,CHANGELOG.md
angular,c89421bfa84efaf9f919ccc2761b47b3637e9231,2020-04-29,CHANGELOG.md
angular,deea6da0e00e8a0fca681670d65cf13d149dc482,2020-04-22,CHANGELOG.md
angular,43622d32e4bac0c7b097e240a748b9593a3069bc,2020-04-22,CHANGELOG.md
angular,bfda7ca5bd0db06f08235cdd22b309dfe2bfe908,2020-04-16,CHANGELOG.md
angular,074266b896496ec0ddf078a065e7dd16ba4ab7a4,2020-04-15,CHANGELOG.md
angular,c4dc642f9928d1c33059ed27a671d71c23a21012,2020-04-15,CHANGELOG.md
angular,b40b5576df83745c42a45c6379038a51a90f8ac0,2020-04-08,CHANGELOG.md
angular,db4a4484398ce8b4e1186a82fe8dd6a7cff4f373,2020-04-08,CHANGELOG.md
angular,1beccc1a6c01ede758bf22f703508ba51f1f464e,2020-04-07,CHANGELOG.md
angular,2d0847c307c92378f5355b7e7b055962fa0b6739,2020-03-27,CHANGELOG.md
angular,fc3e5cb6d3ef61aaa13bd9788b9b1c7b97af94fe,2020-03-25,CHANGELOG.md
angular,22710fc3534868342c4fc93984b22d0dc86975d7,2020-03-25,CHANGELOG.md
angular,4f66250618834046c2339ef21754aadfcf876a6b,2020-03-24,CHANGELOG.md
angular,4419907b08948b9f7b3b835658d319a4573ea374,2020-03-23,CHANGELOG.md
angular,b4972fa1656101c02c92ddbf247db6e0de139937,2020-03-19,CHANGELOG.md
angular,c1a0f0617cec34da9f1580c1208831b8edbb89b9,2020-03-18,CHANGELOG.md
angular,13f7631c25aac562c85bb1125f1ff18af141e992,2020-03-18,CHANGELOG.md
angular,61c37954c6e647db738416a77a0d8f46507ad4b1,2020-03-17,README.md
angular,13495c64f7b245fd4828b998858f1dc9030c2454,2020-03-11,CONTRIBUTING.md
angular,e74738db8c1efb34e3f43e28dc50e36f3bf00fd3,2020-03-11,CHANGELOG.md
angular,3aa5ae98abd88c95f893cd3031e607a44e18ec83,2020-03-11,CHANGELOG.md
angular,5cb082ed5380b4b12778e08d706339d2e54a2ce4,2020-03-11,CHANGELOG.md
angular,b57be3bb4115afced3fdc7db84462ce5a9670627,2020-03-04,CHANGELOG.md
angular,dcf28bf320ac8cff3044af1298a96f3a53ff7899,2020-03-04,CHANGELOG.md
angular,2e728f7fff35afbf42a28297cbfc076d5f508415,2020-03-04,CONTRIBUTING.md
angular,bc7b5896115aec334ca1c9c66c4e8a245b7687bb,2020-02-27,CHANGELOG.md
angular,d3c0d92d283ea3c4820597920b936d8b3083a8f8,2020-02-27,CHANGELOG.md
angular,916dabe5f4190fc05246d28b8088c480a6db5a9b,2020-02-27,CHANGELOG.md
angular,675b5aca0e9599eb4cc89b4120bda57acfb9b007,2020-02-19,CHANGELOG.md
angular,90692f0f2e7503186db6baeb45c8aadbeb382988,2020-02-19,CHANGELOG.md
angular,f91590a509afc9620b268a8372df86c8ae2a538c,2020-02-13,LICENSE
angular,3bf3e5d7609d61c5a5267be873178fd6e7ff0400,2020-02-13,CHANGELOG.md
angular,4aeb6c4e7893c3d1ec933a0932facf8da4a64607,2020-02-12,CHANGELOG.md
angular,1c85c24ed3ef7d220bf2de9f2cf8b08556547ff9,2020-02-07,CHANGELOG.md
angular,49dd7b6a0a58b4dbdea5d3263cfc1fc537749dc7,2020-02-06,CHANGELOG.md
angular,053dabb7ed3638bff07a6c6be049d08e8e7e9322,2020-02-06,CHANGELOG.md
angular,22acdc272834b8624eb772531dedb3692136aaeb,2020-02-06,CHANGELOG.md
angular,548b0e5fc24da022af7c301b9b777ff10cd60119,2020-02-06,CHANGELOG.md
angular,128d4ac8a967953448f0f415351f7288635d4053,2020-02-04,CHANGELOG.md
angular,9147d7e5536e56f2e5ba32023b29be0351f177dd,2020-02-04,CODE_OF_CONDUCT.md
angular,9147d7e5536e56f2e5ba32023b29be0351f177dd,2020-02-04,CONTRIBUTING.md
angular,4d36b2f6e9a1a7673b3f233752895c96ca7dba1e,2020-02-01,CHANGELOG.md
angular,a25cb2d1e0f060b88039e473cb54852bd3b5c694,2020-01-30,CHANGELOG.md
angular,98a96608a687d5fbb95497e2d39921f8d4baaee4,2020-01-29,README.md
angular,8926f764a5d6b48ee290e9dbf6ccf72c852e2035,2020-01-24,CHANGELOG.md
angular,0d8309509be41051d948c70c7ae5ba5d8e7bfd87,2020-01-22,CHANGELOG.md
angular,b7385a77ad5300f0add3643a479426b834d49fc5,2020-01-15,CHANGELOG.md
angular,55037d11075ec1ea7905412b6dd296b3786a3d99,2020-01-13,LICENSE
angular,02e4921ac96a7739b0a08c0f9da79c9596ab7dd3,2020-01-08,CHANGELOG.md
angular,a00f82797b28a19786ac692e61f35bc420a477bb,2020-01-07,CONTRIBUTING.md
angular,852746e032c99a3086fd8fa5083c3fbd4cdb267e,2020-01-07,CONTRIBUTING.md
angular,260a061f9f3e85b567a722cfa2b5aa8a84cfce2a,2019-12-18,CHANGELOG.md
angular,db4f5087372b0db1b8f736b5ab4beb350f506a99,2019-12-11,CHANGELOG.md
angular,7a6e326ec6f4cbff202457503c98a9611a0b1ddd,2019-12-06,CHANGELOG.md
angular,168abc6d6f52713383411b14980e104c99bfeef5,2019-11-27,CHANGELOG.md
angular,d78d29ff8cbf56ba0c80afaa51127e2e2dd7bbed,2019-11-20,CHANGELOG.md
angular,336c2d5461ebf6b87fa542430e931372033a573b,2019-11-15,CHANGELOG.md
angular,f1b32840d002024f74c8b71322aa2c5870de0fc3,2019-11-13,CHANGELOG.md
angular,18a8abb2bf0ea115e78eda93db0a82b37b6d6e9f,2019-11-13,CHANGELOG.md
angular,becc8201599a9fd34bb1fc00ba10a4def101f453,2019-11-07,CHANGELOG.md
angular,55b1b7745bc845c79800bda6c336a88f5f5627df,2019-11-06,CHANGELOG.md
angular,2b1ba1835e7080157d7cd909ee3ca4e04ca41ae1,2019-10-31,CHANGELOG.md
angular,2eed7e33ef47f9cf8294e6111f2c3f5d6472b6de,2019-10-30,CHANGELOG.md
angular,a38508122a4c2ed3c734c6ff716be3d1d0a8a007,2019-10-30,CHANGELOG.md
angular,26f44c0d6bc966fe6953693741e061257f5c038a,2019-10-25,CHANGELOG.md
angular,0e9140c7389d13d9007e7557b2f22d0c2303a9ae,2019-10-23,CHANGELOG.md
angular,2f541a979e06ad00f8dfe2a0899ab01ed7efe188,2019-10-23,CHANGELOG.md
angular,cb4f8032386b3315cbc70fd91530eb91ffe55156,2019-10-18,CHANGELOG.md
angular,4198ea7ca6a037eacb5d5d923c4815057fe5806e,2019-10-15,CHANGELOG.md
angular,8c57a23b9065f7d26f6cf25cf4605638fc629970,2019-10-15,CHANGELOG.md
angular,6028159dfbced2d3bcdb515905fe2ae816cc9d9e,2019-10-09,CHANGELOG.md
angular,748edb81ecfed99e8398e870c0796f0b08d3e7cb,2019-10-09,CHANGELOG.md
angular,2089727db988c8d3336e06c10fc75049565305ad,2019-10-07,CONTRIBUTING.md
angular,27297472255c46fc85fcf86d6892fc0a3174c5ca,2019-10-02,CHANGELOG.md
angular,be83ae752e1b99517f86ca2ee57604da05915058,2019-10-02,CHANGELOG.md
angular,8da26d9de9c6b6b726080ee5bc0d0c5e847ae023,2019-09-25,CHANGELOG.md
angular,4dddee7424ded8d24cacee45b7fdd815172afb48,2019-09-25,CHANGELOG.md
angular,ab29874f09463e634b6aa8ec61fb1f607e108e2f,2019-09-18,CHANGELOG.md
angular,9b0861c64982eecf8604a3ad65822623d973739a,2019-09-18,CHANGELOG.md
angular,bb9e61202cb4e4168407bac3f025dfdbf986b891,2019-09-11,CHANGELOG.md
angular,c1ac21d5f7c10180cfe22e3768a1b7d19c90afa4,2019-09-11,CHANGELOG.md
angular,55b55e7c977df097e225eb468aed12be2efcb602,2019-09-11,CHANGELOG.md
angular,ff228b14d1c8b3f99787657816a60102ed170e9f,2019-09-11,CHANGELOG.md
angular,4b037abda46851b86799b052c1436aab901d97ca,2019-09-04,CHANGELOG.md
angular,c849a30db4073783f871f1364b8bbd7d4d3abf53,2019-09-04,CHANGELOG.md
angular,98420c27de149c94af0b69335876b1ea8e7b295e,2019-08-28,CHANGELOG.md
angular,a8131365c51246581787cdc717f65540e94aa729,2019-08-28,CHANGELOG.md
angular,3693d7ad23803e0bac9753ec3c8b50ba10d03d90,2019-08-23,CHANGELOG.md
angular,02a567e46f1b5ee49bc51b6fb6034edeac558314,2019-08-21,CHANGELOG.md
angular,0b009f06a924a124bd722acbbe637b29246eb3c4,2019-08-21,CHANGELOG.md
angular,e8c09e3b57ac3e923ad6ee546e768340362e44f3,2019-08-21,CHANGELOG.md
angular,373d9660d0a3e7f3e798f8d44430566ecb2e1c1b,2019-08-15,README.md
angular,3cf2005a936bec2058610b0786dd0671dae3d358,2019-08-15,CONTRIBUTING.md
angular,9406104c0a8d4fc4b60923c46d64192c8c5fadfc,2019-08-12,CHANGELOG.md
angular,c0194e0115e723cf418f9cf8635790c621c47b31,2019-08-12,CHANGELOG.md
angular,2abbe98e337fecabedb17e09d612bf0db760ed94,2019-08-08,CHANGELOG.md
angular,7613f13e5497ea0ee63eeaab84b8cca3543e17b5,2019-08-08,CHANGELOG.md
angular,e906a4f0d870aeb0ce114d116f4d4f2a0b1c3519,2019-08-08,CHANGELOG.md
angular,76503e65c86f14ab228a75525cde0c123170b988,2019-07-31,CHANGELOG.md
angular,eac993dfceac0646e5f12918f0f5866c5ea6a662,2019-07-31,CHANGELOG.md
angular,6033446d2d37456c487ea50963ae55bd5da08db6,2019-07-26,CHANGELOG.md
angular,174770e6f31edc7d1c37d8c078a205d29ea168ed,2019-07-26,CHANGELOG.md
angular,e8ae3c5f2efe01acee894f3ea094544689310066,2019-07-17,CHANGELOG.md
angular,85a7fe8702ba00b4534ddc8b0f3bae4c68e27797,2019-07-17,CHANGELOG.md
angular,524180c27101a580205f69ac8870c1d881ceec5e,2019-07-10,CHANGELOG.md
angular,c69e552a83e02c0084739d5ce30aec4852a864b3,2019-07-10,CHANGELOG.md
angular,1efaac5cb0cb65ee65660f9261e757fbc6e5ddaf,2019-07-02,CHANGELOG.md
angular,d27181fcddaae84f69fb47cdf4dc9806142d8156,2019-07-02,CHANGELOG.md
angular,641a4ea763e9eb2d41e5225a1c554802668a470b,2019-06-26,CHANGELOG.md
angular,da4f7fbe1b6b6de20cffa51acd1fdb1a52899c57,2019-06-26,CHANGELOG.md
angular,2be061a96ed35a5157546dee9e7220c964ff4a28,2019-06-26,CONTRIBUTING.md
angular,7814ef55c5e91085820555a998e6901f917fe892,2019-06-19,CHANGELOG.md
angular,f72772b038120f89fb83d4af6dda5e81ab1d369f,2019-06-19,CHANGELOG.md
angular,2c78da00aee2f75109891a6613de4f9311b21cf9,2019-06-13,CHANGELOG.md
angular,bb8a18e72d7fc5b80a9a63a2366467017a0e9209,2019-06-13,CHANGELOG.md
angular,540b01402f53f7cd9bff42ee6d53c7f110a7f2e7,2019-06-05,CHANGELOG.md
angular,07cd65b5ec75aee59f8fde164c41539536e1017c,2019-06-03,README.md
angular,282abdb02d758f861eefd0d11f1fa9a63a873e4a,2019-05-30,CHANGELOG.md
angular,7bf7244ba37d1669dbea4b05df559c3be6c4fac4,2019-05-30,CHANGELOG.md
angular,51cb5925c57e8e2c30f29f3d3a94f6b5b383e883,2019-05-28,CHANGELOG.md
angular,cdb5ea42003f2b961080054cb397d1156726f18f,2019-05-24,CHANGELOG.md
angular,bfedfa79ed5fee9acceed898e7a2d9d67ef88e59,2019-05-24,CHANGELOG.md
angular,9e946c97159c81df7128cff613b33ea8c03daf9d,2019-05-21,CHANGELOG.md
angular,0d97143965d30ec243f96b621ce4d1546bbfa431,2019-05-21,CHANGELOG.md
angular,d20b0f4b936e6589da86f3d1931f66c546593f70,2019-05-15,CHANGELOG.md
angular,bd376220502c19ed77ec7d08b1328c56a9fdbfca,2019-05-07,CHANGELOG.md
angular,48de6e87f0cb8dd6dfb02dc52e27d697036e441f,2019-05-07,CHANGELOG.md
angular,a44b510087ebda0f316fd3cfae4d40aa0392fd5d,2019-04-29,CHANGELOG.md
angular,a03a9236f2aed5d00012d25f032aa43a046d91da,2019-04-25,CHANGELOG.md
angular,230e32905ca38a8f23d0e7d24f4bf90da94b4c68,2019-04-23,CHANGELOG.md
angular,ab6036272c5f47cf5b268864471295d67b83ac3a,2019-04-16,CHANGELOG.md
angular,e2e637d70abb9e5369e0af5176dbecff36e326f2,2019-04-13,CHANGELOG.md
angular,911e0b8820a03f1cb84b024247435607158adf4a,2019-04-13,CHANGELOG.md
angular,0a530e6b472681f0cbddbf3b062ef4093ede6359,2019-04-03,CHANGELOG.md
angular,dc5577dcb179ae179b7b1a07fb49294b56282cd0,2019-04-03,CHANGELOG.md
angular,a4fb0486c1c74e5e070e9a0d2840ab2e0a7dd4cf,2019-04-01,CHANGELOG.md
angular,a28b3e33598cf6a9fae685d8c1a1e39b419d1c78,2019-03-26,CHANGELOG.md
angular,495a4c1754cfcbe2eaf866bad1cc794bf81b2ac2,2019-03-26,CHANGELOG.md
angular,41737bb4d3489bbfe1d2631cc1a7e9f4a732b8ff,2019-03-21,CHANGELOG.md
angular,1a4d4a0e13c936fd342b2ed6a3b18569dd4f71a7,2019-03-20,CHANGELOG.md
angular,d59f02d9026bfd5762b9c72e7ec1b830b11bdecc,2019-03-20,CHANGELOG.md
angular,20bf4ca382595237ee2abe3d121f6e1e013b4f83,2019-03-20,CHANGELOG.md
angular,ec01594e975c2d05409afa65dd77e2696d671271,2019-03-13,CHANGELOG.md
angular,ac0553e802cae9464d9e37f06021538c65d39f67,2019-03-12,CHANGELOG.md
angular,9c1ced102e38a759df1a8bc5da88d828353e9da2,2019-03-06,CHANGELOG.md
angular,54286b8c27ea5cb1cce063272a0ab99af4f81238,2019-03-06,CHANGELOG.md
angular,f3802633937f800ed2993422ce6e0c7d9b5602ce,2019-02-27,CHANGELOG.md
angular,5a4c4026631e1136711aff9cc270d1be1b45209d,2019-02-27,CHANGELOG.md
angular,09d894c283e0023e9d9fccc88bb8284db205aa1a,2019-02-20,CHANGELOG.md
angular,81c3104f7679a3b9d02b464664ed3c5becc82812,2019-02-20,CHANGELOG.md
angular,6fcf286344c98ae33ddac24e702a3bbecf4e1ee3,2019-02-15,CHANGELOG.md
angular,fcc8c5690facda1d2ad60ad1602d19b2795a5a8d,2019-02-15,CHANGELOG.md
angular,f2a734bd06d01f532623f75cfabb7a39f6b549bd,2019-02-07,README.md
angular,4ceb655c119dc99fea92cd2a5d0a71285c79e976,2019-02-06,CHANGELOG.md
angular,5a6f0d0af91c47140934fcc3803b587adb614094,2019-02-06,CHANGELOG.md
angular,a9c881e243fee5c35d382755b1d381b932b6782a,2019-01-30,CHANGELOG.md
angular,038303eed1fd76ba0b2e24c6f251cc270c91a193,2019-01-30,CHANGELOG.md
angular,8f1198ffcdce12e39f653084f895e1488149e5ce,2019-01-22,CHANGELOG.md
angular,fe9b3ea25187610b4c2f313d304c8f66da962b41,2019-01-22,CHANGELOG.md
angular,e7d5c12ea49750d7296d240accd29c19c3c635dd,2019-01-16,CHANGELOG.md
angular,1e5e62ef56b676c4609545a8cc5d23506ca043ce,2019-01-16,CHANGELOG.md
angular,a100472b5d6fdd3f7d6effe3c520035b6f196970,2019-01-11,LICENSE
angular,c7d1890aaaafee3276e2631267e54f4479df8936,2019-01-09,CONTRIBUTING.md
angular,b541c4868812be611db825d6b457fcb148f3ce5c,2019-01-08,CHANGELOG.md
angular,cc5fb914bcbe9b66326fb5c9d7a6d93fe54f0574,2019-01-08,README.md
angular,0efbb3738127eb73369679353073eaec952f3dc0,2019-01-07,CHANGELOG.md
angular,f48a00fb0cea4dab6440714a83e4b967cc8822a0,2018-12-19,CHANGELOG.md
angular,24fa0b75835b525ad371d3c81b1bf2a60d09aa38,2018-12-18,CHANGELOG.md
angular,e5c10c3d91c389d23dad9133ce93fbfcccd0a8dd,2018-12-13,CHANGELOG.md
angular,cabf1c71059140a2f7855790a9e8ea79b6745f3a,2018-12-12,CONTRIBUTING.md
angular,b69ec48d7759fda9a06c8da96c15f7293d711160,2018-12-11,CHANGELOG.md
angular,098a7871610e24a6afbe2e24500bdfb29fd84034,2018-12-11,CHANGELOG.md
angular,055dc2d9a298f58f828d3918f6d4319e1dcd853d,2018-12-07,CONTRIBUTING.md
angular,6bd28e60638b2472bb3a8e0fc8d567c008322fb0,2018-12-07,CHANGELOG.md
angular,7a6eb9de4637224a7068a5c50b4e6a27d0a78c3c,2018-12-06,CHANGELOG.md
angular,0340ba47df504150de5b12601df1a1d901c97eca,2018-11-28,CHANGELOG.md
angular,44d0296bab28802a79c48590a150dfa7632a3fda,2018-11-28,CHANGELOG.md
angular,bf71b107b3227e183f96b991700fbaeb8337ef2f,2018-11-21,CHANGELOG.md
angular,92b05652b2f75768016ef05f702b31d1588a5fd3,2018-11-14,CHANGELOG.md
angular,4756324b5c64fbcd70a7f1d24a950195588d4779,2018-11-14,CHANGELOG.md
angular,ff2ee644b4709268f79d221378378891305e49e8,2018-11-07,CHANGELOG.md
angular,b57ce9299a403f891155154a05d5b3bf3419eb69,2018-11-07,CHANGELOG.md
angular,86d41a1db90f0f9ead61f3d9fa250c1ce50e7847,2018-11-05,.github/ISSUE_TEMPLATE.md
angular,ad6771dcd430bb59b2e07ada39308a3780b78445,2018-10-31,CHANGELOG.md
angular,2c25d29b25e3eb9182cb173971d0a12f8a75d5c8,2018-10-31,CHANGELOG.md
angular,67789f10ef65aa0791e6c64506ba8f0d7f1add1c,2018-10-24,CHANGELOG.md
angular,b83f1300bd78e920b01dcb68f56ec87f51168089,2018-10-24,CHANGELOG.md
angular,615a515bbaff942c216bb4f6ccbff70d9df43a68,2018-10-20,README.md
angular,331989cea357abf9a20088c41a86a077435d17f7,2018-10-18,CHANGELOG.md
angular,72c2578d143d508abf8c9d891d4f1fda7cdcb495,2018-10-18,CHANGELOG.md
angular,efe0c5f37180cae90da83caa6d3f7ca7220a0b15,2018-10-18,CHANGELOG.md
angular,a609bf50ed305d6a9b3a31d906f286f3530afdf5,2018-10-17,.github/PULL_REQUEST_TEMPLATE.md
angular,dd8a85158e0cfd2fbb248e6d27b975ad5ff6aa75,2018-10-15,CONTRIBUTING.md
angular,7acdad692176fa776f24efc3b0e8f0b0c909083d,2018-10-10,CHANGELOG.md
angular,e26cb21e4ee2f9f5cd49fcc928b6d46a13076345,2018-10-10,CHANGELOG.md
angular,2ad1bb4eb905b7d4982e6f82eb17da8d860a67e2,2018-09-28,CHANGELOG.md
angular,4cff5b2964fe55c6c0d87aff381cfc8430917181,2018-09-26,CHANGELOG.md
angular,459758231b2a8d8c2191234d7433c8eb72f76064,2018-09-26,CHANGELOG.md
angular,ca1e56dc8b5d4834cd3730e0e37ee61ac1564d33,2018-09-19,CHANGELOG.md
angular,e952c65759b82cf8c06cb7ab37a77bee9001768f,2018-09-18,CHANGELOG.md
angular,268e9772d501054ee8e2a2e815271bc6a17afad9,2018-09-06,CHANGELOG.md
angular,e2c67ba15594f69079510b8b0dc44801d5ae54e7,2018-09-06,CHANGELOG.md
angular,2c66523222651de062287470b3cfa4317166561c,2018-09-05,CHANGELOG.md
angular,dd2a650c3455f3bc0a88f8181758a84aacb25fea,2018-08-29,CHANGELOG.md
angular,72b3b273481c4c37eb497432b08280a93eb9a897,2018-08-29,CHANGELOG.md
angular,268cf7989c0eb956837136d241489723a918576f,2018-08-29,CHANGELOG.md
angular,94332affd37807e15a31f5b26c8f4a984c34dcc9,2018-08-22,CHANGELOG.md
angular,52605aa2d8f67a79df1912f2ee31d779918aa071,2018-08-22,CHANGELOG.md
angular,f33dbf42fd7d3bb8a77bef28bb5c7a762c5b4e03,2018-08-21,CHANGELOG.md
angular,4ce70b9edf9a1a81bd4a3a27d019567e7bfdc03e,2018-08-15,CHANGELOG.md
angular,1039bea53b819410726e068315b24423fc6de19b,2018-08-08,CHANGELOG.md
angular,a2593cbfb1d0da1b9e86f77a1800ee6c497a1aa2,2018-08-08,CHANGELOG.md
angular,70a3deb8a5cf3bbaf51f77d18b340dd3885fb6c8,2018-08-08,CHANGELOG.md
angular,4f741e74e1d9a21359f6a049d4110581a6176796,2018-08-02,CHANGELOG.md
angular,6bacd32fbd26952231d6c4ae9b654703dae22cfd,2018-08-02,CHANGELOG.md
angular,7075c418f9ad26059bfd422699f89db17cc56eaa,2018-08-01,CHANGELOG.md
angular,466e026f6fe9be232054b46e01e956bba1e671ac,2018-08-01,CHANGELOG.md
angular,48d7205873f13c9a8ea417364d59e23b46478c79,2018-07-25,CHANGELOG.md
angular,f9669e50ff08cd39f0826f6e608b091996f03031,2018-07-19,CHANGELOG.md
angular,52d11f63cf18596d9fb7900de1f589ad77bd18ef,2018-07-12,CHANGELOG.md
angular,a14f25c33880739a722ba1d188f83ab783aa2051,2018-07-12,CHANGELOG.md
angular,b9e095aa31f0706307fb4633ccd02b645b915d6b,2018-07-11,CHANGELOG.md
angular,d5a9396017b4abc4088ea7d0e1dd76a34d2e7274,2018-07-06,CHANGELOG.md
angular,c57b491778fbe5dc14315bbcc3c3867227ae9894,2018-06-28,CHANGELOG.md
angular,1dc7d0d29e99648942966674dc27d7eca8fb6afc,2018-06-28,CHANGELOG.md
angular,6d68f3e39af34c1c2ec55f5c88ada23162532c02,2018-06-27,CHANGELOG.md
angular,def354de167c44f5bbac470f9a0f2ae7271e1c28,2018-06-20,CHANGELOG.md
angular,9782736e008d206473c00ce51d1ffd3a8c9bb96f,2018-06-20,CHANGELOG.md
angular,3ccb4490a43ede51088615fd6bcffdcb98fdc45e,2018-06-13,CHANGELOG.md
angular,2ea197b99f6389d74a473202f127481bd187566f,2018-06-13,CHANGELOG.md
angular,131602474dd8cfed53b644acad7be77390fd0a09,2018-06-12,CONTRIBUTING.md
angular,9dd647b0879544015dec14fc8f8d5ee1cc16066d,2018-06-06,CHANGELOG.md
angular,47814b4cdf4c0e9e05aa23c68cc896f4d1d51c1c,2018-06-06,CHANGELOG.md
angular,13cb75da8b02ed7aa60508dbb5ecd9065809fd12,2018-05-22,CHANGELOG.md
angular,e5e5c24d48c67e0d2d16308ad65c5bd76351ec97,2018-05-15,CHANGELOG.md
angular,5e307d5ba74fba6cc7b7a98c7654c07f5c30de50,2018-05-11,CHANGELOG.md
angular,2ef4760ff7fb322f9171be9e88e9c62d0d93eda2,2018-05-03,README.md
angular,52f0e3cc3b64e4175f176c0c91584fbf8837aaa9,2018-05-03,CHANGELOG.md
angular,61265b42ef9d4f986a21243395c2854b08a35aca,2018-05-03,CHANGELOG.md
angular,9ebf0c8e5ea2308bd36e4bcdbbd543022f17ec72,2018-05-01,CHANGELOG.md
angular,43615604d1bc5578b88831861280a096e38b4eea,2018-04-16,CHANGELOG.md
angular,d9792309eca30363e5a3a69e030b3a3aa55f9bba,2018-04-16,CHANGELOG.md
angular,8f690c90626f531214b7ce55574a24bdf3dd970d,2018-04-14,CHANGELOG.md
angular,01975ff0214654750a2bebffcb1badddd0acd1cf,2018-04-12,CHANGELOG.md
angular,764760ba63b79fea9ca42de11ef0f62f4a73d036,2018-04-11,.github/ISSUE_TEMPLATE.md
angular,33f812016427d0d124abd1dca661d52de2bb9f4f,2018-04-06,CHANGELOG.md
angular,f3d2623f0ffe2d0d320e06cda68683aee75c3f5e,2018-04-05,CHANGELOG.md
angular,a30728ca5a7e82541544d0457ecc02dc99816d8d,2018-03-30,CHANGELOG.md
angular,de903143044183020d9575ee839794108f5e5d46,2018-03-27,CHANGELOG.md
angular,4f2c51fe56058d827046bd5976d8ab4b98d4d133,2018-03-21,CHANGELOG.md
angular,061564394fed1ebc6488dd90e1936f2436d218e0,2018-03-21,CHANGELOG.md
angular,73261a8b7080b03caff1ee813f791bdb72668937,2018-03-21,CHANGELOG.md
angular,22b96b96902e1a42ee8c5e807720424abad3082a,2018-03-16,CONTRIBUTING.md
angular,dd20898bd5f36b5c398515f0192a7bd77da17e5c,2018-03-14,CHANGELOG.md
angular,8ad4ae0a0709fad0968ca579b479a55483851f6e,2018-03-07,CHANGELOG.md
angular,2f0ab7ee98270fa6f87a9af261a19002b6b98742,2018-03-01,CHANGELOG.md
angular,e751a0a2bbde3f402908657c3b17505a68817154,2018-02-28,CHANGELOG.md
angular,e95b61d42a3cacc8206417ef15387c865a059618,2018-02-28,CODE_OF_CONDUCT.md
angular,6091a954cc3040c062a9f6b4041a496f4bd477e8,2018-02-22,CHANGELOG.md
angular,7c45db3a195bfbf505e2070e36c1f0ef91365cb9,2018-02-18,CONTRIBUTING.md
angular,884de18cba802448c7c69a72aaf3b310822d16f6,2018-02-16,.github/ISSUE_TEMPLATE.md
angular,a1bb56f739fd63aa4d976db3422b8a3e00500fd9,2018-02-14,CHANGELOG.md
angular,fa7d8907d0d0150128461c086225dfcb50cdedeb,2018-02-14,CHANGELOG.md
angular,0220ce70025739afe4a6c01390a72a75a8ee9cd5,2018-02-14,CHANGELOG.md
angular,5b06069fd921df30a5af13de94a05b6d500169a9,2018-02-07,CHANGELOG.md
angular,81537cb161e7e2fc74836c243298c924b4cdb95c,2018-02-07,CHANGELOG.md
angular,61abba4bed7f45e6821aeaa7ddb9a05d4b59177a,2018-01-31,CHANGELOG.md
angular,e6080527c60094b1aee89be77c3d18c27b1a75ee,2018-01-26,CONTRIBUTING.md
angular,d08785d2e17fef5859d354087160ef6daeb222b3,2018-01-25,CHANGELOG.md
angular,4b1aadee94cc7f2f1ed2861306b7d116f0638cfb,2018-01-25,CHANGELOG.md
angular,8503cc1db72b0639f3bc697b2f1add0e1dca2c97,2018-01-17,CHANGELOG.md
angular,bb3b93c6e68c495602b160d8d3004ade2828fd6e,2018-01-17,CHANGELOG.md
angular,908129e9a239f3530561d9f453951e984732e083,2018-01-10,CHANGELOG.md
angular,04dd9713f090ae7a9710b08b6a23b3619112fb3d,2018-01-10,CHANGELOG.md
angular,4f1a571ba60e7f07b788ae72dd755089fb537b05,2018-01-05,README.md
angular,2402224b4e677295194367fbef35e63cada490de,2018-01-04,LICENSE
angular,cdc66f616467e8623e04b49c2a029ba207a073bd,2018-01-04,CHANGELOG.md
angular,2582eca265228c0899d1067b4ce8e77f01a6c256,2018-01-04,CHANGELOG.md
angular,efd9c094567b4ed91e46482b0124ca327565d3fc,2017-12-23,CHANGELOG.md
angular,abca7c0243f8e7e4cef2f3d6cdd261e44aae855c,2017-12-20,CHANGELOG.md
angular,69903540477ddaba7710451b515b94ce15ad7552,2017-12-20,CHANGELOG.md
angular,6e2a8a2ba44b95636d975a249d52ebadc80d8347,2017-12-13,CHANGELOG.md
angular,767141761ae83480db92b53d0cd761b0d197b42e,2017-12-13,CHANGELOG.md
angular,9ee270382449327022132e91f0f3aabfe6a49a0b,2017-12-06,CHANGELOG.md
angular,d34f0bf573b40cc3960b86d3f29fa892c61e95b0,2017-12-01,CHANGELOG.md
angular,d5070574767fc63d8a97be8ed39d2b1591c15347,2017-12-01,CHANGELOG.md
angular,60a30818efc5c7796eed36573ab1608dc7f46937,2017-12-01,CHANGELOG.md
angular,8826a8235b1a5531d51bc290f7bf925e71523ff8,2017-12-01,CHANGELOG.md
angular,330bb2a360397e37cb8bf287fca0d8fec71bc4d5,2017-11-22,CHANGELOG.md
angular,e9e4ffd6e1b51c7653322ceb1cc1cf694d354a5f,2017-11-22,CHANGELOG.md
angular,2a9d2bacd5155308b82b90ec6c9eecb82b0128cd,2017-11-21,CHANGELOG.md
angular,4064cbe94544e421e3af1c5c76a63347637c8c3e,2017-11-16,CHANGELOG.md
angular,c702ffc471427773d8b8a23703dec7eb98d7896e,2017-11-16,CHANGELOG.md
angular,336041aac91c8c4509182db40d35a1ecf04b4c49,2017-11-16,CONTRIBUTING.md
angular,d8db0f12a281fa88bb8dfeeed592d2565bffcee8,2017-11-10,CHANGELOG.md
angular,78ba39bfe20fe2b187108bfd92641505ff955c58,2017-11-08,CHANGELOG.md
angular,119034c64268015e59e5c8d5e8c8889ff673ac71,2017-11-08,CHANGELOG.md
angular,3997d9780615dc323eb357bf7077d0264a1c35e9,2017-11-03,CONTRIBUTING.md
angular,ebfa204af05bbd94da2beb9c61b862953f431195,2017-11-02,CONTRIBUTING.md
angular,17ed14faea8d35cf87c91c82463a1e0e40a95b68,2017-11-02,CHANGELOG.md
angular,60b91656cd131378b62cf23c99203e637bf548a3,2017-11-01,CHANGELOG.md
angular,7553ce9dfe0b55d7faf76c37c35a4ecb163f9b90,2017-10-31,CHANGELOG.md
angular,308fc8e3287cbcd5fe479f9d6283fb3dc8d2119f,2017-10-28,CHANGELOG.md
angular,394d951883af5cf35d9bd23f877eb8e2d6f2db69,2017-10-27,CHANGELOG.md
angular,703fcda5901b9c87be298a1b1dc7a66c04910928,2017-10-25,CHANGELOG.md
angular,b51d57deb81532f2d93c06abba1e1dab30c06589,2017-10-24,CHANGELOG.md
angular,bde57016c6338f9961405ee0064ef44e0ef234f3,2017-10-24,CHANGELOG.md
angular,04200150d54c7fb571e13174ae1fdf54274b5b41,2017-10-23,CONTRIBUTING.md
angular,230b98d4ddffee4df25f62ff3c9ac39a2329abf6,2017-10-19,CHANGELOG.md
angular,9b9820858eae03f7e5ca9fb639bb5e6ff7a6b347,2017-10-19,CHANGELOG.md
angular,3861ba2929ef807b4447313af36e2302d8689ce1,2017-10-18,CHANGELOG.md
angular,522ec9a25b411cc7596df2348c364867a8bce819,2017-10-12,CHANGELOG.md
angular,443ff33f638a88a78bd4162e2ed8d52d823037ec,2017-10-12,CHANGELOG.md
angular,81e9bdc010573a68f675de465e0343a6da7811a0,2017-10-06,CHANGELOG.md
angular,30d5a2ca83c9cf44f602462597a58547b05b75dd,2017-09-28,CHANGELOG.md
angular,bed8ac70f73f47fd03333c9ee47a0439254e3aff,2017-09-28,CHANGELOG.md
angular,11b5d1b286270bc6b0b08817b935af0072b1baec,2017-09-22,README.md
angular,12f77ca523aebeb31c6de09b2da5f02a2fda2e1b,2017-09-22,README.md
angular,f96142cd7cdb87866fe4b2b07c0ffddbb74ff907,2017-09-21,CONTRIBUTING.md
angular,e17128e7cb44729c0df7d9cfcaf3dc7d92466813,2017-09-19,CHANGELOG.md
angular,237318623955eb84c22aefce1684ab55f940cdb9,2017-09-15,CHANGELOG.md
angular,42c69d3ba6576c8a2244ac7958f4a1c7dfc19add,2017-09-13,CHANGELOG.md
angular,fa6b802be4c79f57aa8484fe47f0c860f1226683,2017-09-02,CHANGELOG.md
angular,7f4f20b2490a83f03073426460b35deb00c50337,2017-09-02,CHANGELOG.md
angular,6af2396cf75a6c6f691c7551b89440a217d9de93,2017-09-01,CHANGELOG.md
angular,1706382f4c5fe8f38be1cb30e46baa9cbe4b534d,2017-08-31,CHANGELOG.md
angular,93d73fd6c24b29e7c13ae1ece6d9dbdc535b7294,2017-08-31,CHANGELOG.md
angular,c679a6fb7bd44dd0f092d5d5a3d56e29010a4087,2017-08-31,CHANGELOG.md
angular,39cd56038fc14dafc1c4be0e04ba09bf91ae0eab,2017-08-31,CHANGELOG.md
angular,9f5996f1ab762233cfd70789f3958759236d0d27,2017-08-31,CHANGELOG.md
angular,ba04de65088fbcfafdb6505832355a6d08bc5d31,2017-08-31,CHANGELOG.md
angular,24faaf44cbdd30cf1019ea748ed91f31db380fd0,2017-08-29,CHANGELOG.md
angular,6815e4fcebc8598107d951ff06f151a5044c4d35,2017-08-28,CHANGELOG.md
angular,9aa05211fffb1cb8b4840e7c99c6a115a78bd15c,2017-08-16,CHANGELOG.md
angular,75d484e29dbf6d85ed6d5b0bd011c6ae3b4bc68b,2017-08-16,CHANGELOG.md
angular,cce2ab26259e4a31bdcf45e7f3c318f0c8013239,2017-08-15,CHANGELOG.md
angular,cea02414b0302b9e3f5f43f2b3f05c03f5206238,2017-08-09,CHANGELOG.md
angular,1e1af7ffcbac2b547706296af93b51d417d853f7,2017-08-02,CHANGELOG.md
angular,7abcb99d572e8833464242743662510659d16843,2017-08-02,CHANGELOG.md
angular,58081533590c57ba84b84ffe56582295f961025d,2017-07-27,CHANGELOG.md
angular,b14fc06fa2f7550f54fb5dd2e4531b285d620491,2017-07-27,CHANGELOG.md
angular,5d1864fe68438f2b742dc28e3b95bccad626f62c,2017-07-20,CHANGELOG.md
angular,54ea5b6ffd2bf47bc8e848863cda37c0bc05f79c,2017-07-19,CHANGELOG.md
angular,d71fa734f53289b72efe99da22be28abb6dede07,2017-07-19,CHANGELOG.md
angular,a0b06befb6972e96ce5b724c14a65f5382bd4eee,2017-07-14,CHANGELOG.md
angular,4300439ab2560ab8186ffddd344848a204bcd7fe,2017-07-11,CONTRIBUTING.md
angular,db3bcc939e7c881564daceadeaf2fb5c9f29d3bd,2017-07-11,CHANGELOG.md
angular,b9525ece77713dbc91d6ca864ac5bb6f101c76d5,2017-07-11,README.md
angular,719101338abd7be77095f05154fd5c1dd37d5671,2017-07-11,.github/PULL_REQUEST_TEMPLATE.md
angular,e131f6bbe838a71fee42c0db9607eb9477e34632,2017-07-11,.github/ISSUE_TEMPLATE.md
angular,cc611c93b6748717f660bc99124bb4f8b9bc0fa3,2017-07-08,CHANGELOG.md
angular,05a33d503522c781377bf6a663a83840beb3fa53,2017-07-08,CHANGELOG.md
angular,c6b75b0823b33a899ffa5d840dc930f3c6cd14ed,2017-07-05,CONTRIBUTING.md
angular,0d7e1a9b4e45652612a3712433ecc4df9511897e,2017-07-05,CHANGELOG.md
angular,9d15d853918ff715156ad4c89242663ef93c349c,2017-07-05,README.md
angular,40921bb92722a708d292a19f8703403851164f2c,2017-06-30,CHANGELOG.md
angular,1ac9085b0ae89755afd839cdd0e779855da3774e,2017-06-29,CHANGELOG.md
angular,6c1a8daafc8a2413bab7d399d380a63534a139a7,2017-06-27,CONTRIBUTING.md
angular,849200b5762e246292a2606da67f4adcebe60ef9,2017-06-23,CONTRIBUTING.md
angular,60273a941f0c5775de283c6cd7ffcca2060e7817,2017-06-23,CHANGELOG.md
angular,68f939ea8c30d0cd6dbaff2af877d6839fe3bd66,2017-06-22,CONTRIBUTING.md
angular,1fc0d055651f94cf60419ab102b96801ca9bec9e,2017-06-22,CHANGELOG.md
angular,02a38d3ea5656d3ee875dbcb2636cb436962430a,2017-06-22,CHANGELOG.md
angular,afbb6bb797af9375751133cf8a70b7c25a0ce571,2017-06-19,CHANGELOG.md
angular,1ddbddb0dbb25ee6d93684b827daf0904990b0c3,2017-06-16,CHANGELOG.md
angular,d8d21c77d517f56854c8eb8397b3598861da1e5d,2017-06-13,.github/ISSUE_TEMPLATE.md
angular,d8d21c77d517f56854c8eb8397b3598861da1e5d,2017-06-13,.github/PULL_REQUEST_TEMPLATE.md
angular,7a2d2efff81381ebbfcf3b1fc4443bb4ca18fabc,2017-06-12,CHANGELOG.md
angular,15090a8ad4a23dbe947ec48b581f1bf6a2da411e,2017-06-09,CHANGELOG.md
angular,cf0a9e07303891d8f95a0c7c2a7ecf115bc6ab87,2017-06-08,CHANGELOG.md
angular,82ec02daf8858a0c2bf933bdb1c7cbe84a10f1d5,2017-06-01,CHANGELOG.md
angular,1408357198a95c7dd3a5365f259e259e5ad8debf,2017-05-31,CHANGELOG.md
angular,51d7a65a2b672a009340ed7a50780b6357eb86b8,2017-05-26,CHANGELOG.md
angular,3d382dc7509880cbb8d945c28090c1a5eac336b8,2017-05-19,CHANGELOG.md
angular,37f1fcbfc8f5c03c373a5a00a7fb6cf9454ff02d,2017-05-12,CHANGELOG.md
angular,162dffb7e880dc6c36347393819257afa907722b,2017-05-10,CHANGELOG.md
angular,cd28df627c2affb1032aa2dab3267420bdde857b,2017-05-04,CHANGELOG.md
angular,8f46db3701d39c453c0d56e22195528caba2a91a,2017-05-04,CHANGELOG.md
angular,a28f5eeed3bba62a481753345dc7f0faf7b7af3e,2017-04-26,CHANGELOG.md
angular,c0c50133e324915676255f2d0267401fec0d085a,2017-04-26,CHANGELOG.md
angular,b9723f9765c15dfb3f7fc797bb5cdf4a7a9e2c9a,2017-04-26,CHANGELOG.md
angular,d855e90524d079a5fa3b2f98595f7d4f4a4353b1,2017-04-21,CHANGELOG.md
angular,897fc8762053b718eca45d129991f8be4792e1c4,2017-04-21,CHANGELOG.md
angular,9cb5964b4dc9e9c220beaa3733584c4336b08d83,2017-04-12,CHANGELOG.md
angular,f5a98d98c8ce5a98e9e5d210f4898101fe7ca0a7,2017-04-11,CHANGELOG.md
angular,67719f218560d94ff1accaeae67b857c6f89ec5a,2017-03-29,CHANGELOG.md
angular,1dda05a96584010a50e5375961c3001c5fbb093f,2017-03-29,CHANGELOG.md
angular,d92930e975afd20cb4e59c4d392a58edafeef9eb,2017-03-24,CONTRIBUTING.md
angular,c2892dada3a1dfd136b8b9900cde902c8f75eff9,2017-03-24,CONTRIBUTING.md
angular,c2892dada3a1dfd136b8b9900cde902c8f75eff9,2017-03-24,README.md
angular,b2b1195534d48f267147ee0f130ac08f321a5ca5,2017-03-24,README.md
angular,e1b09e3bccfe696bb481f2e1154cc4a4cfb0ec27,2017-03-24,README.md
angular,c65b75443e4a0715f8a87dff05988f06e9d6deac,2017-03-24,CHANGELOG.md
angular,7a715b2403867aa3adfab1c87acd22af4fd8697b,2017-03-23,CHANGELOG.md
angular,ee03418b10dced73acb931d1bc499ee2d869df63,2017-03-23,CHANGELOG.md
angular,2d78c8cc05514e278a7e8bbda681ba076a1958cb,2017-03-17,CHANGELOG.md
angular,b7212f5afeb229f1036a68b8e10e7634f5ab694c,2017-03-17,CHANGELOG.md
angular,add7829cb72a2cbfc0db50ab30413c2422daea2d,2017-03-17,CHANGELOG.md
angular,d17d4a3b549a7278f027a7774bbc3af57912fa14,2017-03-10,CHANGELOG.md
angular,b74ab83d2c8336a993c130e15cc5f88392b76354,2017-03-09,CHANGELOG.md
angular,49aa50886a44e43c81f46538ce18a1b36a278df9,2017-03-02,CHANGELOG.md
angular,0f94b93c81635f47af3f9b05b81f4762157ad975,2017-03-02,CHANGELOG.md
angular,b6e6fc17241f4f5f7b04a205950c171ce57e2463,2017-03-01,CHANGELOG.md
angular,bc9e1debf2c357289bed4c71d03d837343ca2b3a,2017-03-01,CHANGELOG.md
angular,fc9e6b2a0a5baee10ba135870ed6e037a7bb25bf,2017-03-01,CHANGELOG.md
angular,e58cb7ba08b424b6dcc24a48fa571b8d7110a330,2017-02-28,CHANGELOG.md
angular,f356041f093efef9f9e3de11c40347d69ba362f2,2017-02-27,CHANGELOG.md
angular,213e210a934fe755788124db8acdb587c5abee67,2017-02-26,CHANGELOG.md
angular,c868457e2195ddcf95f269c525c54a0909fb5a80,2017-02-26,CHANGELOG.md
angular,f32f4de95cfdfca94889b12a245830c69495576b,2017-02-25,CHANGELOG.md
angular,26ed2621a3a5bd48880ec6e9cc497939bab69131,2017-02-25,CHANGELOG.md
angular,da79ad3cecee73f98d7a33ea350841cdd96d464b,2017-02-25,CHANGELOG.md
angular,0c01d990bf14104b7de77d663d989c2299af9814,2017-02-25,CHANGELOG.md
angular,cc3afc888f6bc4868ac390e9fce3329e9013feb8,2017-02-18,CHANGELOG.md
angular,0cf753be30adc38dbedec315536df98524f5a9b5,2017-02-18,CHANGELOG.md
angular,600402d440ddfa5ab94527b434745e1236f8ab56,2017-02-09,CONTRIBUTING.md
angular,09b4bd0dfbfda800796f7dac0b0206e49243b23c,2017-02-09,CHANGELOG.md
angular,559cf9d19284f697c8cbacfc3affa0d140bfc562,2017-02-03,CHANGELOG.md
angular,f9b929f28dca6da43f27dc128417306378ae9a37,2017-02-03,CHANGELOG.md
angular,80d3e14ce4a32035d3895fe9bbbc27e1d7b284c9,2017-02-01,CONTRIBUTING.md
angular,0854a5dea4a13731431181f59a5e3fcf72c3e72e,2017-01-28,LICENSE
angular,df7f5fc5501396cb78f458eb163ccc6584fbd9ee,2017-01-28,CHANGELOG.md
angular,da41a954b5c3992887cef05435689644309c7d58,2017-01-27,CHANGELOG.md
angular,da41a954b5c3992887cef05435689644309c7d58,2017-01-27,README.md
angular,c4ecaeda64d030a4e1bd9adc1fad653764a1cee6,2017-01-26,CONTRIBUTING.md
angular,c4e7c083e2a5dca2467e4b2ccaabd5df4f531fa4,2017-01-25,CHANGELOG.md
angular,b88714bcdfde0cf7c5802f370d84d4c7181fc0e4,2017-01-25,CHANGELOG.md
angular,dff6ee32725197bdb81f3f63c5bd9805f2ed22bb,2017-01-23,CONTRIBUTING.md
angular,2191f44025bc07f02bb94dac3f4266c74b26d705,2017-01-19,CHANGELOG.md
angular,0a724208b9d6b78415c126957c4c5072bd8b3fab,2017-01-19,CHANGELOG.md
angular,523fd84d2261e35a8abfffc5180890e52ad4581a,2017-01-18,CHANGELOG.md
angular,a6f8e9fc9041f66900ae94b0697b5cf4891c1c81,2017-01-17,CHANGELOG.md
angular,2c294d5dff9f026fbb3f463bbfb7c871f26fe86f,2017-01-11,CHANGELOG.md
angular,e1af25d93ee74849dceb4a4e06fbb8709fae2405,2017-01-11,CHANGELOG.md
angular,02dd90faed0c29cba86831ea98acb9e6aa3452ce,2017-01-06,CHANGELOG.md
angular,ccb65893bf548fed62042f9ff9988ef133c3fd9a,2017-01-06,CHANGELOG.md
angular,f114e402121d6dc486c6e4cba01179904ab89d84,2016-12-22,CHANGELOG.md
angular,c65e428778bc9c0dfb37e8b559a0b9d60c2ab624,2016-12-22,CHANGELOG.md
angular,1ee574c51e235a11cc83a74f9dfa272963065fab,2016-12-20,CHANGELOG.md
angular,01ca2db6aee13154f6d8b2afd9f83fc08cf80fc4,2016-12-15,CHANGELOG.md
angular,65965c27a859e4cb38d4377fa199255d3ec808bc,2016-12-08,CHANGELOG.md
angular,f3524af68f1602a16cbc45aa4f9ffbfdada5d5bc,2016-12-07,CHANGELOG.md
angular,cf52284ac3ebeadb2de48054a68c94ce2c20ca8b,2016-12-07,CHANGELOG.md
angular,d2e5198b935df2f2a848f519aee196cfb1edd2fa,2016-12-05,CONTRIBUTING.md
angular,aa4bd14b3f3ddc7a08192589a9bb3931edf426e9,2016-12-02,CHANGELOG.md
angular,5908b66ae94e7015aaa48207b4dac657d32dcf2c,2016-12-01,CHANGELOG.md
angular,480ef20eb1e4e1544a779725d1432d751c8e255d,2016-12-01,CHANGELOG.md
angular,c066281bada8dfdd8d59ccbe31de1676be82b1b1,2016-11-30,CHANGELOG.md
angular,d420080b3be8edf5a39f3e4dee24cd4a027ec451,2016-11-30,CHANGELOG.md
angular,555301ce3ae0ba78054097584e24a528e3b7e797,2016-11-28,CHANGELOG.md
angular,07a986d33001c6ccc791150652c7bf1c9e86390c,2016-11-18,CHANGELOG.md
angular,4e047302f2b8e617e0a40a4b9ab159077c87eb2d,2016-11-17,CHANGELOG.md
angular,419a812f046241289cecec5abb8c0dd23ff37929,2016-11-17,CHANGELOG.md
angular,2524d510bc1dd1a156c3e6ac01e7532c230e5410,2016-11-14,CHANGELOG.md
angular,80d36b8db48c611e6de7744d9b703b3150629367,2016-11-04,CONTRIBUTING.md
angular,3fffcf6645556bb30cd5007f8bdafa656639aa6d,2016-11-02,CHANGELOG.md
angular,f4be2f907d7005a90faab9f2d3bc1167a171abcb,2016-10-27,CHANGELOG.md
angular,2ea27a76d391b29a1f456cd207c8164fa6a24b0a,2016-10-27,CHANGELOG.md
angular,ec0acf9a1b15303d8368393dce36ad393cd16de1,2016-10-27,CHANGELOG.md
angular,e319cfefc3f9f1088392c2b0dc76978a92c5217c,2016-10-21,CHANGELOG.md
angular,444014ad9612ef860729161c59dfa2d7c778f3fa,2016-10-20,CHANGELOG.md
angular,69ad99dca6bebf6d26a8e9e5dd6772069ecc37f6,2016-10-20,CHANGELOG.md
angular,52de0fa55866f523af59fa156be00938190646ab,2016-10-18,CONTRIBUTING.md
angular,5a9c5f28b8533fbfb67a1d0ef388d09d4d2b0005,2016-10-18,CHANGELOG.md
angular,af996ef0c4bacda1008ebbe5ab63153ea657ab33,2016-10-12,CHANGELOG.md
angular,68d2dfdd2a8d39ab76813e9aa7791abcb7b9deeb,2016-10-12,CHANGELOG.md
angular,07bd4b0630d9d14f5abc6d5156462cc579bcaaa2,2016-10-12,CHANGELOG.md
angular,f782b08f58422e39a3e3681c2be33b78445673f6,2016-10-10,CONTRIBUTING.md
angular,c587c635914bdb8190b046a19e31d8587c983e93,2016-10-06,CHANGELOG.md
angular,bb35fcb56285b1afa2f8075413acf96eda2ced9d,2016-10-06,CONTRIBUTING.md
angular,57230b70a90ac7df8ba8293878417703bdb41e20,2016-10-06,CONTRIBUTING.md
angular,43dc60ce4f1f8925476f99ded773b4b1d0d753a4,2016-10-06,CONTRIBUTING.md
angular,ef621a2f00f1776616fb2f0cee01adf2c21a28b9,2016-10-06,CHANGELOG.md
angular,df9761951bd41a4f2cf3a849352bf2cc63272612,2016-10-05,CHANGELOG.md
angular,ec3a5b54dea3fa296fd782257dbc02ba46965ea1,2016-10-05,README.md
angular,756ef09d12b876cdc0fe21a03a8c24547db1522b,2016-09-30,.github/ISSUE_TEMPLATE.md
angular,52812c08e2014884e3eb15503a52f06186bc6b89,2016-09-23,CHANGELOG.md
angular,45ad13560b564d5aa15d45b5e49670dc94809231,2016-09-23,CHANGELOG.md
angular,fb1076b44aaefee2b686d0b99ce01ff46bcd977e,2016-09-23,CHANGELOG.md
angular,8972137c29390cbf8986df6c63d1aa00c0c2a3c5,2016-09-22,CONTRIBUTING.md
angular,bc337659130280f2c10eda8fcdf9e702de63deb8,2016-09-22,.github/ISSUE_TEMPLATE.md
angular,c0bdd89b5dcc48854416a9fe474647085c1ebd55,2016-09-15,README.md
angular,ae1dd5bfd0371ce3ba2533ecefee61975b8dd047,2016-09-14,CHANGELOG.md
angular,aa713d1dd917781d8cecd0704842bdc1d83b2d7e,2016-09-13,README.md
angular,c54580a4af735193a544c03ce18aa359bd921e28,2016-09-13,CHANGELOG.md
angular,71e9cae1d07c847b184b2c52ef284d5c1ddfdbe6,2016-09-09,.github/ISSUE_TEMPLATE.md
angular,dae7cfc454835272be82e6737be3f50c3ed607cc,2016-09-08,.github/PULL_REQUEST_TEMPLATE.md
angular,567900e5500daa4ca860fd2ada69e85a8bee03eb,2016-09-07,.github/ISSUE_TEMPLATE.md
angular,8858ebc4ab91009220300d1172dfb57b31b0a464,2016-09-06,README.md
angular,ee88c3c976654f15d41f8d35345ad96026fe5fe8,2016-09-06,CHANGELOG.md
angular,1ff0add29e57bc6fb9fdd50030f1dddab74790d5,2016-09-06,CHANGELOG.md
angular,50e171c09b6f610aa2e8b141ec5f4aef357daae4,2016-09-01,CHANGELOG.md
angular,96697029c9993ac8e99e61e222547fb58b472f8a,2016-09-01,CHANGELOG.md
angular,7c3b1367bc8fc8cf22b1ed2d89b3cf38d19537ec,2016-09-01,CHANGELOG.md
angular,625b105d3a386ea9ae4964f85511dc92d5868346,2016-08-31,CHANGELOG.md
angular,511fe3d9f8c9eab0f97160a309b2df38804a43c0,2016-08-26,CONTRIBUTING.md
angular,b77a3794b8caa9126dc471a9fbf6743d6d81dfde,2016-08-17,CHANGELOG.md
angular,f0c1f9ef39b321a477cdb33bc6f3e18b62eef364,2016-08-12,.github/ISSUE_TEMPLATE.md
angular,51b22cf14f71c3ddaf223fe6764b7068758d5ee7,2016-08-11,CHANGELOG.md
angular,e3aa19049f03ea8cef867aa9c8ee967ec12f7e88,2016-08-09,CHANGELOG.md
angular,f444c11d218d26ac817d5f3b12e19c6b4b8d2390,2016-08-09,CHANGELOG.md
angular,ebcd14f8e911759242196b11f974bbe7b98d299a,2016-08-09,CHANGELOG.md
angular,c8989c900f2cc44804419090a887ba4738a91059,2016-07-30,.github/ISSUE_TEMPLATE.md
angular,e73ac1e9921e6610cd52fb312a03ef0a1fca062d,2016-07-22,CONTRIBUTING.md
angular,e73ac1e9921e6610cd52fb312a03ef0a1fca062d,2016-07-22,README.md
angular,119794249b03cf27fb7d5191f2a76fa35c24d5db,2016-07-01,CHANGELOG.md
angular,9fee5630fdfd19731a7c366d66cfff3abdca1006,2016-06-30,CHANGELOG.md
angular,1608d91728af707d9740756a80e78cfb1148dd5a,2016-06-30,CHANGELOG.md
angular,fb2509675d62fd31f547154b706f0f22907355b4,2016-06-27,CHANGELOG.md
angular,5954a26bce633a506a66912b3b7944b4700cb256,2016-06-22,CHANGELOG.md
angular,dee1b774f2ef2f873e765c81a559fe3ed6df5d89,2016-06-18,CHANGELOG.md
angular,c449f325ba11a494d397b836a09c7717081362b5,2016-06-17,CHANGELOG.md
angular,e0c1c13004e038ff30eb8c483e567bed7a7b926f,2016-06-16,.github/ISSUE_TEMPLATE.md
angular,e0c1c13004e038ff30eb8c483e567bed7a7b926f,2016-06-16,.github/PULL_REQUEST_TEMPLATE.md
angular,a3f6e1988144865bfe3ec1c30cffa58582d29655,2016-06-16,CHANGELOG.md
angular,27024915e42b559e8b335581b9a668ef8c78c9a6,2016-06-15,CHANGELOG.md
angular,80f3e7591e527586fc5df561b3d2058c413cd655,2016-06-15,CHANGELOG.md
